0,0
0,1
0,2
0,3
0,4
0,5
0,6
0,7
0,8
0,9
0,10
0,11
0,12
0,13
0,14
0,15
0,16
0,17
0,18
0,19
0,20
0,21
0,22
0,23
0,24
0,25
0,26
0,27
0,28
0,29
0,30
0,31
0,32
0,33
0,34
0,35
0,36
0,37
0,38
0,39
0,40
0,41
0,42
0,43
0,44
0,45
0,46
0,47
0,48
0,49
0.04085666106819595,36,37
0.05605430901352331,41,42
0.06731670418534208,7,8
0.07210012596671284,31,32
0.07585957708804521,4,5
0.07826049694189519,37,38
0.08048249037052008,47,48
0.08442016548092135,20,21
0.08931554865538212,11,12
0.09528452784635341,32,33
0.09732963191430234,25,26
0.10390839767976816,27,28
0.10657612242687217,14,15
0.1077477421529921,43,44
0.11220403057493174,16,17
0.11270594821718369,36,38
0.11270594821718369,36,37,38
0.11593957213047482,0,49
0.11600031228719632,45,46
0.11856958162281639,2,49
0.11936977889252608,31,33
0.11936977889252608,31,32,33
0.12450920643158978,29,30
0.12777660812053002,19,20
0.12783944085769222,1,2
0.12862872394888614,10,11
0.13866706575232762,0,48
0.14069727763577103,22,23
0.14124049076537262,34,35
0.14316360032040662,21,22
0.14557302519251397,18,19
0.14708717849001773,40,41
0.1476872538004215,39,40
0.1512108554586878,6,7
0.15237860993452562,17,18
0.1524584886308473,44,45
0.16079575060966034,30,31
0.16080459389475124,42,43
0.16116315381444657,26,27
0.1613848443016356,1,49
0.1613848443016356,1,2,49
0.16142638940779067,13,14
0.16361191640422265,9,10
0.1690365333895626,38,39
0.17017024280780277,3,4
0.1771947928847396,6,8
0.1771947928847396,6,7,8
0.18254916650464265,12,13
0.1828537670371929,1,3
0.18753424406176344,5,6
0.18879447150349338,3,5
0.18879447150349338,3,4,5
0.18898587762436103,23,24
0.189058663917887,15,16
0.1918176297133985,30,32
0.1918176297133985,30,31,32
0.1969907828021371,40,42
0.1969907828021371,40,41,42
0.19860000548766557,35,36
0.20200785217846445,41,43
0.20200785217846445,41,42,43
0.20364049662200043,9,11
0.20364049662200043,9,10,11
0.20712995374860468,10,12
0.20712995374860468,10,11,12
0.20841575277463137,19,21
0.20841575277463137,19,20,21
0.21200923464620047,0,47
0.21200923464620047,0,47,48
0.21629416637577564,20,22
0.21629416637577564,20,21,22
0.2175478212961761,24,25
0.22175225547942334,13,15
0.22175225547942334,13,14,15
0.22609360077354043,0,1
0.22609360077354043,0,1,49
0.22653652314563275,2,3
0.22653652314563275,1,2,3
0.22778640399389147,46,47
0.22793823458021492,33,34
0.23084998128815196,0,2
0.23084998128815196,0,1,2
0.23084998128815196,0,2,49
0.23235195703564454,37,39
0.23235195703564454,37,38,39
0.23783216787787717,35,37
0.23783216787787717,35,36,37
0.23784877358790799,16,18
0.23784877358790799,16,17,18
0.23892939560928217,4,6
0.23892939560928217,4,5,6
0.24139507884831107,8,9
0.2414903036384948,26,28
0.2414903036384948,26,27,28
0.24392055461542134,48,49
0.24392055461542134,0,48,49
0.24863077794048624,25,27
0.24863077794048624,25,26,27
0.2549955583572878,43,45
0.2549955583572878,43,44,45
0.26093421840551984,44,46
0.26093421840551984,44,45,46
0.2634513530460669,24,26
0.2634513530460669,24,25,26
0.2685432913226784,42,44
0.2685432913226784,42,43,44
0.26863352714048894,11,13
0.26863352714048894,11,12,13
0.2712706944761037,18,20
0.2712706944761037,18,19,20
0.2726803539789613,36,39
0.2726803539789613,36,37,39
0.2726803539789613,36,38,39
0.2748049604954089,30,33
0.2748049604954089,30,31,33
0.2748049604954089,30,32,33
0.276691016570178,29,31
0.276691016570178,29,30,31
0.28010375732604437,46,48
0.28010375732604437,46,47,48
0.28174297755245364,21,23
0.28174297755245364,21,22,23
0.2834602230025074,33,35
0.2834602230025074,33,34,35
0.28727335445107466,17,19
0.28727335445107466,17,18,19
0.2882929983989353,29,32
0.2882929983989353,29,30,32
0.2882929983989353,29,31,32
0.28843347363121824,14,16
0.28843347363121824,14,15,16
0.2892163422275604,39,41
0.2892163422275604,39,40,41
0.29038525893777684,9,12
0.29038525893777684,9,10,12
0.29038525893777684,9,11,12
0.29937085156012105,32,34
0.29937085156012105,32,33,34
0.3011190144680797,15,17
0.3011190144680797,15,16,17
0.30209046609625756,7,9
0.30209046609625756,7,8,9
0.3056556978216607,47,49
0.3056556978216607,0,47,49
0.3056556978216607,47,48,49
0.30742189703148376,23,25
0.30742189703148376,23,24,25
0.3079316635624286,41,44
0.3079316635624286,41,42,44
0.3079316635624286,41,43,44
0.31048808957772456,35,38
0.31048808957772456,35,36,38
0.31048808957772456,35,37,38
0.3109845893901273,25,28
0.3109845893901273,25,26,28
0.3109845893901273,25,27,28
0.31204579379527503,38,40
0.31204579379527503,38,39,40
0.3131810114408144,28,29
0.31849689889535837,22,24
0.31849689889535837,22,23,24
0.3206351571236238,12,14
0.3206351571236238,12,13,14
0.3220311078565214,3,49
0.3220311078565214,1,3,49
0.3220311078565214,2,3,49
0.330895233947897,45,47
0.330895233947897,45,46,47
0.33249374235096013,34,36
0.33249374235096013,34,35,36
0.33769391867040804,5,7
0.33769391867040804,5,6,7
0.34227274223044263,39,42
0.34227274223044263,39,40,42
0.34227274223044263,39,41,42
0.3440370372658231,19,22
0.3440370372658231,19,20,22
0.3440370372658231,19,21,22
0.34568058590728046,31,34
0.34568058590728046,31,32,34
0.34568058590728046,31,33,34
0.3470327221519684,20,23
0.3470327221519684,20,21,23
0.3470327221519684,20,22,23
0.3483939980066197,1,4
0.3483939980066197,1,3,4
0.3487345102827156,40,43
0.3487345102827156,40,41,43
0.3487345102827156,40,42,43
0.35139731907505234,28,30
0.35139731907505234,28,29,30
0.3515159259803767,5,8
0.3515159259803767,5,6,8
0.3515159259803767,5,7,8
0.3536092827360179,18,21
0.3536092827360179,18,19,21
0.3536092827360179,18,20,21
0.35602869759167033,2,4
0.35602869759167033,1,2,4
0.35602869759167033,2,3,4
0.3624412048331983,2,48
0.3624412048331983,0,2,48
0.3624412048331983,2,48,49
0.36363713668345293,1,48
0.36363713668345293,0,1,48
0.36363713668345293,1,2,48
0.36363713668345293,1,48,49
0.3671490075209514,43,46
0.3671490075209514,43,44,46
0.3671490075209514,43,45,46
0.3675557419164952,8,10
0.3675557419164952,8,9,10
0.3688194524327218,45,48
0.3688194524327218,45,46,48
0.3688194524327218,45,47,48
0.37128269082713405,1,5
0.37128269082713405,1,3,5
0.37128269082713405,1,4,5
0.3730183040234483,34,37
0.3730183040234483,34,35,37
0.3730183040234483,34,36,37
0.37474023332529816,32,35
0.37474023332529816,32,33,35
0.37474023332529816,32,34,35
0.37520041654165215,3,6
0.37520041654165215,3,4,6
0.37520041654165215,3,5,6
0.3794696787078242,37,40
0.3794696787078242,37,38,40
0.3794696787078242,37,39,40
0.3806021671726551,29,33
0.3806021671726551,29,30,33
0.3806021671726551,29,31,33
0.3806021671726551,29,32,33
0.3823654283981419,16,19
0.3823654283981419,16,17,19
0.3823654283981419,16,18,19
0.38954229661142115,10,13
0.38954229661142115,10,11,13
0.38954229661142115,10,12,13
0.3896216854168374,4,7
0.3896216854168374,4,5,7
0.3896216854168374,4,6,7
0.39101369169377026,23,26
0.39101369169377026,23,24,26
0.39101369169377026,23,25,26
0.39736715607188244,27,29
0.39736715607188244,27,28,29
0.39873577148781236,31,35
0.39873577148781236,31,32,35
0.39873577148781236,31,33,35
0.39873577148781236,31,34,35
0.40022383840796405,14,17
0.40022383840796405,14,15,17
0.40022383840796405,14,16,17
0.4005537155788494,12,15
0.4005537155788494,12,13,15
0.4005537155788494,12,14,15
0.40198649384190593,2,5
0.40198649384190593,1,2,5
0.40198649384190593,2,3,5
0.40198649384190593,2,4,5
0.4064541014501868,13,16
0.4064541014501868,13,14,16
0.4064541014501868,13,15,16
0.4065341033996195,6,9
0.4065341033996195,6,7,9
0.4065341033996195,6,8,9
0.4066199715965908,0,3
0.4066199715965908,0,1,3
0.4066199715965908,0,2,3
0.4066199715965908,0,3,49
0.40822260016261136,15,18
0.40822260016261136,15,16,18
0.40822260016261136,15,17,18
0.40993865513276184,11,14
0.40993865513276184,11,12,14
0.40993865513276184,11,13,14
0.41225984655477727,4,8
0.41225984655477727,4,5,8
0.41225984655477727,4,6,8
0.41225984655477727,4,7,8
0.41258077318119923,42,45
0.41258077318119923,42,43,45
0.41258077318119923,42,44,45
0.4148181600033747,7,10
0.4148181600033747,7,8,10
0.4148181600033747,7,9,10
0.41501641529457134,17,20
0.41501641529457134,17,18,20
0.41501641529457134,17,19,20
0.4165976213625476,0,46
0.4165976213625476,0,46,47
0.4165976213625476,0,46,48
0.41899775544181556,24,27
0.41899775544181556,24,25,27
0.41899775544181556,24,26,27
0.41945120420738313,36,40
0.41945120420738313,36,37,40
0.41945120420738313,36,38,40
0.41945120420738313,36,39,40
0.42320822912144823,2,47
0.42320822912144823,0,2,47
0.42320822912144823,2,47,48
0.42320822912144823,2,47,49
0.438047338662343,1,47
0.438047338662343,0,1,47
0.438047338662343,1,2,47
0.438047338662343,1,47,48
0.438047338662343,1,47,49
0.4407424932710814,34,38
0.4407424932710814,34,35,38
0.4407424932710814,34,36,38
0.4407424932710814,34,37,38
0.4427936118290234,8,11
0.4427936118290234,8,9,11
0.4427936118290234,8,10,11
0.4447714587284589,41,45
0.4447714587284589,41,42,45
0.4447714587284589,41,43,45
0.4447714587284589,41,44,45
0.4451535647862855,22,25
0.4451535647862855,22,23,25
0.4451535647862855,22,24,25
0.4501711932093452,27,30
0.4501711932093452,27,28,30
0.4501711932093452,27,29,30
0.45356093846819084,40,44
0.45356093846819084,40,41,44
0.45356093846819084,40,42,44
0.45356093846819084,40,43,44
0.45703954620371634,38,41
0.45703954620371634,38,39,41
0.45703954620371634,38,40,41
0.4573343949893727,9,13
0.4573343949893727,9,10,13
0.4573343949893727,9,11,13
0.4573343949893727,9,12,13
0.4614869660805264,21,24
0.4614869660805264,21,22,24
0.4614869660805264,21,23,24
0.4675552190029206,33,36
0.4675552190029206,33,34,36
0.4675552190029206,33,35,36
0.46803693176345706,4,49
0.46803693176345706,1,4,49
0.46803693176345706,2,4,49
0.46803693176345706,3,4,49
0.46977578503958944,35,39
0.46977578503958944,35,36,39
0.46977578503958944,35,37,39
0.46977578503958944,35,38,39
0.4725726479890517,19,23
0.4725726479890517,19,20,23
0.4725726479890517,19,21,23
0.4725726479890517,19,22,23
0.4829202427809985,44,47
0.4829202427809985,44,45,47
0.4829202427809985,44,46,47
0.4860108716312206,18,22
0.4860108716312206,18,19,22
0.4860108716312206,18,20,22
0.4860108716312206,18,21,22
0.4863367959158013,39,43
0.4863367959158013,39,40,43
0.4863367959158013,39,41,43
0.4863367959158013,39,42,43
0.4887076248361305,11,15
0.4887076248361305,11,12,15
0.4887076248361305,11,13,15
0.4887076248361305,11,14,15
0.4911761623755245,30,34
0.4911761623755245,30,31,34
0.4911761623755245,30,32,34
0.4911761623755245,30,33,34
0.4933424822182658,28,31
0.4933424822182658,28,29,31
0.4933424822182658,28,30,31
0.49371684437352076,17,21
0.49371684437352076,17,18,21
0.49371684437352076,17,19,21
0.49371684437352076,17,20,21
0.49736749817722853,0,45
0.49736749817722853,0,45,46
0.49736749817722853,0,45,47
0.49736749817722853,0,45,48
0.49992049612789885,7,11
0.49992049612789885,7,8,11
0.49992049612789885,7,9,11
0.49992049612789885,7,10,11
0.5016942957982415,33,37
0.5016942957982415,33,34,37
0.5016942957982415,33,35,37
0.5016942957982415,33,36,37
0.5049416565624394,24,28
0.5049416565624394,24,25,28
0.5049416565624394,24,26,28
0.5049416565624394,24,27,28
0.5071249561458844,5,49
0.5071249561458844,1,5,49
0.5071249561458844,2,5,49
0.5071249561458844,3,5,49
0.5071249561458844,4,5,49
0.5088561909697381,38,42
0.5088561909697381,38,39,42
0.5088561909697381,38,40,42
0.5088561909697381,38,41,42
0.5090307429100435,16,20
0.5090307429100435,16,17,20
0.5090307429100435,16,18,20
0.5090307429100435,16,19,20
0.5141200533245972,14,18
0.5141200533245972,14,15,18
0.5141200533245972,14,16,18
0.5141200533245972,14,17,18
0.5164987905083104,13,17
0.5164987905083104,13,14,17
0.5164987905083104,13,15,17
0.5164987905083104,13,16,17
0.517714065841873,10,14
0.517714065841873,10,11,14
0.517714065841873,10,12,14
0.517714065841873,10,13,14
0.5205967976010347,44,48
0.5205967976010347,44,45,48
0.5205967976010347,44,46,48
0.5205967976010347,44,47,48
0.5211376729518595,37,41
0.5211376729518595,37,38,41
0.5211376729518595,37,39,41
0.5211376729518595,37,40,41
0.5234094068731114,3,7
0.5234094068731114,3,4,7
0.5234094068731114,3,5,7
0.5234094068731114,3,6,7
0.523870899436724,46,49
0.523870899436724,0,46,49
0.523870899436724,46,47,49
0.523870899436724,46,48,49
0.5265435969382173,42,46
0.5265435969382173,42,43,46
0.5265435969382173,42,44,46
0.5265435969382173,42,45,46
0.5296721385307129,3,8
0.5296721385307129,3,4,8
0.5296721385307129,3,5,8
0.5296721385307129,3,6,8
0.5296721385307129,3,7,8
0.530923259227786,8,12
0.530923259227786,8,9,12
0.530923259227786,8,10,12
0.530923259227786,8,11,12
0.5311495091592531,22,26
0.5311495091592531,22,23,26
0.5311495091592531,22,24,26
0.5311495091592531,22,25,26
0.5326834511954892,20,24
0.5326834511954892,20,21,24
0.5326834511954892,20,22,24
0.5326834511954892,20,23,24
0.5403541912862959,28,32
0.5403541912862959,28,29,32
0.5403541912862959,28,30,32
0.5403541912862959,28,31,32
0.5436534862928397,6,10
0.5436534862928397,6,7,10
0.5436534862928397,6,8,10
0.5436534862928397,6,9,10
0.5450632829919869,3,48
0.5450632829919869,0,3,48
0.5450632829919869,1,3,48
0.5450632829919869,2,3,48
0.5450632829919869,3,48,49
0.5515798164862837,23,27
0.5515798164862837,23,24,27
0.5515798164862837,23,25,27
0.5515798164862837,23,26,27
0.5515977276647743,5,9
0.5515977276647743,5,6,9
0.5515977276647743,5,7,9
0.5515977276647743,5,8,9
0.5524239510958724,26,29
0.5524239510958724,26,27,29
0.5524239510958724,26,28,29
0.5531376755049396,15,19
0.5531376755049396,15,16,19
0.5531376755049396,15,17,19
0.5531376755049396,15,18,19
0.5563632706171036,1,6
0.5563632706171036,1,3,6
0.5563632706171036,1,4,6
0.5563632706171036,1,5,6
0.5577625468201384,30,35
0.5577625468201384,30,31,35
0.5577625468201384,30,32,35
0.5577625468201384,30,33,35
0.5577625468201384,30,34,35
0.5602632502286203,41,46
0.5602632502286203,41,42,46
0.5602632502286203,41,43,46
0.5602632502286203,41,44,46
0.5602632502286203,41,45,46
0.5616786222577741,36,41
0.5616786222577741,36,37,41
0.5616786222577741,36,38,41
0.5616786222577741,36,39,41
0.5616786222577741,36,40,41
0.5621632096907917,32,36
0.5621632096907917,32,33,36
0.5621632096907917,32,34,36
0.5621632096907917,32,35,36
0.5650797969270772,0,4
0.5650797969270772,0,1,4
0.5650797969270772,0,2,4
0.5650797969270772,0,3,4
0.5650797969270772,0,4,49
0.5743280633280443,31,36
0.5743280633280443,31,32,36
0.5743280633280443,31,33,36
0.5743280633280443,31,34,36
0.5743280633280443,31,35,36
0.574583927713544,37,42
0.574583927713544,37,38,42
0.574583927713544,37,39,42
0.574583927713544,37,40,42
0.574583927713544,37,41,42
0.5790538692501053,21,25
0.5790538692501053,21,22,25
0.5790538692501053,21,23,25
0.5790538692501053,21,24,25
0.5793211353969212,33,38
0.5793211353969212,33,34,38
0.5793211353969212,33,35,38
0.5793211353969212,33,36,38
0.5793211353969212,33,37,38
0.5800774439137037,29,34
0.5800774439137037,29,30,34
0.5800774439137037,29,31,34
0.5800774439137037,29,32,34
0.5800774439137037,29,33,34
0.5849992214349525,40,45
0.5849992214349525,40,41,45
0.5849992214349525,40,42,45
0.5849992214349525,40,43,45
0.5849992214349525,40,44,45
0.5854646916011013,43,47
0.5854646916011013,43,44,47
0.5854646916011013,43,45,47
0.5854646916011013,43,46,47
0.5871801067002524,39,44
0.5871801067002524,39,40,44
0.5871801067002524,39,41,44
0.5871801067002524,39,42,44
0.5871801067002524,39,43,44
0.5877815571838534,12,16
0.5877815571838534,12,13,16
0.5877815571838534,12,14,16
0.5877815571838534,12,15,16
0.5885371888379739,2,6
0.5885371888379739,1,2,6
0.5885371888379739,2,3,6
0.5885371888379739,2,4,6
0.5885371888379739,2,5,6
0.5888337372808783,7,12
0.5888337372808783,7,8,12
0.5888337372808783,7,9,12
0.5888337372808783,7,10,12
0.5888337372808783,7,11,12
0.5906343760947074,26,30
0.5906343760947074,26,27,30
0.5906343760947074,26,28,30
0.5906343760947074,26,29,30
0.5907811344688524,16,21
0.5907811344688524,16,17,21
0.5907811344688524,16,18,21
0.5907811344688524,16,19,21
0.5907811344688524,16,20,21
0.5953563796895688,0,5
0.5953563796895688,0,1,5
0.5953563796895688,0,2,5
0.5953563796895688,0,3,5
0.5953563796895688,0,4,5
0.5953563796895688,0,5,49
0.5959073700307695,27,31
0.5959073700307695,27,28,31
0.5959073700307695,27,29,31
0.5959073700307695,27,30,31
0.5966933722016253,32,37
0.5966933722016253,32,33,37
0.5966933722016253,32,34,37
0.5966933722016253,32,35,37
0.5966933722016253,32,36,37
0.6020531680142706,13,18
0.6020531680142706,13,14,18
0.6020531680142706,13,15,18
0.6020531680142706,13,16,18
0.6020531680142706,13,17,18
0.6048632194472722,10,15
0.6048632194472722,10,11,15
0.6048632194472722,10,12,15
0.6048632194472722,10,13,15
0.6048632194472722,10,14,15
0.6051608226586591,34,39
0.6051608226586591,34,35,39
0.6051608226586591,34,36,39
0.6051608226586591,34,37,39
0.6051608226586591,34,38,39
0.6059423811885938,31,37
0.6059423811885938,31,32,37
0.6059423811885938,31,33,37
0.6059423811885938,31,34,37
0.6059423811885938,31,35,37
0.6059423811885938,31,36,37
0.6084970734936904,9,14
0.6084970734936904,9,10,14
0.6084970734936904,9,11,14
0.6084970734936904,9,12,14
0.6084970734936904,9,13,14
0.6089598482346394,18,23
0.6089598482346394,18,19,23
0.6089598482346394,18,20,23
0.6089598482346394,18,21,23
0.6089598482346394,18,22,23
0.6101735849556058,6,11
0.6101735849556058,6,7,11
0.6101735849556058,6,8,11
0.6101735849556058,6,9,11
0.6101735849556058,6,10,11
0.6102420323117789,45,49
0.6102420323117789,0,45,49
0.6102420323117789,45,46,49
0.6102420323117789,45,47,49
0.6102420323117789,45,48,49
0.612707788821943,28,33
0.612707788821943,28,29,33
0.612707788821943,28,30,33
0.612707788821943,28,31,33
0.612707788821943,28,32,33
0.6149528651971129,36,42
0.6149528651971129,36,37,42
0.6149528651971129,36,38,42
0.6149528651971129,36,39,42
0.6149528651971129,36,40,42
0.6149528651971129,36,41,42
0.6171865024015211,35,40
0.6171865024015211,35,36,40
0.6171865024015211,35,37,40
0.6171865024015211,35,38,40
0.6171865024015211,35,39,40
0.6174916925995493,3,47
0.6174916925995493,0,3,47
0.6174916925995493,1,3,47
0.6174916925995493,2,3,47
0.6174916925995493,3,47,48
0.6174916925995493,3,47,49
0.6178954291062755,43,48
0.6178954291062755,43,44,48
0.6178954291062755,43,45,48
0.6178954291062755,43,46,48
0.6178954291062755,43,47,48
0.6182516141443559,23,28
0.6182516141443559,23,24,28
0.6182516141443559,23,25,28
0.6182516141443559,23,26,28
0.6182516141443559,23,27,28
0.622263401432528,4,9
0.622263401432528,4,5,9
0.622263401432528,4,6,9
0.622263401432528,4,7,9
0.622263401432528,4,8,9
0.6238082577998679,25,29
0.6238082577998679,25,26,29
0.6238082577998679,25,27,29
0.6238082577998679,25,28,29
0.6305906044204413,20,25
0.6305906044204413,20,21,25
0.6305906044204413,20,22,25
0.6305906044204413,20,23,25
0.6305906044204413,20,24,25
0.6313035870909962,17,22
0.6313035870909962,17,18,22
0.6313035870909962,17,19,22
0.6313035870909962,17,20,22
0.6313035870909962,17,21,22
0.6358128943042275,1,46
0.6358128943042275,0,1,46
0.6358128943042275,1,46,47
0.6358128943042275,1,46,48
0.6358128943042275,1,46,49
0.6407867399307087,27,32
0.6407867399307087,27,28,32
0.6407867399307087,27,29,32
0.6407867399307087,27,30,32
0.6407867399307087,27,31,32
0.6424364848977261,2,46
0.6424364848977261,0,2,46
0.6424364848977261,1,2,46
0.6424364848977261,2,46,47
0.6424364848977261,2,46,48
0.6424364848977261,2,46,49
0.6466410815549274,0,44
0.6466410815549274,0,44,45
0.6466410815549274,0,44,46
0.6466410815549274,0,44,47
0.6466410815549274,0,44,48
0.647412454131192,25,30
0.647412454131192,25,26,30
0.647412454131192,25,27,30
0.647412454131192,25,28,30
0.647412454131192,25,29,30
0.6553049108357659,38,43
0.6553049108357659,38,39,43
0.6553049108357659,38,40,43
0.6553049108357659,38,41,43
0.6553049108357659,38,42,43
0.6592876952902976,14,19
0.6592876952902976,14,15,19
0.6592876952902976,14,16,19
0.6592876952902976,14,17,19
0.6592876952902976,14,18,19
0.6594965105424903,19,24
0.6594965105424903,19,20,24
0.6594965105424903,19,21,24
0.6594965105424903,19,22,24
0.6594965105424903,19,23,24
0.6629230418786972,29,35
0.6629230418786972,29,30,35
0.6629230418786972,29,31,35
0.6629230418786972,29,32,35
0.6629230418786972,29,33,35
0.6629230418786972,29,34,35
0.6685239577106422,21,26
0.6685239577106422,21,22,26
0.6685239577106422,21,23,26
0.6685239577106422,21,24,26
0.6685239577106422,21,25,26
0.6741728107057284,32,38
0.6741728107057284,32,33,38
0.6741728107057284,32,34,38
0.6741728107057284,32,35,38
0.6741728107057284,32,36,38
0.6741728107057284,32,37,38
0.6750060797676389,11,16
0.6750060797676389,11,12,16
0.6750060797676389,11,13,16
0.6750060797676389,11,14,16
0.6750060797676389,11,15,16
0.6753236487195977,15,20
0.6753236487195977,15,16,20
0.6753236487195977,15,17,20
0.6753236487195977,15,18,20
0.6753236487195977,15,19,20
0.6788801310197927,9,15
0.6788801310197927,9,10,15
0.6788801310197927,9,11,15
0.6788801310197927,9,12,15
0.6788801310197927,9,13,15
0.6788801310197927,9,14,15
0.6841687714010436,31,38
0.6841687714010436,31,32,38
0.6841687714010436,31,33,38
0.6841687714010436,31,34,38
0.6841687714010436,31,35,38
0.6841687714010436,31,36,38
0.6841687714010436,31,37,38
0.6912707980803385,22,27
0.6912707980803385,22,23,27
0.6912707980803385,22,24,27
0.6912707980803385,22,25,27
0.6912707980803385,22,26,27
0.6946587459667602,6,49
0.6946587459667602,1,6,49
0.6946587459667602,2,6,49
0.6946587459667602,3,6,49
0.6946587459667602,4,6,49
0.6946587459667602,5,6,49
0.6962122135946557,6,12
0.6962122135946557,6,7,12
0.6962122135946557,6,8,12
0.6962122135946557,6,9,12
0.6962122135946557,6,10,12
0.6962122135946557,6,11,12
0.6981050291540837,8,13
0.6981050291540837,8,9,13
0.6981050291540837,8,10,13
0.6981050291540837,8,11,13
0.6981050291540837,8,12,13
0.6984835665029563,12,17
0.6984835665029563,12,13,17
0.6984835665029563,12,14,17
0.6984835665029563,12,15,17
0.6984835665029563,12,16,17
0.7009836685713697,40,46
0.7009836685713697,40,41,46
0.7009836685713697,40,42,46
0.7009836685713697,40,43,46
0.7009836685713697,40,44,46
0.7009836685713697,40,45,46
0.7025733880433488,1,7
0.7025733880433488,1,3,7
0.7025733880433488,1,4,7
0.7025733880433488,1,5,7
0.7025733880433488,1,6,7
0.7035208874143337,4,48
0.7035208874143337,0,4,48
0.7035208874143337,1,4,48
0.7035208874143337,2,4,48
0.7035208874143337,3,4,48
0.7035208874143337,4,48,49
0.7037116016555338,1,8
0.7037116016555338,1,3,8
0.7037116016555338,1,4,8
0.7037116016555338,1,5,8
0.7037116016555338,1,6,8
0.7037116016555338,1,7,8
0.7037686396805775,5,10
0.7037686396805775,5,6,10
0.7037686396805775,5,7,10
0.7037686396805775,5,8,10
0.7037686396805775,5,9,10
0.7041216416074135,3,9
0.7041216416074135,3,4,9
0.7041216416074135,3,5,9
0.7041216416074135,3,6,9
0.7041216416074135,3,7,9
0.7041216416074135,3,8,9
0.7049398861582737,1,45
0.7049398861582737,0,1,45
0.7049398861582737,1,45,46
0.7049398861582737,1,45,47
0.7049398861582737,1,45,48
0.7049398861582737,1,45,49
0.7078589553404547,39,45
0.7078589553404547,39,40,45
0.7078589553404547,39,41,45
0.7078589553404547,39,42,45
0.7078589553404547,39,43,45
0.7078589553404547,39,44,45
0.7152550703254208,27,33
0.7152550703254208,27,28,33
0.7152550703254208,27,29,33
0.7152550703254208,27,30,33
0.7152550703254208,27,31,33
0.7152550703254208,27,32,33
0.7155603080872369,37,43
0.7155603080872369,37,38,43
0.7155603080872369,37,39,43
0.7155603080872369,37,40,43
0.7155603080872369,37,41,43
0.7155603080872369,37,42,43
0.7223686675257196,33,39
0.7223686675257196,33,34,39
0.7223686675257196,33,35,39
0.7223686675257196,33,36,39
0.7223686675257196,33,37,39
0.7223686675257196,33,38,39
0.7234705319148405,20,26
0.7234705319148405,20,21,26
0.7234705319148405,20,22,26
0.7234705319148405,20,23,26
0.7234705319148405,20,24,26
0.7234705319148405,20,25,26
0.723768031479736,16,22
0.723768031479736,16,17,22
0.723768031479736,16,18,22
0.723768031479736,16,19,22
0.723768031479736,16,20,22
0.723768031479736,16,21,22
0.7244120047796547,26,31
0.7244120047796547,26,27,31
0.7244120047796547,26,28,31
0.7244120047796547,26,29,31
0.7244120047796547,26,30,31
0.7277524028121535,2,45
0.7277524028121535,0,2,45
0.7277524028121535,1,2,45
0.7277524028121535,2,45,46
0.7277524028121535,2,45,47
0.7277524028121535,2,45,48
0.7277524028121535,2,45,49
0.7338453793167933,5,48
0.7338453793167933,0,5,48
0.7338453793167933,1,5,48
0.7338453793167933,2,5,48
0.7338453793167933,3,5,48
0.7338453793167933,4,5,48
0.7338453793167933,5,48,49
0.7351025586829103,30,36
0.7351025586829103,30,31,36
0.7351025586829103,30,32,36
0.7351025586829103,30,33,36
0.7351025586829103,30,34,36
0.7351025586829103,30,35,36
0.7388045873753657,0,43
0.7388045873753657,0,43,44
0.7388045873753657,0,43,45
0.7388045873753657,0,43,46
0.7388045873753657,0,43,47
0.7388045873753657,0,43,48
0.7394196186533577,2,7
0.7394196186533577,1,2,7
0.7394196186533577,2,3,7
0.7394196186533577,2,4,7
0.7394196186533577,2,5,7
0.7394196186533577,2,6,7
0.740644352555542,42,47
0.740644352555542,42,43,47
0.740644352555542,42,44,47
0.740644352555542,42,45,47
0.740644352555542,42,46,47
0.7413320184534544,13,19
0.7413320184534544,13,14,19
0.7413320184534544,13,15,19
0.7413320184534544,13,16,19
0.7413320184534544,13,17,19
0.7413320184534544,13,18,19
0.7465817181404117,19,25
0.7465817181404117,19,20,25
0.7465817181404117,19,21,25
0.7465817181404117,19,22,25
0.7465817181404117,19,23,25
0.7465817181404117,19,24,25
0.7503938769884997,5,11
0.7503938769884997,5,6,11
0.7503938769884997,5,7,11
0.7503938769884997,5,8,11
0.7503938769884997,5,9,11
0.7503938769884997,5,10,11
0.7515897780158292,34,40
0.7515897780158292,34,35,40
0.7515897780158292,34,36,40
0.7515897780158292,34,37,40
0.7515897780158292,34,38,40
0.7515897780158292,34,39,40
0.7517122815111861,2,8
0.7517122815111861,1,2,8
0.7517122815111861,2,3,8
0.7517122815111861,2,4,8
0.7517122815111861,2,5,8
0.7517122815111861,2,6,8
0.7517122815111861,2,7,8
0.7547658585728769,22,28
0.7547658585728769,22,23,28
0.7547658585728769,22,24,28
0.7547658585728769,22,25,28
0.7547658585728769,22,26,28
0.7547658585728769,22,27,28
0.7561218709947184,38,44
0.7561218709947184,38,39,44
0.7561218709947184,38,40,44
0.7561218709947184,38,41,44
0.7561218709947184,38,42,44
0.7561218709947184,38,43,44
0.7563870631271816,36,43
0.7563870631271816,36,37,43
0.7563870631271816,36,38,43
0.7563870631271816,36,39,43
0.7563870631271816,36,40,43
0.7563870631271816,36,41,43
0.7563870631271816,36,42,43
0.7576178909934654,35,41
0.7576178909934654,35,36,41
0.7576178909934654,35,37,41
0.7576178909934654,35,38,41
0.7576178909934654,35,39,41
0.7576178909934654,35,40,41
0.7582733880476908,17,23
0.7582733880476908,17,18,23
0.7582733880476908,17,19,23
0.7582733880476908,17,20,23
0.7582733880476908,17,21,23
0.7582733880476908,17,22,23
0.7592171546178866,15,21
0.7592171546178866,15,16,21
0.7592171546178866,15,17,21
0.7592171546178866,15,18,21
0.7592171546178866,15,19,21
0.7592171546178866,15,20,21
0.7593922057685539,7,13
0.7593922057685539,7,8,13
0.7593922057685539,7,9,13
0.7593922057685539,7,10,13
0.7593922057685539,7,11,13
0.7593922057685539,7,12,13
0.760597869481298,44,49
0.760597869481298,0,44,49
0.760597869481298,44,45,49
0.760597869481298,44,46,49
0.760597869481298,44,47,49
0.760597869481298,44,48,49
0.7664918016420825,30,37
0.7664918016420825,30,31,37
0.7664918016420825,30,32,37
0.7664918016420825,30,33,37
0.7664918016420825,30,34,37
0.7664918016420825,30,35,37
0.7664918016420825,30,36,37
0.7674394381093959,42,48
0.7674394381093959,42,43,48
0.7674394381093959,42,44,48
0.7674394381093959,42,45,48
0.7674394381093959,42,46,48
0.7674394381093959,42,47,48
0.7680901429452891,41,47
0.7680901429452891,41,42,47
0.7680901429452891,41,43,47
0.7680901429452891,41,44,47
0.7680901429452891,41,45,47
0.7680901429452891,41,46,47
0.7693280944435705,25,31
0.7693280944435705,25,26,31
0.7693280944435705,25,27,31
0.7693280944435705,25,28,31
0.7693280944435705,25,29,31
0.7693280944435705,25,30,31
0.7714319659198094,4,10
0.7714319659198094,4,5,10
0.7714319659198094,4,6,10
0.7714319659198094,4,7,10
0.7714319659198094,4,8,10
0.7714319659198094,4,9,10
0.7719969251739932,4,47
0.7719969251739932,0,4,47
0.7719969251739932,1,4,47
0.7719969251739932,2,4,47
0.7719969251739932,3,4,47
0.7719969251739932,4,47,48
0.7719969251739932,4,47,49
0.7765019737126475,26,32
0.7765019737126475,26,27,32
0.7765019737126475,26,28,32
0.7765019737126475,26,29,32
0.7765019737126475,26,30,32
0.7765019737126475,26,31,32
0.7816031745706795,0,6
0.7816031745706795,0,1,6
0.7816031745706795,0,2,6
0.7816031745706795,0,3,6
0.7816031745706795,0,4,6
0.7816031745706795,0,5,6
0.7816031745706795,0,6,49
0.7818384371122705,14,20
0.7818384371122705,14,15,20
0.7818384371122705,14,16,20
0.7818384371122705,14,17,20
0.7818384371122705,14,18,20
0.7818384371122705,14,19,20
0.783324687971014,12,18
0.783324687971014,12,13,18
0.783324687971014,12,14,18
0.783324687971014,12,15,18
0.783324687971014,12,16,18
0.783324687971014,12,17,18
0.7851095245803719,11,17
0.7851095245803719,11,12,17
0.7851095245803719,11,13,17
0.7851095245803719,11,14,17
0.7851095245803719,11,15,17
0.7851095245803719,11,16,17
0.7898600679769812,41,48
0.7898600679769812,41,42,48
0.7898600679769812,41,43,48
0.7898600679769812,41,44,48
0.7898600679769812,41,45,48
0.7898600679769812,41,46,48
0.7898600679769812,41,47,48
0.7932063510807636,10,16
0.7932063510807636,10,11,16
0.7932063510807636,10,12,16
0.7932063510807636,10,13,16
0.7932063510807636,10,14,16
0.7932063510807636,10,15,16
0.7974847339335948,18,24
0.7974847339335948,18,19,24
0.7974847339335948,18,20,24
0.7974847339335948,18,21,24
0.7974847339335948,18,22,24
0.7974847339335948,18,23,24
0.8058926580999146,5,47
0.8058926580999146,0,5,47
0.8058926580999146,1,5,47
0.8058926580999146,2,5,47
0.8058926580999146,3,5,47
0.8058926580999146,4,5,47
0.8058926580999146,5,47,48
0.8058926580999146,5,47,49
0.811611517070906,35,42
0.811611517070906,35,36,42
0.811611517070906,35,37,42
0.811611517070906,35,38,42
0.811611517070906,35,39,42
0.811611517070906,35,40,42
0.811611517070906,35,41,42
0.8134502550895328,37,44
0.8134502550895328,37,38,44
0.8134502550895328,37,39,44
0.8134502550895328,37,40,44
0.8134502550895328,37,41,44
0.8134502550895328,37,42,44
0.8134502550895328,37,43,44
0.8149378246306401,24,29
0.8149378246306401,24,25,29
0.8149378246306401,24,26,29
0.8149378246306401,24,27,29
0.8149378246306401,24,28,29
0.8175973019936499,32,39
0.8175973019936499,32,33,39
0.8175973019936499,32,34,39
0.8175973019936499,32,35,39
0.8175973019936499,32,36,39
0.8175973019936499,32,37,39
0.8175973019936499,32,38,39
0.8183060592320011,31,39
0.8183060592320011,31,32,39
0.8183060592320011,31,33,39
0.8183060592320011,31,34,39
0.8183060592320011,31,35,39
0.8183060592320011,31,36,39
0.8183060592320011,31,37,39
0.8183060592320011,31,38,39
0.8186495675640211,3,46
0.8186495675640211,0,3,46
0.8186495675640211,1,3,46
0.8186495675640211,2,3,46
0.8186495675640211,3,46,47
0.8186495675640211,3,46,48
0.8186495675640211,3,46,49
0.8225767455830827,4,11
0.8225767455830827,4,5,11
0.8225767455830827,4,6,11
0.8225767455830827,4,7,11
0.8225767455830827,4,8,11
0.8225767455830827,4,9,11
0.8225767455830827,4,10,11
0.823263843576529,39,46
0.823263843576529,39,40,46
0.823263843576529,39,41,46
0.823263843576529,39,42,46
0.823263843576529,39,43,46
0.823263843576529,39,44,46
0.823263843576529,39,45,46
0.8265710562598085,25,32
0.8265710562598085,25,26,32
0.8265710562598085,25,27,32
0.8265710562598085,25,28,32
0.8265710562598085,25,29,32
0.8265710562598085,25,30,32
0.8265710562598085,25,31,32
0.8271588073668592,21,27
0.8271588073668592,21,22,27
0.8271588073668592,21,23,27
0.8271588073668592,21,24,27
0.8271588073668592,21,25,27
0.8271588073668592,21,26,27
0.8308258816067198,5,12
0.8308258816067198,5,6,12
0.8308258816067198,5,7,12
0.8308258816067198,5,8,12
0.8308258816067198,5,9,12
0.8308258816067198,5,10,12
0.8308258816067198,5,11,12
0.8374533549493997,28,34
0.8374533549493997,28,29,34
0.8374533549493997,28,30,34
0.8374533549493997,28,31,34
0.8374533549493997,28,32,34
0.8374533549493997,28,33,34
0.8412795111932644,19,26
0.8412795111932644,19,20,26
0.8412795111932644,19,21,26
0.8412795111932644,19,22,26
0.8412795111932644,19,23,26
0.8412795111932644,19,24,26
0.8412795111932644,19,25,26
0.8429547314728352,26,33
0.8429547314728352,26,27,33
0.8429547314728352,26,28,33
0.8429547314728352,26,29,33
0.8429547314728352,26,30,33
0.8429547314728352,26,31,33
0.8429547314728352,26,32,33
0.844347969080603,7,49
0.844347969080603,1,7,49
0.844347969080603,2,7,49
0.844347969080603,3,7,49
0.844347969080603,4,7,49
0.844347969080603,5,7,49
0.844347969080603,6,7,49
0.8446294232417377,16,23
0.8446294232417377,16,17,23
0.8446294232417377,16,18,23
0.8446294232417377,16,19,23
0.8446294232417377,16,20,23
0.8446294232417377,16,21,23
0.8446294232417377,16,22,23
0.8447403854796038,30,38
0.8447403854796038,30,31,38
0.8447403854796038,30,32,38
0.8447403854796038,30,33,38
0.8447403854796038,30,34,38
0.8447403854796038,30,35,38
0.8447403854796038,30,36,38
0.8447403854796038,30,37,38
0.8473714133700234,29,36
0.8473714133700234,29,30,36
0.8473714133700234,29,31,36
0.8473714133700234,29,32,36
0.8473714133700234,29,33,36
0.8473714133700234,29,34,36
0.8473714133700234,29,35,36
0.8481545961808794,1,44
0.8481545961808794,0,1,44
0.8481545961808794,1,44,45
0.8481545961808794,1,44,46
0.8481545961808794,1,44,47
0.8481545961808794,1,44,48
0.8481545961808794,1,44,49
0.8498625519053884,8,14
0.8498625519053884,8,9,14
0.8498625519053884,8,10,14
0.8498625519053884,8,11,14
0.8498625519053884,8,12,14
0.8498625519053884,8,13,14
0.8516517546241806,8,49
0.8516517546241806,1,8,49
0.8516517546241806,2,8,49
0.8516517546241806,3,8,49
0.8516517546241806,4,8,49
0.8516517546241806,5,8,49
0.8516517546241806,6,8,49
0.8516517546241806,7,8,49
0.8530761706135341,24,30
0.8530761706135341,24,25,30
0.8530761706135341,24,26,30
0.8530761706135341,24,27,30
0.8530761706135341,24,28,30
0.8530761706135341,24,29,30
0.8540199310949819,43,49
0.8540199310949819,0,43,49
0.8540199310949819,43,44,49
0.8540199310949819,43,45,49
0.8540199310949819,43,46,49
0.8540199310949819,43,47,49
0.8540199310949819,43,48,49
0.8542993817760577,36,44
0.8542993817760577,36,37,44
0.8542993817760577,36,38,44
0.8542993817760577,36,39,44
0.8542993817760577,36,40,44
0.8542993817760577,36,41,44
0.8542993817760577,36,42,44
0.8542993817760577,36,43,44
0.8545618839107935,6,13
0.8545618839107935,6,7,13
0.8545618839107935,6,8,13
0.8545618839107935,6,9,13
0.8545618839107935,6,10,13
0.8545618839107935,6,11,13
0.8545618839107935,6,12,13
0.8549944396427007,13,20
0.8549944396427007,13,14,20
0.8549944396427007,13,15,20
0.8549944396427007,13,16,20
0.8549944396427007,13,17,20
0.8549944396427007,13,18,20
0.8549944396427007,13,19,20
0.8582106300250838,1,9
0.8582106300250838,1,3,9
0.8582106300250838,1,4,9
0.8582106300250838,1,5,9
0.8582106300250838,1,6,9
0.8582106300250838,1,7,9
0.8582106300250838,1,8,9
0.8600243358261769,9,16
0.8600243358261769,9,10,16
0.8600243358261769,9,11,16
0.8600243358261769,9,12,16
0.8600243358261769,9,13,16
0.8600243358261769,9,14,16
0.8600243358261769,9,15,16
0.8636423367480869,3,10
0.8636423367480869,3,4,10
0.8636423367480869,3,5,10
0.8636423367480869,3,6,10
0.8636423367480869,3,7,10
0.8636423367480869,3,8,10
0.8636423367480869,3,9,10
0.8652271408637048,11,18
0.8652271408637048,11,12,18
0.8652271408637048,11,13,18
0.8652271408637048,11,14,18
0.8652271408637048,11,15,18
0.8652271408637048,11,16,18
0.8652271408637048,11,17,18
0.8656780763301611,14,21
0.8656780763301611,14,15,21
0.8656780763301611,14,16,21
0.8656780763301611,14,17,21
0.8656780763301611,14,18,21
0.8656780763301611,14,19,21
0.8656780763301611,14,20,21
0.867501372859699,18,25
0.867501372859699,18,19,25
0.867501372859699,18,20,25
0.867501372859699,18,21,25
0.867501372859699,18,22,25
0.867501372859699,18,23,25
0.867501372859699,18,24,25
0.8686576760386617,33,40
0.8686576760386617,33,34,40
0.8686576760386617,33,35,40
0.8686576760386617,33,36,40
0.8686576760386617,33,37,40
0.8686576760386617,33,38,40
0.8686576760386617,33,39,40
0.8746230040723649,38,45
0.8746230040723649,38,39,45
0.8746230040723649,38,40,45
0.8746230040723649,38,41,45
0.8746230040723649,38,42,45
0.8746230040723649,38,43,45
0.8746230040723649,38,44,45
0.8774493504549431,2,44
0.8774493504549431,0,2,44
0.8774493504549431,1,2,44
0.8774493504549431,2,44,45
0.8774493504549431,2,44,46
0.8774493504549431,2,44,47
0.8774493504549431,2,44,48
0.8774493504549431,2,44,49
0.8791246198200481,20,27
0.8791246198200481,20,21,27
0.8791246198200481,20,22,27
0.8791246198200481,20,23,27
0.8791246198200481,20,24,27
0.8791246198200481,20,25,27
0.8791246198200481,20,26,27
0.8803856138398701,29,37
0.8803856138398701,29,30,37
0.8803856138398701,29,31,37
0.8803856138398701,29,32,37
0.8803856138398701,29,33,37
0.8803856138398701,29,34,37
0.8803856138398701,29,35,37
0.8803856138398701,29,36,37
0.8818299490625319,0,42
0.8818299490625319,0,42,43
0.8818299490625319,0,42,44
0.8818299490625319,0,42,45
0.8818299490625319,0,42,46
0.8818299490625319,0,42,47
0.8818299490625319,0,42,48
0.8844247192990584,15,22
0.8844247192990584,15,16,22
0.8844247192990584,15,17,22
0.8844247192990584,15,18,22
0.8844247192990584,15,19,22
0.8844247192990584,15,20,22
0.8844247192990584,15,21,22
0.8850465800841287,21,28
0.8850465800841287,21,22,28
0.8850465800841287,21,23,28
0.8850465800841287,21,24,28
0.8850465800841287,21,25,28
0.8850465800841287,21,26,28
0.8850465800841287,21,27,28
0.8856610428555548,25,33
0.8856610428555548,25,26,33
0.8856610428555548,25,27,33
0.8856610428555548,25,28,33
0.8856610428555548,25,29,33
0.8856610428555548,25,30,33
0.8856610428555548,25,31,33
0.8856610428555548,25,32,33
0.8862460976570786,28,35
0.8862460976570786,28,29,35
0.8862460976570786,28,30,35
0.8862460976570786,28,31,35
0.8862460976570786,28,32,35
0.8862460976570786,28,33,35
0.8862460976570786,28,34,35
0.886682840251649,3,45
0.886682840251649,0,3,45
0.886682840251649,1,3,45
0.886682840251649,2,3,45
0.886682840251649,3,45,46
0.886682840251649,3,45,47
0.886682840251649,3,45,48
0.886682840251649,3,45,49
0.8929786226565977,3,11
0.8929786226565977,3,4,11
0.8929786226565977,3,5,11
0.8929786226565977,3,6,11
0.8929786226565977,3,7,11
0.8929786226565977,3,8,11
0.8929786226565977,3,9,11
0.8929786226565977,3,10,11
0.8941476553975438,34,41
0.8941476553975438,34,35,41
0.8941476553975438,34,36,41
0.8941476553975438,34,37,41
0.8941476553975438,34,38,41
0.8941476553975438,34,39,41
0.8941476553975438,34,40,41
0.8990920983589957,0,41
0.8990920983589957,0,41,42
0.8990920983589957,0,41,43
0.8990920983589957,0,41,44
0.8990920983589957,0,41,45
0.8990920983589957,0,41,46
0.8990920983589957,0,41,47
0.8990920983589957,0,41,48
0.9014853109723127,40,47
0.9014853109723127,40,41,47
0.9014853109723127,40,42,47
0.9014853109723127,40,43,47
0.9014853109723127,40,44,47
0.9014853109723127,40,45,47
0.9014853109723127,40,46,47
0.9040008288324026,4,12
0.9040008288324026,4,5,12
0.9040008288324026,4,6,12
0.9040008288324026,4,7,12
0.9040008288324026,4,8,12
0.9040008288324026,4,9,12
0.9040008288324026,4,10,12
0.9040008288324026,4,11,12
0.9044500876635881,10,17
0.9044500876635881,10,11,17
0.9044500876635881,10,12,17
0.9044500876635881,10,13,17
0.9044500876635881,10,14,17
0.9044500876635881,10,15,17
0.9044500876635881,10,16,17
0.90897634185429,7,14
0.90897634185429,7,8,14
0.90897634185429,7,9,14
0.90897634185429,7,10,14
0.90897634185429,7,11,14
0.90897634185429,7,12,14
0.90897634185429,7,13,14
0.9169179072978204,40,48
0.9169179072978204,40,41,48
0.9169179072978204,40,42,48
0.9169179072978204,40,43,48
0.9169179072978204,40,44,48
0.9169179072978204,40,45,48
0.9169179072978204,40,46,48
0.9169179072978204,40,47,48
0.919273509922511,8,15
0.919273509922511,8,9,15
0.919273509922511,8,10,15
0.919273509922511,8,11,15
0.919273509922511,8,12,15
0.919273509922511,8,13,15
0.919273509922511,8,14,15
0.9198098931210222,6,48
0.9198098931210222,0,6,48
0.9198098931210222,1,6,48
0.9198098931210222,2,6,48
0.9198098931210222,3,6,48
0.9198098931210222,4,6,48
0.9198098931210222,5,6,48
0.9198098931210222,6,48,49
0.9210002835334359,12,19
0.9210002835334359,12,13,19
0.9210002835334359,12,14,19
0.9210002835334359,12,15,19
0.9210002835334359,12,16,19
0.9210002835334359,12,17,19
0.9210002835334359,12,18,19
0.9252237488721091,37,45
0.9252237488721091,37,38,45
0.9252237488721091,37,39,45
0.9252237488721091,37,40,45
0.9252237488721091,37,41,45
0.9252237488721091,37,42,45
0.9252237488721091,37,43,45
0.9252237488721091,37,44,45
0.928520560950115,0,7
0.928520560950115,0,1,7
0.928520560950115,0,2,7
0.928520560950115,0,3,7
0.928520560950115,0,4,7
0.928520560950115,0,5,7
0.928520560950115,0,6,7
0.928520560950115,0,7,49
0.9295522120234514,0,8
0.9295522120234514,0,1,8
0.9295522120234514,0,2,8
0.9295522120234514,0,3,8
0.9295522120234514,0,4,8
0.9295522120234514,0,5,8
0.9295522120234514,0,6,8
0.9295522120234514,0,7,8
0.9295522120234514,0,8,49
0.930064199715645,20,28
0.930064199715645,20,21,28
0.930064199715645,20,22,28
0.930064199715645,20,23,28
0.930064199715645,20,24,28
0.930064199715645,20,25,28
0.930064199715645,20,26,28
0.930064199715645,20,27,28
0.9305483686778303,2,9
0.9305483686778303,1,2,9
0.9305483686778303,2,3,9
0.9305483686778303,2,4,9
0.9305483686778303,2,5,9
0.9305483686778303,2,6,9
0.9305483686778303,2,7,9
0.9305483686778303,2,8,9
0.9305921726898548,23,29
0.9305921726898548,23,24,29
0.9305921726898548,23,25,29
0.9305921726898548,23,26,29
0.9305921726898548,23,27,29
0.9305921726898548,23,28,29
0.9315595331444302,1,43
0.9315595331444302,0,1,43
0.9315595331444302,1,43,44
0.9315595331444302,1,43,45
0.9315595331444302,1,43,46
0.9315595331444302,1,43,47
0.9315595331444302,1,43,48
0.9315595331444302,1,43,49
0.9389608497989181,27,34
0.9389608497989181,27,28,34
0.9389608497989181,27,29,34
0.9389608497989181,27,30,34
0.9389608497989181,27,31,34
0.9389608497989181,27,32,34
0.9389608497989181,27,33,34
0.939307816875791,13,21
0.939307816875791,13,14,21
0.939307816875791,13,15,21
0.939307816875791,13,16,21
0.939307816875791,13,17,21
0.939307816875791,13,18,21
0.939307816875791,13,19,21
0.939307816875791,13,20,21
0.9460835077756071,17,24
0.9460835077756071,17,18,24
0.9460835077756071,17,19,24
0.9460835077756071,17,20,24
0.9460835077756071,17,21,24
0.9460835077756071,17,22,24
0.9460835077756071,17,23,24
0.947174480027282,23,30
0.947174480027282,23,24,30
0.947174480027282,23,25,30
0.947174480027282,23,26,30
0.947174480027282,23,27,30
0.947174480027282,23,28,30
0.947174480027282,23,29,30
0.9474245952885623,34,42
0.9474245952885623,34,35,42
0.9474245952885623,34,36,42
0.9474245952885623,34,37,42
0.9474245952885623,34,38,42
0.9474245952885623,34,39,42
0.9474245952885623,34,40,42
0.9474245952885623,34,41,42
0.9491374671705758,35,43
0.9491374671705758,35,36,43
0.9491374671705758,35,37,43
0.9491374671705758,35,38,43
0.9491374671705758,35,39,43
0.9491374671705758,35,40,43
0.9491374671705758,35,41,43
0.9491374671705758,35,42,43
0.9584186970816765,29,38
0.9584186970816765,29,30,38
0.9584186970816765,29,31,38
0.9584186970816765,29,32,38
0.9584186970816765,29,33,38
0.9584186970816765,29,34,38
0.9584186970816765,29,35,38
0.9584186970816765,29,36,38
0.9584186970816765,29,37,38
0.9622949913721011,31,40
0.9622949913721011,31,33,40
0.9622949913721011,31,34,40
0.9622949913721011,31,35,40
0.9622949913721011,31,36,40
0.9622949913721011,31,37,40
0.9622949913721011,31,38,40
0.9622949913721011,31,39,40
0.9637770098722795,32,40
0.9637770098722795,31,32,40
0.9637770098722795,32,33,40
0.9637770098722795,32,34,40
0.9637770098722795,32,35,40
0.9637770098722795,32,36,40
0.9637770098722795,32,37,40
0.9637770098722795,32,38,40
0.9637770098722795,32,39,40
0.963887669187554,18,26
0.963887669187554,18,19,26
0.963887669187554,18,20,26
0.963887669187554,18,21,26
0.963887669187554,18,22,26
0.963887669187554,18,23,26
0.963887669187554,18,24,26
0.963887669187554,18,25,26
0.9657014903072225,36,45
0.9657014903072225,36,37,45
0.9657014903072225,36,38,45
0.9657014903072225,36,39,45
0.9657014903072225,36,40,45
0.9657014903072225,36,41,45
0.9657014903072225,36,42,45
0.9657014903072225,36,43,45
0.9657014903072225,36,44,45
0.9667595956495688,3,12
0.9667595956495688,3,4,12
0.9667595956495688,3,5,12
0.9667595956495688,3,6,12
0.9667595956495688,3,7,12
0.9667595956495688,3,8,12
0.9667595956495688,3,9,12
0.9667595956495688,3,10,12
0.9667595956495688,3,11,12
0.9671476199779361,9,17
0.9671476199779361,9,10,17
0.9671476199779361,9,11,17
0.9671476199779361,9,12,17
0.9671476199779361,9,13,17
0.9671476199779361,9,14,17
0.9671476199779361,9,15,17
0.9671476199779361,9,16,17
0.9693522869527622,2,43
0.9693522869527622,0,2,43
0.9693522869527622,1,2,43
0.9693522869527622,2,43,44
0.9693522869527622,2,43,45
0.9693522869527622,2,43,46
0.9693522869527622,2,43,47
0.9693522869527622,2,43,48
0.9693522869527622,2,43,49
0.9719004200165029,5,13
0.9719004200165029,5,6,13
0.9719004200165029,5,7,13
0.9719004200165029,5,8,13
0.9719004200165029,5,9,13
0.9719004200165029,5,10,13
0.9719004200165029,5,11,13
0.9719004200165029,5,12,13
0.9765184423381917,30,39
0.9765184423381917,30,31,39
0.9765184423381917,30,32,39
0.9765184423381917,30,33,39
0.9765184423381917,30,34,39
0.9765184423381917,30,35,39
0.9765184423381917,30,36,39
0.9765184423381917,30,37,39
0.9765184423381917,30,38,39
0.9808850231010231,4,46
0.9808850231010231,0,4,46
0.9808850231010231,1,4,46
0.9808850231010231,2,4,46
0.9808850231010231,3,4,46
0.9808850231010231,4,46,47
0.9808850231010231,4,46,48
0.9808850231010231,4,46,49
0.9809702676025339,7,15
0.9809702676025339,7,8,15
0.9809702676025339,7,9,15
0.9809702676025339,7,10,15
0.9809702676025339,7,11,15
0.9809702676025339,7,12,15
0.9809702676025339,7,13,15
0.9809702676025339,7,14,15
0.982227766898368,24,31
0.982227766898368,24,25,31
0.982227766898368,24,26,31
0.982227766898368,24,27,31
0.982227766898368,24,28,31
0.982227766898368,24,29,31
0.982227766898368,24,30,31
0.9895560550839065,38,46
0.9895560550839065,38,39,46
0.9895560550839065,38,40,46
0.9895560550839065,38,41,46
0.9895560550839065,38,42,46
0.9895560550839065,38,43,46
0.9895560550839065,38,44,46
0.9895560550839065,38,45,46
0.9898981355104446,27,35
0.9898981355104446,27,28,35
0.9898981355104446,27,29,35
0.9898981355104446,27,30,35
0.9898981355104446,27,31,35
0.9898981355104446,27,32,35
0.9898981355104446,27,33,35
0.9898981355104446,27,34,35
0.9902448868289799,10,18
0.9902448868289799,10,11,18
0.9902448868289799,10,12,18
0.9902448868289799,10,13,18
0.9902448868289799,10,14,18
0.9902448868289799,10,15,18
0.9902448868289799,10,16,18
0.9902448868289799,10,17,18
0.990942305764944,14,22
0.990942305764944,14,15,22
0.990942305764944,14,16,22
0.990942305764944,14,17,22
0.990942305764944,14,18,22
0.990942305764944,14,19,22
0.990942305764944,14,20,22
0.990942305764944,14,21,22
0.9926907517643451,6,47
0.9926907517643451,0,6,47
0.9926907517643451,1,6,47
0.9926907517643451,2,6,47
0.9926907517643451,3,6,47
0.9926907517643451,4,6,47
0.9926907517643451,5,6,47
0.9926907517643451,6,47,48
0.9926907517643451,6,47,49
0.9940622947488794,19,27
0.9940622947488794,19,20,27
0.9940622947488794,19,21,27
0.9940622947488794,19,22,27
0.9940622947488794,19,23,27
0.9940622947488794,19,24,27
0.9940622947488794,19,25,27
0.9940622947488794,19,26,27
0.9953620295215431,15,23
0.9953620295215431,15,16,23
0.9953620295215431,15,17,23
0.9953620295215431,15,18,23
0.9953620295215431,15,19,23
0.9953620295215431,15,20,23
0.9953620295215431,15,21,23
0.9953620295215431,15,22,23
0.9977258932419871,42,49
0.9977258932419871,0,42,49
0.9977258932419871,42,43,49
0.9977258932419871,42,44,49
0.9977258932419871,42,45,49
0.9977258932419871,42,46,49
0.9977258932419871,42,47,49
0.9977258932419871,42,48,49
0.9993272076871601,33,41
0.9993272076871601,33,34,41
0.9993272076871601,33,35,41
0.9993272076871601,33,36,41
0.9993272076871601,33,37,41
0.9993272076871601,33,38,41
0.9993272076871601,33,39,41
0.9993272076871601,33,40,41
1.0007602905796689,11,19
1.0007602905796689,11,12,19
1.0007602905796689,11,13,19
1.0007602905796689,11,14,19
1.0007602905796689,11,15,19
1.0007602905796689,11,16,19
1.0007602905796689,11,17,19
1.0007602905796689,11,18,19
1.0069932056447926,5,46
1.0069932056447926,0,5,46
1.0069932056447926,1,5,46
1.0069932056447926,2,5,46
1.0069932056447926,3,5,46
1.0069932056447926,4,5,46
1.0069932056447926,5,46,47
1.0069932056447926,5,46,48
1.0069932056447926,5,46,49
1.0107768052933486,6,14
1.0107768052933486,6,7,14
1.0107768052933486,6,8,14
1.0107768052933486,6,9,14
1.0107768052933486,6,10,14
1.0107768052933486,6,11,14
1.0107768052933486,6,12,14
1.0107768052933486,6,13,14
1.0110662638650256,39,47
1.0110662638650256,39,40,47
1.0110662638650256,39,41,47
1.0110662638650256,39,42,47
1.0110662638650256,39,43,47
1.0110662638650256,39,44,47
1.0110662638650256,39,45,47
1.0110662638650256,39,46,47
1.0149832139646882,41,49
1.0149832139646882,0,41,49
1.0149832139646882,41,42,49
1.0149832139646882,41,43,49
1.0149832139646882,41,44,49
1.0149832139646882,41,45,49
1.0149832139646882,41,46,49
1.0149832139646882,41,47,49
1.0149832139646882,41,48,49
1.0164489961999077,9,49
1.0164489961999077,1,9,49
1.0164489961999077,2,9,49
1.0164489961999077,3,9,49
1.0164489961999077,4,9,49
1.0164489961999077,5,9,49
1.0164489961999077,6,9,49
1.0164489961999077,7,9,49
1.0164489961999077,8,9,49
1.0179111233271267,39,48
1.0179111233271267,39,40,48
1.0179111233271267,39,41,48
1.0179111233271267,39,42,48
1.0179111233271267,39,43,48
1.0179111233271267,39,44,48
1.0179111233271267,39,45,48
1.0179111233271267,39,46,48
1.0179111233271267,39,47,48
1.0181171575009351,0,40
1.0181171575009351,0,40,41
1.0181171575009351,0,40,42
1.0181171575009351,0,40,43
1.0181171575009351,0,40,44
1.0181171575009351,0,40,45
1.0181171575009351,0,40,46
1.0181171575009351,0,40,47
1.0181171575009351,0,40,48
1.019878471759599,17,25
1.019878471759599,17,18,25
1.019878471759599,17,19,25
1.019878471759599,17,20,25
1.019878471759599,17,21,25
1.019878471759599,17,22,25
1.019878471759599,17,23,25
1.019878471759599,17,24,25
1.0208027496728933,1,10
1.0208027496728933,1,3,10
1.0208027496728933,1,4,10
1.0208027496728933,1,5,10
1.0208027496728933,1,6,10
1.0208027496728933,1,7,10
1.0208027496728933,1,8,10
1.0208027496728933,1,9,10
1.0282588656021838,3,44
1.0282588656021838,0,3,44
1.0282588656021838,1,3,44
1.0282588656021838,2,3,44
1.0282588656021838,3,44,45
1.0282588656021838,3,44,46
1.0282588656021838,3,44,47
1.0282588656021838,3,44,48
1.0282588656021838,3,44,49
1.0318360412729888,9,18
1.0318360412729888,9,10,18
1.0318360412729888,9,11,18
1.0318360412729888,9,12,18
1.0318360412729888,9,13,18
1.0318360412729888,9,14,18
1.0318360412729888,9,15,18
1.0318360412729888,9,16,18
1.0318360412729888,9,17,18
1.0320046828765377,12,20
1.0320046828765377,12,13,20
1.0320046828765377,12,14,20
1.0320046828765377,12,15,20
1.0320046828765377,12,16,20
1.0320046828765377,12,17,20
1.0320046828765377,12,18,20
1.0320046828765377,12,19,20
1.033519801219563,16,24
1.033519801219563,16,17,24
1.033519801219563,16,18,24
1.033519801219563,16,19,24
1.033519801219563,16,20,24
1.033519801219563,16,21,24
1.033519801219563,16,22,24
1.033519801219563,16,23,24
1.0363153615983705,1,11
1.0363153615983705,1,3,11
1.0363153615983705,1,4,11
1.0363153615983705,1,5,11
1.0363153615983705,1,6,11
1.0363153615983705,1,7,11
1.0363153615983705,1,8,11
1.0363153615983705,1,9,11
1.0363153615983705,1,10,11
1.0369340153106341,24,32
1.0369340153106341,24,25,32
1.0369340153106341,24,26,32
1.0369340153106341,24,27,32
1.0369340153106341,24,28,32
1.0369340153106341,24,29,32
1.0369340153106341,24,30,32
1.0369340153106341,24,31,32
1.0389391420864087,37,46
1.0389391420864087,37,38,46
1.0389391420864087,37,39,46
1.0389391420864087,37,40,46
1.0389391420864087,37,41,46
1.0389391420864087,37,42,46
1.0389391420864087,37,43,46
1.0389391420864087,37,44,46
1.0389391420864087,37,45,46
1.0391112965064506,19,28
1.0391112965064506,19,20,28
1.0391112965064506,19,21,28
1.0391112965064506,19,22,28
1.0391112965064506,19,23,28
1.0391112965064506,19,24,28
1.0391112965064506,19,25,28
1.0391112965064506,19,26,28
1.0391112965064506,19,27,28
1.0438707317318834,28,36
1.0438707317318834,28,29,36
1.0438707317318834,28,30,36
1.0438707317318834,28,31,36
1.0438707317318834,28,32,36
1.0438707317318834,28,33,36
1.0438707317318834,28,34,36
1.0438707317318834,28,35,36
1.0442154842850941,35,44
1.0442154842850941,35,36,44
1.0442154842850941,35,37,44
1.0442154842850941,35,38,44
1.0442154842850941,35,39,44
1.0442154842850941,35,40,44
1.0442154842850941,35,41,44
1.0442154842850941,35,42,44
1.0442154842850941,35,43,44
1.0469737433169386,4,13
1.0469737433169386,4,5,13
1.0469737433169386,4,6,13
1.0469737433169386,4,7,13
1.0469737433169386,4,8,13
1.0469737433169386,4,9,13
1.0469737433169386,4,10,13
1.0469737433169386,4,11,13
1.0469737433169386,4,12,13
1.052556766064497,13,22
1.052556766064497,13,14,22
1.052556766064497,13,15,22
1.052556766064497,13,16,22
1.052556766064497,13,17,22
1.052556766064497,13,18,22
1.052556766064497,13,19,22
1.052556766064497,13,20,22
1.052556766064497,13,21,22
1.0532098183790644,4,45
1.0532098183790644,0,4,45
1.0532098183790644,1,4,45
1.0532098183790644,2,4,45
1.0532098183790644,3,4,45
1.0532098183790644,4,45,46
1.0532098183790644,4,45,47
1.0532098183790644,4,45,48
1.0532098183790644,4,45,49
1.0550526107965266,33,42
1.0550526107965266,33,34,42
1.0550526107965266,33,35,42
1.0550526107965266,33,36,42
1.0550526107965266,33,37,42
1.0550526107965266,33,38,42
1.0550526107965266,33,39,42
1.0550526107965266,33,40,42
1.0550526107965266,33,41,42
1.057480205789246,23,31
1.057480205789246,23,24,31
1.057480205789246,23,25,31
1.057480205789246,23,26,31
1.057480205789246,23,27,31
1.057480205789246,23,28,31
1.057480205789246,23,29,31
1.057480205789246,23,30,31
1.0627586124664787,1,42
1.0627586124664787,0,1,42
1.0627586124664787,1,42,43
1.0627586124664787,1,42,44
1.0627586124664787,1,42,45
1.0627586124664787,1,42,46
1.0627586124664787,1,42,47
1.0627586124664787,1,42,48
1.0627586124664787,1,42,49
1.065741072800567,8,48
1.065741072800567,0,8,48
1.065741072800567,1,8,48
1.065741072800567,2,8,48
1.065741072800567,3,8,48
1.065741072800567,4,8,48
1.065741072800567,5,8,48
1.065741072800567,6,8,48
1.065741072800567,8,48,49
1.065785671673619,22,29
1.065785671673619,22,23,29
1.065785671673619,22,24,29
1.065785671673619,22,25,29
1.065785671673619,22,26,29
1.065785671673619,22,27,29
1.065785671673619,22,28,29
1.0661622745706505,7,48
1.0661622745706505,0,7,48
1.0661622745706505,1,7,48
1.0661622745706505,2,7,48
1.0661622745706505,3,7,48
1.0661622745706505,4,7,48
1.0661622745706505,5,7,48
1.0661622745706505,6,7,48
1.0661622745706505,7,8,48
1.0661622745706505,7,48,49
1.0696196592463427,28,37
1.0696196592463427,28,29,37
1.0696196592463427,28,30,37
1.0696196592463427,28,31,37
1.0696196592463427,28,32,37
1.0696196592463427,28,33,37
1.0696196592463427,28,34,37
1.0696196592463427,28,35,37
1.0696196592463427,28,36,37
1.0700871013942368,26,34
1.0700871013942368,26,27,34
1.0700871013942368,26,28,34
1.0700871013942368,26,29,34
1.0700871013942368,26,30,34
1.0700871013942368,26,31,34
1.0700871013942368,26,32,34
1.0700871013942368,26,33,34
1.0721712067179197,1,41
1.0721712067179197,0,1,41
1.0721712067179197,1,41,42
1.0721712067179197,1,41,43
1.0721712067179197,1,41,44
1.0721712067179197,1,41,45
1.0721712067179197,1,41,46
1.0721712067179197,1,41,47
1.0721712067179197,1,41,48
1.0721712067179197,1,41,49
1.0727600803067434,5,45
1.0727600803067434,0,5,45
1.0727600803067434,1,5,45
1.0727600803067434,2,5,45
1.0727600803067434,3,5,45
1.0727600803067434,4,5,45
1.0727600803067434,5,45,46
1.0727600803067434,5,45,47
1.0727600803067434,5,45,48
1.0727600803067434,5,45,49
1.0731059131742766,6,15
1.0731059131742766,6,7,15
1.0731059131742766,6,8,15
1.0731059131742766,6,9,15
1.0731059131742766,6,10,15
1.0731059131742766,6,11,15
1.0731059131742766,6,12,15
1.0731059131742766,6,13,15
1.0731059131742766,6,14,15
1.0765387420843513,22,30
1.0765387420843513,22,23,30
1.0765387420843513,22,24,30
1.0765387420843513,22,25,30
1.0765387420843513,22,26,30
1.0765387420843513,22,27,30
1.0765387420843513,22,28,30
1.0765387420843513,22,29,30
1.0766184088254,0,9
1.0766184088254,0,1,9
1.0766184088254,0,2,9
1.0766184088254,0,3,9
1.0766184088254,0,4,9
1.0766184088254,0,5,9
1.0766184088254,0,6,9
1.0766184088254,0,7,9
1.0766184088254,0,8,9
1.0766184088254,0,9,49
1.079276934483834,36,46
1.079276934483834,36,37,46
1.079276934483834,36,38,46
1.079276934483834,36,39,46
1.079276934483834,36,40,46
1.079276934483834,36,41,46
1.079276934483834,36,42,46
1.079276934483834,36,43,46
1.079276934483834,36,44,46
1.079276934483834,36,45,46
1.0871985351760896,31,41
1.0871985351760896,31,33,41
1.0871985351760896,31,34,41
1.0871985351760896,31,35,41
1.0871985351760896,31,36,41
1.0871985351760896,31,37,41
1.0871985351760896,31,38,41
1.0871985351760896,31,39,41
1.0871985351760896,31,40,41
1.0877728139916072,34,43
1.0877728139916072,34,35,43
1.0877728139916072,34,36,43
1.0877728139916072,34,37,43
1.0877728139916072,34,38,43
1.0877728139916072,34,39,43
1.0877728139916072,34,40,43
1.0877728139916072,34,41,43
1.0877728139916072,34,42,43
1.0895423370754167,3,13
1.0895423370754167,3,4,13
1.0895423370754167,3,5,13
1.0895423370754167,3,6,13
1.0895423370754167,3,7,13
1.0895423370754167,3,8,13
1.0895423370754167,3,9,13
1.0895423370754167,3,10,13
1.0895423370754167,3,11,13
1.0895423370754167,3,12,13
1.0901683254965175,2,10
1.0901683254965175,1,2,10
1.0901683254965175,2,3,10
1.0901683254965175,2,4,10
1.0901683254965175,2,5,10
1.0901683254965175,2,6,10
1.0901683254965175,2,7,10
1.0901683254965175,2,8,10
1.0901683254965175,2,9,10
1.0913120744190343,16,25
1.0913120744190343,16,17,25
1.0913120744190343,16,18,25
1.0913120744190343,16,19,25
1.0913120744190343,16,20,25
1.0913120744190343,16,21,25
1.0913120744190343,16,22,25
1.0913120744190343,16,23,25
1.0913120744190343,16,24,25
1.0938254312900995,32,41
1.0938254312900995,31,32,41
1.0938254312900995,32,33,41
1.0938254312900995,32,34,41
1.0938254312900995,32,35,41
1.0938254312900995,32,36,41
1.0938254312900995,32,37,41
1.0938254312900995,32,38,41
1.0938254312900995,32,39,41
1.0938254312900995,32,40,41
1.094956128156458,29,39
1.094956128156458,29,30,39
1.094956128156458,29,31,39
1.094956128156458,29,32,39
1.094956128156458,29,33,39
1.094956128156458,29,34,39
1.094956128156458,29,35,39
1.094956128156458,29,36,39
1.094956128156458,29,37,39
1.094956128156458,29,38,39
1.098472471933897,8,16
1.098472471933897,8,9,16
1.098472471933897,8,10,16
1.098472471933897,8,11,16
1.098472471933897,8,12,16
1.098472471933897,8,13,16
1.098472471933897,8,14,16
1.098472471933897,8,15,16
1.0996529332910685,24,33
1.0996529332910685,24,25,33
1.0996529332910685,24,26,33
1.0996529332910685,24,27,33
1.0996529332910685,24,28,33
1.0996529332910685,24,29,33
1.0996529332910685,24,30,33
1.0996529332910685,24,31,33
1.0996529332910685,24,32,33
1.1011582980159618,14,23
1.1011582980159618,14,15,23
1.1011582980159618,14,16,23
1.1011582980159618,14,17,23
1.1011582980159618,14,18,23
1.1011582980159618,14,19,23
1.1011582980159618,14,20,23
1.1011582980159618,14,21,23
1.1011582980159618,14,22,23
1.1036658620380042,1,12
1.1036658620380042,1,3,12
1.1036658620380042,1,4,12
1.1036658620380042,1,5,12
1.1036658620380042,1,6,12
1.1036658620380042,1,7,12
1.1036658620380042,1,8,12
1.1036658620380042,1,9,12
1.1036658620380042,1,10,12
1.1036658620380042,1,11,12
1.1076620463627607,26,35
1.1076620463627607,26,27,35
1.1076620463627607,26,28,35
1.1076620463627607,26,29,35
1.1076620463627607,26,30,35
1.1076620463627607,26,31,35
1.1076620463627607,26,32,35
1.1076620463627607,26,33,35
1.1076620463627607,26,34,35
1.1079608423262226,0,39
1.1079608423262226,0,39,40
1.1079608423262226,0,39,41
1.1079608423262226,0,39,42
1.1079608423262226,0,39,43
1.1079608423262226,0,39,44
1.1079608423262226,0,39,45
1.1079608423262226,0,39,46
1.1079608423262226,0,39,47
1.1079608423262226,0,39,48
1.1089384603864523,3,43
1.1089384603864523,0,3,43
1.1089384603864523,1,3,43
1.1089384603864523,2,3,43
1.1089384603864523,3,43,44
1.1089384603864523,3,43,45
1.1089384603864523,3,43,46
1.1089384603864523,3,43,47
1.1089384603864523,3,43,48
1.1089384603864523,3,43,49
1.1089966656087693,11,20
1.1089966656087693,11,12,20
1.1089966656087693,11,13,20
1.1089966656087693,11,14,20
1.1089966656087693,11,15,20
1.1089966656087693,11,16,20
1.1089966656087693,11,17,20
1.1089966656087693,11,18,20
1.1089966656087693,11,19,20
1.1106313084374206,2,42
1.1106313084374206,0,2,42
1.1106313084374206,1,2,42
1.1106313084374206,2,42,43
1.1106313084374206,2,42,44
1.1106313084374206,2,42,45
1.1106313084374206,2,42,46
1.1106313084374206,2,42,47
1.1106313084374206,2,42,48
1.1106313084374206,2,42,49
1.1118038052635044,18,27
1.1118038052635044,18,19,27
1.1118038052635044,18,20,27
1.1118038052635044,18,21,27
1.1118038052635044,18,22,27
1.1118038052635044,18,23,27
1.1118038052635044,18,24,27
1.1118038052635044,18,25,27
1.1118038052635044,18,26,27
1.113595484342829,25,34
1.113595484342829,25,26,34
1.113595484342829,25,27,34
1.113595484342829,25,28,34
1.113595484342829,25,29,34
1.113595484342829,25,30,34
1.113595484342829,25,31,34
1.113595484342829,25,32,34
1.113595484342829,25,33,34
1.116033041015888,12,21
1.116033041015888,12,13,21
1.116033041015888,12,14,21
1.116033041015888,12,15,21
1.116033041015888,12,16,21
1.116033041015888,12,17,21
1.116033041015888,12,18,21
1.116033041015888,12,19,21
1.116033041015888,12,20,21
1.1162597598610953,17,26
1.1162597598610953,17,18,26
1.1162597598610953,17,19,26
1.1162597598610953,17,20,26
1.1162597598610953,17,21,26
1.1162597598610953,17,22,26
1.1162597598610953,17,23,26
1.1162597598610953,17,24,26
1.1162597598610953,17,25,26
1.1179445661631948,2,11
1.1179445661631948,1,2,11
1.1179445661631948,2,3,11
1.1179445661631948,2,4,11
1.1179445661631948,2,5,11
1.1179445661631948,2,6,11
1.1179445661631948,2,7,11
1.1179445661631948,2,8,11
1.1179445661631948,2,9,11
1.1179445661631948,2,10,11
1.1191256841179644,23,32
1.1191256841179644,23,24,32
1.1191256841179644,23,25,32
1.1191256841179644,23,26,32
1.1191256841179644,23,27,32
1.1191256841179644,23,28,32
1.1191256841179644,23,29,32
1.1191256841179644,23,30,32
1.1191256841179644,23,31,32
1.119352796374731,30,40
1.119352796374731,30,31,40
1.119352796374731,30,32,40
1.119352796374731,30,33,40
1.119352796374731,30,34,40
1.119352796374731,30,35,40
1.119352796374731,30,36,40
1.119352796374731,30,37,40
1.119352796374731,30,38,40
1.119352796374731,30,39,40
1.1259139268323934,2,41
1.1259139268323934,0,2,41
1.1259139268323934,1,2,41
1.1259139268323934,2,41,42
1.1259139268323934,2,41,43
1.1259139268323934,2,41,44
1.1259139268323934,2,41,45
1.1259139268323934,2,41,46
1.1259139268323934,2,41,47
1.1259139268323934,2,41,48
1.1259139268323934,2,41,49
1.127175368339618,10,19
1.127175368339618,10,11,19
1.127175368339618,10,12,19
1.127175368339618,10,13,19
1.127175368339618,10,14,19
1.127175368339618,10,15,19
1.127175368339618,10,16,19
1.127175368339618,10,17,19
1.127175368339618,10,18,19
1.1323815182738137,5,14
1.1323815182738137,5,6,14
1.1323815182738137,5,7,14
1.1323815182738137,5,8,14
1.1323815182738137,5,9,14
1.1323815182738137,5,10,14
1.1323815182738137,5,11,14
1.1323815182738137,5,12,14
1.1323815182738137,5,13,14
1.1332945245656452,40,49
1.1332945245656452,0,40,49
1.1332945245656452,40,41,49
1.1332945245656452,40,42,49
1.1332945245656452,40,43,49
1.1332945245656452,40,44,49
1.1332945245656452,40,45,49
1.1332945245656452,40,46,49
1.1332945245656452,40,47,49
1.1332945245656452,40,48,49
1.1400424948850656,25,35
1.1400424948850656,25,26,35
1.1400424948850656,25,27,35
1.1400424948850656,25,28,35
1.1400424948850656,25,29,35
1.1400424948850656,25,30,35
1.1400424948850656,25,31,35
1.1400424948850656,25,32,35
1.1400424948850656,25,33,35
1.1400424948850656,25,34,35
1.1401856272092188,7,47
1.1401856272092188,0,7,47
1.1401856272092188,1,7,47
1.1401856272092188,2,7,47
1.1401856272092188,3,7,47
1.1401856272092188,4,7,47
1.1401856272092188,5,7,47
1.1401856272092188,6,7,47
1.1401856272092188,7,47,48
1.1401856272092188,7,47,49
1.1415539663228111,8,47
1.1415539663228111,0,8,47
1.1415539663228111,1,8,47
1.1415539663228111,2,8,47
1.1415539663228111,3,8,47
1.1415539663228111,4,8,47
1.1415539663228111,5,8,47
1.1415539663228111,6,8,47
1.1415539663228111,7,8,47
1.1415539663228111,8,47,48
1.1415539663228111,8,47,49
1.1432223203503111,31,42
1.1432223203503111,31,33,42
1.1432223203503111,31,34,42
1.1432223203503111,31,35,42
1.1432223203503111,31,36,42
1.1432223203503111,31,37,42
1.1432223203503111,31,38,42
1.1432223203503111,31,39,42
1.1432223203503111,31,40,42
1.1432223203503111,31,41,42
1.1467234210629722,28,38
1.1467234210629722,28,29,38
1.1467234210629722,28,30,38
1.1467234210629722,28,31,38
1.1467234210629722,28,32,38
1.1467234210629722,28,33,38
1.1467234210629722,28,34,38
1.1467234210629722,28,35,38
1.1467234210629722,28,36,38
1.1467234210629722,28,37,38
1.1476541630630837,27,36
1.1476541630630837,27,28,36
1.1476541630630837,27,29,36
1.1476541630630837,27,30,36
1.1476541630630837,27,31,36
1.1476541630630837,27,32,36
1.1476541630630837,27,33,36
1.1476541630630837,27,34,36
1.1476541630630837,27,35,36
1.1482361269291388,35,45
1.1482361269291388,35,36,45
1.1482361269291388,35,37,45
1.1482361269291388,35,38,45
1.1482361269291388,35,39,45
1.1482361269291388,35,40,45
1.1482361269291388,35,41,45
1.1482361269291388,35,42,45
1.1482361269291388,35,43,45
1.1482361269291388,35,44,45
1.1487683874772876,18,28
1.1487683874772876,18,19,28
1.1487683874772876,18,20,28
1.1487683874772876,18,21,28
1.1487683874772876,18,22,28
1.1487683874772876,18,23,28
1.1487683874772876,18,24,28
1.1487683874772876,18,25,28
1.1487683874772876,18,26,28
1.1487683874772876,18,27,28
1.1493144091814071,13,23
1.1493144091814071,13,14,23
1.1493144091814071,13,15,23
1.1493144091814071,13,16,23
1.1493144091814071,13,17,23
1.1493144091814071,13,18,23
1.1493144091814071,13,19,23
1.1493144091814071,13,20,23
1.1493144091814071,13,21,23
1.1493144091814071,13,22,23
1.1496149661693391,32,42
1.1496149661693391,31,32,42
1.1496149661693391,32,33,42
1.1496149661693391,32,34,42
1.1496149661693391,32,35,42
1.1496149661693391,32,36,42
1.1496149661693391,32,37,42
1.1496149661693391,32,38,42
1.1496149661693391,32,39,42
1.1496149661693391,32,40,42
1.1496149661693391,32,41,42
1.1599602219101148,9,19
1.1599602219101148,9,10,19
1.1599602219101148,9,11,19
1.1599602219101148,9,12,19
1.1599602219101148,9,13,19
1.1599602219101148,9,14,19
1.1599602219101148,9,15,19
1.1599602219101148,9,16,19
1.1599602219101148,9,17,19
1.1599602219101148,9,18,19
1.1615814766105363,7,16
1.1615814766105363,7,8,16
1.1615814766105363,7,9,16
1.1615814766105363,7,10,16
1.1615814766105363,7,11,16
1.1615814766105363,7,12,16
1.1615814766105363,7,13,16
1.1615814766105363,7,14,16
1.1615814766105363,7,15,16
1.1698904028663772,23,33
1.1698904028663772,23,24,33
1.1698904028663772,23,25,33
1.1698904028663772,23,26,33
1.1698904028663772,23,27,33
1.1698904028663772,23,28,33
1.1698904028663772,23,29,33
1.1698904028663772,23,30,33
1.1698904028663772,23,31,33
1.1698904028663772,23,32,33
1.1718108386294848,38,47
1.1718108386294848,38,39,47
1.1718108386294848,38,40,47
1.1718108386294848,38,41,47
1.1718108386294848,38,42,47
1.1718108386294848,38,43,47
1.1718108386294848,38,44,47
1.1718108386294848,38,45,47
1.1718108386294848,38,46,47
1.1732140147921322,27,37
1.1732140147921322,27,28,37
1.1732140147921322,27,29,37
1.1732140147921322,27,30,37
1.1732140147921322,27,31,37
1.1732140147921322,27,32,37
1.1732140147921322,27,33,37
1.1732140147921322,27,34,37
1.1732140147921322,27,35,37
1.1732140147921322,27,36,37
1.1743709989456947,38,48
1.1743709989456947,38,39,48
1.1743709989456947,38,40,48
1.1743709989456947,38,41,48
1.1743709989456947,38,42,48
1.1743709989456947,38,43,48
1.1743709989456947,38,44,48
1.1743709989456947,38,45,48
1.1743709989456947,38,46,48
1.1743709989456947,38,47,48
1.177157940506699,1,40
1.177157940506699,0,1,40
1.177157940506699,1,40,41
1.177157940506699,1,40,42
1.177157940506699,1,40,43
1.177157940506699,1,40,44
1.177157940506699,1,40,45
1.177157940506699,1,40,46
1.177157940506699,1,40,47
1.177157940506699,1,40,48
1.177157940506699,1,40,49
1.1777026440830687,33,43
1.1777026440830687,33,34,43
1.1777026440830687,33,35,43
1.1777026440830687,33,36,43
1.1777026440830687,33,37,43
1.1777026440830687,33,38,43
1.1777026440830687,33,39,43
1.1777026440830687,33,40,43
1.1777026440830687,33,41,43
1.1777026440830687,33,42,43
1.178352042113559,10,49
1.178352042113559,1,10,49
1.178352042113559,2,10,49
1.178352042113559,3,10,49
1.178352042113559,4,10,49
1.178352042113559,5,10,49
1.178352042113559,6,10,49
1.178352042113559,7,10,49
1.178352042113559,8,10,49
1.178352042113559,9,10,49
1.1797649731086708,22,31
1.1797649731086708,22,23,31
1.1797649731086708,22,24,31
1.1797649731086708,22,25,31
1.1797649731086708,22,26,31
1.1797649731086708,22,27,31
1.1797649731086708,22,28,31
1.1797649731086708,22,29,31
1.1797649731086708,22,30,31
1.182546132819296,5,15
1.182546132819296,5,6,15
1.182546132819296,5,7,15
1.182546132819296,5,8,15
1.182546132819296,5,9,15
1.182546132819296,5,10,15
1.182546132819296,5,11,15
1.182546132819296,5,12,15
1.182546132819296,5,13,15
1.182546132819296,5,14,15
1.1837138542446604,15,24
1.1837138542446604,15,16,24
1.1837138542446604,15,17,24
1.1837138542446604,15,18,24
1.1837138542446604,15,19,24
1.1837138542446604,15,20,24
1.1837138542446604,15,21,24
1.1837138542446604,15,22,24
1.1837138542446604,15,23,24
1.1839600959020116,34,44
1.1839600959020116,34,35,44
1.1839600959020116,34,36,44
1.1839600959020116,34,37,44
1.1839600959020116,34,38,44
1.1839600959020116,34,39,44
1.1839600959020116,34,40,44
1.1839600959020116,34,41,44
1.1839600959020116,34,42,44
1.1839600959020116,34,43,44
1.188457800840943,16,26
1.188457800840943,16,17,26
1.188457800840943,16,18,26
1.188457800840943,16,19,26
1.188457800840943,16,20,26
1.188457800840943,16,21,26
1.188457800840943,16,22,26
1.188457800840943,16,23,26
1.188457800840943,16,24,26
1.188457800840943,16,25,26
1.190123712473989,2,12
1.190123712473989,1,2,12
1.190123712473989,2,3,12
1.190123712473989,2,4,12
1.190123712473989,2,5,12
1.190123712473989,2,6,12
1.190123712473989,2,7,12
1.190123712473989,2,8,12
1.190123712473989,2,9,12
1.190123712473989,2,10,12
1.190123712473989,2,11,12
1.1908063959551918,6,46
1.1908063959551918,0,6,46
1.1908063959551918,1,6,46
1.1908063959551918,2,6,46
1.1908063959551918,3,6,46
1.1908063959551918,4,6,46
1.1908063959551918,5,6,46
1.1908063959551918,6,46,47
1.1908063959551918,6,46,48
1.1908063959551918,6,46,49
1.1926207294371576,11,21
1.1926207294371576,11,12,21
1.1926207294371576,11,13,21
1.1926207294371576,11,14,21
1.1926207294371576,11,15,21
1.1926207294371576,11,16,21
1.1926207294371576,11,17,21
1.1926207294371576,11,18,21
1.1926207294371576,11,19,21
1.1926207294371576,11,20,21
1.1930167939549206,21,29
1.1930167939549206,21,22,29
1.1930167939549206,21,23,29
1.1930167939549206,21,24,29
1.1930167939549206,21,25,29
1.1930167939549206,21,26,29
1.1930167939549206,21,27,29
1.1930167939549206,21,28,29
1.1957978191584293,21,30
1.1957978191584293,21,22,30
1.1957978191584293,21,23,30
1.1957978191584293,21,24,30
1.1957978191584293,21,25,30
1.1957978191584293,21,26,30
1.1957978191584293,21,27,30
1.1957978191584293,21,28,30
1.1957978191584293,21,29,30
1.1963973304807969,4,44
1.1963973304807969,0,4,44
1.1963973304807969,1,4,44
1.1963973304807969,2,4,44
1.1963973304807969,3,4,44
1.1963973304807969,4,44,45
1.1963973304807969,4,44,46
1.1963973304807969,4,44,47
1.1963973304807969,4,44,48
1.1963973304807969,4,44,49
1.196844484038393,11,49
1.196844484038393,1,11,49
1.196844484038393,2,11,49
1.196844484038393,3,11,49
1.196844484038393,4,11,49
1.196844484038393,5,11,49
1.196844484038393,6,11,49
1.196844484038393,7,11,49
1.196844484038393,8,11,49
1.196844484038393,9,11,49
1.196844484038393,10,11,49
1.2041467007560198,8,17
1.2041467007560198,8,9,17
1.2041467007560198,8,10,17
1.2041467007560198,8,11,17
1.2041467007560198,8,12,17
1.2041467007560198,8,13,17
1.2041467007560198,8,14,17
1.2041467007560198,8,15,17
1.2041467007560198,8,16,17
1.205810622034106,9,48
1.205810622034106,0,9,48
1.205810622034106,1,9,48
1.205810622034106,2,9,48
1.205810622034106,3,9,48
1.205810622034106,4,9,48
1.205810622034106,5,9,48
1.205810622034106,6,9,48
1.205810622034106,7,9,48
1.205810622034106,8,9,48
1.205810622034106,9,48,49
1.2072606783790827,4,14
1.2072606783790827,4,5,14
1.2072606783790827,4,6,14
1.2072606783790827,4,7,14
1.2072606783790827,4,8,14
1.2072606783790827,4,9,14
1.2072606783790827,4,10,14
1.2072606783790827,4,11,14
1.2072606783790827,4,12,14
1.2072606783790827,4,13,14
1.2094907759831073,1,13
1.2094907759831073,1,3,13
1.2094907759831073,1,4,13
1.2094907759831073,1,5,13
1.2094907759831073,1,6,13
1.2094907759831073,1,7,13
1.2094907759831073,1,8,13
1.2094907759831073,1,9,13
1.2094907759831073,1,10,13
1.2094907759831073,1,11,13
1.2094907759831073,1,12,13
1.210941334169844,37,48
1.210941334169844,37,38,48
1.210941334169844,37,39,48
1.210941334169844,37,40,48
1.210941334169844,37,41,48
1.210941334169844,37,42,48
1.210941334169844,37,43,48
1.210941334169844,37,44,48
1.210941334169844,37,45,48
1.210941334169844,37,46,48
1.2122316718214103,5,44
1.2122316718214103,0,5,44
1.2122316718214103,1,5,44
1.2122316718214103,2,5,44
1.2122316718214103,3,5,44
1.2122316718214103,4,5,44
1.2122316718214103,5,44,45
1.2122316718214103,5,44,46
1.2122316718214103,5,44,47
1.2122316718214103,5,44,48
1.2122316718214103,5,44,49
1.2129654158291274,37,47
1.2129654158291274,37,38,47
1.2129654158291274,37,39,47
1.2129654158291274,37,40,47
1.2129654158291274,37,41,47
1.2129654158291274,37,42,47
1.2129654158291274,37,43,47
1.2129654158291274,37,44,47
1.2129654158291274,37,45,47
1.2129654158291274,37,46,47
1.2129654158291274,37,47,48
1.2173091655513038,15,25
1.2173091655513038,15,16,25
1.2173091655513038,15,17,25
1.2173091655513038,15,18,25
1.2173091655513038,15,19,25
1.2173091655513038,15,20,25
1.2173091655513038,15,21,25
1.2173091655513038,15,22,25
1.2173091655513038,15,23,25
1.2173091655513038,15,24,25
1.2210974923537103,39,49
1.2210974923537103,0,39,49
1.2210974923537103,39,40,49
1.2210974923537103,39,41,49
1.2210974923537103,39,42,49
1.2210974923537103,39,43,49
1.2210974923537103,39,44,49
1.2210974923537103,39,45,49
1.2210974923537103,39,46,49
1.2210974923537103,39,47,49
1.2210974923537103,39,48,49
1.2248322109829581,12,22
1.2248322109829581,12,13,22
1.2248322109829581,12,14,22
1.2248322109829581,12,15,22
1.2248322109829581,12,16,22
1.2248322109829581,12,17,22
1.2248322109829581,12,18,22
1.2248322109829581,12,19,22
1.2248322109829581,12,20,22
1.2248322109829581,12,21,22
1.2283079681643543,20,30
1.2283079681643543,20,21,30
1.2283079681643543,20,22,30
1.2283079681643543,20,23,30
1.2283079681643543,20,24,30
1.2283079681643543,20,25,30
1.2283079681643543,20,26,30
1.2283079681643543,20,27,30
1.2283079681643543,20,28,30
1.2333451457655975,20,29
1.2333451457655975,20,21,29
1.2333451457655975,20,22,29
1.2333451457655975,20,23,29
1.2333451457655975,20,24,29
1.2333451457655975,20,25,29
1.2333451457655975,20,26,29
1.2333451457655975,20,27,29
1.2333451457655975,20,28,29
1.2333451457655975,20,29,30
1.2354821173273065,3,42
1.2354821173273065,0,3,42
1.2354821173273065,1,3,42
1.2354821173273065,2,3,42
1.2354821173273065,3,42,43
1.2354821173273065,3,42,44
1.2354821173273065,3,42,45
1.2354821173273065,3,42,46
1.2354821173273065,3,42,47
1.2354821173273065,3,42,48
1.2354821173273065,3,42,49
1.2366095493679168,10,20
1.2366095493679168,10,11,20
1.2366095493679168,10,12,20
1.2366095493679168,10,13,20
1.2366095493679168,10,14,20
1.2366095493679168,10,15,20
1.2366095493679168,10,16,20
1.2366095493679168,10,17,20
1.2366095493679168,10,18,20
1.2366095493679168,10,19,20
1.2389545426295536,29,40
1.2389545426295536,29,30,40
1.2389545426295536,29,31,40
1.2389545426295536,29,32,40
1.2389545426295536,29,33,40
1.2389545426295536,29,34,40
1.2389545426295536,29,35,40
1.2389545426295536,29,36,40
1.2389545426295536,29,37,40
1.2389545426295536,29,38,40
1.2389545426295536,29,39,40
1.2399656257571854,0,10
1.2399656257571854,0,1,10
1.2399656257571854,0,2,10
1.2399656257571854,0,3,10
1.2399656257571854,0,4,10
1.2399656257571854,0,5,10
1.2399656257571854,0,6,10
1.2399656257571854,0,7,10
1.2399656257571854,0,8,10
1.2399656257571854,0,9,10
1.2399656257571854,0,10,49
1.2405352574566142,2,40
1.2405352574566142,0,2,40
1.2405352574566142,1,2,40
1.2405352574566142,2,40,41
1.2405352574566142,2,40,42
1.2405352574566142,2,40,43
1.2405352574566142,2,40,44
1.2405352574566142,2,40,45
1.2405352574566142,2,40,46
1.2405352574566142,2,40,47
1.2405352574566142,2,40,48
1.2405352574566142,2,40,49
1.2413320251179694,30,41
1.2413320251179694,30,31,41
1.2413320251179694,30,32,41
1.2413320251179694,30,33,41
1.2413320251179694,30,34,41
1.2413320251179694,30,35,41
1.2413320251179694,30,36,41
1.2413320251179694,30,37,41
1.2413320251179694,30,38,41
1.2413320251179694,30,39,41
1.2413320251179694,30,40,41
1.2417975524925224,3,41
1.2417975524925224,0,3,41
1.2417975524925224,1,3,41
1.2417975524925224,2,3,41
1.2417975524925224,3,41,42
1.2417975524925224,3,41,43
1.2417975524925224,3,41,44
1.2417975524925224,3,41,45
1.2417975524925224,3,41,46
1.2417975524925224,3,41,47
1.2417975524925224,3,41,48
1.2417975524925224,3,41,49
1.2435071711819952,22,32
1.2435071711819952,22,23,32
1.2435071711819952,22,24,32
1.2435071711819952,22,25,32
1.2435071711819952,22,26,32
1.2435071711819952,22,27,32
1.2435071711819952,22,28,32
1.2435071711819952,22,29,32
1.2435071711819952,22,30,32
1.2435071711819952,22,31,32
1.2464629487415788,6,16
1.2464629487415788,6,7,16
1.2464629487415788,6,8,16
1.2464629487415788,6,9,16
1.2464629487415788,6,10,16
1.2464629487415788,6,11,16
1.2464629487415788,6,12,16
1.2464629487415788,6,13,16
1.2464629487415788,6,14,16
1.2464629487415788,6,15,16
1.2477914466944475,0,11
1.2477914466944475,0,1,11
1.2477914466944475,0,2,11
1.2477914466944475,0,3,11
1.2477914466944475,0,4,11
1.2477914466944475,0,5,11
1.2477914466944475,0,6,11
1.2477914466944475,0,7,11
1.2477914466944475,0,8,11
1.2477914466944475,0,9,11
1.2477914466944475,0,10,11
1.2477914466944475,0,11,49
1.24858272032538,1,39
1.24858272032538,0,1,39
1.24858272032538,1,39,40
1.24858272032538,1,39,41
1.24858272032538,1,39,42
1.24858272032538,1,39,43
1.24858272032538,1,39,44
1.24858272032538,1,39,45
1.24858272032538,1,39,46
1.24858272032538,1,39,47
1.24858272032538,1,39,48
1.24858272032538,1,39,49
1.2492611343538378,36,48
1.2492611343538378,36,37,48
1.2492611343538378,36,38,48
1.2492611343538378,36,39,48
1.2492611343538378,36,40,48
1.2492611343538378,36,41,48
1.2492611343538378,36,42,48
1.2492611343538378,36,43,48
1.2492611343538378,36,44,48
1.2492611343538378,36,45,48
1.2492611343538378,36,46,48
1.2502150807836705,27,38
1.2502150807836705,27,28,38
1.2502150807836705,27,29,38
1.2502150807836705,27,30,38
1.2502150807836705,27,31,38
1.2502150807836705,27,32,38
1.2502150807836705,27,33,38
1.2502150807836705,27,34,38
1.2502150807836705,27,35,38
1.2502150807836705,27,36,38
1.2502150807836705,27,37,38
1.2509185697492808,3,14
1.2509185697492808,3,4,14
1.2509185697492808,3,5,14
1.2509185697492808,3,6,14
1.2509185697492808,3,7,14
1.2509185697492808,3,8,14
1.2509185697492808,3,9,14
1.2509185697492808,3,10,14
1.2509185697492808,3,11,14
1.2509185697492808,3,12,14
1.2509185697492808,3,13,14
1.2520243940357707,26,36
1.2520243940357707,26,27,36
1.2520243940357707,26,28,36
1.2520243940357707,26,29,36
1.2520243940357707,26,30,36
1.2520243940357707,26,31,36
1.2520243940357707,26,32,36
1.2520243940357707,26,33,36
1.2520243940357707,26,34,36
1.2520243940357707,26,35,36
1.2521289586132225,36,47
1.2521289586132225,36,37,47
1.2521289586132225,36,38,47
1.2521289586132225,36,39,47
1.2521289586132225,36,40,47
1.2521289586132225,36,41,47
1.2521289586132225,36,42,47
1.2521289586132225,36,43,47
1.2521289586132225,36,44,47
1.2521289586132225,36,45,47
1.2521289586132225,36,46,47
1.2521289586132225,36,47,48
1.2527017457112626,6,45
1.2527017457112626,0,6,45
1.2527017457112626,1,6,45
1.2527017457112626,2,6,45
1.2527017457112626,3,6,45
1.2527017457112626,4,6,45
1.2527017457112626,5,6,45
1.2527017457112626,6,45,46
1.2527017457112626,6,45,47
1.2527017457112626,6,45,48
1.2527017457112626,6,45,49
1.2563425726879671,28,39
1.2563425726879671,28,29,39
1.2563425726879671,28,30,39
1.2563425726879671,28,31,39
1.2563425726879671,28,32,39
1.2563425726879671,28,33,39
1.2563425726879671,28,34,39
1.2563425726879671,28,35,39
1.2563425726879671,28,36,39
1.2563425726879671,28,37,39
1.2563425726879671,28,38,39
1.2576225019975145,0,38
1.2576225019975145,0,38,39
1.2576225019975145,0,38,40
1.2576225019975145,0,38,41
1.2576225019975145,0,38,42
1.2576225019975145,0,38,43
1.2576225019975145,0,38,44
1.2576225019975145,0,38,45
1.2576225019975145,0,38,46
1.2576225019975145,0,38,47
1.2576225019975145,0,38,48
1.257947984712556,31,43
1.257947984712556,31,33,43
1.257947984712556,31,34,43
1.257947984712556,31,35,43
1.257947984712556,31,36,43
1.257947984712556,31,37,43
1.257947984712556,31,38,43
1.257947984712556,31,39,43
1.257947984712556,31,40,43
1.257947984712556,31,41,43
1.257947984712556,31,42,43
1.258148628389917,4,15
1.258148628389917,4,5,15
1.258148628389917,4,6,15
1.258148628389917,4,7,15
1.258148628389917,4,8,15
1.258148628389917,4,9,15
1.258148628389917,4,10,15
1.258148628389917,4,11,15
1.258148628389917,4,12,15
1.258148628389917,4,13,15
1.258148628389917,4,14,15
1.259515711922131,9,20
1.259515711922131,9,10,20
1.259515711922131,9,11,20
1.259515711922131,9,12,20
1.259515711922131,9,13,20
1.259515711922131,9,14,20
1.259515711922131,9,15,20
1.259515711922131,9,16,20
1.259515711922131,9,17,20
1.259515711922131,9,18,20
1.259515711922131,9,19,20
1.2597982210605534,35,46
1.2597982210605534,35,36,46
1.2597982210605534,35,37,46
1.2597982210605534,35,38,46
1.2597982210605534,35,39,46
1.2597982210605534,35,40,46
1.2597982210605534,35,41,46
1.2597982210605534,35,42,46
1.2597982210605534,35,43,46
1.2597982210605534,35,44,46
1.2597982210605534,35,45,46
1.2611950592953354,8,18
1.2611950592953354,8,9,18
1.2611950592953354,8,10,18
1.2611950592953354,8,11,18
1.2611950592953354,8,12,18
1.2611950592953354,8,13,18
1.2611950592953354,8,14,18
1.2611950592953354,8,15,18
1.2611950592953354,8,16,18
1.2611950592953354,8,17,18
1.2636398000387232,33,44
1.2636398000387232,33,34,44
1.2636398000387232,33,35,44
1.2636398000387232,33,36,44
1.2636398000387232,33,37,44
1.2636398000387232,33,38,44
1.2636398000387232,33,39,44
1.2636398000387232,33,40,44
1.2636398000387232,33,41,44
1.2636398000387232,33,42,44
1.2636398000387232,33,43,44
1.2640021890478361,17,27
1.2640021890478361,17,18,27
1.2640021890478361,17,19,27
1.2640021890478361,17,20,27
1.2640021890478361,17,21,27
1.2640021890478361,17,22,27
1.2640021890478361,17,23,27
1.2640021890478361,17,24,27
1.2640021890478361,17,25,27
1.2640021890478361,17,26,27
1.264830872013927,12,49
1.264830872013927,1,12,49
1.264830872013927,2,12,49
1.264830872013927,3,12,49
1.264830872013927,4,12,49
1.264830872013927,5,12,49
1.264830872013927,6,12,49
1.264830872013927,7,12,49
1.264830872013927,8,12,49
1.264830872013927,9,12,49
1.264830872013927,10,12,49
1.264830872013927,11,12,49
1.2679531299354574,7,17
1.2679531299354574,7,8,17
1.2679531299354574,7,9,17
1.2679531299354574,7,10,17
1.2679531299354574,7,11,17
1.2679531299354574,7,12,17
1.2679531299354574,7,13,17
1.2679531299354574,7,14,17
1.2679531299354574,7,15,17
1.2679531299354574,7,16,17
1.2708228435582563,32,43
1.2708228435582563,31,32,43
1.2708228435582563,32,33,43
1.2708228435582563,32,34,43
1.2708228435582563,32,35,43
1.2708228435582563,32,36,43
1.2708228435582563,32,37,43
1.2708228435582563,32,38,43
1.2708228435582563,32,39,43
1.2708228435582563,32,40,43
1.2708228435582563,32,41,43
1.2708228435582563,32,42,43
1.2732561228551473,25,36
1.2732561228551473,25,26,36
1.2732561228551473,25,27,36
1.2732561228551473,25,28,36
1.2732561228551473,25,29,36
1.2732561228551473,25,30,36
1.2732561228551473,25,31,36
1.2732561228551473,25,32,36
1.2732561228551473,25,33,36
1.2732561228551473,25,34,36
1.2732561228551473,25,35,36
1.2741834579586397,26,37
1.2741834579586397,26,27,37
1.2741834579586397,26,28,37
1.2741834579586397,26,29,37
1.2741834579586397,26,30,37
1.2741834579586397,26,31,37
1.2741834579586397,26,32,37
1.2741834579586397,26,33,37
1.2741834579586397,26,34,37
1.2741834579586397,26,35,37
1.2741834579586397,26,36,37
1.2783706007232374,4,43
1.2783706007232374,0,4,43
1.2783706007232374,1,4,43
1.2783706007232374,2,4,43
1.2783706007232374,3,4,43
1.2783706007232374,4,43,44
1.2783706007232374,4,43,45
1.2783706007232374,4,43,46
1.2783706007232374,4,43,47
1.2783706007232374,4,43,48
1.2783706007232374,4,43,49
1.2850583269801703,9,47
1.2850583269801703,0,9,47
1.2850583269801703,1,9,47
1.2850583269801703,2,9,47
1.2850583269801703,3,9,47
1.2850583269801703,4,9,47
1.2850583269801703,5,9,47
1.2850583269801703,6,9,47
1.2850583269801703,7,9,47
1.2850583269801703,8,9,47
1.2850583269801703,9,47,48
1.2850583269801703,9,47,49
1.287684716549261,0,37
1.287684716549261,0,37,38
1.287684716549261,0,37,39
1.287684716549261,0,37,40
1.287684716549261,0,37,41
1.287684716549261,0,37,42
1.287684716549261,0,37,43
1.287684716549261,0,37,44
1.287684716549261,0,37,45
1.287684716549261,0,37,46
1.287684716549261,0,37,47
1.287684716549261,0,37,48
1.2889567075013786,3,15
1.2889567075013786,3,4,15
1.2889567075013786,3,5,15
1.2889567075013786,3,6,15
1.2889567075013786,3,7,15
1.2889567075013786,3,8,15
1.2889567075013786,3,9,15
1.2889567075013786,3,10,15
1.2889567075013786,3,11,15
1.2889567075013786,3,12,15
1.2889567075013786,3,13,15
1.2889567075013786,3,14,15
1.2892977076172933,34,45
1.2892977076172933,34,35,45
1.2892977076172933,34,36,45
1.2892977076172933,34,37,45
1.2892977076172933,34,38,45
1.2892977076172933,34,39,45
1.2892977076172933,34,40,45
1.2892977076172933,34,41,45
1.2892977076172933,34,42,45
1.2892977076172933,34,43,45
1.2892977076172933,34,44,45
1.2893110485020536,14,24
1.2893110485020536,14,15,24
1.2893110485020536,14,16,24
1.2893110485020536,14,17,24
1.2893110485020536,14,18,24
1.2893110485020536,14,19,24
1.2893110485020536,14,20,24
1.2893110485020536,14,21,24
1.2893110485020536,14,22,24
1.2893110485020536,14,23,24
1.289501119842118,22,33
1.289501119842118,22,23,33
1.289501119842118,22,24,33
1.289501119842118,22,25,33
1.289501119842118,22,26,33
1.289501119842118,22,27,33
1.289501119842118,22,28,33
1.289501119842118,22,29,33
1.289501119842118,22,30,33
1.289501119842118,22,31,33
1.289501119842118,22,32,33
1.289851851746717,21,31
1.289851851746717,21,22,31
1.289851851746717,21,23,31
1.289851851746717,21,24,31
1.289851851746717,21,25,31
1.289851851746717,21,26,31
1.289851851746717,21,27,31
1.289851851746717,21,28,31
1.289851851746717,21,29,31
1.289851851746717,21,30,31
1.2898633149695224,5,43
1.2898633149695224,0,5,43
1.2898633149695224,1,5,43
1.2898633149695224,2,5,43
1.2898633149695224,3,5,43
1.2898633149695224,4,5,43
1.2898633149695224,5,43,44
1.2898633149695224,5,43,45
1.2898633149695224,5,43,46
1.2898633149695224,5,43,47
1.2898633149695224,5,43,48
1.2898633149695224,5,43,49
1.29278601502112,25,37
1.29278601502112,25,26,37
1.29278601502112,25,27,37
1.29278601502112,25,28,37
1.29278601502112,25,29,37
1.29278601502112,25,30,37
1.29278601502112,25,31,37
1.29278601502112,25,32,37
1.29278601502112,25,33,37
1.29278601502112,25,34,37
1.29278601502112,25,35,37
1.29278601502112,25,36,37
1.2973854964264322,30,42
1.2973854964264322,30,31,42
1.2973854964264322,30,32,42
1.2973854964264322,30,33,42
1.2973854964264322,30,34,42
1.2973854964264322,30,35,42
1.2973854964264322,30,36,42
1.2973854964264322,30,37,42
1.2973854964264322,30,38,42
1.2973854964264322,30,39,42
1.2973854964264322,30,40,42
1.2973854964264322,30,41,42
1.2975549905921575,11,22
1.2975549905921575,11,12,22
1.2975549905921575,11,13,22
1.2975549905921575,11,14,22
1.2975549905921575,11,15,22
1.2975549905921575,11,16,22
1.2975549905921575,11,17,22
1.2975549905921575,11,18,22
1.2975549905921575,11,19,22
1.2975549905921575,11,20,22
1.2975549905921575,11,21,22
1.2998706748873328,17,28
1.2998706748873328,17,18,28
1.2998706748873328,17,19,28
1.2998706748873328,17,20,28
1.2998706748873328,17,21,28
1.2998706748873328,17,22,28
1.2998706748873328,17,23,28
1.2998706748873328,17,24,28
1.2998706748873328,17,25,28
1.2998706748873328,17,26,28
1.2998706748873328,17,27,28
1.30665418222858,2,13
1.30665418222858,1,2,13
1.30665418222858,2,3,13
1.30665418222858,2,4,13
1.30665418222858,2,5,13
1.30665418222858,2,6,13
1.30665418222858,2,7,13
1.30665418222858,2,8,13
1.30665418222858,2,9,13
1.30665418222858,2,10,13
1.30665418222858,2,11,13
1.30665418222858,2,12,13
1.31067765861282,0,12
1.31067765861282,0,1,12
1.31067765861282,0,2,12
1.31067765861282,0,3,12
1.31067765861282,0,4,12
1.31067765861282,0,5,12
1.31067765861282,0,6,12
1.31067765861282,0,7,12
1.31067765861282,0,8,12
1.31067765861282,0,9,12
1.31067765861282,0,10,12
1.31067765861282,0,11,12
1.31067765861282,0,12,49
1.313920592881811,20,31
1.313920592881811,20,21,31
1.313920592881811,20,22,31
1.313920592881811,20,23,31
1.313920592881811,20,24,31
1.313920592881811,20,25,31
1.313920592881811,20,26,31
1.313920592881811,20,27,31
1.313920592881811,20,28,31
1.313920592881811,20,29,31
1.313920592881811,20,30,31
1.3144861743392906,15,26
1.3144861743392906,15,16,26
1.3144861743392906,15,17,26
1.3144861743392906,15,18,26
1.3144861743392906,15,19,26
1.3144861743392906,15,20,26
1.3144861743392906,15,21,26
1.3144861743392906,15,22,26
1.3144861743392906,15,23,26
1.3144861743392906,15,24,26
1.3144861743392906,15,25,26
1.315557011727414,12,23
1.315557011727414,12,13,23
1.315557011727414,12,14,23
1.315557011727414,12,15,23
1.315557011727414,12,16,23
1.315557011727414,12,17,23
1.315557011727414,12,18,23
1.315557011727414,12,19,23
1.315557011727414,12,20,23
1.315557011727414,12,21,23
1.315557011727414,12,22,23
1.3188734010179355,14,25
1.3188734010179355,14,15,25
1.3188734010179355,14,16,25
1.3188734010179355,14,17,25
1.3188734010179355,14,18,25
1.3188734010179355,14,19,25
1.3188734010179355,14,20,25
1.3188734010179355,14,21,25
1.3188734010179355,14,22,25
1.3188734010179355,14,23,25
1.3188734010179355,14,24,25
1.320375123566605,10,21
1.320375123566605,10,11,21
1.320375123566605,10,12,21
1.320375123566605,10,13,21
1.320375123566605,10,14,21
1.320375123566605,10,15,21
1.320375123566605,10,16,21
1.320375123566605,10,17,21
1.320375123566605,10,18,21
1.320375123566605,10,19,21
1.320375123566605,10,20,21
1.3228520375735904,2,39
1.3228520375735904,0,2,39
1.3228520375735904,1,2,39
1.3228520375735904,2,39,40
1.3228520375735904,2,39,41
1.3228520375735904,2,39,42
1.3228520375735904,2,39,43
1.3228520375735904,2,39,44
1.3228520375735904,2,39,45
1.3228520375735904,2,39,46
1.3228520375735904,2,39,47
1.3228520375735904,2,39,48
1.3228520375735904,2,39,49
1.3240848892745511,19,30
1.3240848892745511,19,20,30
1.3240848892745511,19,21,30
1.3240848892745511,19,22,30
1.3240848892745511,19,23,30
1.3240848892745511,19,24,30
1.3240848892745511,19,25,30
1.3240848892745511,19,26,30
1.3240848892745511,19,27,30
1.3240848892745511,19,28,30
1.3245485819658487,0,36
1.3245485819658487,0,36,37
1.3245485819658487,0,36,38
1.3245485819658487,0,36,39
1.3245485819658487,0,36,40
1.3245485819658487,0,36,41
1.3245485819658487,0,36,42
1.3245485819658487,0,36,43
1.3245485819658487,0,36,44
1.3245485819658487,0,36,45
1.3245485819658487,0,36,46
1.3245485819658487,0,36,47
1.3245485819658487,0,36,48
1.3269923482433497,7,18
1.3269923482433497,7,8,18
1.3269923482433497,7,9,18
1.3269923482433497,7,10,18
1.3269923482433497,7,11,18
1.3269923482433497,7,12,18
1.3269923482433497,7,13,18
1.3269923482433497,7,14,18
1.3269923482433497,7,15,18
1.3269923482433497,7,16,18
1.3269923482433497,7,17,18
1.3274869466403387,24,34
1.3274869466403387,24,25,34
1.3274869466403387,24,26,34
1.3274869466403387,24,27,34
1.3274869466403387,24,28,34
1.3274869466403387,24,29,34
1.3274869466403387,24,30,34
1.3274869466403387,24,31,34
1.3274869466403387,24,32,34
1.3274869466403387,24,33,34
1.3288022142753864,8,46
1.3288022142753864,0,8,46
1.3288022142753864,1,8,46
1.3288022142753864,2,8,46
1.3288022142753864,3,8,46
1.3288022142753864,4,8,46
1.3288022142753864,5,8,46
1.3288022142753864,6,8,46
1.3288022142753864,8,46,47
1.3288022142753864,8,46,48
1.3288022142753864,8,46,49
1.331190167734866,16,27
1.331190167734866,16,17,27
1.331190167734866,16,18,27
1.331190167734866,16,19,27
1.331190167734866,16,20,27
1.331190167734866,16,21,27
1.331190167734866,16,22,27
1.331190167734866,16,23,27
1.331190167734866,16,24,27
1.331190167734866,16,25,27
1.331190167734866,16,26,27
1.3336893894204729,13,24
1.3336893894204729,13,14,24
1.3336893894204729,13,15,24
1.3336893894204729,13,16,24
1.3336893894204729,13,17,24
1.3336893894204729,13,18,24
1.3336893894204729,13,19,24
1.3336893894204729,13,20,24
1.3336893894204729,13,21,24
1.3336893894204729,13,22,24
1.3336893894204729,13,23,24
1.334233426135106,7,46
1.334233426135106,0,7,46
1.334233426135106,1,7,46
1.334233426135106,2,7,46
1.334233426135106,3,7,46
1.334233426135106,4,7,46
1.334233426135106,5,7,46
1.334233426135106,6,7,46
1.334233426135106,7,8,46
1.334233426135106,7,46,47
1.334233426135106,7,46,48
1.334233426135106,7,46,49
1.3368696115185288,19,29
1.3368696115185288,19,20,29
1.3368696115185288,19,21,29
1.3368696115185288,19,22,29
1.3368696115185288,19,23,29
1.3368696115185288,19,24,29
1.3368696115185288,19,25,29
1.3368696115185288,19,26,29
1.3368696115185288,19,27,29
1.3368696115185288,19,28,29
1.3368696115185288,19,29,30
1.337226853576049,13,25
1.337226853576049,13,14,25
1.337226853576049,13,15,25
1.337226853576049,13,16,25
1.337226853576049,13,17,25
1.337226853576049,13,18,25
1.337226853576049,13,19,25
1.337226853576049,13,20,25
1.337226853576049,13,21,25
1.337226853576049,13,22,25
1.337226853576049,13,23,25
1.337226853576049,13,24,25
1.3389905766685692,31,44
1.3389905766685692,31,33,44
1.3389905766685692,31,34,44
1.3389905766685692,31,35,44
1.3389905766685692,31,36,44
1.3389905766685692,31,37,44
1.3389905766685692,31,38,44
1.3389905766685692,31,39,44
1.3389905766685692,31,40,44
1.3389905766685692,31,41,44
1.3389905766685692,31,42,44
1.3389905766685692,31,43,44
1.3401019533934546,3,40
1.3401019533934546,0,3,40
1.3401019533934546,1,3,40
1.3401019533934546,2,3,40
1.3401019533934546,3,40,41
1.3401019533934546,3,40,42
1.3401019533934546,3,40,43
1.3401019533934546,3,40,44
1.3401019533934546,3,40,45
1.3401019533934546,3,40,46
1.3401019533934546,3,40,47
1.3401019533934546,3,40,48
1.3401019533934546,3,40,49
1.3413008863714937,9,21
1.3413008863714937,9,10,21
1.3413008863714937,9,11,21
1.3413008863714937,9,12,21
1.3413008863714937,9,13,21
1.3413008863714937,9,14,21
1.3413008863714937,9,15,21
1.3413008863714937,9,16,21
1.3413008863714937,9,17,21
1.3413008863714937,9,18,21
1.3413008863714937,9,19,21
1.3413008863714937,9,20,21
1.3447239796856636,5,16
1.3447239796856636,5,6,16
1.3447239796856636,5,7,16
1.3447239796856636,5,8,16
1.3447239796856636,5,9,16
1.3447239796856636,5,10,16
1.3447239796856636,5,11,16
1.3447239796856636,5,12,16
1.3447239796856636,5,13,16
1.3447239796856636,5,14,16
1.3447239796856636,5,15,16
1.3486715586182378,33,45
1.3486715586182378,33,34,45
1.3486715586182378,33,35,45
1.3486715586182378,33,36,45
1.3486715586182378,33,37,45
1.3486715586182378,33,38,45
1.3486715586182378,33,39,45
1.3486715586182378,33,40,45
1.3486715586182378,33,41,45
1.3486715586182378,33,42,45
1.3486715586182378,33,43,45
1.3486715586182378,33,44,45
1.3486972917389484,6,17
1.3486972917389484,6,7,17
1.3486972917389484,6,8,17
1.3486972917389484,6,9,17
1.3486972917389484,6,10,17
1.3486972917389484,6,11,17
1.3486972917389484,6,12,17
1.3486972917389484,6,13,17
1.3486972917389484,6,14,17
1.3486972917389484,6,15,17
1.3486972917389484,6,16,17
1.3493976508814562,26,38
1.3493976508814562,26,27,38
1.3493976508814562,26,28,38
1.3493976508814562,26,29,38
1.3493976508814562,26,30,38
1.3493976508814562,26,31,38
1.3493976508814562,26,32,38
1.3493976508814562,26,33,38
1.3493976508814562,26,34,38
1.3493976508814562,26,35,38
1.3493976508814562,26,36,38
1.3493976508814562,26,37,38
1.3555851754927892,32,44
1.3555851754927892,31,32,44
1.3555851754927892,32,33,44
1.3555851754927892,32,34,44
1.3555851754927892,32,35,44
1.3555851754927892,32,36,44
1.3555851754927892,32,37,44
1.3555851754927892,32,38,44
1.3555851754927892,32,39,44
1.3555851754927892,32,40,44
1.3555851754927892,32,41,44
1.3555851754927892,32,42,44
1.3555851754927892,32,43,44
1.35583098614298,21,32
1.35583098614298,21,22,32
1.35583098614298,21,23,32
1.35583098614298,21,24,32
1.35583098614298,21,25,32
1.35583098614298,21,26,32
1.35583098614298,21,27,32
1.35583098614298,21,28,32
1.35583098614298,21,29,32
1.35583098614298,21,30,32
1.35583098614298,21,31,32
1.3570427391500537,24,35
1.3570427391500537,24,25,35
1.3570427391500537,24,26,35
1.3570427391500537,24,27,35
1.3570427391500537,24,28,35
1.3570427391500537,24,29,35
1.3570427391500537,24,30,35
1.3570427391500537,24,31,35
1.3570427391500537,24,32,35
1.3570427391500537,24,33,35
1.3570427391500537,24,34,35
1.3583210585217085,27,39
1.3583210585217085,27,28,39
1.3583210585217085,27,29,39
1.3583210585217085,27,30,39
1.3583210585217085,27,31,39
1.3583210585217085,27,32,39
1.3583210585217085,27,33,39
1.3583210585217085,27,34,39
1.3583210585217085,27,35,39
1.3583210585217085,27,36,39
1.3583210585217085,27,37,39
1.3583210585217085,27,38,39
1.360118502057907,16,28
1.360118502057907,16,17,28
1.360118502057907,16,18,28
1.360118502057907,16,19,28
1.360118502057907,16,20,28
1.360118502057907,16,21,28
1.360118502057907,16,22,28
1.360118502057907,16,23,28
1.360118502057907,16,24,28
1.360118502057907,16,25,28
1.360118502057907,16,26,28
1.360118502057907,16,27,28
1.3629345950698795,29,41
1.3629345950698795,29,30,41
1.3629345950698795,29,31,41
1.3629345950698795,29,32,41
1.3629345950698795,29,33,41
1.3629345950698795,29,34,41
1.3629345950698795,29,35,41
1.3629345950698795,29,36,41
1.3629345950698795,29,37,41
1.3629345950698795,29,38,41
1.3629345950698795,29,39,41
1.3629345950698795,29,40,41
1.3662360261376114,25,38
1.3662360261376114,25,26,38
1.3662360261376114,25,27,38
1.3662360261376114,25,28,38
1.3662360261376114,25,29,38
1.3662360261376114,25,30,38
1.3662360261376114,25,31,38
1.3662360261376114,25,32,38
1.3662360261376114,25,33,38
1.3662360261376114,25,34,38
1.3662360261376114,25,35,38
1.3662360261376114,25,36,38
1.3662360261376114,25,37,38
1.3688731289404552,38,49
1.3688731289404552,0,38,49
1.3688731289404552,38,39,49
1.3688731289404552,38,40,49
1.3688731289404552,38,41,49
1.3688731289404552,38,42,49
1.3688731289404552,38,43,49
1.3688731289404552,38,44,49
1.3688731289404552,38,45,49
1.3688731289404552,38,46,49
1.3688731289404552,38,47,49
1.3688731289404552,38,48,49
1.369380091112669,1,14
1.369380091112669,1,3,14
1.369380091112669,1,4,14
1.369380091112669,1,5,14
1.369380091112669,1,6,14
1.369380091112669,1,7,14
1.369380091112669,1,8,14
1.369380091112669,1,9,14
1.369380091112669,1,10,14
1.369380091112669,1,11,14
1.369380091112669,1,12,14
1.369380091112669,1,13,14
1.3694021107490546,10,48
1.3694021107490546,0,10,48
1.3694021107490546,1,10,48
1.3694021107490546,2,10,48
1.3694021107490546,3,10,48
1.3694021107490546,4,10,48
1.3694021107490546,5,10,48
1.3694021107490546,6,10,48
1.3694021107490546,7,10,48
1.3694021107490546,8,10,48
1.3694021107490546,9,10,48
1.3694021107490546,10,48,49
1.3704969080159461,13,49
1.3704969080159461,1,13,49
1.3704969080159461,2,13,49
1.3704969080159461,3,13,49
1.3704969080159461,4,13,49
1.3704969080159461,5,13,49
1.3704969080159461,6,13,49
1.3704969080159461,7,13,49
1.3704969080159461,8,13,49
1.3704969080159461,9,13,49
1.3704969080159461,10,13,49
1.3704969080159461,11,13,49
1.3704969080159461,12,13,49
1.3717097258720743,11,48
1.3717097258720743,0,11,48
1.3717097258720743,1,11,48
1.3717097258720743,2,11,48
1.3717097258720743,3,11,48
1.3717097258720743,4,11,48
1.3717097258720743,5,11,48
1.3717097258720743,6,11,48
1.3717097258720743,7,11,48
1.3717097258720743,8,11,48
1.3717097258720743,9,11,48
1.3717097258720743,10,11,48
1.3717097258720743,11,48,49
1.3815353835786373,20,32
1.3815353835786373,20,21,32
1.3815353835786373,20,22,32
1.3815353835786373,20,23,32
1.3815353835786373,20,24,32
1.3815353835786373,20,25,32
1.3815353835786373,20,26,32
1.3815353835786373,20,27,32
1.3815353835786373,20,28,32
1.3815353835786373,20,29,32
1.3815353835786373,20,30,32
1.3815353835786373,20,31,32
1.3815701026898632,8,45
1.3815701026898632,0,8,45
1.3815701026898632,1,8,45
1.3815701026898632,2,8,45
1.3815701026898632,3,8,45
1.3815701026898632,4,8,45
1.3815701026898632,5,8,45
1.3815701026898632,6,8,45
1.3815701026898632,8,45,46
1.3815701026898632,8,45,47
1.3815701026898632,8,45,48
1.3815701026898632,8,45,49
1.3836771180376384,11,23
1.3836771180376384,11,12,23
1.3836771180376384,11,13,23
1.3836771180376384,11,14,23
1.3836771180376384,11,15,23
1.3836771180376384,11,16,23
1.3836771180376384,11,17,23
1.3836771180376384,11,18,23
1.3836771180376384,11,19,23
1.3836771180376384,11,20,23
1.3836771180376384,11,21,23
1.3836771180376384,11,22,23
1.3842951435358024,8,19
1.3842951435358024,8,9,19
1.3842951435358024,8,10,19
1.3842951435358024,8,11,19
1.3842951435358024,8,12,19
1.3842951435358024,8,13,19
1.3842951435358024,8,14,19
1.3842951435358024,8,15,19
1.3842951435358024,8,16,19
1.3842951435358024,8,17,19
1.3842951435358024,8,18,19
1.385202822048736,1,38
1.385202822048736,0,1,38
1.385202822048736,1,38,39
1.385202822048736,1,38,40
1.385202822048736,1,38,41
1.385202822048736,1,38,42
1.385202822048736,1,38,43
1.385202822048736,1,38,44
1.385202822048736,1,38,45
1.385202822048736,1,38,46
1.385202822048736,1,38,47
1.385202822048736,1,38,48
1.385202822048736,1,38,49
1.389131035487378,6,44
1.389131035487378,0,6,44
1.389131035487378,1,6,44
1.389131035487378,2,6,44
1.389131035487378,3,6,44
1.389131035487378,4,6,44
1.389131035487378,5,6,44
1.389131035487378,6,44,45
1.389131035487378,6,44,46
1.389131035487378,6,44,47
1.389131035487378,6,44,48
1.389131035487378,6,44,49
1.3897574649633058,28,40
1.3897574649633058,28,29,40
1.3897574649633058,28,30,40
1.3897574649633058,28,31,40
1.3897574649633058,28,32,40
1.3897574649633058,28,33,40
1.3897574649633058,28,34,40
1.3897574649633058,28,35,40
1.3897574649633058,28,36,40
1.3897574649633058,28,37,40
1.3897574649633058,28,38,40
1.3897574649633058,28,39,40
1.3920176941898463,7,45
1.3920176941898463,0,7,45
1.3920176941898463,1,7,45
1.3920176941898463,2,7,45
1.3920176941898463,3,7,45
1.3920176941898463,4,7,45
1.3920176941898463,5,7,45
1.3920176941898463,6,7,45
1.3920176941898463,7,8,45
1.3920176941898463,7,45,46
1.3920176941898463,7,45,47
1.3920176941898463,7,45,48
1.3920176941898463,7,45,49
1.3935593257009415,6,18
1.3935593257009415,6,7,18
1.3935593257009415,6,8,18
1.3935593257009415,6,9,18
1.3935593257009415,6,10,18
1.3935593257009415,6,11,18
1.3935593257009415,6,12,18
1.3935593257009415,6,13,18
1.3935593257009415,6,14,18
1.3935593257009415,6,15,18
1.3935593257009415,6,16,18
1.3935593257009415,6,17,18
1.3958780278690572,21,33
1.3958780278690572,21,22,33
1.3958780278690572,21,23,33
1.3958780278690572,21,24,33
1.3958780278690572,21,25,33
1.3958780278690572,21,26,33
1.3958780278690572,21,27,33
1.3958780278690572,21,28,33
1.3958780278690572,21,29,33
1.3958780278690572,21,30,33
1.3958780278690572,21,31,33
1.3958780278690572,21,32,33
1.3964121100957922,1,15
1.3964121100957922,1,3,15
1.3964121100957922,1,4,15
1.3964121100957922,1,5,15
1.3964121100957922,1,6,15
1.3964121100957922,1,7,15
1.3964121100957922,1,8,15
1.3964121100957922,1,9,15
1.3964121100957922,1,10,15
1.3964121100957922,1,11,15
1.3964121100957922,1,12,15
1.3964121100957922,1,13,15
1.3964121100957922,1,14,15
1.3964189575554478,23,34
1.3964189575554478,23,24,34
1.3964189575554478,23,25,34
1.3964189575554478,23,26,34
1.3964189575554478,23,27,34
1.3964189575554478,23,28,34
1.3964189575554478,23,29,34
1.3964189575554478,23,30,34
1.3964189575554478,23,31,34
1.3964189575554478,23,32,34
1.3964189575554478,23,33,34
1.3969815902262923,37,49
1.3969815902262923,0,37,49
1.3969815902262923,37,38,49
1.3969815902262923,37,39,49
1.3969815902262923,37,40,49
1.3969815902262923,37,41,49
1.3969815902262923,37,42,49
1.3969815902262923,37,43,49
1.3969815902262923,37,44,49
1.3969815902262923,37,45,49
1.3969815902262923,37,46,49
1.3969815902262923,37,47,49
1.3969815902262923,37,48,49
1.4002403529283578,19,31
1.4002403529283578,19,20,31
1.4002403529283578,19,21,31
1.4002403529283578,19,22,31
1.4002403529283578,19,23,31
1.4002403529283578,19,24,31
1.4002403529283578,19,25,31
1.4002403529283578,19,26,31
1.4002403529283578,19,27,31
1.4002403529283578,19,28,31
1.4002403529283578,19,29,31
1.4002403529283578,19,30,31
1.4009926983166991,34,46
1.4009926983166991,34,35,46
1.4009926983166991,34,36,46
1.4009926983166991,34,37,46
1.4009926983166991,34,38,46
1.4009926983166991,34,39,46
1.4009926983166991,34,40,46
1.4009926983166991,34,41,46
1.4009926983166991,34,42,46
1.4009926983166991,34,43,46
1.4009926983166991,34,44,46
1.4009926983166991,34,45,46
1.4022098077935332,3,39
1.4022098077935332,0,3,39
1.4022098077935332,1,3,39
1.4022098077935332,2,3,39
1.4022098077935332,3,39,40
1.4022098077935332,3,39,41
1.4022098077935332,3,39,42
1.4022098077935332,3,39,43
1.4022098077935332,3,39,44
1.4022098077935332,3,39,45
1.4022098077935332,3,39,46
1.4022098077935332,3,39,47
1.4022098077935332,3,39,48
1.4022098077935332,3,39,49
1.4038680510776655,0,13
1.4038680510776655,0,1,13
1.4038680510776655,0,2,13
1.4038680510776655,0,3,13
1.4038680510776655,0,4,13
1.4038680510776655,0,5,13
1.4038680510776655,0,6,13
1.4038680510776655,0,7,13
1.4038680510776655,0,8,13
1.4038680510776655,0,9,13
1.4038680510776655,0,10,13
1.4038680510776655,0,11,13
1.4038680510776655,0,12,13
1.4038680510776655,0,13,49
1.4046733604707489,1,37
1.4046733604707489,0,1,37
1.4046733604707489,1,37,38
1.4046733604707489,1,37,39
1.4046733604707489,1,37,40
1.4046733604707489,1,37,41
1.4046733604707489,1,37,42
1.4046733604707489,1,37,43
1.4046733604707489,1,37,44
1.4046733604707489,1,37,45
1.4046733604707489,1,37,46
1.4046733604707489,1,37,47
1.4046733604707489,1,37,48
1.4046733604707489,1,37,49
1.4056349358922162,4,42
1.4056349358922162,0,4,42
1.4056349358922162,1,4,42
1.4056349358922162,2,4,42
1.4056349358922162,3,4,42
1.4056349358922162,4,42,43
1.4056349358922162,4,42,44
1.4056349358922162,4,42,45
1.4056349358922162,4,42,46
1.4056349358922162,4,42,47
1.4056349358922162,4,42,48
1.4056349358922162,4,42,49
1.4073561276499955,30,43
1.4073561276499955,30,31,43
1.4073561276499955,30,32,43
1.4073561276499955,30,33,43
1.4073561276499955,30,34,43
1.4073561276499955,30,35,43
1.4073561276499955,30,36,43
1.4073561276499955,30,37,43
1.4073561276499955,30,38,43
1.4073561276499955,30,39,43
1.4073561276499955,30,40,43
1.4073561276499955,30,41,43
1.4073561276499955,30,42,43
1.4077141544983873,23,35
1.4077141544983873,23,24,35
1.4077141544983873,23,25,35
1.4077141544983873,23,26,35
1.4077141544983873,23,27,35
1.4077141544983873,23,28,35
1.4077141544983873,23,29,35
1.4077141544983873,23,30,35
1.4077141544983873,23,31,35
1.4077141544983873,23,32,35
1.4077141544983873,23,33,35
1.4077141544983873,23,34,35
1.4114216526509022,5,42
1.4114216526509022,0,5,42
1.4114216526509022,1,5,42
1.4114216526509022,2,5,42
1.4114216526509022,3,5,42
1.4114216526509022,4,5,42
1.4114216526509022,5,42,43
1.4114216526509022,5,42,44
1.4114216526509022,5,42,45
1.4114216526509022,5,42,46
1.4114216526509022,5,42,47
1.4114216526509022,5,42,48
1.4114216526509022,5,42,49
1.4115348060025177,35,48
1.4115348060025177,35,36,48
1.4115348060025177,35,37,48
1.4115348060025177,35,38,48
1.4115348060025177,35,39,48
1.4115348060025177,35,40,48
1.4115348060025177,35,41,48
1.4115348060025177,35,42,48
1.4115348060025177,35,43,48
1.4115348060025177,35,44,48
1.4115348060025177,35,45,48
1.4115348060025177,35,46,48
1.4119017630803377,4,41
1.4119017630803377,0,4,41
1.4119017630803377,1,4,41
1.4119017630803377,2,4,41
1.4119017630803377,3,4,41
1.4119017630803377,4,41,42
1.4119017630803377,4,41,43
1.4119017630803377,4,41,44
1.4119017630803377,4,41,45
1.4119017630803377,4,41,46
1.4119017630803377,4,41,47
1.4119017630803377,4,41,48
1.4119017630803377,4,41,49
1.4146903692137145,5,41
1.4146903692137145,0,5,41
1.4146903692137145,1,5,41
1.4146903692137145,2,5,41
1.4146903692137145,3,5,41
1.4146903692137145,4,5,41
1.4146903692137145,5,41,42
1.4146903692137145,5,41,43
1.4146903692137145,5,41,44
1.4146903692137145,5,41,45
1.4146903692137145,5,41,46
1.4146903692137145,5,41,47
1.4146903692137145,5,41,48
1.4146903692137145,5,41,49
1.4147360091961692,31,45
1.4147360091961692,31,33,45
1.4147360091961692,31,34,45
1.4147360091961692,31,35,45
1.4147360091961692,31,36,45
1.4147360091961692,31,37,45
1.4147360091961692,31,38,45
1.4147360091961692,31,39,45
1.4147360091961692,31,40,45
1.4147360091961692,31,41,45
1.4147360091961692,31,42,45
1.4147360091961692,31,43,45
1.4147360091961692,31,44,45
1.4150329345789028,18,30
1.4150329345789028,18,19,30
1.4150329345789028,18,20,30
1.4150329345789028,18,21,30
1.4150329345789028,18,22,30
1.4150329345789028,18,23,30
1.4150329345789028,18,24,30
1.4150329345789028,18,25,30
1.4150329345789028,18,26,30
1.4150329345789028,18,27,30
1.4150329345789028,18,28,30
1.415885718653321,14,26
1.415885718653321,14,15,26
1.415885718653321,14,16,26
1.415885718653321,14,17,26
1.415885718653321,14,18,26
1.415885718653321,14,19,26
1.415885718653321,14,20,26
1.415885718653321,14,21,26
1.415885718653321,14,22,26
1.415885718653321,14,23,26
1.415885718653321,14,24,26
1.415885718653321,14,25,26
1.4164562818922126,20,33
1.4164562818922126,20,21,33
1.4164562818922126,20,22,33
1.4164562818922126,20,23,33
1.4164562818922126,20,24,33
1.4164562818922126,20,25,33
1.4164562818922126,20,26,33
1.4164562818922126,20,27,33
1.4164562818922126,20,28,33
1.4164562818922126,20,29,33
1.4164562818922126,20,30,33
1.4164562818922126,20,31,33
1.4164562818922126,20,32,33
1.4189828682518681,29,42
1.4189828682518681,29,30,42
1.4189828682518681,29,31,42
1.4189828682518681,29,32,42
1.4189828682518681,29,33,42
1.4189828682518681,29,34,42
1.4189828682518681,29,35,42
1.4189828682518681,29,36,42
1.4189828682518681,29,37,42
1.4189828682518681,29,38,42
1.4189828682518681,29,39,42
1.4189828682518681,29,40,42
1.4189828682518681,29,41,42
1.420581330027056,4,16
1.420581330027056,4,5,16
1.420581330027056,4,6,16
1.420581330027056,4,7,16
1.420581330027056,4,8,16
1.420581330027056,4,9,16
1.420581330027056,4,10,16
1.420581330027056,4,11,16
1.420581330027056,4,12,16
1.420581330027056,4,13,16
1.420581330027056,4,14,16
1.420581330027056,4,15,16
1.4210078918909845,35,47
1.4210078918909845,35,36,47
1.4210078918909845,35,37,47
1.4210078918909845,35,38,47
1.4210078918909845,35,39,47
1.4210078918909845,35,40,47
1.4210078918909845,35,41,47
1.4210078918909845,35,42,47
1.4210078918909845,35,43,47
1.4210078918909845,35,44,47
1.4210078918909845,35,45,47
1.4210078918909845,35,46,47
1.4210078918909845,35,47,48
1.426068005991662,10,22
1.426068005991662,10,11,22
1.426068005991662,10,12,22
1.426068005991662,10,13,22
1.426068005991662,10,14,22
1.426068005991662,10,15,22
1.426068005991662,10,16,22
1.426068005991662,10,17,22
1.426068005991662,10,18,22
1.426068005991662,10,19,22
1.426068005991662,10,20,22
1.426068005991662,10,21,22
1.4314322067035663,12,48
1.4314322067035663,0,12,48
1.4314322067035663,1,12,48
1.4314322067035663,2,12,48
1.4314322067035663,3,12,48
1.4314322067035663,4,12,48
1.4314322067035663,5,12,48
1.4314322067035663,6,12,48
1.4314322067035663,7,12,48
1.4314322067035663,8,12,48
1.4314322067035663,9,12,48
1.4314322067035663,10,12,48
1.4314322067035663,11,12,48
1.4314322067035663,12,48,49
1.4326641010746166,13,26
1.4326641010746166,13,14,26
1.4326641010746166,13,15,26
1.4326641010746166,13,16,26
1.4326641010746166,13,17,26
1.4326641010746166,13,18,26
1.4326641010746166,13,19,26
1.4326641010746166,13,20,26
1.4326641010746166,13,21,26
1.4326641010746166,13,22,26
1.4326641010746166,13,23,26
1.4326641010746166,13,24,26
1.4326641010746166,13,25,26
1.433319336771879,36,49
1.433319336771879,0,36,49
1.433319336771879,36,37,49
1.433319336771879,36,38,49
1.433319336771879,36,39,49
1.433319336771879,36,40,49
1.433319336771879,36,41,49
1.433319336771879,36,42,49
1.433319336771879,36,43,49
1.433319336771879,36,44,49
1.433319336771879,36,45,49
1.433319336771879,36,46,49
1.433319336771879,36,47,49
1.433319336771879,36,48,49
1.43487319374919,9,22
1.43487319374919,9,10,22
1.43487319374919,9,11,22
1.43487319374919,9,12,22
1.43487319374919,9,13,22
1.43487319374919,9,14,22
1.43487319374919,9,15,22
1.43487319374919,9,16,22
1.43487319374919,9,17,22
1.43487319374919,9,18,22
1.43487319374919,9,19,22
1.43487319374919,9,20,22
1.43487319374919,9,21,22
1.4376129298613574,18,29
1.4376129298613574,18,19,29
1.4376129298613574,18,20,29
1.4376129298613574,18,21,29
1.4376129298613574,18,22,29
1.4376129298613574,18,23,29
1.4376129298613574,18,24,29
1.4376129298613574,18,25,29
1.4376129298613574,18,26,29
1.4376129298613574,18,27,29
1.4376129298613574,18,28,29
1.4376129298613574,18,29,30
1.43784911941779,32,45
1.43784911941779,31,32,45
1.43784911941779,32,33,45
1.43784911941779,32,34,45
1.43784911941779,32,35,45
1.43784911941779,32,36,45
1.43784911941779,32,37,45
1.43784911941779,32,38,45
1.43784911941779,32,39,45
1.43784911941779,32,40,45
1.43784911941779,32,41,45
1.43784911941779,32,42,45
1.43784911941779,32,43,45
1.43784911941779,32,44,45
1.4380683266448868,3,16
1.4380683266448868,3,4,16
1.4380683266448868,3,5,16
1.4380683266448868,3,6,16
1.4380683266448868,3,7,16
1.4380683266448868,3,8,16
1.4380683266448868,3,9,16
1.4380683266448868,3,10,16
1.4380683266448868,3,11,16
1.4380683266448868,3,12,16
1.4380683266448868,3,13,16
1.4380683266448868,3,14,16
1.4380683266448868,3,15,16
1.438656179635275,1,36
1.438656179635275,0,1,36
1.438656179635275,1,36,37
1.438656179635275,1,36,38
1.438656179635275,1,36,39
1.438656179635275,1,36,40
1.438656179635275,1,36,41
1.438656179635275,1,36,42
1.438656179635275,1,36,43
1.438656179635275,1,36,44
1.438656179635275,1,36,45
1.438656179635275,1,36,46
1.438656179635275,1,36,47
1.438656179635275,1,36,48
1.438656179635275,1,36,49
1.4406660748815845,5,17
1.4406660748815845,5,6,17
1.4406660748815845,5,7,17
1.4406660748815845,5,8,17
1.4406660748815845,5,9,17
1.4406660748815845,5,10,17
1.4406660748815845,5,11,17
1.4406660748815845,5,12,17
1.4406660748815845,5,13,17
1.4406660748815845,5,14,17
1.4406660748815845,5,15,17
1.4406660748815845,5,16,17
1.4443009324864997,26,39
1.4443009324864997,26,27,39
1.4443009324864997,26,28,39
1.4443009324864997,26,29,39
1.4443009324864997,26,30,39
1.4443009324864997,26,31,39
1.4443009324864997,26,32,39
1.4443009324864997,26,33,39
1.4443009324864997,26,34,39
1.4443009324864997,26,35,39
1.4443009324864997,26,36,39
1.4443009324864997,26,37,39
1.4443009324864997,26,38,39
1.448142071973609,15,27
1.448142071973609,15,16,27
1.448142071973609,15,17,27
1.448142071973609,15,18,27
1.448142071973609,15,19,27
1.448142071973609,15,20,27
1.448142071973609,15,21,27
1.448142071973609,15,22,27
1.448142071973609,15,23,27
1.448142071973609,15,24,27
1.448142071973609,15,25,27
1.448142071973609,15,26,27
1.4486128550625432,10,47
1.4486128550625432,0,10,47
1.4486128550625432,1,10,47
1.4486128550625432,2,10,47
1.4486128550625432,3,10,47
1.4486128550625432,4,10,47
1.4486128550625432,5,10,47
1.4486128550625432,6,10,47
1.4486128550625432,7,10,47
1.4486128550625432,8,10,47
1.4486128550625432,9,10,47
1.4486128550625432,10,47,48
1.4486128550625432,10,47,49
1.4499162038055982,9,46
1.4499162038055982,0,9,46
1.4499162038055982,1,9,46
1.4499162038055982,2,9,46
1.4499162038055982,3,9,46
1.4499162038055982,4,9,46
1.4499162038055982,5,9,46
1.4499162038055982,6,9,46
1.4499162038055982,7,9,46
1.4499162038055982,8,9,46
1.4499162038055982,9,46,47
1.4499162038055982,9,46,48
1.4499162038055982,9,46,49
1.4507955675202917,7,19
1.4507955675202917,7,8,19
1.4507955675202917,7,9,19
1.4507955675202917,7,10,19
1.4507955675202917,7,11,19
1.4507955675202917,7,12,19
1.4507955675202917,7,13,19
1.4507955675202917,7,14,19
1.4507955675202917,7,15,19
1.4507955675202917,7,16,19
1.4507955675202917,7,17,19
1.4507955675202917,7,18,19
1.451282616378321,25,39
1.451282616378321,25,26,39
1.451282616378321,25,27,39
1.451282616378321,25,28,39
1.451282616378321,25,29,39
1.451282616378321,25,30,39
1.451282616378321,25,31,39
1.451282616378321,25,32,39
1.451282616378321,25,33,39
1.451282616378321,25,34,39
1.451282616378321,25,35,39
1.451282616378321,25,36,39
1.451282616378321,25,37,39
1.451282616378321,25,38,39
1.4518894931256363,11,47
1.4518894931256363,0,11,47
1.4518894931256363,1,11,47
1.4518894931256363,2,11,47
1.4518894931256363,3,11,47
1.4518894931256363,4,11,47
1.4518894931256363,5,11,47
1.4518894931256363,6,11,47
1.4518894931256363,7,11,47
1.4518894931256363,8,11,47
1.4518894931256363,9,11,47
1.4518894931256363,10,11,47
1.4518894931256363,11,47,48
1.4518894931256363,11,47,49
1.4538926874553466,33,46
1.4538926874553466,33,34,46
1.4538926874553466,33,35,46
1.4538926874553466,33,36,46
1.4538926874553466,33,37,46
1.4538926874553466,33,38,46
1.4538926874553466,33,39,46
1.4538926874553466,33,40,46
1.4538926874553466,33,41,46
1.4538926874553466,33,42,46
1.4538926874553466,33,43,46
1.4538926874553466,33,44,46
1.4538926874553466,33,45,46
1.462898438956537,6,43
1.462898438956537,0,6,43
1.462898438956537,1,6,43
1.462898438956537,2,6,43
1.462898438956537,3,6,43
1.462898438956537,4,6,43
1.462898438956537,5,6,43
1.462898438956537,6,43,44
1.462898438956537,6,43,45
1.462898438956537,6,43,46
1.462898438956537,6,43,47
1.462898438956537,6,43,48
1.462898438956537,6,43,49
1.4660327032478768,15,28
1.4660327032478768,15,16,28
1.4660327032478768,15,17,28
1.4660327032478768,15,18,28
1.4660327032478768,15,19,28
1.4660327032478768,15,20,28
1.4660327032478768,15,21,28
1.4660327032478768,15,22,28
1.4660327032478768,15,23,28
1.4660327032478768,15,24,28
1.4660327032478768,15,25,28
1.4660327032478768,15,26,28
1.4660327032478768,15,27,28
1.4665412236983566,2,38
1.4665412236983566,0,2,38
1.4665412236983566,1,2,38
1.4665412236983566,2,38,39
1.4665412236983566,2,38,40
1.4665412236983566,2,38,41
1.4665412236983566,2,38,42
1.4665412236983566,2,38,43
1.4665412236983566,2,38,44
1.4665412236983566,2,38,45
1.4665412236983566,2,38,46
1.4665412236983566,2,38,47
1.4665412236983566,2,38,48
1.4665412236983566,2,38,49
1.4676104431804469,2,14
1.4676104431804469,1,2,14
1.4676104431804469,2,3,14
1.4676104431804469,2,4,14
1.4676104431804469,2,5,14
1.4676104431804469,2,6,14
1.4676104431804469,2,7,14
1.4676104431804469,2,8,14
1.4676104431804469,2,9,14
1.4676104431804469,2,10,14
1.4676104431804469,2,11,14
1.4676104431804469,2,12,14
1.4676104431804469,2,13,14
1.4679112156747045,5,18
1.4679112156747045,5,6,18
1.4679112156747045,5,7,18
1.4679112156747045,5,8,18
1.4679112156747045,5,9,18
1.4679112156747045,5,10,18
1.4679112156747045,5,11,18
1.4679112156747045,5,12,18
1.4679112156747045,5,13,18
1.4679112156747045,5,14,18
1.4679112156747045,5,15,18
1.4679112156747045,5,16,18
1.4679112156747045,5,17,18
1.469384981638352,19,32
1.469384981638352,19,20,32
1.469384981638352,19,21,32
1.469384981638352,19,22,32
1.469384981638352,19,23,32
1.469384981638352,19,24,32
1.469384981638352,19,25,32
1.469384981638352,19,26,32
1.469384981638352,19,27,32
1.469384981638352,19,28,32
1.469384981638352,19,29,32
1.469384981638352,19,30,32
1.469384981638352,19,31,32
1.4761492221860517,0,35
1.4761492221860517,0,35,36
1.4761492221860517,0,35,37
1.4761492221860517,0,35,38
1.4761492221860517,0,35,39
1.4761492221860517,0,35,40
1.4761492221860517,0,35,41
1.4761492221860517,0,35,42
1.4761492221860517,0,35,43
1.4761492221860517,0,35,44
1.4761492221860517,0,35,45
1.4761492221860517,0,35,46
1.4761492221860517,0,35,47
1.4761492221860517,0,35,48
1.4777256924166897,8,20
1.4777256924166897,8,9,20
1.4777256924166897,8,10,20
1.4777256924166897,8,11,20
1.4777256924166897,8,12,20
1.4777256924166897,8,13,20
1.4777256924166897,8,14,20
1.4777256924166897,8,15,20
1.4777256924166897,8,16,20
1.4777256924166897,8,17,20
1.4777256924166897,8,18,20
1.4777256924166897,8,19,20
1.4790018752833056,18,31
1.4790018752833056,18,19,31
1.4790018752833056,18,20,31
1.4790018752833056,18,21,31
1.4790018752833056,18,22,31
1.4790018752833056,18,23,31
1.4790018752833056,18,24,31
1.4790018752833056,18,25,31
1.4790018752833056,18,26,31
1.4790018752833056,18,27,31
1.4790018752833056,18,28,31
1.4790018752833056,18,29,31
1.4790018752833056,18,30,31
1.4850269996602272,30,44
1.4850269996602272,30,31,44
1.4850269996602272,30,32,44
1.4850269996602272,30,33,44
1.4850269996602272,30,34,44
1.4850269996602272,30,35,44
1.4850269996602272,30,36,44
1.4850269996602272,30,37,44
1.4850269996602272,30,38,44
1.4850269996602272,30,39,44
1.4850269996602272,30,40,44
1.4850269996602272,30,41,44
1.4850269996602272,30,42,44
1.4850269996602272,30,43,44
1.4862464888380553,12,25
1.4862464888380553,12,13,25
1.4862464888380553,12,14,25
1.4862464888380553,12,15,25
1.4862464888380553,12,16,25
1.4862464888380553,12,17,25
1.4862464888380553,12,18,25
1.4862464888380553,12,19,25
1.4862464888380553,12,20,25
1.4862464888380553,12,21,25
1.4862464888380553,12,22,25
1.4862464888380553,12,23,25
1.4865056077584708,9,45
1.4865056077584708,0,9,45
1.4865056077584708,1,9,45
1.4865056077584708,2,9,45
1.4865056077584708,3,9,45
1.4865056077584708,4,9,45
1.4865056077584708,5,9,45
1.4865056077584708,6,9,45
1.4865056077584708,7,9,45
1.4865056077584708,8,9,45
1.4865056077584708,9,45,46
1.4865056077584708,9,45,47
1.4865056077584708,9,45,48
1.4865056077584708,9,45,49
1.490616709501705,24,36
1.490616709501705,24,25,36
1.490616709501705,24,26,36
1.490616709501705,24,27,36
1.490616709501705,24,28,36
1.490616709501705,24,29,36
1.490616709501705,24,30,36
1.490616709501705,24,31,36
1.490616709501705,24,32,36
1.490616709501705,24,33,36
1.490616709501705,24,34,36
1.490616709501705,24,35,36
1.4906871252902647,27,40
1.4906871252902647,27,28,40
1.4906871252902647,27,29,40
1.4906871252902647,27,30,40
1.4906871252902647,27,31,40
1.4906871252902647,27,32,40
1.4906871252902647,27,33,40
1.4906871252902647,27,34,40
1.4906871252902647,27,35,40
1.4906871252902647,27,36,40
1.4906871252902647,27,37,40
1.4906871252902647,27,38,40
1.4906871252902647,27,39,40
1.4910561561436493,2,37
1.4910561561436493,0,2,37
1.4910561561436493,1,2,37
1.4910561561436493,2,37,38
1.4910561561436493,2,37,39
1.4910561561436493,2,37,40
1.4910561561436493,2,37,41
1.4910561561436493,2,37,42
1.4910561561436493,2,37,43
1.4910561561436493,2,37,44
1.4910561561436493,2,37,45
1.4910561561436493,2,37,46
1.4910561561436493,2,37,47
1.4910561561436493,2,37,48
1.4910561561436493,2,37,49
1.4950846103602957,28,41
1.4950846103602957,28,29,41
1.4950846103602957,28,30,41
1.4950846103602957,28,31,41
1.4950846103602957,28,32,41
1.4950846103602957,28,33,41
1.4950846103602957,28,34,41
1.4950846103602957,28,35,41
1.4950846103602957,28,36,41
1.4950846103602957,28,37,41
1.4950846103602957,28,38,41
1.4950846103602957,28,39,41
1.4950846103602957,28,40,41
1.497140613964466,12,24
1.497140613964466,12,13,24
1.497140613964466,12,14,24
1.497140613964466,12,15,24
1.497140613964466,12,16,24
1.497140613964466,12,17,24
1.497140613964466,12,18,24
1.497140613964466,12,19,24
1.497140613964466,12,20,24
1.497140613964466,12,21,24
1.497140613964466,12,22,24
1.497140613964466,12,23,24
1.497140613964466,12,24,25
1.4983571724046993,19,33
1.4983571724046993,19,20,33
1.4983571724046993,19,21,33
1.4983571724046993,19,22,33
1.4983571724046993,19,23,33
1.4983571724046993,19,24,33
1.4983571724046993,19,25,33
1.4983571724046993,19,26,33
1.4983571724046993,19,27,33
1.4983571724046993,19,28,33
1.4983571724046993,19,29,33
1.4983571724046993,19,30,33
1.4983571724046993,19,31,33
1.4983571724046993,19,32,33
1.5002319288117403,2,15
1.5002319288117403,1,2,15
1.5002319288117403,2,3,15
1.5002319288117403,2,4,15
1.5002319288117403,2,5,15
1.5002319288117403,2,6,15
1.5002319288117403,2,7,15
1.5002319288117403,2,8,15
1.5002319288117403,2,9,15
1.5002319288117403,2,10,15
1.5002319288117403,2,11,15
1.5002319288117403,2,12,15
1.5002319288117403,2,13,15
1.5002319288117403,2,14,15
1.5062128311958287,5,40
1.5062128311958287,0,5,40
1.5062128311958287,1,5,40
1.5062128311958287,2,5,40
1.5062128311958287,3,5,40
1.5062128311958287,5,40,41
1.5062128311958287,5,40,42
1.5062128311958287,5,40,43
1.5062128311958287,5,40,44
1.5062128311958287,5,40,45
1.5062128311958287,5,40,46
1.5062128311958287,5,40,47
1.5062128311958287,5,40,48
1.5062128311958287,5,40,49
1.5081275414198303,9,23
1.5081275414198303,9,11,23
1.5081275414198303,9,12,23
1.5081275414198303,9,13,23
1.5081275414198303,9,14,23
1.5081275414198303,9,15,23
1.5081275414198303,9,16,23
1.5081275414198303,9,17,23
1.5081275414198303,9,18,23
1.5081275414198303,9,19,23
1.5081275414198303,9,20,23
1.5081275414198303,9,21,23
1.5081275414198303,9,22,23
1.5092823593471634,4,40
1.5092823593471634,0,4,40
1.5092823593471634,1,4,40
1.5092823593471634,2,4,40
1.5092823593471634,3,4,40
1.5092823593471634,4,5,40
1.5092823593471634,4,40,41
1.5092823593471634,4,40,42
1.5092823593471634,4,40,43
1.5092823593471634,4,40,44
1.5092823593471634,4,40,45
1.5092823593471634,4,40,46
1.5092823593471634,4,40,47
1.5092823593471634,4,40,48
1.5092823593471634,4,40,49
1.5093577671461345,6,19
1.5093577671461345,6,7,19
1.5093577671461345,6,8,19
1.5093577671461345,6,9,19
1.5093577671461345,6,10,19
1.5093577671461345,6,11,19
1.5093577671461345,6,12,19
1.5093577671461345,6,13,19
1.5093577671461345,6,14,19
1.5093577671461345,6,15,19
1.5093577671461345,6,16,19
1.5093577671461345,6,17,19
1.5093577671461345,6,18,19
1.5098396046841944,24,37
1.5098396046841944,24,25,37
1.5098396046841944,24,26,37
1.5098396046841944,24,27,37
1.5098396046841944,24,28,37
1.5098396046841944,24,29,37
1.5098396046841944,24,30,37
1.5098396046841944,24,31,37
1.5098396046841944,24,32,37
1.5098396046841944,24,33,37
1.5098396046841944,24,34,37
1.5098396046841944,24,35,37
1.5098396046841944,24,36,37
1.5112835176801631,8,44
1.5112835176801631,0,8,44
1.5112835176801631,1,8,44
1.5112835176801631,2,8,44
1.5112835176801631,3,8,44
1.5112835176801631,4,8,44
1.5112835176801631,5,8,44
1.5112835176801631,6,8,44
1.5112835176801631,8,44,45
1.5112835176801631,8,44,46
1.5112835176801631,8,44,47
1.5112835176801631,8,44,48
1.5112835176801631,8,44,49
1.5118479206535556,12,47
1.5118479206535556,0,12,47
1.5118479206535556,1,12,47
1.5118479206535556,2,12,47
1.5118479206535556,3,12,47
1.5118479206535556,4,12,47
1.5118479206535556,5,12,47
1.5118479206535556,6,12,47
1.5118479206535556,7,12,47
1.5118479206535556,8,12,47
1.5118479206535556,9,12,47
1.5118479206535556,10,12,47
1.5118479206535556,11,12,47
1.5118479206535556,12,47,48
1.5118479206535556,12,47,49
1.512218235094242,10,23
1.512218235094242,9,10,23
1.512218235094242,10,11,23
1.512218235094242,10,12,23
1.512218235094242,10,13,23
1.512218235094242,10,14,23
1.512218235094242,10,15,23
1.512218235094242,10,16,23
1.512218235094242,10,17,23
1.512218235094242,10,18,23
1.512218235094242,10,19,23
1.512218235094242,10,20,23
1.512218235094242,10,21,23
1.512218235094242,10,22,23
1.5142388074892368,22,34
1.5142388074892368,22,23,34
1.5142388074892368,22,24,34
1.5142388074892368,22,25,34
1.5142388074892368,22,26,34
1.5142388074892368,22,27,34
1.5142388074892368,22,28,34
1.5142388074892368,22,29,34
1.5142388074892368,22,30,34
1.5142388074892368,22,31,34
1.5142388074892368,22,32,34
1.5142388074892368,22,33,34
1.5161815534897238,13,48
1.5161815534897238,0,13,48
1.5161815534897238,1,13,48
1.5161815534897238,2,13,48
1.5161815534897238,3,13,48
1.5161815534897238,4,13,48
1.5161815534897238,5,13,48
1.5161815534897238,6,13,48
1.5161815534897238,7,13,48
1.5161815534897238,8,13,48
1.5161815534897238,9,13,48
1.5161815534897238,10,13,48
1.5161815534897238,11,13,48
1.5161815534897238,12,13,48
1.5161815534897238,13,48,49
1.5162687315982148,31,46
1.5162687315982148,31,33,46
1.5162687315982148,31,34,46
1.5162687315982148,31,35,46
1.5162687315982148,31,36,46
1.5162687315982148,31,37,46
1.5162687315982148,31,38,46
1.5162687315982148,31,39,46
1.5162687315982148,31,40,46
1.5162687315982148,31,41,46
1.5162687315982148,31,42,46
1.5162687315982148,31,43,46
1.5162687315982148,31,44,46
1.5162687315982148,31,45,46
1.516484179518741,4,17
1.516484179518741,4,5,17
1.516484179518741,4,6,17
1.516484179518741,4,7,17
1.516484179518741,4,8,17
1.516484179518741,4,9,17
1.516484179518741,4,10,17
1.516484179518741,4,11,17
1.516484179518741,4,12,17
1.516484179518741,4,13,17
1.516484179518741,4,14,17
1.516484179518741,4,15,17
1.516484179518741,4,16,17
1.5175506451251635,22,35
1.5175506451251635,22,23,35
1.5175506451251635,22,24,35
1.5175506451251635,22,25,35
1.5175506451251635,22,26,35
1.5175506451251635,22,27,35
1.5175506451251635,22,28,35
1.5175506451251635,22,29,35
1.5175506451251635,22,30,35
1.5175506451251635,22,31,35
1.5175506451251635,22,32,35
1.5175506451251635,22,33,35
1.5175506451251635,22,34,35
1.5214363471080146,23,36
1.5214363471080146,23,24,36
1.5214363471080146,23,25,36
1.5214363471080146,23,26,36
1.5214363471080146,23,27,36
1.5214363471080146,23,28,36
1.5214363471080146,23,29,36
1.5214363471080146,23,30,36
1.5214363471080146,23,31,36
1.5214363471080146,23,32,36
1.5214363471080146,23,33,36
1.5214363471080146,23,34,36
1.5214363471080146,23,35,36
1.5252501149740496,7,44
1.5252501149740496,0,7,44
1.5252501149740496,1,7,44
1.5252501149740496,2,7,44
1.5252501149740496,3,7,44
1.5252501149740496,4,7,44
1.5252501149740496,5,7,44
1.5252501149740496,6,7,44
1.5252501149740496,7,8,44
1.5252501149740496,7,44,45
1.5252501149740496,7,44,46
1.5252501149740496,7,44,47
1.5252501149740496,7,44,48
1.5252501149740496,7,44,49
1.5264184773565124,2,36
1.5264184773565124,0,2,36
1.5264184773565124,1,2,36
1.5264184773565124,2,36,37
1.5264184773565124,2,36,38
1.5264184773565124,2,36,39
1.5264184773565124,2,36,40
1.5264184773565124,2,36,41
1.5264184773565124,2,36,42
1.5264184773565124,2,36,43
1.5264184773565124,2,36,44
1.5264184773565124,2,36,45
1.5264184773565124,2,36,46
1.5264184773565124,2,36,47
1.5264184773565124,2,36,48
1.5264184773565124,2,36,49
1.5266492597939858,3,17
1.5266492597939858,3,4,17
1.5266492597939858,3,5,17
1.5266492597939858,3,6,17
1.5266492597939858,3,7,17
1.5266492597939858,3,8,17
1.5266492597939858,3,9,17
1.5266492597939858,3,10,17
1.5266492597939858,3,11,17
1.5266492597939858,3,12,17
1.5266492597939858,3,13,17
1.5266492597939858,3,14,17
1.5266492597939858,3,15,17
1.5266492597939858,3,16,17
1.5301777281193762,14,49
1.5301777281193762,1,14,49
1.5301777281193762,2,14,49
1.5301777281193762,3,14,49
1.5301777281193762,4,14,49
1.5301777281193762,5,14,49
1.5301777281193762,6,14,49
1.5301777281193762,7,14,49
1.5301777281193762,8,14,49
1.5301777281193762,9,14,49
1.5301777281193762,10,14,49
1.5301777281193762,11,14,49
1.5301777281193762,12,14,49
1.5301777281193762,13,14,49
1.5307468904600485,29,43
1.5307468904600485,29,30,43
1.5307468904600485,29,31,43
1.5307468904600485,29,32,43
1.5307468904600485,29,33,43
1.5307468904600485,29,34,43
1.5307468904600485,29,35,43
1.5307468904600485,29,36,43
1.5307468904600485,29,37,43
1.5307468904600485,29,38,43
1.5307468904600485,29,39,43
1.5307468904600485,29,40,43
1.5307468904600485,29,41,43
1.5307468904600485,29,42,43
1.5309239593911237,3,38
1.5309239593911237,0,3,38
1.5309239593911237,1,3,38
1.5309239593911237,2,3,38
1.5309239593911237,3,38,39
1.5309239593911237,3,38,40
1.5309239593911237,3,38,41
1.5309239593911237,3,38,42
1.5309239593911237,3,38,43
1.5309239593911237,3,38,44
1.5309239593911237,3,38,45
1.5309239593911237,3,38,46
1.5309239593911237,3,38,47
1.5309239593911237,3,38,48
1.5309239593911237,3,38,49
1.5321083139969867,1,16
1.5321083139969867,1,3,16
1.5321083139969867,1,4,16
1.5321083139969867,1,5,16
1.5321083139969867,1,6,16
1.5321083139969867,1,7,16
1.5321083139969867,1,8,16
1.5321083139969867,1,9,16
1.5321083139969867,1,10,16
1.5321083139969867,1,11,16
1.5321083139969867,1,12,16
1.5321083139969867,1,13,16
1.5321083139969867,1,14,16
1.5321083139969867,1,15,16
1.5360739793827216,23,37
1.5360739793827216,23,24,37
1.5360739793827216,23,25,37
1.5360739793827216,23,26,37
1.5360739793827216,23,27,37
1.5360739793827216,23,28,37
1.5360739793827216,23,29,37
1.5360739793827216,23,30,37
1.5360739793827216,23,31,37
1.5360739793827216,23,32,37
1.5360739793827216,23,33,37
1.5360739793827216,23,34,37
1.5360739793827216,23,35,37
1.5360739793827216,23,36,37
1.5364409189956871,3,18
1.5364409189956871,3,5,18
1.5364409189956871,3,6,18
1.5364409189956871,3,7,18
1.5364409189956871,3,8,18
1.5364409189956871,3,9,18
1.5364409189956871,3,10,18
1.5364409189956871,3,11,18
1.5364409189956871,3,12,18
1.5364409189956871,3,13,18
1.5364409189956871,3,14,18
1.5364409189956871,3,15,18
1.5364409189956871,3,16,18
1.5364409189956871,3,17,18
1.5418520072595947,32,46
1.5418520072595947,31,32,46
1.5418520072595947,32,33,46
1.5418520072595947,32,34,46
1.5418520072595947,32,35,46
1.5418520072595947,32,36,46
1.5418520072595947,32,37,46
1.5418520072595947,32,38,46
1.5418520072595947,32,39,46
1.5418520072595947,32,40,46
1.5418520072595947,32,41,46
1.5418520072595947,32,42,46
1.5418520072595947,32,43,46
1.5418520072595947,32,44,46
1.5418520072595947,32,45,46
1.5428035205870974,11,25
1.5428035205870974,11,12,25
1.5428035205870974,11,13,25
1.5428035205870974,11,14,25
1.5428035205870974,11,15,25
1.5428035205870974,11,16,25
1.5428035205870974,11,17,25
1.5428035205870974,11,18,25
1.5428035205870974,11,19,25
1.5428035205870974,11,20,25
1.5428035205870974,11,21,25
1.5428035205870974,11,22,25
1.5428035205870974,11,23,25
1.5430941107376144,4,18
1.5430941107376144,3,4,18
1.5430941107376144,4,5,18
1.5430941107376144,4,6,18
1.5430941107376144,4,7,18
1.5430941107376144,4,8,18
1.5430941107376144,4,9,18
1.5430941107376144,4,10,18
1.5430941107376144,4,11,18
1.5430941107376144,4,12,18
1.5430941107376144,4,13,18
1.5430941107376144,4,14,18
1.5430941107376144,4,15,18
1.5430941107376144,4,16,18
1.5430941107376144,4,17,18
1.544427848087792,3,37
1.544427848087792,0,3,37
1.544427848087792,1,3,37
1.544427848087792,2,3,37
1.544427848087792,3,37,38
1.544427848087792,3,37,39
1.544427848087792,3,37,40
1.544427848087792,3,37,41
1.544427848087792,3,37,42
1.544427848087792,3,37,43
1.544427848087792,3,37,44
1.544427848087792,3,37,45
1.544427848087792,3,37,46
1.544427848087792,3,37,47
1.544427848087792,3,37,48
1.544427848087792,3,37,49
1.5447292317432302,7,20
1.5447292317432302,7,8,20
1.5447292317432302,7,9,20
1.5447292317432302,7,10,20
1.5447292317432302,7,11,20
1.5447292317432302,7,12,20
1.5447292317432302,7,13,20
1.5447292317432302,7,14,20
1.5447292317432302,7,15,20
1.5447292317432302,7,16,20
1.5447292317432302,7,17,20
1.5447292317432302,7,18,20
1.5447292317432302,7,19,20
1.5472275244316709,14,27
1.5472275244316709,14,15,27
1.5472275244316709,14,16,27
1.5472275244316709,14,17,27
1.5472275244316709,14,18,27
1.5472275244316709,14,19,27
1.5472275244316709,14,20,27
1.5472275244316709,14,21,27
1.5472275244316709,14,22,27
1.5472275244316709,14,23,27
1.5472275244316709,14,24,27
1.5472275244316709,14,25,27
1.5472275244316709,14,26,27
1.5495991694171032,18,32
1.5495991694171032,18,19,32
1.5495991694171032,18,20,32
1.5495991694171032,18,21,32
1.5495991694171032,18,22,32
1.5495991694171032,18,23,32
1.5495991694171032,18,24,32
1.5495991694171032,18,25,32
1.5495991694171032,18,26,32
1.5495991694171032,18,27,32
1.5495991694171032,18,28,32
1.5495991694171032,18,29,32
1.5495991694171032,18,30,32
1.5495991694171032,18,31,32
1.5502240451067526,28,42
1.5502240451067526,28,29,42
1.5502240451067526,28,30,42
1.5502240451067526,28,31,42
1.5502240451067526,28,32,42
1.5502240451067526,28,33,42
1.5502240451067526,28,34,42
1.5502240451067526,28,35,42
1.5502240451067526,28,36,42
1.5502240451067526,28,37,42
1.5502240451067526,28,38,42
1.5502240451067526,28,39,42
1.5502240451067526,28,40,42
1.5502240451067526,28,41,42
1.5513353867047823,34,48
1.5513353867047823,34,35,48
1.5513353867047823,34,36,48
1.5513353867047823,34,37,48
1.5513353867047823,34,38,48
1.5513353867047823,34,39,48
1.5513353867047823,34,40,48
1.5513353867047823,34,41,48
1.5513353867047823,34,42,48
1.5513353867047823,34,43,48
1.5513353867047823,34,44,48
1.5513353867047823,34,45,48
1.5513353867047823,34,46,48
1.5531279821035666,13,27
1.5531279821035666,13,14,27
1.5531279821035666,13,15,27
1.5531279821035666,13,16,27
1.5531279821035666,13,17,27
1.5531279821035666,13,18,27
1.5531279821035666,13,19,27
1.5531279821035666,13,20,27
1.5531279821035666,13,21,27
1.5531279821035666,13,22,27
1.5531279821035666,13,23,27
1.5531279821035666,13,24,27
1.5531279821035666,13,25,27
1.5531279821035666,13,26,27
1.5539041363512147,30,45
1.5539041363512147,30,31,45
1.5539041363512147,30,32,45
1.5539041363512147,30,33,45
1.5539041363512147,30,34,45
1.5539041363512147,30,35,45
1.5539041363512147,30,36,45
1.5539041363512147,30,37,45
1.5539041363512147,30,38,45
1.5539041363512147,30,39,45
1.5539041363512147,30,40,45
1.5539041363512147,30,41,45
1.5539041363512147,30,42,45
1.5539041363512147,30,43,45
1.5539041363512147,30,44,45
1.5558360838302063,15,49
1.5558360838302063,1,15,49
1.5558360838302063,2,15,49
1.5558360838302063,3,15,49
1.5558360838302063,4,15,49
1.5558360838302063,5,15,49
1.5558360838302063,6,15,49
1.5558360838302063,7,15,49
1.5558360838302063,8,15,49
1.5558360838302063,9,15,49
1.5558360838302063,10,15,49
1.5558360838302063,11,15,49
1.5558360838302063,12,15,49
1.5558360838302063,13,15,49
1.5558360838302063,14,15,49
1.557373822232302,13,28
1.557373822232302,13,15,28
1.557373822232302,13,16,28
1.557373822232302,13,17,28
1.557373822232302,13,18,28
1.557373822232302,13,19,28
1.557373822232302,13,20,28
1.557373822232302,13,21,28
1.557373822232302,13,22,28
1.557373822232302,13,23,28
1.557373822232302,13,24,28
1.557373822232302,13,25,28
1.557373822232302,13,26,28
1.557373822232302,13,27,28
1.557716917780595,8,21
1.557716917780595,8,9,21
1.557716917780595,8,10,21
1.557716917780595,8,11,21
1.557716917780595,8,12,21
1.557716917780595,8,13,21
1.557716917780595,8,14,21
1.557716917780595,8,15,21
1.557716917780595,8,16,21
1.557716917780595,8,17,21
1.557716917780595,8,18,21
1.557716917780595,8,19,21
1.557716917780595,8,20,21
1.5591792235304773,5,39
1.5591792235304773,0,5,39
1.5591792235304773,1,5,39
1.5591792235304773,2,5,39
1.5591792235304773,3,5,39
1.5591792235304773,5,39,40
1.5591792235304773,5,39,41
1.5591792235304773,5,39,42
1.5591792235304773,5,39,43
1.5591792235304773,5,39,44
1.5591792235304773,5,39,45
1.5591792235304773,5,39,46
1.5591792235304773,5,39,47
1.5591792235304773,5,39,48
1.5591792235304773,5,39,49
1.5605025922538638,17,30
1.5605025922538638,17,18,30
1.5605025922538638,17,19,30
1.5605025922538638,17,20,30
1.5605025922538638,17,21,30
1.5605025922538638,17,22,30
1.5605025922538638,17,23,30
1.5605025922538638,17,24,30
1.5605025922538638,17,25,30
1.5605025922538638,17,26,30
1.5605025922538638,17,27,30
1.5605025922538638,17,28,30
1.5612876123311539,0,14
1.5612876123311539,0,1,14
1.5612876123311539,0,2,14
1.5612876123311539,0,3,14
1.5612876123311539,0,4,14
1.5612876123311539,0,5,14
1.5612876123311539,0,6,14
1.5612876123311539,0,7,14
1.5612876123311539,0,8,14
1.5612876123311539,0,9,14
1.5612876123311539,0,10,14
1.5612876123311539,0,11,14
1.5612876123311539,0,12,14
1.5612876123311539,0,13,14
1.5612876123311539,0,14,49
1.5616879535889976,34,47
1.5616879535889976,34,35,47
1.5616879535889976,34,36,47
1.5616879535889976,34,37,47
1.5616879535889976,34,38,47
1.5616879535889976,34,39,47
1.5616879535889976,34,40,47
1.5616879535889976,34,41,47
1.5616879535889976,34,42,47
1.5616879535889976,34,43,47
1.5616879535889976,34,44,47
1.5616879535889976,34,45,47
1.5616879535889976,34,46,47
1.5616879535889976,34,47,48
1.5622138937899364,14,28
1.5622138937899364,13,14,28
1.5622138937899364,14,15,28
1.5622138937899364,14,16,28
1.5622138937899364,14,17,28
1.5622138937899364,14,18,28
1.5622138937899364,14,19,28
1.5622138937899364,14,20,28
1.5622138937899364,14,21,28
1.5622138937899364,14,22,28
1.5622138937899364,14,23,28
1.5622138937899364,14,24,28
1.5622138937899364,14,25,28
1.5622138937899364,14,26,28
1.5622138937899364,14,27,28
1.5629535478636796,11,24
1.5629535478636796,11,12,24
1.5629535478636796,11,13,24
1.5629535478636796,11,14,24
1.5629535478636796,11,15,24
1.5629535478636796,11,16,24
1.5629535478636796,11,17,24
1.5629535478636796,11,18,24
1.5629535478636796,11,19,24
1.5629535478636796,11,20,24
1.5629535478636796,11,21,24
1.5629535478636796,11,22,24
1.5629535478636796,11,23,24
1.5629535478636796,11,24,25
1.566922098605509,33,48
1.566922098605509,33,34,48
1.566922098605509,33,35,48
1.566922098605509,33,36,48
1.566922098605509,33,37,48
1.566922098605509,33,38,48
1.566922098605509,33,39,48
1.566922098605509,33,40,48
1.566922098605509,33,41,48
1.566922098605509,33,42,48
1.566922098605509,33,43,48
1.566922098605509,33,44,48
1.566922098605509,33,45,48
1.566922098605509,33,46,48
1.568968261614831,4,39
1.568968261614831,0,4,39
1.568968261614831,1,4,39
1.568968261614831,2,4,39
1.568968261614831,3,4,39
1.568968261614831,4,5,39
1.568968261614831,4,39,40
1.568968261614831,4,39,41
1.568968261614831,4,39,42
1.568968261614831,4,39,43
1.568968261614831,4,39,44
1.568968261614831,4,39,45
1.568968261614831,4,39,46
1.568968261614831,4,39,47
1.568968261614831,4,39,48
1.568968261614831,4,39,49
1.5698902081038975,26,40
1.5698902081038975,26,27,40
1.5698902081038975,26,28,40
1.5698902081038975,26,29,40
1.5698902081038975,26,30,40
1.5698902081038975,26,31,40
1.5698902081038975,26,32,40
1.5698902081038975,26,33,40
1.5698902081038975,26,34,40
1.5698902081038975,26,35,40
1.5698902081038975,26,36,40
1.5698902081038975,26,37,40
1.5698902081038975,26,38,40
1.5698902081038975,26,39,40
1.571093220084019,18,33
1.571093220084019,18,19,33
1.571093220084019,18,20,33
1.571093220084019,18,21,33
1.571093220084019,18,22,33
1.571093220084019,18,23,33
1.571093220084019,18,24,33
1.571093220084019,18,25,33
1.571093220084019,18,26,33
1.571093220084019,18,27,33
1.571093220084019,18,28,33
1.571093220084019,18,29,33
1.571093220084019,18,30,33
1.571093220084019,18,31,33
1.571093220084019,18,32,33
1.5711179902262669,1,35
1.5711179902262669,0,1,35
1.5711179902262669,1,35,36
1.5711179902262669,1,35,37
1.5711179902262669,1,35,38
1.5711179902262669,1,35,39
1.5711179902262669,1,35,40
1.5711179902262669,1,35,41
1.5711179902262669,1,35,42
1.5711179902262669,1,35,43
1.5711179902262669,1,35,44
1.5711179902262669,1,35,45
1.5711179902262669,1,35,46
1.5711179902262669,1,35,47
1.5711179902262669,1,35,48
1.5716029144659782,25,40
1.5716029144659782,25,26,40
1.5716029144659782,25,27,40
1.5716029144659782,25,28,40
1.5716029144659782,25,29,40
1.5716029144659782,25,30,40
1.5716029144659782,25,31,40
1.5716029144659782,25,32,40
1.5716029144659782,25,33,40
1.5716029144659782,25,34,40
1.5716029144659782,25,35,40
1.5716029144659782,25,36,40
1.5716029144659782,25,37,40
1.5716029144659782,25,38,40
1.5716029144659782,25,39,40
1.5725603997931852,5,19
1.5725603997931852,5,6,19
1.5725603997931852,5,7,19
1.5725603997931852,5,8,19
1.5725603997931852,5,9,19
1.5725603997931852,5,10,19
1.5725603997931852,5,11,19
1.5725603997931852,5,12,19
1.5725603997931852,5,13,19
1.5725603997931852,5,14,19
1.5725603997931852,5,15,19
1.5725603997931852,5,16,19
1.5725603997931852,5,17,19
1.5725603997931852,5,18,19
1.5764907395322134,3,36
1.5764907395322134,0,3,36
1.5764907395322134,1,3,36
1.5764907395322134,2,3,36
1.5764907395322134,3,36,37
1.5764907395322134,3,36,38
1.5764907395322134,3,36,39
1.5764907395322134,3,36,40
1.5764907395322134,3,36,41
1.5764907395322134,3,36,42
1.5764907395322134,3,36,43
1.5764907395322134,3,36,44
1.5764907395322134,3,36,45
1.5764907395322134,3,36,46
1.5764907395322134,3,36,47
1.5764907395322134,3,36,48
1.5764907395322134,3,36,49
1.5777971026842124,8,43
1.5777971026842124,0,8,43
1.5777971026842124,1,8,43
1.5777971026842124,2,8,43
1.5777971026842124,3,8,43
1.5777971026842124,4,8,43
1.5777971026842124,5,8,43
1.5777971026842124,6,8,43
1.5777971026842124,8,43,44
1.5777971026842124,8,43,45
1.5777971026842124,8,43,46
1.5777971026842124,8,43,47
1.5777971026842124,8,43,48
1.5777971026842124,8,43,49
1.5784357127849682,6,41
1.5784357127849682,0,6,41
1.5784357127849682,1,6,41
1.5784357127849682,2,6,41
1.5784357127849682,3,6,41
1.5784357127849682,4,6,41
1.5784357127849682,5,6,41
1.5784357127849682,6,41,43
1.5784357127849682,6,41,44
1.5784357127849682,6,41,45
1.5784357127849682,6,41,46
1.5784357127849682,6,41,47
1.5784357127849682,6,41,48
1.5784357127849682,6,41,49
1.5784807794530262,6,42
1.5784807794530262,0,6,42
1.5784807794530262,1,6,42
1.5784807794530262,2,6,42
1.5784807794530262,3,6,42
1.5784807794530262,4,6,42
1.5784807794530262,5,6,42
1.5784807794530262,6,41,42
1.5784807794530262,6,42,43
1.5784807794530262,6,42,44
1.5784807794530262,6,42,45
1.5784807794530262,6,42,46
1.5784807794530262,6,42,47
1.5784807794530262,6,42,48
1.5784807794530262,6,42,49
1.5793964126917983,0,15
1.5793964126917983,0,1,15
1.5793964126917983,0,2,15
1.5793964126917983,0,3,15
1.5793964126917983,0,4,15
1.5793964126917983,0,5,15
1.5793964126917983,0,6,15
1.5793964126917983,0,7,15
1.5793964126917983,0,8,15
1.5793964126917983,0,9,15
1.5793964126917983,0,10,15
1.5793964126917983,0,11,15
1.5793964126917983,0,12,15
1.5793964126917983,0,13,15
1.5793964126917983,0,14,15
1.5793964126917983,0,15,49
1.5800312058025647,12,26
1.5800312058025647,12,13,26
1.5800312058025647,12,14,26
1.5800312058025647,12,15,26
1.5800312058025647,12,16,26
1.5800312058025647,12,17,26
1.5800312058025647,12,18,26
1.5800312058025647,12,19,26
1.5800312058025647,12,20,26
1.5800312058025647,12,21,26
1.5800312058025647,12,22,26
1.5800312058025647,12,23,26
1.5800312058025647,12,24,26
1.5800312058025647,12,25,26
1.580868948522882,35,49
1.580868948522882,0,35,49
1.580868948522882,1,35,49
1.580868948522882,35,36,49
1.580868948522882,35,37,49
1.580868948522882,35,38,49
1.580868948522882,35,39,49
1.580868948522882,35,40,49
1.580868948522882,35,41,49
1.580868948522882,35,42,49
1.580868948522882,35,43,49
1.580868948522882,35,44,49
1.580868948522882,35,45,49
1.580868948522882,35,46,49
1.580868948522882,35,47,49
1.580868948522882,35,48,49
1.5829692533550224,24,38
1.5829692533550224,24,25,38
1.5829692533550224,24,26,38
1.5829692533550224,24,27,38
1.5829692533550224,24,28,38
1.5829692533550224,24,29,38
1.5829692533550224,24,30,38
1.5829692533550224,24,31,38
1.5829692533550224,24,32,38
1.5829692533550224,24,33,38
1.5829692533550224,24,34,38
1.5829692533550224,24,35,38
1.5829692533550224,24,36,38
1.5829692533550224,24,37,38
1.5862946025312608,17,29
1.5862946025312608,17,18,29
1.5862946025312608,17,19,29
1.5862946025312608,17,20,29
1.5862946025312608,17,21,29
1.5862946025312608,17,22,29
1.5862946025312608,17,23,29
1.5862946025312608,17,24,29
1.5862946025312608,17,25,29
1.5862946025312608,17,26,29
1.5862946025312608,17,27,29
1.5862946025312608,17,28,29
1.5862946025312608,17,29,30
1.5886940464819699,33,47
1.5886940464819699,33,34,47
1.5886940464819699,33,35,47
1.5886940464819699,33,36,47
1.5886940464819699,33,37,47
1.5886940464819699,33,38,47
1.5886940464819699,33,39,47
1.5886940464819699,33,40,47
1.5886940464819699,33,41,47
1.5886940464819699,33,42,47
1.5886940464819699,33,43,47
1.5886940464819699,33,44,47
1.5886940464819699,33,45,47
1.5886940464819699,33,46,47
1.5886940464819699,33,47,48
1.594053520706354,27,41
1.594053520706354,27,28,41
1.594053520706354,27,29,41
1.594053520706354,27,30,41
1.594053520706354,27,31,41
1.594053520706354,27,32,41
1.594053520706354,27,33,41
1.594053520706354,27,34,41
1.594053520706354,27,35,41
1.594053520706354,27,36,41
1.594053520706354,27,37,41
1.594053520706354,27,38,41
1.594053520706354,27,39,41
1.594053520706354,27,40,41
1.5948780964153657,6,20
1.5948780964153657,6,7,20
1.5948780964153657,6,8,20
1.5948780964153657,6,9,20
1.5948780964153657,6,10,20
1.5948780964153657,6,11,20
1.5948780964153657,6,12,20
1.5948780964153657,6,13,20
1.5948780964153657,6,14,20
1.5948780964153657,6,15,20
1.5948780964153657,6,16,20
1.5948780964153657,6,17,20
1.5948780964153657,6,18,20
1.5948780964153657,6,19,20
1.5952786717206429,7,43
1.5952786717206429,0,7,43
1.5952786717206429,1,7,43
1.5952786717206429,2,7,43
1.5952786717206429,3,7,43
1.5952786717206429,4,7,43
1.5952786717206429,5,7,43
1.5952786717206429,6,7,43
1.5952786717206429,7,8,43
1.5952786717206429,7,43,44
1.5952786717206429,7,43,45
1.5952786717206429,7,43,46
1.5952786717206429,7,43,47
1.5952786717206429,7,43,48
1.5952786717206429,7,43,49
1.5964877294068183,13,47
1.5964877294068183,0,13,47
1.5964877294068183,1,13,47
1.5964877294068183,2,13,47
1.5964877294068183,3,13,47
1.5964877294068183,4,13,47
1.5964877294068183,5,13,47
1.5964877294068183,6,13,47
1.5964877294068183,7,13,47
1.5964877294068183,8,13,47
1.5964877294068183,9,13,47
1.5964877294068183,10,13,47
1.5964877294068183,11,13,47
1.5964877294068183,12,13,47
1.5964877294068183,13,47,48
1.5964877294068183,13,47,49
1.6023961435504137,11,46
1.6023961435504137,0,11,46
1.6023961435504137,1,11,46
1.6023961435504137,2,11,46
1.6023961435504137,3,11,46
1.6023961435504137,4,11,46
1.6023961435504137,5,11,46
1.6023961435504137,6,11,46
1.6023961435504137,7,11,46
1.6023961435504137,8,11,46
1.6023961435504137,9,11,46
1.6023961435504137,11,46,47
1.6023961435504137,11,46,48
1.6023961435504137,11,46,49
1.6030138572345667,9,44
1.6030138572345667,0,9,44
1.6030138572345667,1,9,44
1.6030138572345667,2,9,44
1.6030138572345667,3,9,44
1.6030138572345667,4,9,44
1.6030138572345667,5,9,44
1.6030138572345667,6,9,44
1.6030138572345667,7,9,44
1.6030138572345667,8,9,44
1.6030138572345667,9,44,45
1.6030138572345667,9,44,46
1.6030138572345667,9,44,47
1.6030138572345667,9,44,48
1.6030138572345667,9,44,49
1.6039955974417173,16,30
1.6039955974417173,16,17,30
1.6039955974417173,16,18,30
1.6039955974417173,16,19,30
1.6039955974417173,16,20,30
1.6039955974417173,16,21,30
1.6039955974417173,16,22,30
1.6039955974417173,16,23,30
1.6039955974417173,16,24,30
1.6039955974417173,16,25,30
1.6039955974417173,16,26,30
1.6039955974417173,16,27,30
1.6039955974417173,16,28,30
1.6053282283899837,23,38
1.6053282283899837,23,24,38
1.6053282283899837,23,25,38
1.6053282283899837,23,26,38
1.6053282283899837,23,27,38
1.6053282283899837,23,28,38
1.6053282283899837,23,29,38
1.6053282283899837,23,30,38
1.6053282283899837,23,31,38
1.6053282283899837,23,32,38
1.6053282283899837,23,33,38
1.6053282283899837,23,34,38
1.6053282283899837,23,35,38
1.6053282283899837,23,36,38
1.6053282283899837,23,37,38
1.6068070773190186,1,18
1.6068070773190186,1,3,18
1.6068070773190186,1,4,18
1.6068070773190186,1,5,18
1.6068070773190186,1,6,18
1.6068070773190186,1,7,18
1.6068070773190186,1,8,18
1.6068070773190186,1,9,18
1.6068070773190186,1,10,18
1.6068070773190186,1,11,18
1.6068070773190186,1,12,18
1.6068070773190186,1,13,18
1.6068070773190186,1,14,18
1.6068070773190186,1,15,18
1.6068070773190186,1,16,18
1.6090889363999907,29,44
1.6090889363999907,29,30,44
1.6090889363999907,29,31,44
1.6090889363999907,29,32,44
1.6090889363999907,29,33,44
1.6090889363999907,29,34,44
1.6090889363999907,29,35,44
1.6090889363999907,29,36,44
1.6090889363999907,29,37,44
1.6090889363999907,29,38,44
1.6090889363999907,29,39,44
1.6090889363999907,29,40,44
1.6090889363999907,29,41,44
1.6090889363999907,29,42,44
1.6090889363999907,29,43,44
1.6110459943758144,0,33
1.6110459943758144,0,33,35
1.6110459943758144,0,33,36
1.6110459943758144,0,33,37
1.6110459943758144,0,33,38
1.6110459943758144,0,33,39
1.6110459943758144,0,33,40
1.6110459943758144,0,33,41
1.6110459943758144,0,33,42
1.6110459943758144,0,33,43
1.6110459943758144,0,33,44
1.6110459943758144,0,33,45
1.6110459943758144,0,33,46
1.6110459943758144,0,33,47
1.6110459943758144,0,33,48
1.6112340627926605,31,48
1.6112340627926605,31,33,48
1.6112340627926605,31,34,48
1.6112340627926605,31,35,48
1.6112340627926605,31,36,48
1.6112340627926605,31,37,48
1.6112340627926605,31,38,48
1.6112340627926605,31,39,48
1.6112340627926605,31,40,48
1.6112340627926605,31,41,48
1.6112340627926605,31,42,48
1.6112340627926605,31,43,48
1.6112340627926605,31,44,48
1.6112340627926605,31,45,48
1.6112340627926605,31,46,48
1.6115007273999828,21,35
1.6115007273999828,21,22,35
1.6115007273999828,21,23,35
1.6115007273999828,21,24,35
1.6115007273999828,21,25,35
1.6115007273999828,21,26,35
1.6115007273999828,21,27,35
1.6115007273999828,21,28,35
1.6115007273999828,21,29,35
1.6115007273999828,21,30,35
1.6115007273999828,21,31,35
1.6115007273999828,21,32,35
1.6115007273999828,21,33,35
1.6129707140915845,10,46
1.6129707140915845,0,10,46
1.6129707140915845,1,10,46
1.6129707140915845,2,10,46
1.6129707140915845,3,10,46
1.6129707140915845,4,10,46
1.6129707140915845,5,10,46
1.6129707140915845,6,10,46
1.6129707140915845,7,10,46
1.6129707140915845,8,10,46
1.6129707140915845,9,10,46
1.6129707140915845,10,11,46
1.6129707140915845,10,46,47
1.6129707140915845,10,46,48
1.6129707140915845,10,46,49
1.613041632271063,1,17
1.613041632271063,1,3,17
1.613041632271063,1,4,17
1.613041632271063,1,5,17
1.613041632271063,1,6,17
1.613041632271063,1,7,17
1.613041632271063,1,8,17
1.613041632271063,1,9,17
1.613041632271063,1,10,17
1.613041632271063,1,11,17
1.613041632271063,1,12,17
1.613041632271063,1,13,17
1.613041632271063,1,14,17
1.613041632271063,1,15,17
1.613041632271063,1,16,17
1.613041632271063,1,17,18
1.6138459178906015,0,34
1.6138459178906015,0,33,34
1.6138459178906015,0,34,35
1.6138459178906015,0,34,36
1.6138459178906015,0,34,37
1.6138459178906015,0,34,38
1.6138459178906015,0,34,39
1.6138459178906015,0,34,40
1.6138459178906015,0,34,41
1.6138459178906015,0,34,42
1.6138459178906015,0,34,43
1.6138459178906015,0,34,44
1.6138459178906015,0,34,45
1.6138459178906015,0,34,46
1.6138459178906015,0,34,47
1.6138459178906015,0,34,48
1.617548304983961,21,34
1.617548304983961,21,22,34
1.617548304983961,21,23,34
1.617548304983961,21,24,34
1.617548304983961,21,25,34
1.617548304983961,21,26,34
1.617548304983961,21,27,34
1.617548304983961,21,28,34
1.617548304983961,21,29,34
1.617548304983961,21,30,34
1.617548304983961,21,31,34
1.617548304983961,21,32,34
1.617548304983961,21,33,34
1.617548304983961,21,34,35
1.6193329872716744,17,31
1.6193329872716744,17,18,31
1.6193329872716744,17,19,31
1.6193329872716744,17,20,31
1.6193329872716744,17,21,31
1.6193329872716744,17,22,31
1.6193329872716744,17,23,31
1.6193329872716744,17,24,31
1.6193329872716744,17,25,31
1.6193329872716744,17,26,31
1.6193329872716744,17,27,31
1.6193329872716744,17,28,31
1.6193329872716744,17,29,31
1.6193329872716744,17,30,31
1.6209766111170674,22,36
1.6209766111170674,22,23,36
1.6209766111170674,22,24,36
1.6209766111170674,22,25,36
1.6209766111170674,22,26,36
1.6209766111170674,22,27,36
1.6209766111170674,22,28,36
1.6209766111170674,22,29,36
1.6209766111170674,22,30,36
1.6209766111170674,22,31,36
1.6209766111170674,22,32,36
1.6209766111170674,22,33,36
1.6209766111170674,22,34,36
1.6209766111170674,22,35,36
1.6216256026050702,20,35
1.6216256026050702,20,21,35
1.6216256026050702,20,22,35
1.6216256026050702,20,23,35
1.6216256026050702,20,24,35
1.6216256026050702,20,25,35
1.6216256026050702,20,26,35
1.6216256026050702,20,27,35
1.6216256026050702,20,28,35
1.6216256026050702,20,29,35
1.6216256026050702,20,30,35
1.6216256026050702,20,31,35
1.6216256026050702,20,32,35
1.6216256026050702,20,33,35
1.624822665971693,7,21
1.624822665971693,7,8,21
1.624822665971693,7,9,21
1.624822665971693,7,10,21
1.624822665971693,7,11,21
1.624822665971693,7,12,21
1.624822665971693,7,13,21
1.624822665971693,7,14,21
1.624822665971693,7,15,21
1.624822665971693,7,16,21
1.624822665971693,7,17,21
1.624822665971693,7,18,21
1.624822665971693,7,19,21
1.624822665971693,7,20,21
1.628788072113759,3,19
1.628788072113759,3,5,19
1.628788072113759,3,6,19
1.628788072113759,3,7,19
1.628788072113759,3,8,19
1.628788072113759,3,9,19
1.628788072113759,3,10,19
1.628788072113759,3,11,19
1.628788072113759,3,12,19
1.628788072113759,3,13,19
1.628788072113759,3,14,19
1.628788072113759,3,15,19
1.628788072113759,3,16,19
1.628788072113759,3,17,19
1.628788072113759,3,18,19
1.6288073767091495,11,45
1.6288073767091495,0,11,45
1.6288073767091495,1,11,45
1.6288073767091495,2,11,45
1.6288073767091495,3,11,45
1.6288073767091495,4,11,45
1.6288073767091495,5,11,45
1.6288073767091495,6,11,45
1.6288073767091495,7,11,45
1.6288073767091495,8,11,45
1.6288073767091495,9,11,45
1.6288073767091495,11,45,46
1.6288073767091495,11,45,47
1.6288073767091495,11,45,48
1.6288073767091495,11,45,49
1.6331514436313297,22,37
1.6331514436313297,22,23,37
1.6331514436313297,22,24,37
1.6331514436313297,22,25,37
1.6331514436313297,22,26,37
1.6331514436313297,22,27,37
1.6331514436313297,22,28,37
1.6331514436313297,22,29,37
1.6331514436313297,22,30,37
1.6331514436313297,22,31,37
1.6331514436313297,22,32,37
1.6331514436313297,22,33,37
1.6331514436313297,22,34,37
1.6331514436313297,22,35,37
1.6331514436313297,22,36,37
1.6349118229820718,20,34
1.6349118229820718,20,21,34
1.6349118229820718,20,22,34
1.6349118229820718,20,23,34
1.6349118229820718,20,24,34
1.6349118229820718,20,25,34
1.6349118229820718,20,26,34
1.6349118229820718,20,27,34
1.6349118229820718,20,28,34
1.6349118229820718,20,29,34
1.6349118229820718,20,30,34
1.6349118229820718,20,31,34
1.6349118229820718,20,32,34
1.6349118229820718,20,33,34
1.6349118229820718,20,34,35
1.6353333912783203,11,26
1.6353333912783203,11,12,26
1.6353333912783203,11,13,26
1.6353333912783203,11,14,26
1.6353333912783203,11,15,26
1.6353333912783203,11,16,26
1.6353333912783203,11,17,26
1.6353333912783203,11,18,26
1.6353333912783203,11,19,26
1.6353333912783203,11,20,26
1.6353333912783203,11,21,26
1.6353333912783203,11,22,26
1.6353333912783203,11,23,26
1.6353333912783203,11,24,26
1.6353333912783203,11,25,26
1.636471765123281,9,25
1.636471765123281,9,11,25
1.636471765123281,9,12,25
1.636471765123281,9,13,25
1.636471765123281,9,14,25
1.636471765123281,9,15,25
1.636471765123281,9,16,25
1.636471765123281,9,17,25
1.636471765123281,9,18,25
1.636471765123281,9,19,25
1.636471765123281,9,20,25
1.636471765123281,9,21,25
1.636471765123281,9,22,25
1.636471765123281,9,23,25
1.6374900052296737,16,29
1.6374900052296737,16,17,29
1.6374900052296737,16,18,29
1.6374900052296737,16,19,29
1.6374900052296737,16,20,29
1.6374900052296737,16,21,29
1.6374900052296737,16,22,29
1.6374900052296737,16,23,29
1.6374900052296737,16,24,29
1.6374900052296737,16,25,29
1.6374900052296737,16,26,29
1.6374900052296737,16,27,29
1.6374900052296737,16,28,29
1.6374900052296737,16,29,30
1.6382523404660225,28,43
1.6382523404660225,28,29,43
1.6382523404660225,28,30,43
1.6382523404660225,28,31,43
1.6382523404660225,28,32,43
1.6382523404660225,28,33,43
1.6382523404660225,28,34,43
1.6382523404660225,28,35,43
1.6382523404660225,28,36,43
1.6382523404660225,28,37,43
1.6382523404660225,28,38,43
1.6382523404660225,28,39,43
1.6382523404660225,28,40,43
1.6382523404660225,28,41,43
1.6382523404660225,28,42,43
1.63826285532433,31,47
1.63826285532433,31,33,47
1.63826285532433,31,34,47
1.63826285532433,31,35,47
1.63826285532433,31,36,47
1.63826285532433,31,37,47
1.63826285532433,31,38,47
1.63826285532433,31,39,47
1.63826285532433,31,40,47
1.63826285532433,31,41,47
1.63826285532433,31,42,47
1.63826285532433,31,43,47
1.63826285532433,31,44,47
1.63826285532433,31,45,47
1.63826285532433,31,46,47
1.63826285532433,31,47,48
1.6418740989619884,2,16
1.6418740989619884,1,2,16
1.6418740989619884,2,3,16
1.6418740989619884,2,4,16
1.6418740989619884,2,5,16
1.6418740989619884,2,6,16
1.6418740989619884,2,7,16
1.6418740989619884,2,8,16
1.6418740989619884,2,9,16
1.6418740989619884,2,10,16
1.6418740989619884,2,11,16
1.6418740989619884,2,12,16
1.6418740989619884,2,13,16
1.6418740989619884,2,14,16
1.6418740989619884,2,15,16
1.6426530352101756,8,22
1.6426530352101756,8,9,22
1.6426530352101756,8,10,22
1.6426530352101756,8,11,22
1.6426530352101756,8,12,22
1.6426530352101756,8,13,22
1.6426530352101756,8,14,22
1.6426530352101756,8,15,22
1.6426530352101756,8,16,22
1.6426530352101756,8,17,22
1.6426530352101756,8,18,22
1.6426530352101756,8,19,22
1.6426530352101756,8,20,22
1.6426530352101756,8,21,22
1.646055268189092,0,31
1.646055268189092,0,31,33
1.646055268189092,0,31,34
1.646055268189092,0,31,35
1.646055268189092,0,31,36
1.646055268189092,0,31,37
1.646055268189092,0,31,38
1.646055268189092,0,31,39
1.646055268189092,0,31,40
1.646055268189092,0,31,41
1.646055268189092,0,31,42
1.646055268189092,0,31,43
1.646055268189092,0,31,44
1.646055268189092,0,31,45
1.646055268189092,0,31,46
1.646055268189092,0,31,47
1.646055268189092,0,31,48
1.6468297182343923,5,20
1.6468297182343923,5,6,20
1.6468297182343923,5,7,20
1.6468297182343923,5,8,20
1.6468297182343923,5,9,20
1.6468297182343923,5,10,20
1.6468297182343923,5,11,20
1.6468297182343923,5,12,20
1.6468297182343923,5,13,20
1.6468297182343923,5,14,20
1.6468297182343923,5,15,20
1.6468297182343923,5,16,20
1.6468297182343923,5,17,20
1.6468297182343923,5,18,20
1.6468297182343923,5,19,20
1.646923298601565,4,19
1.646923298601565,3,4,19
1.646923298601565,4,5,19
1.646923298601565,4,6,19
1.646923298601565,4,7,19
1.646923298601565,4,8,19
1.646923298601565,4,9,19
1.646923298601565,4,10,19
1.646923298601565,4,11,19
1.646923298601565,4,12,19
1.646923298601565,4,13,19
1.646923298601565,4,14,19
1.646923298601565,4,15,19
1.646923298601565,4,16,19
1.646923298601565,4,17,19
1.646923298601565,4,18,19
1.6475959967428055,32,48
1.6475959967428055,31,32,48
1.6475959967428055,32,33,48
1.6475959967428055,32,34,48
1.6475959967428055,32,35,48
1.6475959967428055,32,36,48
1.6475959967428055,32,37,48
1.6475959967428055,32,38,48
1.6475959967428055,32,39,48
1.6475959967428055,32,40,48
1.6475959967428055,32,41,48
1.6475959967428055,32,42,48
1.6475959967428055,32,43,48
1.6475959967428055,32,44,48
1.6475959967428055,32,45,48
1.6475959967428055,32,46,48
1.6481842806020202,10,45
1.6481842806020202,0,10,45
1.6481842806020202,1,10,45
1.6481842806020202,2,10,45
1.6481842806020202,3,10,45
1.6481842806020202,4,10,45
1.6481842806020202,5,10,45
1.6481842806020202,6,10,45
1.6481842806020202,7,10,45
1.6481842806020202,8,10,45
1.6481842806020202,9,10,45
1.6481842806020202,10,11,45
1.6481842806020202,10,45,46
1.6481842806020202,10,45,47
1.6481842806020202,10,45,48
1.6481842806020202,10,45,49
1.648976154501979,27,42
1.648976154501979,27,28,42
1.648976154501979,27,29,42
1.648976154501979,27,30,42
1.648976154501979,27,31,42
1.648976154501979,27,32,42
1.648976154501979,27,33,42
1.648976154501979,27,34,42
1.648976154501979,27,35,42
1.648976154501979,27,36,42
1.648976154501979,27,37,42
1.648976154501979,27,38,42
1.648976154501979,27,39,42
1.648976154501979,27,40,42
1.648976154501979,27,41,42
1.6522413177196777,30,46
1.6522413177196777,30,31,46
1.6522413177196777,30,32,46
1.6522413177196777,30,33,46
1.6522413177196777,30,34,46
1.6522413177196777,30,35,46
1.6522413177196777,30,36,46
1.6522413177196777,30,37,46
1.6522413177196777,30,38,46
1.6522413177196777,30,39,46
1.6522413177196777,30,40,46
1.6522413177196777,30,41,46
1.6522413177196777,30,42,46
1.6522413177196777,30,43,46
1.6522413177196777,30,44,46
1.6522413177196777,30,45,46
1.6529045514573966,16,31
1.6529045514573966,16,17,31
1.6529045514573966,16,18,31
1.6529045514573966,16,19,31
1.6529045514573966,16,20,31
1.6529045514573966,16,21,31
1.6529045514573966,16,22,31
1.6529045514573966,16,23,31
1.6529045514573966,16,24,31
1.6529045514573966,16,25,31
1.6529045514573966,16,26,31
1.6529045514573966,16,27,31
1.6529045514573966,16,28,31
1.6529045514573966,16,29,31
1.6529045514573966,16,30,31
1.65455972741168,12,46
1.65455972741168,0,12,46
1.65455972741168,1,12,46
1.65455972741168,2,12,46
1.65455972741168,3,12,46
1.65455972741168,4,12,46
1.65455972741168,5,12,46
1.65455972741168,6,12,46
1.65455972741168,7,12,46
1.65455972741168,8,12,46
1.65455972741168,9,12,46
1.65455972741168,10,12,46
1.65455972741168,11,12,46
1.65455972741168,12,46,47
1.65455972741168,12,46,48
1.65455972741168,12,46,49
1.6568198164192178,9,43
1.6568198164192178,0,9,43
1.6568198164192178,1,9,43
1.6568198164192178,2,9,43
1.6568198164192178,3,9,43
1.6568198164192178,4,9,43
1.6568198164192178,5,9,43
1.6568198164192178,6,9,43
1.6568198164192178,7,9,43
1.6568198164192178,8,9,43
1.6568198164192178,9,43,44
1.6568198164192178,9,43,45
1.6568198164192178,9,43,46
1.6568198164192178,9,43,47
1.6568198164192178,9,43,48
1.6568198164192178,9,43,49
1.6580633207414006,25,41
1.6580633207414006,25,27,41
1.6580633207414006,25,28,41
1.6580633207414006,25,29,41
1.6580633207414006,25,30,41
1.6580633207414006,25,31,41
1.6580633207414006,25,32,41
1.6580633207414006,25,33,41
1.6580633207414006,25,34,41
1.6580633207414006,25,35,41
1.6580633207414006,25,36,41
1.6580633207414006,25,37,41
1.6580633207414006,25,38,41
1.6580633207414006,25,39,41
1.6580633207414006,25,40,41
1.6624670354851268,6,40
1.6624670354851268,0,6,40
1.6624670354851268,1,6,40
1.6624670354851268,2,6,40
1.6624670354851268,3,6,40
1.6624670354851268,4,6,40
1.6624670354851268,5,6,40
1.6624670354851268,6,40,41
1.6624670354851268,6,40,42
1.6624670354851268,6,40,43
1.6624670354851268,6,40,44
1.6624670354851268,6,40,45
1.6624670354851268,6,40,46
1.6624670354851268,6,40,47
1.6624670354851268,6,40,48
1.6624670354851268,6,40,49
1.663359962012406,26,41
1.663359962012406,25,26,41
1.663359962012406,26,27,41
1.663359962012406,26,28,41
1.663359962012406,26,29,41
1.663359962012406,26,30,41
1.663359962012406,26,31,41
1.663359962012406,26,32,41
1.663359962012406,26,33,41
1.663359962012406,26,34,41
1.663359962012406,26,35,41
1.663359962012406,26,36,41
1.663359962012406,26,37,41
1.663359962012406,26,38,41
1.663359962012406,26,39,41
1.663359962012406,26,40,41
1.6651676892820655,24,39
1.6651676892820655,24,25,39
1.6651676892820655,24,26,39
1.6651676892820655,24,27,39
1.6651676892820655,24,28,39
1.6651676892820655,24,29,39
1.6651676892820655,24,30,39
1.6651676892820655,24,31,39
1.6651676892820655,24,32,39
1.6651676892820655,24,33,39
1.6651676892820655,24,34,39
1.6651676892820655,24,35,39
1.6651676892820655,24,36,39
1.6651676892820655,24,37,39
1.6651676892820655,24,38,39
1.6671412390731184,2,35
1.6671412390731184,0,2,35
1.6671412390731184,1,2,35
1.6671412390731184,2,35,36
1.6671412390731184,2,35,37
1.6671412390731184,2,35,38
1.6671412390731184,2,35,39
1.6671412390731184,2,35,40
1.6671412390731184,2,35,41
1.6671412390731184,2,35,42
1.6671412390731184,2,35,43
1.6671412390731184,2,35,44
1.6671412390731184,2,35,45
1.6671412390731184,2,35,46
1.6671412390731184,2,35,47
1.6671412390731184,2,35,48
1.6671412390731184,2,35,49
1.6685976489522016,10,25
1.6685976489522016,9,10,25
1.6685976489522016,10,11,25
1.6685976489522016,10,12,25
1.6685976489522016,10,13,25
1.6685976489522016,10,14,25
1.6685976489522016,10,15,25
1.6685976489522016,10,16,25
1.6685976489522016,10,17,25
1.6685976489522016,10,18,25
1.6685976489522016,10,19,25
1.6685976489522016,10,20,25
1.6685976489522016,10,21,25
1.6685976489522016,10,22,25
1.6685976489522016,10,23,25
1.6699292610142775,23,39
1.6699292610142775,23,24,39
1.6699292610142775,23,25,39
1.6699292610142775,23,26,39
1.6699292610142775,23,27,39
1.6699292610142775,23,28,39
1.6699292610142775,23,29,39
1.6699292610142775,23,30,39
1.6699292610142775,23,31,39
1.6699292610142775,23,32,39
1.6699292610142775,23,33,39
1.6699292610142775,23,34,39
1.6699292610142775,23,35,39
1.6699292610142775,23,36,39
1.6699292610142775,23,37,39
1.6699292610142775,23,38,39
1.6714035057347123,1,33
1.6714035057347123,0,1,33
1.6714035057347123,1,18,33
1.6714035057347123,1,33,35
1.6714035057347123,1,33,36
1.6714035057347123,1,33,37
1.6714035057347123,1,33,38
1.6714035057347123,1,33,39
1.6714035057347123,1,33,40
1.6714035057347123,1,33,41
1.6714035057347123,1,33,42
1.6714035057347123,1,33,43
1.6714035057347123,1,33,44
1.6714035057347123,1,33,45
1.6714035057347123,1,33,46
1.6714035057347123,1,33,47
1.6714035057347123,1,33,48
1.671445557889927,14,48
1.671445557889927,0,14,48
1.671445557889927,1,14,48
1.671445557889927,2,14,48
1.671445557889927,3,14,48
1.671445557889927,4,14,48
1.671445557889927,5,14,48
1.671445557889927,6,14,48
1.671445557889927,7,14,48
1.671445557889927,8,14,48
1.671445557889927,9,14,48
1.671445557889927,10,14,48
1.671445557889927,11,14,48
1.671445557889927,12,14,48
1.671445557889927,13,14,48
1.671445557889927,14,48,49
1.6716928353183695,32,47
1.6716928353183695,31,32,47
1.6716928353183695,32,33,47
1.6716928353183695,32,34,47
1.6716928353183695,32,35,47
1.6716928353183695,32,36,47
1.6716928353183695,32,37,47
1.6716928353183695,32,38,47
1.6716928353183695,32,39,47
1.6716928353183695,32,40,47
1.6716928353183695,32,41,47
1.6716928353183695,32,42,47
1.6716928353183695,32,43,47
1.6716928353183695,32,44,47
1.6716928353183695,32,45,47
1.6716928353183695,32,46,47
1.6716928353183695,32,47,48
1.6722830165926086,6,21
1.6722830165926086,6,7,21
1.6722830165926086,6,8,21
1.6722830165926086,6,9,21
1.6722830165926086,6,10,21
1.6722830165926086,6,11,21
1.6722830165926086,6,12,21
1.6722830165926086,6,13,21
1.6722830165926086,6,14,21
1.6722830165926086,6,15,21
1.6722830165926086,6,16,21
1.6722830165926086,6,17,21
1.6722830165926086,6,18,21
1.6722830165926086,6,19,21
1.6722830165926086,6,20,21
1.675831014265437,12,45
1.675831014265437,0,12,45
1.675831014265437,1,12,45
1.675831014265437,2,12,45
1.675831014265437,3,12,45
1.675831014265437,4,12,45
1.675831014265437,5,12,45
1.675831014265437,6,12,45
1.675831014265437,7,12,45
1.675831014265437,8,12,45
1.675831014265437,9,12,45
1.675831014265437,10,12,45
1.675831014265437,11,12,45
1.675831014265437,12,45,46
1.675831014265437,12,45,47
1.675831014265437,12,45,48
1.675831014265437,12,45,49
1.6780337614412562,8,41
1.6780337614412562,0,8,41
1.6780337614412562,1,8,41
1.6780337614412562,2,8,41
1.6780337614412562,3,8,41
1.6780337614412562,4,8,41
1.6780337614412562,5,8,41
1.6780337614412562,6,8,41
1.6780337614412562,8,41,43
1.6780337614412562,8,41,44
1.6780337614412562,8,41,45
1.6780337614412562,8,41,46
1.6780337614412562,8,41,47
1.6780337614412562,8,41,48
1.6780337614412562,8,41,49
1.6784132452694327,29,45
1.6784132452694327,29,30,45
1.6784132452694327,29,31,45
1.6784132452694327,29,32,45
1.6784132452694327,29,33,45
1.6784132452694327,29,34,45
1.6784132452694327,29,35,45
1.6784132452694327,29,36,45
1.6784132452694327,29,37,45
1.6784132452694327,29,38,45
1.6784132452694327,29,39,45
1.6784132452694327,29,40,45
1.6784132452694327,29,41,45
1.6784132452694327,29,42,45
1.6784132452694327,29,43,45
1.6784132452694327,29,44,45
1.679692924860709,5,38
1.679692924860709,0,5,38
1.679692924860709,1,5,38
1.679692924860709,2,5,38
1.679692924860709,3,5,38
1.679692924860709,5,38,39
1.679692924860709,5,38,40
1.679692924860709,5,38,41
1.679692924860709,5,38,42
1.679692924860709,5,38,43
1.679692924860709,5,38,44
1.679692924860709,5,38,45
1.679692924860709,5,38,46
1.679692924860709,5,38,47
1.679692924860709,5,38,48
1.679692924860709,5,38,49
1.6799752955344427,9,24
1.6799752955344427,9,11,24
1.6799752955344427,9,12,24
1.6799752955344427,9,13,24
1.6799752955344427,9,14,24
1.6799752955344427,9,15,24
1.6799752955344427,9,16,24
1.6799752955344427,9,17,24
1.6799752955344427,9,18,24
1.6799752955344427,9,19,24
1.6799752955344427,9,20,24
1.6799752955344427,9,21,24
1.6799752955344427,9,22,24
1.6799752955344427,9,23,24
1.6799752955344427,9,24,25
1.6810594804885581,15,30
1.6810594804885581,15,16,30
1.6810594804885581,15,17,30
1.6810594804885581,15,18,30
1.6810594804885581,15,19,30
1.6810594804885581,15,20,30
1.6810594804885581,15,21,30
1.6810594804885581,15,22,30
1.6810594804885581,15,23,30
1.6810594804885581,15,24,30
1.6810594804885581,15,25,30
1.6810594804885581,15,26,30
1.6810594804885581,15,27,30
1.6810594804885581,15,28,30
1.6830579502167868,8,42
1.6830579502167868,0,8,42
1.6830579502167868,1,8,42
1.6830579502167868,2,8,42
1.6830579502167868,3,8,42
1.6830579502167868,4,8,42
1.6830579502167868,5,8,42
1.6830579502167868,6,8,42
1.6830579502167868,8,41,42
1.6830579502167868,8,42,43
1.6830579502167868,8,42,44
1.6830579502167868,8,42,45
1.6830579502167868,8,42,46
1.6830579502167868,8,42,47
1.6830579502167868,8,42,48
1.6830579502167868,8,42,49
1.6838512515107356,15,48
1.6838512515107356,0,15,48
1.6838512515107356,1,15,48
1.6838512515107356,2,15,48
1.6838512515107356,3,15,48
1.6838512515107356,4,15,48
1.6838512515107356,5,15,48
1.6838512515107356,6,15,48
1.6838512515107356,7,15,48
1.6838512515107356,8,15,48
1.6838512515107356,9,15,48
1.6838512515107356,10,15,48
1.6838512515107356,11,15,48
1.6838512515107356,12,15,48
1.6838512515107356,13,15,48
1.6838512515107356,14,15,48
1.6838512515107356,15,48,49
1.6867120141776626,1,19
1.6867120141776626,1,3,19
1.6867120141776626,1,4,19
1.6867120141776626,1,5,19
1.6867120141776626,1,6,19
1.6867120141776626,1,7,19
1.6867120141776626,1,8,19
1.6867120141776626,1,9,19
1.6867120141776626,1,10,19
1.6867120141776626,1,11,19
1.6867120141776626,1,12,19
1.6867120141776626,1,13,19
1.6867120141776626,1,14,19
1.6867120141776626,1,15,19
1.6867120141776626,1,16,19
1.6867120141776626,1,17,19
1.6867120141776626,1,18,19
1.6867120141776626,1,19,33
1.6873398310833818,0,32
1.6873398310833818,0,31,32
1.6873398310833818,0,32,33
1.6873398310833818,0,32,34
1.6873398310833818,0,32,35
1.6873398310833818,0,32,36
1.6873398310833818,0,32,37
1.6873398310833818,0,32,38
1.6873398310833818,0,32,39
1.6873398310833818,0,32,40
1.6873398310833818,0,32,41
1.6873398310833818,0,32,42
1.6873398310833818,0,32,43
1.6873398310833818,0,32,44
1.6873398310833818,0,32,45
1.6873398310833818,0,32,46
1.6873398310833818,0,32,47
1.6873398310833818,0,32,48
1.6874241874978677,5,37
1.6874241874978677,0,5,37
1.6874241874978677,1,5,37
1.6874241874978677,2,5,37
1.6874241874978677,3,5,37
1.6874241874978677,5,37,38
1.6874241874978677,5,37,39
1.6874241874978677,5,37,40
1.6874241874978677,5,37,41
1.6874241874978677,5,37,42
1.6874241874978677,5,37,43
1.6874241874978677,5,37,44
1.6874241874978677,5,37,45
1.6874241874978677,5,37,46
1.6874241874978677,5,37,47
1.6874241874978677,5,37,48
1.6874241874978677,5,37,49
1.6887721157264082,16,49
1.6887721157264082,1,16,49
1.6887721157264082,2,16,49
1.6887721157264082,3,16,49
1.6887721157264082,4,16,49
1.6887721157264082,5,16,49
1.6887721157264082,6,16,49
1.6887721157264082,7,16,49
1.6887721157264082,8,16,49
1.6887721157264082,9,16,49
1.6887721157264082,10,16,49
1.6887721157264082,11,16,49
1.6887721157264082,12,16,49
1.6887721157264082,13,16,49
1.6887721157264082,14,16,49
1.6887721157264082,15,16,49
1.6888494620582124,12,28
1.6888494620582124,12,13,28
1.6888494620582124,12,14,28
1.6888494620582124,12,15,28
1.6888494620582124,12,16,28
1.6888494620582124,12,17,28
1.6888494620582124,12,18,28
1.6888494620582124,12,19,28
1.6888494620582124,12,20,28
1.6888494620582124,12,21,28
1.6888494620582124,12,22,28
1.6888494620582124,12,23,28
1.6888494620582124,12,24,28
1.6888494620582124,12,25,28
1.6888494620582124,12,26,28
1.6900829557802588,19,35
1.6900829557802588,1,19,35
1.6900829557802588,19,20,35
1.6900829557802588,19,21,35
1.6900829557802588,19,22,35
1.6900829557802588,19,23,35
1.6900829557802588,19,24,35
1.6900829557802588,19,25,35
1.6900829557802588,19,26,35
1.6900829557802588,19,27,35
1.6900829557802588,19,28,35
1.6900829557802588,19,29,35
1.6900829557802588,19,30,35
1.6900829557802588,19,31,35
1.6900829557802588,19,32,35
1.6900829557802588,19,33,35
1.6904254798723908,17,32
1.6904254798723908,17,18,32
1.6904254798723908,17,19,32
1.6904254798723908,17,20,32
1.6904254798723908,17,21,32
1.6904254798723908,17,22,32
1.6904254798723908,17,23,32
1.6904254798723908,17,24,32
1.6904254798723908,17,25,32
1.6904254798723908,17,26,32
1.6904254798723908,17,27,32
1.6904254798723908,17,28,32
1.6904254798723908,17,29,32
1.6904254798723908,17,30,32
1.6904254798723908,17,31,32
1.6909721904612651,1,31
1.6909721904612651,0,1,31
1.6909721904612651,1,16,31
1.6909721904612651,1,17,31
1.6909721904612651,1,18,31
1.6909721904612651,1,19,31
1.6909721904612651,1,31,33
1.6909721904612651,1,31,35
1.6909721904612651,1,31,36
1.6909721904612651,1,31,37
1.6909721904612651,1,31,38
1.6909721904612651,1,31,39
1.6909721904612651,1,31,40
1.6909721904612651,1,31,41
1.6909721904612651,1,31,42
1.6909721904612651,1,31,43
1.6909721904612651,1,31,44
1.6909721904612651,1,31,45
1.6909721904612651,1,31,46
1.6909721904612651,1,31,47
1.6909721904612651,1,31,48
1.691036435107169,3,20
1.691036435107169,3,5,20
1.691036435107169,3,6,20
1.691036435107169,3,7,20
1.691036435107169,3,8,20
1.691036435107169,3,9,20
1.691036435107169,3,10,20
1.691036435107169,3,11,20
1.691036435107169,3,12,20
1.691036435107169,3,13,20
1.691036435107169,3,14,20
1.691036435107169,3,15,20
1.691036435107169,3,16,20
1.691036435107169,3,17,20
1.691036435107169,3,18,20
1.691036435107169,3,19,20
1.6912091988811273,10,24
1.6912091988811273,9,10,24
1.6912091988811273,10,11,24
1.6912091988811273,10,12,24
1.6912091988811273,10,13,24
1.6912091988811273,10,14,24
1.6912091988811273,10,15,24
1.6912091988811273,10,16,24
1.6912091988811273,10,17,24
1.6912091988811273,10,18,24
1.6912091988811273,10,19,24
1.6912091988811273,10,20,24
1.6912091988811273,10,21,24
1.6912091988811273,10,22,24
1.6912091988811273,10,23,24
1.6912091988811273,10,24,25
1.692444773739711,12,27
1.692444773739711,12,13,27
1.692444773739711,12,14,27
1.692444773739711,12,15,27
1.692444773739711,12,16,27
1.692444773739711,12,17,27
1.692444773739711,12,18,27
1.692444773739711,12,19,27
1.692444773739711,12,20,27
1.692444773739711,12,21,27
1.692444773739711,12,22,27
1.692444773739711,12,23,27
1.692444773739711,12,24,27
1.692444773739711,12,25,27
1.692444773739711,12,26,27
1.692444773739711,12,27,28
1.6948126169988451,4,38
1.6948126169988451,0,4,38
1.6948126169988451,1,4,38
1.6948126169988451,2,4,38
1.6948126169988451,3,4,38
1.6948126169988451,4,5,38
1.6948126169988451,4,38,39
1.6948126169988451,4,38,40
1.6948126169988451,4,38,41
1.6948126169988451,4,38,42
1.6948126169988451,4,38,43
1.6948126169988451,4,38,44
1.6948126169988451,4,38,45
1.6948126169988451,4,38,46
1.6948126169988451,4,38,47
1.6948126169988451,4,38,48
1.6948126169988451,4,38,49
1.6965690820008843,3,35
1.6965690820008843,0,3,35
1.6965690820008843,1,3,35
1.6965690820008843,2,3,35
1.6965690820008843,3,19,35
1.6965690820008843,3,20,35
1.6965690820008843,3,35,36
1.6965690820008843,3,35,37
1.6965690820008843,3,35,38
1.6965690820008843,3,35,39
1.6965690820008843,3,35,40
1.6965690820008843,3,35,41
1.6965690820008843,3,35,42
1.6965690820008843,3,35,43
1.6965690820008843,3,35,44
1.6965690820008843,3,35,45
1.6965690820008843,3,35,46
1.6965690820008843,3,35,47
1.6965690820008843,3,35,48
1.6965690820008843,3,35,49
1.699945671290454,22,38
1.699945671290454,22,23,38
1.699945671290454,22,24,38
1.699945671290454,22,25,38
1.699945671290454,22,26,38
1.699945671290454,22,27,38
1.699945671290454,22,28,38
1.699945671290454,22,29,38
1.699945671290454,22,30,38
1.699945671290454,22,31,38
1.699945671290454,22,32,38
1.699945671290454,22,33,38
1.699945671290454,22,34,38
1.699945671290454,22,35,38
1.699945671290454,22,36,38
1.699945671290454,22,37,38
1.7017750179958193,28,44
1.7017750179958193,28,29,44
1.7017750179958193,28,30,44
1.7017750179958193,28,31,44
1.7017750179958193,28,32,44
1.7017750179958193,28,33,44
1.7017750179958193,28,34,44
1.7017750179958193,28,35,44
1.7017750179958193,28,36,44
1.7017750179958193,28,37,44
1.7017750179958193,28,38,44
1.7017750179958193,28,39,44
1.7017750179958193,28,40,44
1.7017750179958193,28,41,44
1.7017750179958193,28,42,44
1.7017750179958193,28,43,44
1.7022912052916912,7,41
1.7022912052916912,0,7,41
1.7022912052916912,1,7,41
1.7022912052916912,2,7,41
1.7022912052916912,3,7,41
1.7022912052916912,4,7,41
1.7022912052916912,5,7,41
1.7022912052916912,6,7,41
1.7022912052916912,7,8,41
1.7022912052916912,7,41,43
1.7022912052916912,7,41,44
1.7022912052916912,7,41,45
1.7022912052916912,7,41,46
1.7022912052916912,7,41,47
1.7022912052916912,7,41,48
1.7022912052916912,7,41,49
1.7025763831448482,0,16
1.7025763831448482,0,1,16
1.7025763831448482,0,2,16
1.7025763831448482,0,3,16
1.7025763831448482,0,4,16
1.7025763831448482,0,5,16
1.7025763831448482,0,6,16
1.7025763831448482,0,7,16
1.7025763831448482,0,8,16
1.7025763831448482,0,9,16
1.7025763831448482,0,10,16
1.7025763831448482,0,11,16
1.7025763831448482,0,12,16
1.7025763831448482,0,13,16
1.7025763831448482,0,14,16
1.7025763831448482,0,15,16
1.7025763831448482,0,16,31
1.7025763831448482,0,16,49
1.7028036626396041,21,36
1.7028036626396041,21,22,36
1.7028036626396041,21,23,36
1.7028036626396041,21,24,36
1.7028036626396041,21,25,36
1.7028036626396041,21,26,36
1.7028036626396041,21,27,36
1.7028036626396041,21,28,36
1.7028036626396041,21,29,36
1.7028036626396041,21,30,36
1.7028036626396041,21,31,36
1.7028036626396041,21,32,36
1.7028036626396041,21,33,36
1.7028036626396041,21,34,36
1.7028036626396041,21,35,36
1.7035789983540615,1,34
1.7035789983540615,0,1,34
1.7035789983540615,1,31,34
1.7035789983540615,1,33,34
1.7035789983540615,1,34,35
1.7035789983540615,1,34,36
1.7035789983540615,1,34,37
1.7035789983540615,1,34,38
1.7035789983540615,1,34,39
1.7035789983540615,1,34,40
1.7035789983540615,1,34,41
1.7035789983540615,1,34,42
1.7035789983540615,1,34,43
1.7035789983540615,1,34,44
1.7035789983540615,1,34,45
1.7035789983540615,1,34,46
1.7035789983540615,1,34,47
1.7035789983540615,1,34,48
1.703860884481427,20,36
1.703860884481427,3,20,36
1.703860884481427,20,21,36
1.703860884481427,20,22,36
1.703860884481427,20,23,36
1.703860884481427,20,24,36
1.703860884481427,20,25,36
1.703860884481427,20,26,36
1.703860884481427,20,27,36
1.703860884481427,20,28,36
1.703860884481427,20,29,36
1.703860884481427,20,30,36
1.703860884481427,20,31,36
1.703860884481427,20,32,36
1.703860884481427,20,33,36
1.703860884481427,20,34,36
1.703860884481427,20,35,36
1.7052275127948353,7,42
1.7052275127948353,0,7,42
1.7052275127948353,1,7,42
1.7052275127948353,2,7,42
1.7052275127948353,3,7,42
1.7052275127948353,4,7,42
1.7052275127948353,5,7,42
1.7052275127948353,6,7,42
1.7052275127948353,7,8,42
1.7052275127948353,7,41,42
1.7052275127948353,7,42,43
1.7052275127948353,7,42,44
1.7052275127948353,7,42,45
1.7052275127948353,7,42,46
1.7052275127948353,7,42,47
1.7052275127948353,7,42,48
1.7052275127948353,7,42,49
1.7056380435839247,8,23
1.7056380435839247,8,9,23
1.7056380435839247,8,10,23
1.7056380435839247,8,11,23
1.7056380435839247,8,12,23
1.7056380435839247,8,13,23
1.7056380435839247,8,14,23
1.7056380435839247,8,15,23
1.7056380435839247,8,16,23
1.7056380435839247,8,17,23
1.7056380435839247,8,18,23
1.7056380435839247,8,19,23
1.7056380435839247,8,20,23
1.7056380435839247,8,21,23
1.7056380435839247,8,22,23
1.7058404161961689,6,39
1.7058404161961689,0,6,39
1.7058404161961689,1,6,39
1.7058404161961689,2,6,39
1.7058404161961689,3,6,39
1.7058404161961689,4,6,39
1.7058404161961689,5,6,39
1.7058404161961689,6,39,40
1.7058404161961689,6,39,41
1.7058404161961689,6,39,42
1.7058404161961689,6,39,43
1.7058404161961689,6,39,44
1.7058404161961689,6,39,45
1.7058404161961689,6,39,46
1.7058404161961689,6,39,47
1.7058404161961689,6,39,48
1.7058404161961689,6,39,49
1.7059404525284414,4,37
1.7059404525284414,0,4,37
1.7059404525284414,1,4,37
1.7059404525284414,2,4,37
1.7059404525284414,3,4,37
1.7059404525284414,4,5,37
1.7059404525284414,4,37,38
1.7059404525284414,4,37,39
1.7059404525284414,4,37,40
1.7059404525284414,4,37,41
1.7059404525284414,4,37,42
1.7059404525284414,4,37,43
1.7059404525284414,4,37,44
1.7059404525284414,4,37,45
1.7059404525284414,4,37,46
1.7059404525284414,4,37,47
1.7059404525284414,4,37,48
1.7059404525284414,4,37,49
1.7066111289526589,33,49
1.7066111289526589,0,33,49
1.7066111289526589,1,33,49
1.7066111289526589,33,35,49
1.7066111289526589,33,36,49
1.7066111289526589,33,37,49
1.7066111289526589,33,38,49
1.7066111289526589,33,39,49
1.7066111289526589,33,40,49
1.7066111289526589,33,41,49
1.7066111289526589,33,42,49
1.7066111289526589,33,43,49
1.7066111289526589,33,44,49
1.7066111289526589,33,45,49
1.7066111289526589,33,46,49
1.7066111289526589,33,47,49
1.7066111289526589,33,48,49
1.7083582303178442,17,33
1.7083582303178442,1,17,33
1.7083582303178442,17,18,33
1.7083582303178442,17,19,33
1.7083582303178442,17,20,33
1.7083582303178442,17,21,33
1.7083582303178442,17,22,33
1.7083582303178442,17,23,33
1.7083582303178442,17,24,33
1.7083582303178442,17,25,33
1.7083582303178442,17,26,33
1.7083582303178442,17,27,33
1.7083582303178442,17,28,33
1.7083582303178442,17,29,33
1.7083582303178442,17,30,33
1.7083582303178442,17,31,33
1.7083582303178442,17,32,33
1.709967225013277,7,22
1.709967225013277,7,8,22
1.709967225013277,7,9,22
1.709967225013277,7,10,22
1.709967225013277,7,11,22
1.709967225013277,7,12,22
1.709967225013277,7,13,22
1.709967225013277,7,14,22
1.709967225013277,7,15,22
1.709967225013277,7,16,22
1.709967225013277,7,17,22
1.709967225013277,7,18,22
1.709967225013277,7,19,22
1.709967225013277,7,20,22
1.709967225013277,7,21,22
1.7107770660184336,25,42
1.7107770660184336,25,27,42
1.7107770660184336,25,28,42
1.7107770660184336,25,29,42
1.7107770660184336,25,30,42
1.7107770660184336,25,31,42
1.7107770660184336,25,32,42
1.7107770660184336,25,33,42
1.7107770660184336,25,34,42
1.7107770660184336,25,35,42
1.7107770660184336,25,36,42
1.7107770660184336,25,37,42
1.7107770660184336,25,38,42
1.7107770660184336,25,39,42
1.7107770660184336,25,40,42
1.7107770660184336,25,41,42
1.71125862908329,20,37
1.71125862908329,3,20,37
1.71125862908329,5,20,37
1.71125862908329,20,22,37
1.71125862908329,20,23,37
1.71125862908329,20,24,37
1.71125862908329,20,25,37
1.71125862908329,20,26,37
1.71125862908329,20,27,37
1.71125862908329,20,28,37
1.71125862908329,20,29,37
1.71125862908329,20,30,37
1.71125862908329,20,31,37
1.71125862908329,20,32,37
1.71125862908329,20,33,37
1.71125862908329,20,34,37
1.71125862908329,20,35,37
1.71125862908329,20,36,37
1.7121783323114668,21,37
1.7121783323114668,20,21,37
1.7121783323114668,21,22,37
1.7121783323114668,21,23,37
1.7121783323114668,21,24,37
1.7121783323114668,21,25,37
1.7121783323114668,21,26,37
1.7121783323114668,21,27,37
1.7121783323114668,21,28,37
1.7121783323114668,21,29,37
1.7121783323114668,21,30,37
1.7121783323114668,21,31,37
1.7121783323114668,21,32,37
1.7121783323114668,21,33,37
1.7121783323114668,21,34,37
1.7121783323114668,21,35,37
1.7121783323114668,21,36,37
1.7122024387850845,19,34
1.7122024387850845,1,19,34
1.7122024387850845,19,20,34
1.7122024387850845,19,21,34
1.7122024387850845,19,22,34
1.7122024387850845,19,23,34
1.7122024387850845,19,24,34
1.7122024387850845,19,25,34
1.7122024387850845,19,26,34
1.7122024387850845,19,27,34
1.7122024387850845,19,28,34
1.7122024387850845,19,29,34
1.7122024387850845,19,30,34
1.7122024387850845,19,31,34
1.7122024387850845,19,32,34
1.7122024387850845,19,33,34
1.7122024387850845,19,34,35
1.7134945911284774,15,31
1.7134945911284774,0,15,31
1.7134945911284774,1,15,31
1.7134945911284774,15,16,31
1.7134945911284774,15,17,31
1.7134945911284774,15,18,31
1.7134945911284774,15,19,31
1.7134945911284774,15,20,31
1.7134945911284774,15,21,31
1.7134945911284774,15,22,31
1.7134945911284774,15,23,31
1.7134945911284774,15,24,31
1.7134945911284774,15,25,31
1.7134945911284774,15,26,31
1.7134945911284774,15,27,31
1.7134945911284774,15,28,31
1.7134945911284774,15,30,31
1.7134945911284774,15,31,48
1.717083559218251,26,42
1.717083559218251,25,26,42
1.717083559218251,26,27,42
1.717083559218251,26,28,42
1.717083559218251,26,29,42
1.717083559218251,26,30,42
1.717083559218251,26,31,42
1.717083559218251,26,32,42
1.717083559218251,26,33,42
1.717083559218251,26,34,42
1.717083559218251,26,35,42
1.717083559218251,26,36,42
1.717083559218251,26,37,42
1.717083559218251,26,38,42
1.717083559218251,26,39,42
1.717083559218251,26,40,42
1.717083559218251,26,41,42
1.7174617917352184,5,36
1.7174617917352184,0,5,36
1.7174617917352184,1,5,36
1.7174617917352184,2,5,36
1.7174617917352184,3,5,36
1.7174617917352184,5,20,36
1.7174617917352184,5,36,37
1.7174617917352184,5,36,38
1.7174617917352184,5,36,39
1.7174617917352184,5,36,40
1.7174617917352184,5,36,41
1.7174617917352184,5,36,42
1.7174617917352184,5,36,43
1.7174617917352184,5,36,44
1.7174617917352184,5,36,45
1.7174617917352184,5,36,46
1.7174617917352184,5,36,47
1.7174617917352184,5,36,48
1.7174617917352184,5,36,49
1.7174930884411113,34,49
1.7174930884411113,0,34,49
1.7174930884411113,1,34,49
1.7174930884411113,33,34,49
1.7174930884411113,34,35,49
1.7174930884411113,34,36,49
1.7174930884411113,34,37,49
1.7174930884411113,34,38,49
1.7174930884411113,34,39,49
1.7174930884411113,34,40,49
1.7174930884411113,34,41,49
1.7174930884411113,34,42,49
1.7174930884411113,34,43,49
1.7174930884411113,34,44,49
1.7174930884411113,34,45,49
1.7174930884411113,34,46,49
1.7174930884411113,34,47,49
1.7174930884411113,34,48,49
1.7200927107791477,4,20
1.7200927107791477,3,4,20
1.7200927107791477,4,5,20
1.7200927107791477,4,6,20
1.7200927107791477,4,7,20
1.7200927107791477,4,8,20
1.7200927107791477,4,9,20
1.7200927107791477,4,10,20
1.7200927107791477,4,11,20
1.7200927107791477,4,12,20
1.7200927107791477,4,13,20
1.7200927107791477,4,14,20
1.7200927107791477,4,15,20
1.7200927107791477,4,16,20
1.7200927107791477,4,17,20
1.7200927107791477,4,18,20
1.7200927107791477,4,19,20
1.7200927107791477,4,20,37
1.72010606894127,5,21
1.72010606894127,5,6,21
1.72010606894127,5,7,21
1.72010606894127,5,8,21
1.72010606894127,5,9,21
1.72010606894127,5,10,21
1.72010606894127,5,11,21
1.72010606894127,5,12,21
1.72010606894127,5,13,21
1.72010606894127,5,14,21
1.72010606894127,5,15,21
1.72010606894127,5,16,21
1.72010606894127,5,17,21
1.72010606894127,5,18,21
1.72010606894127,5,19,21
1.72010606894127,5,20,21
1.72010606894127,5,21,36
1.72010606894127,5,21,37
1.720233459076487,13,46
1.720233459076487,0,13,46
1.720233459076487,1,13,46
1.720233459076487,2,13,46
1.720233459076487,3,13,46
1.720233459076487,4,13,46
1.720233459076487,5,13,46
1.720233459076487,6,13,46
1.720233459076487,7,13,46
1.720233459076487,8,13,46
1.720233459076487,9,13,46
1.720233459076487,10,13,46
1.720233459076487,11,13,46
1.720233459076487,12,13,46
1.720233459076487,13,46,47
1.720233459076487,13,46,48
1.720233459076487,13,46,49
1.724556228462344,2,18
1.724556228462344,1,2,18
1.724556228462344,2,3,18
1.724556228462344,2,4,18
1.724556228462344,2,5,18
1.724556228462344,2,6,18
1.724556228462344,2,7,18
1.724556228462344,2,8,18
1.724556228462344,2,9,18
1.724556228462344,2,10,18
1.724556228462344,2,11,18
1.724556228462344,2,12,18
1.724556228462344,2,13,18
1.724556228462344,2,14,18
1.724556228462344,2,15,18
1.724556228462344,2,16,18
1.724619810699628,16,32
1.724619810699628,0,16,32
1.724619810699628,16,17,32
1.724619810699628,16,18,32
1.724619810699628,16,19,32
1.724619810699628,16,20,32
1.724619810699628,16,21,32
1.724619810699628,16,22,32
1.724619810699628,16,23,32
1.724619810699628,16,24,32
1.724619810699628,16,25,32
1.724619810699628,16,26,32
1.724619810699628,16,27,32
1.724619810699628,16,28,32
1.724619810699628,16,29,32
1.724619810699628,16,30,32
1.724619810699628,16,31,32
1.7250739722742683,9,26
1.7250739722742683,9,11,26
1.7250739722742683,9,12,26
1.7250739722742683,9,13,26
1.7250739722742683,9,14,26
1.7250739722742683,9,15,26
1.7250739722742683,9,16,26
1.7250739722742683,9,17,26
1.7250739722742683,9,18,26
1.7250739722742683,9,19,26
1.7250739722742683,9,20,26
1.7250739722742683,9,21,26
1.7250739722742683,9,22,26
1.7250739722742683,9,23,26
1.7250739722742683,9,24,26
1.7250739722742683,9,25,26
1.7257533836016545,2,17
1.7257533836016545,1,2,17
1.7257533836016545,2,3,17
1.7257533836016545,2,4,17
1.7257533836016545,2,5,17
1.7257533836016545,2,6,17
1.7257533836016545,2,7,17
1.7257533836016545,2,8,17
1.7257533836016545,2,9,17
1.7257533836016545,2,10,17
1.7257533836016545,2,11,17
1.7257533836016545,2,12,17
1.7257533836016545,2,13,17
1.7257533836016545,2,14,17
1.7257533836016545,2,15,17
1.7257533836016545,2,16,17
1.7257533836016545,2,17,18
1.7266167632750407,15,29
1.7266167632750407,15,16,29
1.7266167632750407,15,17,29
1.7266167632750407,15,18,29
1.7266167632750407,15,19,29
1.7266167632750407,15,20,29
1.7266167632750407,15,21,29
1.7266167632750407,15,22,29
1.7266167632750407,15,23,29
1.7266167632750407,15,24,29
1.7266167632750407,15,25,29
1.7266167632750407,15,26,29
1.7266167632750407,15,27,29
1.7266167632750407,15,28,29
1.7266167632750407,15,29,30
1.7266167632750407,15,29,31
1.7298062488217578,13,45
1.7298062488217578,0,13,45
1.7298062488217578,1,13,45
1.7298062488217578,2,13,45
1.7298062488217578,3,13,45
1.7298062488217578,4,13,45
1.7298062488217578,5,13,45
1.7298062488217578,6,13,45
1.7298062488217578,7,13,45
1.7298062488217578,8,13,45
1.7298062488217578,9,13,45
1.7298062488217578,10,13,45
1.7298062488217578,11,13,45
1.7298062488217578,12,13,45
1.7298062488217578,13,45,46
1.7298062488217578,13,45,47
1.7298062488217578,13,45,48
1.7298062488217578,13,45,49
1.7313778839045406,30,48
1.7313778839045406,15,30,48
1.7313778839045406,30,31,48
1.7313778839045406,30,32,48
1.7313778839045406,30,33,48
1.7313778839045406,30,34,48
1.7313778839045406,30,35,48
1.7313778839045406,30,36,48
1.7313778839045406,30,37,48
1.7313778839045406,30,38,48
1.7313778839045406,30,39,48
1.7313778839045406,30,40,48
1.7313778839045406,30,41,48
1.7313778839045406,30,42,48
1.7313778839045406,30,43,48
1.7313778839045406,30,44,48
1.7313778839045406,30,45,48
1.7313778839045406,30,46,48
1.7316190223946497,9,41
1.7316190223946497,0,9,41
1.7316190223946497,1,9,41
1.7316190223946497,2,9,41
1.7316190223946497,3,9,41
1.7316190223946497,4,9,41
1.7316190223946497,5,9,41
1.7316190223946497,6,9,41
1.7316190223946497,7,9,41
1.7316190223946497,8,9,41
1.7316190223946497,9,25,41
1.7316190223946497,9,26,41
1.7316190223946497,9,41,43
1.7316190223946497,9,41,44
1.7316190223946497,9,41,45
1.7316190223946497,9,41,46
1.7316190223946497,9,41,47
1.7316190223946497,9,41,48
1.7316190223946497,9,41,49
1.7340011050998116,27,43
1.7340011050998116,27,28,43
1.7340011050998116,27,29,43
1.7340011050998116,27,30,43
1.7340011050998116,27,31,43
1.7340011050998116,27,32,43
1.7340011050998116,27,33,43
1.7340011050998116,27,34,43
1.7340011050998116,27,35,43
1.7340011050998116,27,36,43
1.7340011050998116,27,37,43
1.7340011050998116,27,38,43
1.7340011050998116,27,39,43
1.7340011050998116,27,40,43
1.7340011050998116,27,41,43
1.7340011050998116,27,42,43
1.7343972921947421,13,30
1.7343972921947421,13,15,30
1.7343972921947421,13,16,30
1.7343972921947421,13,17,30
1.7343972921947421,13,18,30
1.7343972921947421,13,19,30
1.7343972921947421,13,20,30
1.7343972921947421,13,21,30
1.7343972921947421,13,22,30
1.7343972921947421,13,23,30
1.7343972921947421,13,24,30
1.7343972921947421,13,25,30
1.7343972921947421,13,26,30
1.7343972921947421,13,27,30
1.7343972921947421,13,28,30
1.7343972921947421,13,30,45
1.7343972921947421,13,30,46
1.7343972921947421,13,30,48
1.7344785465989083,11,28
1.7344785465989083,11,12,28
1.7344785465989083,11,13,28
1.7344785465989083,11,14,28
1.7344785465989083,11,15,28
1.7344785465989083,11,16,28
1.7344785465989083,11,17,28
1.7344785465989083,11,18,28
1.7344785465989083,11,19,28
1.7344785465989083,11,20,28
1.7344785465989083,11,21,28
1.7344785465989083,11,22,28
1.7344785465989083,11,23,28
1.7344785465989083,11,24,28
1.7344785465989083,11,25,28
1.7344785465989083,11,26,28
1.7356534578932767,11,44
1.7356534578932767,0,11,44
1.7356534578932767,1,11,44
1.7356534578932767,2,11,44
1.7356534578932767,3,11,44
1.7356534578932767,4,11,44
1.7356534578932767,5,11,44
1.7356534578932767,6,11,44
1.7356534578932767,7,11,44
1.7356534578932767,8,11,44
1.7356534578932767,9,11,44
1.7356534578932767,11,28,44
1.7356534578932767,11,44,45
1.7356534578932767,11,44,46
1.7356534578932767,11,44,47
1.7356534578932767,11,44,48
1.7356534578932767,11,44,49
1.7366394399883451,16,33
1.7366394399883451,0,16,33
1.7366394399883451,1,16,33
1.7366394399883451,16,17,33
1.7366394399883451,16,18,33
1.7366394399883451,16,19,33
1.7366394399883451,16,20,33
1.7366394399883451,16,21,33
1.7366394399883451,16,22,33
1.7366394399883451,16,23,33
1.7366394399883451,16,24,33
1.7366394399883451,16,25,33
1.7366394399883451,16,26,33
1.7366394399883451,16,27,33
1.7366394399883451,16,28,33
1.7366394399883451,16,29,33
1.7366394399883451,16,30,33
1.7366394399883451,16,31,33
1.7366394399883451,16,32,33
1.7366394399883451,16,33,49
1.7368970383041773,31,49
1.7368970383041773,0,31,49
1.7368970383041773,1,31,49
1.7368970383041773,15,31,49
1.7368970383041773,16,31,49
1.7368970383041773,31,33,49
1.7368970383041773,31,34,49
1.7368970383041773,31,35,49
1.7368970383041773,31,36,49
1.7368970383041773,31,37,49
1.7368970383041773,31,38,49
1.7368970383041773,31,39,49
1.7368970383041773,31,40,49
1.7368970383041773,31,41,49
1.7368970383041773,31,42,49
1.7368970383041773,31,43,49
1.7368970383041773,31,44,49
1.7368970383041773,31,45,49
1.7368970383041773,31,46,49
1.7368970383041773,31,47,49
1.7368970383041773,31,48,49
1.7370328733048475,1,20
1.7370328733048475,1,3,20
1.7370328733048475,1,4,20
1.7370328733048475,1,5,20
1.7370328733048475,1,6,20
1.7370328733048475,1,7,20
1.7370328733048475,1,8,20
1.7370328733048475,1,9,20
1.7370328733048475,1,10,20
1.7370328733048475,1,11,20
1.7370328733048475,1,12,20
1.7370328733048475,1,13,20
1.7370328733048475,1,14,20
1.7370328733048475,1,15,20
1.7370328733048475,1,16,20
1.7370328733048475,1,17,20
1.7370328733048475,1,18,20
1.7370328733048475,1,19,20
1.7370328733048475,1,20,31
1.7370328733048475,1,20,33
1.7370328733048475,1,20,34
1.7370328733048475,1,20,35
1.7370328733048475,1,20,36
1.7370328733048475,1,20,37
1.7371378883128734,4,36
1.7371378883128734,0,4,36
1.7371378883128734,1,4,36
1.7371378883128734,2,4,36
1.7371378883128734,3,4,36
1.7371378883128734,4,5,36
1.7371378883128734,4,20,36
1.7371378883128734,4,36,37
1.7371378883128734,4,36,38
1.7371378883128734,4,36,39
1.7371378883128734,4,36,40
1.7371378883128734,4,36,41
1.7371378883128734,4,36,42
1.7371378883128734,4,36,43
1.7371378883128734,4,36,44
1.7371378883128734,4,36,45
1.7371378883128734,4,36,46
1.7371378883128734,4,36,47
1.7371378883128734,4,36,48
1.7371378883128734,4,36,49
1.739608209652033,1,32
1.739608209652033,0,1,32
1.739608209652033,1,16,32
1.739608209652033,1,17,32
1.739608209652033,1,18,32
1.739608209652033,1,19,32
1.739608209652033,1,20,32
1.739608209652033,1,31,32
1.739608209652033,1,32,33
1.739608209652033,1,32,34
1.739608209652033,1,32,35
1.739608209652033,1,32,36
1.739608209652033,1,32,37
1.739608209652033,1,32,38
1.739608209652033,1,32,39
1.739608209652033,1,32,40
1.739608209652033,1,32,41
1.739608209652033,1,32,42
1.739608209652033,1,32,43
1.739608209652033,1,32,44
1.739608209652033,1,32,45
1.739608209652033,1,32,46
1.739608209652033,1,32,47
1.739608209652033,1,32,48
1.742634266095082,11,27
1.742634266095082,11,12,27
1.742634266095082,11,13,27
1.742634266095082,11,14,27
1.742634266095082,11,15,27
1.742634266095082,11,16,27
1.742634266095082,11,17,27
1.742634266095082,11,18,27
1.742634266095082,11,19,27
1.742634266095082,11,20,27
1.742634266095082,11,21,27
1.742634266095082,11,22,27
1.742634266095082,11,23,27
1.742634266095082,11,24,27
1.742634266095082,11,25,27
1.742634266095082,11,26,27
1.742634266095082,11,27,28
1.7442375870201723,9,42
1.7442375870201723,0,9,42
1.7442375870201723,1,9,42
1.7442375870201723,2,9,42
1.7442375870201723,3,9,42
1.7442375870201723,4,9,42
1.7442375870201723,5,9,42
1.7442375870201723,6,9,42
1.7442375870201723,7,9,42
1.7442375870201723,8,9,42
1.7442375870201723,9,25,42
1.7442375870201723,9,26,42
1.7442375870201723,9,41,42
1.7442375870201723,9,42,43
1.7442375870201723,9,42,44
1.7442375870201723,9,42,45
1.7442375870201723,9,42,46
1.7442375870201723,9,42,47
1.7442375870201723,9,42,48
1.7442375870201723,9,42,49
1.7454060815475632,18,35
1.7454060815475632,1,18,35
1.7454060815475632,2,18,35
1.7454060815475632,3,18,35
1.7454060815475632,18,19,35
1.7454060815475632,18,20,35
1.7454060815475632,18,21,35
1.7454060815475632,18,22,35
1.7454060815475632,18,23,35
1.7454060815475632,18,24,35
1.7454060815475632,18,25,35
1.7454060815475632,18,26,35
1.7454060815475632,18,27,35
1.7454060815475632,18,28,35
1.7454060815475632,18,29,35
1.7454060815475632,18,30,35
1.7454060815475632,18,31,35
1.7454060815475632,18,32,35
1.7454060815475632,18,33,35
1.7456480020593106,28,45
1.7456480020593106,11,28,45
1.7456480020593106,12,28,45
1.7456480020593106,13,28,45
1.7456480020593106,28,29,45
1.7456480020593106,28,30,45
1.7456480020593106,28,31,45
1.7456480020593106,28,32,45
1.7456480020593106,28,33,45
1.7456480020593106,28,34,45
1.7456480020593106,28,35,45
1.7456480020593106,28,36,45
1.7456480020593106,28,37,45
1.7456480020593106,28,38,45
1.7456480020593106,28,39,45
1.7456480020593106,28,40,45
1.7456480020593106,28,41,45
1.7456480020593106,28,42,45
1.7456480020593106,28,43,45
1.7456480020593106,28,44,45
1.746684481898614,13,31
1.746684481898614,0,13,31
1.746684481898614,1,13,31
1.746684481898614,13,15,31
1.746684481898614,13,16,31
1.746684481898614,13,17,31
1.746684481898614,13,18,31
1.746684481898614,13,19,31
1.746684481898614,13,20,31
1.746684481898614,13,21,31
1.746684481898614,13,22,31
1.746684481898614,13,23,31
1.746684481898614,13,24,31
1.746684481898614,13,25,31
1.746684481898614,13,26,31
1.746684481898614,13,27,31
1.746684481898614,13,28,31
1.746684481898614,13,30,31
1.746684481898614,13,31,45
1.746684481898614,13,31,46
1.746684481898614,13,31,47
1.746684481898614,13,31,48
1.746684481898614,13,31,49
1.7472251040404714,6,22
1.7472251040404714,6,7,22
1.7472251040404714,6,8,22
1.7472251040404714,6,9,22
1.7472251040404714,6,10,22
1.7472251040404714,6,11,22
1.7472251040404714,6,12,22
1.7472251040404714,6,13,22
1.7472251040404714,6,14,22
1.7472251040404714,6,15,22
1.7472251040404714,6,16,22
1.7472251040404714,6,17,22
1.7472251040404714,6,18,22
1.7472251040404714,6,19,22
1.7472251040404714,6,20,22
1.7472251040404714,6,21,22
1.750855534578805,8,40
1.750855534578805,0,8,40
1.750855534578805,1,8,40
1.750855534578805,2,8,40
1.750855534578805,3,8,40
1.750855534578805,4,8,40
1.750855534578805,5,8,40
1.750855534578805,6,8,40
1.750855534578805,8,40,41
1.750855534578805,8,40,42
1.750855534578805,8,40,43
1.750855534578805,8,40,44
1.750855534578805,8,40,45
1.750855534578805,8,40,46
1.750855534578805,8,40,47
1.750855534578805,8,40,48
1.750855534578805,8,40,49
1.7515767434111393,14,47
1.7515767434111393,0,14,47
1.7515767434111393,1,14,47
1.7515767434111393,2,14,47
1.7515767434111393,3,14,47
1.7515767434111393,4,14,47
1.7515767434111393,5,14,47
1.7515767434111393,6,14,47
1.7515767434111393,7,14,47
1.7515767434111393,8,14,47
1.7515767434111393,9,14,47
1.7515767434111393,10,14,47
1.7515767434111393,11,14,47
1.7515767434111393,12,14,47
1.7515767434111393,13,14,47
1.7515767434111393,14,47,48
1.7515767434111393,14,47,49
1.7543415363546149,22,39
1.7543415363546149,6,22,39
1.7543415363546149,22,23,39
1.7543415363546149,22,24,39
1.7543415363546149,22,25,39
1.7543415363546149,22,26,39
1.7543415363546149,22,27,39
1.7543415363546149,22,28,39
1.7543415363546149,22,29,39
1.7543415363546149,22,30,39
1.7543415363546149,22,31,39
1.7543415363546149,22,32,39
1.7543415363546149,22,33,39
1.7543415363546149,22,34,39
1.7543415363546149,22,35,39
1.7543415363546149,22,36,39
1.7543415363546149,22,37,39
1.7543415363546149,22,38,39
1.7550065693529553,0,18
1.7550065693529553,0,1,18
1.7550065693529553,0,2,18
1.7550065693529553,0,3,18
1.7550065693529553,0,4,18
1.7550065693529553,0,5,18
1.7550065693529553,0,6,18
1.7550065693529553,0,7,18
1.7550065693529553,0,8,18
1.7550065693529553,0,9,18
1.7550065693529553,0,10,18
1.7550065693529553,0,11,18
1.7550065693529553,0,12,18
1.7550065693529553,0,13,18
1.7550065693529553,0,14,18
1.7550065693529553,0,15,18
1.7550065693529553,0,16,18
1.7550065693529553,0,18,31
1.7550065693529553,0,18,32
1.7550065693529553,0,18,33
1.7550065693529553,0,18,35
1.7566424615734229,18,49
1.7566424615734229,0,18,49
1.7566424615734229,1,18,49
1.7566424615734229,2,18,49
1.7566424615734229,3,18,49
1.7566424615734229,4,18,49
1.7566424615734229,5,18,49
1.7566424615734229,6,18,49
1.7566424615734229,7,18,49
1.7566424615734229,8,18,49
1.7566424615734229,9,18,49
1.7566424615734229,10,18,49
1.7566424615734229,11,18,49
1.7566424615734229,12,18,49
1.7566424615734229,13,18,49
1.7566424615734229,14,18,49
1.7566424615734229,15,18,49
1.7566424615734229,16,18,49
1.7566424615734229,18,31,49
1.7566424615734229,18,33,49
1.7566424615734229,18,35,49
1.7572396324530009,0,30
1.7572396324530009,0,13,30
1.7572396324530009,0,15,30
1.7572396324530009,0,16,30
1.7572396324530009,0,18,30
1.7572396324530009,0,30,31
1.7572396324530009,0,30,32
1.7572396324530009,0,30,33
1.7572396324530009,0,30,34
1.7572396324530009,0,30,35
1.7572396324530009,0,30,36
1.7572396324530009,0,30,37
1.7572396324530009,0,30,38
1.7572396324530009,0,30,39
1.7572396324530009,0,30,40
1.7572396324530009,0,30,41
1.7572396324530009,0,30,42
1.7572396324530009,0,30,43
1.7572396324530009,0,30,44
1.7572396324530009,0,30,45
1.7572396324530009,0,30,46
1.7572396324530009,0,30,48
1.7593614263189112,3,21
1.7593614263189112,3,5,21
1.7593614263189112,3,6,21
1.7593614263189112,3,7,21
1.7593614263189112,3,8,21
1.7593614263189112,3,9,21
1.7593614263189112,3,10,21
1.7593614263189112,3,11,21
1.7593614263189112,3,12,21
1.7593614263189112,3,13,21
1.7593614263189112,3,14,21
1.7593614263189112,3,15,21
1.7593614263189112,3,16,21
1.7593614263189112,3,17,21
1.7593614263189112,3,18,21
1.7593614263189112,3,19,21
1.7593614263189112,3,20,21
1.7593614263189112,3,21,35
1.7593614263189112,3,21,36
1.7593614263189112,3,21,37
1.76024899733097,19,36
1.76024899733097,1,19,36
1.76024899733097,3,19,36
1.76024899733097,4,19,36
1.76024899733097,5,19,36
1.76024899733097,19,20,36
1.76024899733097,19,21,36
1.76024899733097,19,22,36
1.76024899733097,19,23,36
1.76024899733097,19,24,36
1.76024899733097,19,25,36
1.76024899733097,19,26,36
1.76024899733097,19,27,36
1.76024899733097,19,28,36
1.76024899733097,19,29,36
1.76024899733097,19,30,36
1.76024899733097,19,31,36
1.76024899733097,19,32,36
1.76024899733097,19,33,36
1.76024899733097,19,34,36
1.76024899733097,19,35,36
1.7606012806300964,10,26
1.7606012806300964,9,10,26
1.7606012806300964,10,11,26
1.7606012806300964,10,12,26
1.7606012806300964,10,13,26
1.7606012806300964,10,14,26
1.7606012806300964,10,15,26
1.7606012806300964,10,16,26
1.7606012806300964,10,17,26
1.7606012806300964,10,18,26
1.7606012806300964,10,19,26
1.7606012806300964,10,20,26
1.7606012806300964,10,21,26
1.7606012806300964,10,22,26
1.7606012806300964,10,23,26
1.7606012806300964,10,24,26
1.7606012806300964,10,25,26
1.7628528686286618,10,44
1.7628528686286618,0,10,44
1.7628528686286618,1,10,44
1.7628528686286618,2,10,44
1.7628528686286618,3,10,44
1.7628528686286618,4,10,44
1.7628528686286618,5,10,44
1.7628528686286618,6,10,44
1.7628528686286618,7,10,44
1.7628528686286618,8,10,44
1.7628528686286618,9,10,44
1.7628528686286618,10,11,44
1.7628528686286618,10,44,45
1.7628528686286618,10,44,46
1.7628528686286618,10,44,47
1.7628528686286618,10,44,48
1.7628528686286618,10,44,49
1.763039911955999,30,47
1.763039911955999,0,30,47
1.763039911955999,13,30,47
1.763039911955999,30,31,47
1.763039911955999,30,32,47
1.763039911955999,30,33,47
1.763039911955999,30,34,47
1.763039911955999,30,35,47
1.763039911955999,30,36,47
1.763039911955999,30,37,47
1.763039911955999,30,38,47
1.763039911955999,30,39,47
1.763039911955999,30,40,47
1.763039911955999,30,41,47
1.763039911955999,30,42,47
1.763039911955999,30,43,47
1.763039911955999,30,44,47
1.763039911955999,30,45,47
1.763039911955999,30,46,47
1.763039911955999,30,47,48
1.7633670782031117,15,47
1.7633670782031117,0,15,47
1.7633670782031117,1,15,47
1.7633670782031117,2,15,47
1.7633670782031117,3,15,47
1.7633670782031117,4,15,47
1.7633670782031117,5,15,47
1.7633670782031117,6,15,47
1.7633670782031117,7,15,47
1.7633670782031117,8,15,47
1.7633670782031117,9,15,47
1.7633670782031117,10,15,47
1.7633670782031117,11,15,47
1.7633670782031117,12,15,47
1.7633670782031117,13,15,47
1.7633670782031117,14,15,47
1.7633670782031117,15,30,47
1.7633670782031117,15,31,47
1.7633670782031117,15,47,48
1.7633670782031117,15,47,49
1.7649611603649948,19,37
1.7649611603649948,1,19,37
1.7649611603649948,3,19,37
1.7649611603649948,4,19,37
1.7649611603649948,5,19,37
1.7649611603649948,19,20,37
1.7649611603649948,19,21,37
1.7649611603649948,19,22,37
1.7649611603649948,19,23,37
1.7649611603649948,19,24,37
1.7649611603649948,19,25,37
1.7649611603649948,19,26,37
1.7649611603649948,19,27,37
1.7649611603649948,19,28,37
1.7649611603649948,19,29,37
1.7649611603649948,19,30,37
1.7649611603649948,19,31,37
1.7649611603649948,19,32,37
1.7649611603649948,19,33,37
1.7649611603649948,19,34,37
1.7649611603649948,19,35,37
1.7649611603649948,19,36,37
1.7676755183800927,17,49
1.7676755183800927,1,17,49
1.7676755183800927,2,17,49
1.7676755183800927,3,17,49
1.7676755183800927,4,17,49
1.7676755183800927,5,17,49
1.7676755183800927,6,17,49
1.7676755183800927,7,17,49
1.7676755183800927,8,17,49
1.7676755183800927,9,17,49
1.7676755183800927,10,17,49
1.7676755183800927,11,17,49
1.7676755183800927,12,17,49
1.7676755183800927,13,17,49
1.7676755183800927,14,17,49
1.7676755183800927,15,17,49
1.7676755183800927,16,17,49
1.7676755183800927,17,18,49
1.7676755183800927,17,31,49
1.7676755183800927,17,33,49
1.7678096727803962,14,30
1.7678096727803962,0,14,30
1.7678096727803962,13,14,30
1.7678096727803962,14,15,30
1.7678096727803962,14,16,30
1.7678096727803962,14,17,30
1.7678096727803962,14,18,30
1.7678096727803962,14,19,30
1.7678096727803962,14,20,30
1.7678096727803962,14,21,30
1.7678096727803962,14,22,30
1.7678096727803962,14,23,30
1.7678096727803962,14,24,30
1.7678096727803962,14,25,30
1.7678096727803962,14,26,30
1.7678096727803962,14,27,30
1.7678096727803962,14,28,30
1.7678096727803962,14,30,47
1.7678096727803962,14,30,48
1.772735844433004,20,38
1.772735844433004,1,20,38
1.772735844433004,3,20,38
1.772735844433004,4,20,38
1.772735844433004,5,20,38
1.772735844433004,20,22,38
1.772735844433004,20,23,38
1.772735844433004,20,24,38
1.772735844433004,20,25,38
1.772735844433004,20,26,38
1.772735844433004,20,27,38
1.772735844433004,20,28,38
1.772735844433004,20,29,38
1.772735844433004,20,30,38
1.772735844433004,20,31,38
1.772735844433004,20,32,38
1.772735844433004,20,33,38
1.772735844433004,20,34,38
1.772735844433004,20,35,38
1.772735844433004,20,36,38
1.772735844433004,20,37,38
1.772812192027501,7,23
1.772812192027501,7,8,23
1.772812192027501,7,9,23
1.772812192027501,7,10,23
1.772812192027501,7,11,23
1.772812192027501,7,12,23
1.772812192027501,7,13,23
1.772812192027501,7,14,23
1.772812192027501,7,15,23
1.772812192027501,7,16,23
1.772812192027501,7,17,23
1.772812192027501,7,18,23
1.772812192027501,7,19,23
1.772812192027501,7,20,23
1.772812192027501,7,21,23
1.772812192027501,7,22,23
1.773951984196821,3,33
1.773951984196821,0,3,33
1.773951984196821,1,3,33
1.773951984196821,3,16,33
1.773951984196821,3,17,33
1.773951984196821,3,18,33
1.773951984196821,3,19,33
1.773951984196821,3,20,33
1.773951984196821,3,21,33
1.773951984196821,3,33,35
1.773951984196821,3,33,36
1.773951984196821,3,33,37
1.773951984196821,3,33,38
1.773951984196821,3,33,39
1.773951984196821,3,33,40
1.773951984196821,3,33,41
1.773951984196821,3,33,42
1.773951984196821,3,33,43
1.773951984196821,3,33,44
1.773951984196821,3,33,45
1.773951984196821,3,33,46
1.773951984196821,3,33,47
1.773951984196821,3,33,48
1.773951984196821,3,33,49
1.7756638731115528,25,43
1.7756638731115528,9,25,43
1.7756638731115528,25,27,43
1.7756638731115528,25,28,43
1.7756638731115528,25,29,43
1.7756638731115528,25,30,43
1.7756638731115528,25,31,43
1.7756638731115528,25,32,43
1.7756638731115528,25,33,43
1.7756638731115528,25,34,43
1.7756638731115528,25,35,43
1.7756638731115528,25,36,43
1.7756638731115528,25,37,43
1.7756638731115528,25,38,43
1.7756638731115528,25,39,43
1.7756638731115528,25,40,43
1.7756638731115528,25,41,43
1.7756638731115528,25,42,43
1.775927969793875,21,38
1.775927969793875,3,21,38
1.775927969793875,5,21,38
1.775927969793875,20,21,38
1.775927969793875,21,22,38
1.775927969793875,21,23,38
1.775927969793875,21,24,38
1.775927969793875,21,25,38
1.775927969793875,21,26,38
1.775927969793875,21,27,38
1.775927969793875,21,28,38
1.775927969793875,21,29,38
1.775927969793875,21,30,38
1.775927969793875,21,31,38
1.775927969793875,21,32,38
1.775927969793875,21,33,38
1.775927969793875,21,34,38
1.775927969793875,21,35,38
1.775927969793875,21,36,38
1.775927969793875,21,37,38
1.7759961848185535,0,17
1.7759961848185535,0,1,17
1.7759961848185535,0,2,17
1.7759961848185535,0,3,17
1.7759961848185535,0,4,17
1.7759961848185535,0,5,17
1.7759961848185535,0,6,17
1.7759961848185535,0,7,17
1.7759961848185535,0,8,17
1.7759961848185535,0,9,17
1.7759961848185535,0,10,17
1.7759961848185535,0,11,17
1.7759961848185535,0,12,17
1.7759961848185535,0,13,17
1.7759961848185535,0,14,17
1.7759961848185535,0,15,17
1.7759961848185535,0,16,17
1.7759961848185535,0,17,18
1.7759961848185535,0,17,30
1.7759961848185535,0,17,31
1.7759961848185535,0,17,32
1.7759961848185535,0,17,33
1.7759961848185535,0,17,49
1.7766592754940598,29,46
1.7766592754940598,29,30,46
1.7766592754940598,29,31,46
1.7766592754940598,29,32,46
1.7766592754940598,29,33,46
1.7766592754940598,29,34,46
1.7766592754940598,29,35,46
1.7766592754940598,29,36,46
1.7766592754940598,29,37,46
1.7766592754940598,29,38,46
1.7766592754940598,29,39,46
1.7766592754940598,29,40,46
1.7766592754940598,29,41,46
1.7766592754940598,29,42,46
1.7766592754940598,29,43,46
1.7766592754940598,29,44,46
1.7766592754940598,29,45,46
1.7773280226824562,23,40
1.7773280226824562,8,23,40
1.7773280226824562,23,25,40
1.7773280226824562,23,26,40
1.7773280226824562,23,27,40
1.7773280226824562,23,28,40
1.7773280226824562,23,29,40
1.7773280226824562,23,30,40
1.7773280226824562,23,31,40
1.7773280226824562,23,32,40
1.7773280226824562,23,33,40
1.7773280226824562,23,34,40
1.7773280226824562,23,35,40
1.7773280226824562,23,36,40
1.7773280226824562,23,37,40
1.7773280226824562,23,38,40
1.7773280226824562,23,39,40
1.7776249632361636,12,44
1.7776249632361636,0,12,44
1.7776249632361636,1,12,44
1.7776249632361636,2,12,44
1.7776249632361636,3,12,44
1.7776249632361636,4,12,44
1.7776249632361636,5,12,44
1.7776249632361636,6,12,44
1.7776249632361636,7,12,44
1.7776249632361636,8,12,44
1.7776249632361636,9,12,44
1.7776249632361636,10,12,44
1.7776249632361636,11,12,44
1.7776249632361636,12,28,44
1.7776249632361636,12,44,45
1.7776249632361636,12,44,46
1.7776249632361636,12,44,47
1.7776249632361636,12,44,48
1.7776249632361636,12,44,49
1.7781164660342104,18,34
1.7781164660342104,0,18,34
1.7781164660342104,1,18,34
1.7781164660342104,18,19,34
1.7781164660342104,18,20,34
1.7781164660342104,18,21,34
1.7781164660342104,18,22,34
1.7781164660342104,18,23,34
1.7781164660342104,18,24,34
1.7781164660342104,18,25,34
1.7781164660342104,18,26,34
1.7781164660342104,18,27,34
1.7781164660342104,18,28,34
1.7781164660342104,18,29,34
1.7781164660342104,18,30,34
1.7781164660342104,18,31,34
1.7781164660342104,18,32,34
1.7781164660342104,18,33,34
1.7781164660342104,18,34,35
1.7781164660342104,18,34,49
1.7794715261100646,2,33
1.7794715261100646,0,2,33
1.7794715261100646,1,2,33
1.7794715261100646,2,3,33
1.7794715261100646,2,16,33
1.7794715261100646,2,17,33
1.7794715261100646,2,18,33
1.7794715261100646,2,33,35
1.7794715261100646,2,33,36
1.7794715261100646,2,33,37
1.7794715261100646,2,33,38
1.7794715261100646,2,33,39
1.7794715261100646,2,33,40
1.7794715261100646,2,33,41
1.7794715261100646,2,33,42
1.7794715261100646,2,33,43
1.7794715261100646,2,33,44
1.7794715261100646,2,33,45
1.7794715261100646,2,33,46
1.7794715261100646,2,33,47
1.7794715261100646,2,33,48
1.7794715261100646,2,33,49
1.7796427234239898,7,40
1.7796427234239898,0,7,40
1.7796427234239898,1,7,40
1.7796427234239898,2,7,40
1.7796427234239898,3,7,40
1.7796427234239898,4,7,40
1.7796427234239898,5,7,40
1.7796427234239898,6,7,40
1.7796427234239898,7,8,40
1.7796427234239898,7,23,40
1.7796427234239898,7,40,41
1.7796427234239898,7,40,42
1.7796427234239898,7,40,43
1.7796427234239898,7,40,44
1.7796427234239898,7,40,45
1.7796427234239898,7,40,46
1.7796427234239898,7,40,47
1.7796427234239898,7,40,48
1.7796427234239898,7,40,49
1.780508243210728,11,43
1.780508243210728,0,11,43
1.780508243210728,1,11,43
1.780508243210728,2,11,43
1.780508243210728,3,11,43
1.780508243210728,4,11,43
1.780508243210728,5,11,43
1.780508243210728,6,11,43
1.780508243210728,7,11,43
1.780508243210728,8,11,43
1.780508243210728,9,11,43
1.780508243210728,11,25,43
1.780508243210728,11,27,43
1.780508243210728,11,28,43
1.780508243210728,11,43,44
1.780508243210728,11,43,45
1.780508243210728,11,43,46
1.780508243210728,11,43,47
1.780508243210728,11,43,48
1.780508243210728,11,43,49
1.7805797455652623,32,49
1.7805797455652623,0,32,49
1.7805797455652623,1,32,49
1.7805797455652623,16,32,49
1.7805797455652623,17,32,49
1.7805797455652623,18,32,49
1.7805797455652623,31,32,49
1.7805797455652623,32,33,49
1.7805797455652623,32,34,49
1.7805797455652623,32,35,49
1.7805797455652623,32,36,49
1.7805797455652623,32,37,49
1.7805797455652623,32,38,49
1.7805797455652623,32,39,49
1.7805797455652623,32,40,49
1.7805797455652623,32,41,49
1.7805797455652623,32,42,49
1.7805797455652623,32,43,49
1.7805797455652623,32,44,49
1.7805797455652623,32,45,49
1.7805797455652623,32,46,49
1.7805797455652623,32,47,49
1.7805797455652623,32,48,49
1.781200780563791,8,39
1.781200780563791,0,8,39
1.781200780563791,1,8,39
1.781200780563791,2,8,39
1.781200780563791,3,8,39
1.781200780563791,4,8,39
1.781200780563791,5,8,39
1.781200780563791,6,8,39
1.781200780563791,8,22,39
1.781200780563791,8,23,39
1.781200780563791,8,39,40
1.781200780563791,8,39,41
1.781200780563791,8,39,42
1.781200780563791,8,39,43
1.781200780563791,8,39,44
1.781200780563791,8,39,45
1.781200780563791,8,39,46
1.781200780563791,8,39,47
1.781200780563791,8,39,48
1.781200780563791,8,39,49
1.7817462652524365,5,22
1.7817462652524365,5,6,22
1.7817462652524365,5,7,22
1.7817462652524365,5,8,22
1.7817462652524365,5,9,22
1.7817462652524365,5,10,22
1.7817462652524365,5,11,22
1.7817462652524365,5,12,22
1.7817462652524365,5,13,22
1.7817462652524365,5,14,22
1.7817462652524365,5,15,22
1.7817462652524365,5,16,22
1.7817462652524365,5,17,22
1.7817462652524365,5,18,22
1.7817462652524365,5,19,22
1.7817462652524365,5,20,22
1.7817462652524365,5,21,22
1.7817462652524365,5,22,36
1.7817462652524365,5,22,37
1.7817462652524365,5,22,38
1.7817462652524365,5,22,39
1.7829095678854698,3,31
1.7829095678854698,0,3,31
1.7829095678854698,1,3,31
1.7829095678854698,3,13,31
1.7829095678854698,3,15,31
1.7829095678854698,3,16,31
1.7829095678854698,3,17,31
1.7829095678854698,3,18,31
1.7829095678854698,3,19,31
1.7829095678854698,3,20,31
1.7829095678854698,3,21,31
1.7829095678854698,3,31,33
1.7829095678854698,3,31,35
1.7829095678854698,3,31,36
1.7829095678854698,3,31,37
1.7829095678854698,3,31,38
1.7829095678854698,3,31,39
1.7829095678854698,3,31,40
1.7829095678854698,3,31,41
1.7829095678854698,3,31,42
1.7829095678854698,3,31,43
1.7829095678854698,3,31,44
1.7829095678854698,3,31,45
1.7829095678854698,3,31,46
1.7829095678854698,3,31,47
1.7829095678854698,3,31,48
1.7829095678854698,3,31,49
1.7830233064945418,24,40
1.7830233064945418,23,24,40
1.7830233064945418,24,25,40
1.7830233064945418,24,26,40
1.7830233064945418,24,27,40
1.7830233064945418,24,28,40
1.7830233064945418,24,29,40
1.7830233064945418,24,30,40
1.7830233064945418,24,31,40
1.7830233064945418,24,32,40
1.7830233064945418,24,33,40
1.7830233064945418,24,34,40
1.7830233064945418,24,35,40
1.7830233064945418,24,36,40
1.7830233064945418,24,37,40
1.7830233064945418,24,38,40
1.7830233064945418,24,39,40
1.7855946910781815,15,32
1.7855946910781815,0,15,32
1.7855946910781815,1,15,32
1.7855946910781815,15,16,32
1.7855946910781815,15,17,32
1.7855946910781815,15,18,32
1.7855946910781815,15,19,32
1.7855946910781815,15,20,32
1.7855946910781815,15,21,32
1.7855946910781815,15,22,32
1.7855946910781815,15,23,32
1.7855946910781815,15,24,32
1.7855946910781815,15,25,32
1.7855946910781815,15,26,32
1.7855946910781815,15,27,32
1.7855946910781815,15,28,32
1.7855946910781815,15,29,32
1.7855946910781815,15,30,32
1.7855946910781815,15,31,32
1.7855946910781815,15,32,47
1.7855946910781815,15,32,48
1.7855946910781815,15,32,49
1.7861818781363392,1,30
1.7861818781363392,0,1,30
1.7861818781363392,1,13,30
1.7861818781363392,1,14,30
1.7861818781363392,1,15,30
1.7861818781363392,1,16,30
1.7861818781363392,1,17,30
1.7861818781363392,1,18,30
1.7861818781363392,1,19,30
1.7861818781363392,1,20,30
1.7861818781363392,1,30,31
1.7861818781363392,1,30,32
1.7861818781363392,1,30,33
1.7861818781363392,1,30,34
1.7861818781363392,1,30,35
1.7861818781363392,1,30,36
1.7861818781363392,1,30,37
1.7861818781363392,1,30,38
1.7861818781363392,1,30,39
1.7861818781363392,1,30,40
1.7861818781363392,1,30,41
1.7861818781363392,1,30,42
1.7861818781363392,1,30,43
1.7861818781363392,1,30,44
1.7861818781363392,1,30,45
1.7861818781363392,1,30,46
1.7861818781363392,1,30,47
1.7861818781363392,1,30,48
1.7863397852977352,9,40
1.7863397852977352,0,9,40
1.7863397852977352,1,9,40
1.7863397852977352,2,9,40
1.7863397852977352,3,9,40
1.7863397852977352,4,9,40
1.7863397852977352,5,9,40
1.7863397852977352,6,9,40
1.7863397852977352,7,9,40
1.7863397852977352,8,9,40
1.7863397852977352,9,23,40
1.7863397852977352,9,24,40
1.7863397852977352,9,25,40
1.7863397852977352,9,26,40
1.7863397852977352,9,40,41
1.7863397852977352,9,40,42
1.7863397852977352,9,40,43
1.7863397852977352,9,40,44
1.7863397852977352,9,40,45
1.7863397852977352,9,40,46
1.7863397852977352,9,40,47
1.7863397852977352,9,40,48
1.7863397852977352,9,40,49
1.7878591660710237,15,33
1.7878591660710237,0,15,33
1.7878591660710237,1,15,33
1.7878591660710237,2,15,33
1.7878591660710237,3,15,33
1.7878591660710237,15,16,33
1.7878591660710237,15,17,33
1.7878591660710237,15,18,33
1.7878591660710237,15,19,33
1.7878591660710237,15,20,33
1.7878591660710237,15,21,33
1.7878591660710237,15,22,33
1.7878591660710237,15,23,33
1.7878591660710237,15,24,33
1.7878591660710237,15,25,33
1.7878591660710237,15,26,33
1.7878591660710237,15,27,33
1.7878591660710237,15,28,33
1.7878591660710237,15,29,33
1.7878591660710237,15,30,33
1.7878591660710237,15,31,33
1.7878591660710237,15,32,33
1.7878591660710237,15,33,47
1.7878591660710237,15,33,48
1.7878591660710237,15,33,49
1.790013681700658,26,43
1.790013681700658,9,26,43
1.790013681700658,11,26,43
1.790013681700658,25,26,43
1.790013681700658,26,27,43
1.790013681700658,26,28,43
1.790013681700658,26,29,43
1.790013681700658,26,30,43
1.790013681700658,26,31,43
1.790013681700658,26,32,43
1.790013681700658,26,33,43
1.790013681700658,26,34,43
1.790013681700658,26,35,43
1.790013681700658,26,36,43
1.790013681700658,26,37,43
1.790013681700658,26,38,43
1.790013681700658,26,39,43
1.790013681700658,26,40,43
1.790013681700658,26,41,43
1.790013681700658,26,42,43
1.7928620333348146,4,21
1.7928620333348146,3,4,21
1.7928620333348146,4,5,21
1.7928620333348146,4,6,21
1.7928620333348146,4,7,21
1.7928620333348146,4,8,21
1.7928620333348146,4,9,21
1.7928620333348146,4,10,21
1.7928620333348146,4,11,21
1.7928620333348146,4,12,21
1.7928620333348146,4,13,21
1.7928620333348146,4,14,21
1.7928620333348146,4,15,21
1.7928620333348146,4,16,21
1.7928620333348146,4,17,21
1.7928620333348146,4,18,21
1.7928620333348146,4,19,21
1.7928620333348146,4,20,21
1.7928620333348146,4,21,36
1.7928620333348146,4,21,37
1.7928620333348146,4,21,38
1.7938463292480304,13,29
1.7938463292480304,13,15,29
1.7938463292480304,13,16,29
1.7938463292480304,13,17,29
1.7938463292480304,13,18,29
1.7938463292480304,13,19,29
1.7938463292480304,13,20,29
1.7938463292480304,13,21,29
1.7938463292480304,13,22,29
1.7938463292480304,13,23,29
1.7938463292480304,13,24,29
1.7938463292480304,13,25,29
1.7938463292480304,13,26,29
1.7938463292480304,13,27,29
1.7938463292480304,13,28,29
1.7938463292480304,13,29,30
1.7938463292480304,13,29,31
1.7938463292480304,13,29,45
1.7938463292480304,13,29,46
1.7942630315612536,14,31
1.7942630315612536,0,14,31
1.7942630315612536,1,14,31
1.7942630315612536,3,14,31
1.7942630315612536,13,14,31
1.7942630315612536,14,15,31
1.7942630315612536,14,16,31
1.7942630315612536,14,17,31
1.7942630315612536,14,18,31
1.7942630315612536,14,19,31
1.7942630315612536,14,20,31
1.7942630315612536,14,21,31
1.7942630315612536,14,22,31
1.7942630315612536,14,23,31
1.7942630315612536,14,24,31
1.7942630315612536,14,25,31
1.7942630315612536,14,26,31
1.7942630315612536,14,27,31
1.7942630315612536,14,28,31
1.7942630315612536,14,30,31
1.7942630315612536,14,31,47
1.7942630315612536,14,31,48
1.7942630315612536,14,31,49
1.7953340714974566,27,44
1.7953340714974566,11,27,44
1.7953340714974566,12,27,44
1.7953340714974566,27,28,44
1.7953340714974566,27,29,44
1.7953340714974566,27,30,44
1.7953340714974566,27,31,44
1.7953340714974566,27,32,44
1.7953340714974566,27,33,44
1.7953340714974566,27,34,44
1.7953340714974566,27,35,44
1.7953340714974566,27,36,44
1.7953340714974566,27,37,44
1.7953340714974566,27,38,44
1.7953340714974566,27,39,44
1.7953340714974566,27,40,44
1.7953340714974566,27,41,44
1.7953340714974566,27,42,44
1.7953340714974566,27,43,44
1.796949179374407,9,39
1.796949179374407,0,9,39
1.796949179374407,1,9,39
1.796949179374407,2,9,39
1.796949179374407,3,9,39
1.796949179374407,4,9,39
1.796949179374407,5,9,39
1.796949179374407,6,9,39
1.796949179374407,8,9,39
1.796949179374407,9,22,39
1.796949179374407,9,23,39
1.796949179374407,9,24,39
1.796949179374407,9,25,39
1.796949179374407,9,26,39
1.796949179374407,9,39,40
1.796949179374407,9,39,41
1.796949179374407,9,39,42
1.796949179374407,9,39,43
1.796949179374407,9,39,44
1.796949179374407,9,39,45
1.796949179374407,9,39,46
1.796949179374407,9,39,47
1.796949179374407,9,39,48
1.796949179374407,9,39,49
1.798716024283353,16,48
1.798716024283353,0,16,48
1.798716024283353,1,16,48
1.798716024283353,2,16,48
1.798716024283353,3,16,48
1.798716024283353,4,16,48
1.798716024283353,5,16,48
1.798716024283353,6,16,48
1.798716024283353,7,16,48
1.798716024283353,8,16,48
1.798716024283353,9,16,48
1.798716024283353,10,16,48
1.798716024283353,11,16,48
1.798716024283353,12,16,48
1.798716024283353,13,16,48
1.798716024283353,14,16,48
1.798716024283353,15,16,48
1.798716024283353,16,30,48
1.798716024283353,16,31,48
1.798716024283353,16,32,48
1.798716024283353,16,33,48
1.798716024283353,16,48,49
1.7992669580906056,6,23
1.7992669580906056,6,7,23
1.7992669580906056,6,8,23
1.7992669580906056,6,9,23
1.7992669580906056,6,10,23
1.7992669580906056,6,11,23
1.7992669580906056,6,12,23
1.7992669580906056,6,13,23
1.7992669580906056,6,14,23
1.7992669580906056,6,15,23
1.7992669580906056,6,16,23
1.7992669580906056,6,17,23
1.7992669580906056,6,18,23
1.7992669580906056,6,19,23
1.7992669580906056,6,20,23
1.7992669580906056,6,21,23
1.7992669580906056,6,22,23
1.7992669580906056,6,23,39
1.7992669580906056,6,23,40
1.799595925853798,9,28
1.799595925853798,9,11,28
1.799595925853798,9,12,28
1.799595925853798,9,13,28
1.799595925853798,9,14,28
1.799595925853798,9,15,28
1.799595925853798,9,16,28
1.799595925853798,9,17,28
1.799595925853798,9,18,28
1.799595925853798,9,19,28
1.799595925853798,9,20,28
1.799595925853798,9,21,28
1.799595925853798,9,22,28
1.799595925853798,9,23,28
1.799595925853798,9,24,28
1.799595925853798,9,25,28
1.799595925853798,9,26,28
1.799595925853798,9,28,39
1.799595925853798,9,28,40
1.799595925853798,9,28,41
1.799595925853798,9,28,42
1.799595925853798,9,28,43
1.799595925853798,9,28,44
1.799595925853798,9,28,45
1.7999671148018517,1,21
1.7999671148018517,1,3,21
1.7999671148018517,1,4,21
1.7999671148018517,1,5,21
1.7999671148018517,1,6,21
1.7999671148018517,1,7,21
1.7999671148018517,1,8,21
1.7999671148018517,1,9,21
1.7999671148018517,1,10,21
1.7999671148018517,1,11,21
1.7999671148018517,1,12,21
1.7999671148018517,1,13,21
1.7999671148018517,1,14,21
1.7999671148018517,1,15,21
1.7999671148018517,1,16,21
1.7999671148018517,1,17,21
1.7999671148018517,1,18,21
1.7999671148018517,1,19,21
1.7999671148018517,1,20,21
1.7999671148018517,1,21,30
1.7999671148018517,1,21,31
1.7999671148018517,1,21,32
1.7999671148018517,1,21,33
1.7999671148018517,1,21,34
1.7999671148018517,1,21,35
1.7999671148018517,1,21,36
1.7999671148018517,1,21,37
1.7999671148018517,1,21,38
1.8007645554507026,18,36
1.8007645554507026,0,18,36
1.8007645554507026,1,18,36
1.8007645554507026,2,18,36
1.8007645554507026,3,18,36
1.8007645554507026,4,18,36
1.8007645554507026,5,18,36
1.8007645554507026,18,19,36
1.8007645554507026,18,20,36
1.8007645554507026,18,21,36
1.8007645554507026,18,22,36
1.8007645554507026,18,23,36
1.8007645554507026,18,24,36
1.8007645554507026,18,25,36
1.8007645554507026,18,26,36
1.8007645554507026,18,27,36
1.8007645554507026,18,28,36
1.8007645554507026,18,29,36
1.8007645554507026,18,30,36
1.8007645554507026,18,31,36
1.8007645554507026,18,32,36
1.8007645554507026,18,33,36
1.8007645554507026,18,34,36
1.8007645554507026,18,35,36
1.8007645554507026,18,36,49
1.8018589042809043,2,34
1.8018589042809043,0,2,34
1.8018589042809043,1,2,34
1.8018589042809043,2,18,34
1.8018589042809043,2,33,34
1.8018589042809043,2,34,35
1.8018589042809043,2,34,36
1.8018589042809043,2,34,37
1.8018589042809043,2,34,38
1.8018589042809043,2,34,39
1.8018589042809043,2,34,40
1.8018589042809043,2,34,41
1.8018589042809043,2,34,42
1.8018589042809043,2,34,43
1.8018589042809043,2,34,44
1.8018589042809043,2,34,45
1.8018589042809043,2,34,46
1.8018589042809043,2,34,47
1.8018589042809043,2,34,48
1.8018589042809043,2,34,49
1.802269823711435,18,37
1.802269823711435,0,18,37
1.802269823711435,1,18,37
1.802269823711435,2,18,37
1.802269823711435,3,18,37
1.802269823711435,4,18,37
1.802269823711435,5,18,37
1.802269823711435,18,19,37
1.802269823711435,18,20,37
1.802269823711435,18,21,37
1.802269823711435,18,22,37
1.802269823711435,18,23,37
1.802269823711435,18,24,37
1.802269823711435,18,25,37
1.802269823711435,18,26,37
1.802269823711435,18,27,37
1.802269823711435,18,28,37
1.802269823711435,18,29,37
1.802269823711435,18,30,37
1.802269823711435,18,31,37
1.802269823711435,18,32,37
1.802269823711435,18,33,37
1.802269823711435,18,34,37
1.802269823711435,18,35,37
1.802269823711435,18,36,37
1.802269823711435,18,37,49
1.8034093994729414,2,31
1.8034093994729414,0,2,31
1.8034093994729414,1,2,31
1.8034093994729414,2,3,31
1.8034093994729414,2,13,31
1.8034093994729414,2,14,31
1.8034093994729414,2,15,31
1.8034093994729414,2,16,31
1.8034093994729414,2,17,31
1.8034093994729414,2,18,31
1.8034093994729414,2,31,33
1.8034093994729414,2,31,34
1.8034093994729414,2,31,35
1.8034093994729414,2,31,36
1.8034093994729414,2,31,37
1.8034093994729414,2,31,38
1.8034093994729414,2,31,39
1.8034093994729414,2,31,40
1.8034093994729414,2,31,41
1.8034093994729414,2,31,42
1.8034093994729414,2,31,43
1.8034093994729414,2,31,44
1.8034093994729414,2,31,45
1.8034093994729414,2,31,46
1.8034093994729414,2,31,47
1.8034093994729414,2,31,48
1.8034093994729414,2,31,49
1.8070751247542323,3,22
1.8070751247542323,3,5,22
1.8070751247542323,3,6,22
1.8070751247542323,3,7,22
1.8070751247542323,3,8,22
1.8070751247542323,3,9,22
1.8070751247542323,3,10,22
1.8070751247542323,3,11,22
1.8070751247542323,3,12,22
1.8070751247542323,3,13,22
1.8070751247542323,3,14,22
1.8070751247542323,3,15,22
1.8070751247542323,3,16,22
1.8070751247542323,3,17,22
1.8070751247542323,3,18,22
1.8070751247542323,3,19,22
1.8070751247542323,3,20,22
1.8070751247542323,3,21,22
1.8070751247542323,3,22,31
1.8070751247542323,3,22,33
1.8070751247542323,3,22,35
1.8070751247542323,3,22,36
1.8070751247542323,3,22,37
1.8070751247542323,3,22,38
1.8070751247542323,3,22,39
1.8073421051922558,8,25
1.8073421051922558,8,9,25
1.8073421051922558,8,10,25
1.8073421051922558,8,11,25
1.8073421051922558,8,12,25
1.8073421051922558,8,13,25
1.8073421051922558,8,14,25
1.8073421051922558,8,15,25
1.8073421051922558,8,16,25
1.8073421051922558,8,17,25
1.8073421051922558,8,18,25
1.8073421051922558,8,19,25
1.8073421051922558,8,20,25
1.8073421051922558,8,21,25
1.8073421051922558,8,22,25
1.8073421051922558,8,23,25
1.8073421051922558,8,25,39
1.8073421051922558,8,25,40
1.8073421051922558,8,25,41
1.8073421051922558,8,25,42
1.8073421051922558,8,25,43
1.8076857561303858,2,19
1.8076857561303858,1,2,19
1.8076857561303858,2,3,19
1.8076857561303858,2,4,19
1.8076857561303858,2,5,19
1.8076857561303858,2,6,19
1.8076857561303858,2,7,19
1.8076857561303858,2,8,19
1.8076857561303858,2,9,19
1.8076857561303858,2,10,19
1.8076857561303858,2,11,19
1.8076857561303858,2,12,19
1.8076857561303858,2,13,19
1.8076857561303858,2,14,19
1.8076857561303858,2,15,19
1.8076857561303858,2,16,19
1.8076857561303858,2,17,19
1.8076857561303858,2,18,19
1.8076857561303858,2,19,31
1.8076857561303858,2,19,33
1.8076857561303858,2,19,34
1.8076857561303858,2,19,35
1.8076857561303858,2,19,36
1.8076857561303858,2,19,37
1.8079617189238633,20,39
1.8079617189238633,1,20,39
1.8079617189238633,3,20,39
1.8079617189238633,4,20,39
1.8079617189238633,5,20,39
1.8079617189238633,6,20,39
1.8079617189238633,8,20,39
1.8079617189238633,9,20,39
1.8079617189238633,20,22,39
1.8079617189238633,20,23,39
1.8079617189238633,20,24,39
1.8079617189238633,20,25,39
1.8079617189238633,20,26,39
1.8079617189238633,20,27,39
1.8079617189238633,20,28,39
1.8079617189238633,20,29,39
1.8079617189238633,20,30,39
1.8079617189238633,20,31,39
1.8079617189238633,20,32,39
1.8079617189238633,20,33,39
1.8079617189238633,20,34,39
1.8079617189238633,20,35,39
1.8079617189238633,20,36,39
1.8079617189238633,20,37,39
1.8079617189238633,20,38,39
1.8088414403247353,13,33
1.8088414403247353,0,13,33
1.8088414403247353,1,13,33
1.8088414403247353,2,13,33
1.8088414403247353,3,13,33
1.8088414403247353,13,15,33
1.8088414403247353,13,16,33
1.8088414403247353,13,17,33
1.8088414403247353,13,18,33
1.8088414403247353,13,19,33
1.8088414403247353,13,20,33
1.8088414403247353,13,21,33
1.8088414403247353,13,22,33
1.8088414403247353,13,23,33
1.8088414403247353,13,24,33
1.8088414403247353,13,25,33
1.8088414403247353,13,26,33
1.8088414403247353,13,27,33
1.8088414403247353,13,28,33
1.8088414403247353,13,29,33
1.8088414403247353,13,30,33
1.8088414403247353,13,31,33
1.8088414403247353,13,33,45
1.8088414403247353,13,33,46
1.8088414403247353,13,33,47
1.8088414403247353,13,33,48
1.8088414403247353,13,33,49
1.8144947576209283,10,43
1.8144947576209283,0,10,43
1.8144947576209283,1,10,43
1.8144947576209283,2,10,43
1.8144947576209283,3,10,43
1.8144947576209283,4,10,43
1.8144947576209283,5,10,43
1.8144947576209283,6,10,43
1.8144947576209283,7,10,43
1.8144947576209283,8,10,43
1.8144947576209283,9,10,43
1.8144947576209283,10,11,43
1.8144947576209283,10,25,43
1.8144947576209283,10,26,43
1.8144947576209283,10,43,44
1.8144947576209283,10,43,45
1.8144947576209283,10,43,46
1.8144947576209283,10,43,47
1.8144947576209283,10,43,48
1.8144947576209283,10,43,49
1.8148088408292722,7,39
1.8148088408292722,0,7,39
1.8148088408292722,1,7,39
1.8148088408292722,2,7,39
1.8148088408292722,3,7,39
1.8148088408292722,4,7,39
1.8148088408292722,5,7,39
1.8148088408292722,6,7,39
1.8148088408292722,7,8,39
1.8148088408292722,7,9,39
1.8148088408292722,7,20,39
1.8148088408292722,7,22,39
1.8148088408292722,7,23,39
1.8148088408292722,7,39,40
1.8148088408292722,7,39,41
1.8148088408292722,7,39,42
1.8148088408292722,7,39,43
1.8148088408292722,7,39,44
1.8148088408292722,7,39,45
1.8148088408292722,7,39,46
1.8148088408292722,7,39,47
1.8148088408292722,7,39,48
1.8148088408292722,7,39,49
1.817254062830883,14,29
1.817254062830883,13,14,29
1.817254062830883,14,15,29
1.817254062830883,14,16,29
1.817254062830883,14,17,29
1.817254062830883,14,18,29
1.817254062830883,14,19,29
1.817254062830883,14,20,29
1.817254062830883,14,21,29
1.817254062830883,14,22,29
1.817254062830883,14,23,29
1.817254062830883,14,24,29
1.817254062830883,14,25,29
1.817254062830883,14,26,29
1.817254062830883,14,27,29
1.817254062830883,14,28,29
1.817254062830883,14,29,30
1.817254062830883,14,29,31
1.8174683949058532,6,38
1.8174683949058532,0,6,38
1.8174683949058532,1,6,38
1.8174683949058532,2,6,38
1.8174683949058532,3,6,38
1.8174683949058532,4,6,38
1.8174683949058532,5,6,38
1.8174683949058532,6,20,38
1.8174683949058532,6,21,38
1.8174683949058532,6,22,38
1.8174683949058532,6,23,38
1.8174683949058532,6,38,39
1.8174683949058532,6,38,40
1.8174683949058532,6,38,41
1.8174683949058532,6,38,42
1.8174683949058532,6,38,43
1.8174683949058532,6,38,44
1.8174683949058532,6,38,45
1.8174683949058532,6,38,46
1.8174683949058532,6,38,47
1.8174683949058532,6,38,48
1.8174683949058532,6,38,49
1.8180280444350043,12,43
1.8180280444350043,0,12,43
1.8180280444350043,1,12,43
1.8180280444350043,2,12,43
1.8180280444350043,3,12,43
1.8180280444350043,4,12,43
1.8180280444350043,5,12,43
1.8180280444350043,6,12,43
1.8180280444350043,7,12,43
1.8180280444350043,8,12,43
1.8180280444350043,9,12,43
1.8180280444350043,10,12,43
1.8180280444350043,11,12,43
1.8180280444350043,12,25,43
1.8180280444350043,12,26,43
1.8180280444350043,12,27,43
1.8180280444350043,12,28,43
1.8180280444350043,12,43,44
1.8180280444350043,12,43,45
1.8180280444350043,12,43,46
1.8180280444350043,12,43,47
1.8180280444350043,12,43,48
1.8180280444350043,12,43,49
1.8182208179850419,13,32
1.8182208179850419,0,13,32
1.8182208179850419,1,13,32
1.8182208179850419,13,15,32
1.8182208179850419,13,16,32
1.8182208179850419,13,17,32
1.8182208179850419,13,18,32
1.8182208179850419,13,19,32
1.8182208179850419,13,20,32
1.8182208179850419,13,21,32
1.8182208179850419,13,22,32
1.8182208179850419,13,23,32
1.8182208179850419,13,24,32
1.8182208179850419,13,25,32
1.8182208179850419,13,26,32
1.8182208179850419,13,27,32
1.8182208179850419,13,28,32
1.8182208179850419,13,29,32
1.8182208179850419,13,30,32
1.8182208179850419,13,31,32
1.8182208179850419,13,32,33
1.8182208179850419,13,32,45
1.8182208179850419,13,32,46
1.8182208179850419,13,32,47
1.8182208179850419,13,32,48
1.8182208179850419,13,32,49
1.8188427250127333,9,27
1.8188427250127333,9,11,27
1.8188427250127333,9,12,27
1.8188427250127333,9,13,27
1.8188427250127333,9,14,27
1.8188427250127333,9,15,27
1.8188427250127333,9,16,27
1.8188427250127333,9,17,27
1.8188427250127333,9,18,27
1.8188427250127333,9,19,27
1.8188427250127333,9,20,27
1.8188427250127333,9,21,27
1.8188427250127333,9,22,27
1.8188427250127333,9,23,27
1.8188427250127333,9,24,27
1.8188427250127333,9,25,27
1.8188427250127333,9,26,27
1.8188427250127333,9,27,28
1.8188427250127333,9,27,39
1.8188427250127333,9,27,40
1.8188427250127333,9,27,41
1.8188427250127333,9,27,42
1.8188427250127333,9,27,43
1.8188427250127333,9,27,44
1.818866485207656,21,39
1.818866485207656,1,21,39
1.818866485207656,3,21,39
1.818866485207656,4,21,39
1.818866485207656,5,21,39
1.818866485207656,6,21,39
1.818866485207656,7,21,39
1.818866485207656,8,21,39
1.818866485207656,9,21,39
1.818866485207656,20,21,39
1.818866485207656,21,22,39
1.818866485207656,21,23,39
1.818866485207656,21,24,39
1.818866485207656,21,25,39
1.818866485207656,21,26,39
1.818866485207656,21,27,39
1.818866485207656,21,28,39
1.818866485207656,21,29,39
1.818866485207656,21,30,39
1.818866485207656,21,31,39
1.818866485207656,21,32,39
1.818866485207656,21,33,39
1.818866485207656,21,34,39
1.818866485207656,21,35,39
1.818866485207656,21,36,39
1.818866485207656,21,37,39
1.818866485207656,21,38,39
1.8193839275915125,6,37
1.8193839275915125,0,6,37
1.8193839275915125,1,6,37
1.8193839275915125,2,6,37
1.8193839275915125,3,6,37
1.8193839275915125,4,6,37
1.8193839275915125,5,6,37
1.8193839275915125,6,18,37
1.8193839275915125,6,19,37
1.8193839275915125,6,20,37
1.8193839275915125,6,21,37
1.8193839275915125,6,22,37
1.8193839275915125,6,23,37
1.8193839275915125,6,37,38
1.8193839275915125,6,37,39
1.8193839275915125,6,37,40
1.8193839275915125,6,37,41
1.8193839275915125,6,37,42
1.8193839275915125,6,37,43
1.8193839275915125,6,37,44
1.8193839275915125,6,37,45
1.8193839275915125,6,37,46
1.8193839275915125,6,37,47
1.8193839275915125,6,37,48
1.8193839275915125,6,37,49
1.8196765944838564,13,44
1.8196765944838564,0,13,44
1.8196765944838564,1,13,44
1.8196765944838564,2,13,44
1.8196765944838564,3,13,44
1.8196765944838564,4,13,44
1.8196765944838564,5,13,44
1.8196765944838564,6,13,44
1.8196765944838564,7,13,44
1.8196765944838564,8,13,44
1.8196765944838564,9,13,44
1.8196765944838564,10,13,44
1.8196765944838564,11,13,44
1.8196765944838564,12,13,44
1.8196765944838564,13,27,44
1.8196765944838564,13,28,44
1.8196765944838564,13,29,44
1.8196765944838564,13,30,44
1.8196765944838564,13,31,44
1.8196765944838564,13,32,44
1.8196765944838564,13,33,44
1.8196765944838564,13,44,45
1.8196765944838564,13,44,46
1.8196765944838564,13,44,47
1.8196765944838564,13,44,48
1.8196765944838564,13,44,49
1.8199564460406867,5,23
1.8199564460406867,5,6,23
1.8199564460406867,5,7,23
1.8199564460406867,5,8,23
1.8199564460406867,5,9,23
1.8199564460406867,5,10,23
1.8199564460406867,5,11,23
1.8199564460406867,5,12,23
1.8199564460406867,5,13,23
1.8199564460406867,5,14,23
1.8199564460406867,5,15,23
1.8199564460406867,5,16,23
1.8199564460406867,5,17,23
1.8199564460406867,5,18,23
1.8199564460406867,5,19,23
1.8199564460406867,5,20,23
1.8199564460406867,5,21,23
1.8199564460406867,5,22,23
1.8199564460406867,5,23,36
1.8199564460406867,5,23,37
1.8199564460406867,5,23,38
1.8199564460406867,5,23,39
1.8199564460406867,5,23,40
1.8220211247967262,0,19
1.8220211247967262,0,1,19
1.8220211247967262,0,2,19
1.8220211247967262,0,3,19
1.8220211247967262,0,4,19
1.8220211247967262,0,5,19
1.8220211247967262,0,6,19
1.8220211247967262,0,7,19
1.8220211247967262,0,8,19
1.8220211247967262,0,9,19
1.8220211247967262,0,10,19
1.8220211247967262,0,11,19
1.8220211247967262,0,12,19
1.8220211247967262,0,13,19
1.8220211247967262,0,14,19
1.8220211247967262,0,15,19
1.8220211247967262,0,16,19
1.8220211247967262,0,17,19
1.8220211247967262,0,18,19
1.8220211247967262,0,19,30
1.8220211247967262,0,19,31
1.8220211247967262,0,19,32
1.8220211247967262,0,19,33
1.8220211247967262,0,19,34
1.8220211247967262,0,19,35
1.8220211247967262,0,19,36
1.8220211247967262,0,19,37
1.8231088505651543,19,38
1.8231088505651543,0,19,38
1.8231088505651543,1,19,38
1.8231088505651543,2,19,38
1.8231088505651543,3,19,38
1.8231088505651543,4,19,38
1.8231088505651543,5,19,38
1.8231088505651543,6,19,38
1.8231088505651543,19,20,38
1.8231088505651543,19,21,38
1.8231088505651543,19,22,38
1.8231088505651543,19,23,38
1.8231088505651543,19,24,38
1.8231088505651543,19,25,38
1.8231088505651543,19,26,38
1.8231088505651543,19,27,38
1.8231088505651543,19,28,38
1.8231088505651543,19,29,38
1.8231088505651543,19,30,38
1.8231088505651543,19,31,38
1.8231088505651543,19,32,38
1.8231088505651543,19,33,38
1.8231088505651543,19,34,38
1.8231088505651543,19,35,38
1.8231088505651543,19,36,38
1.8231088505651543,19,37,38
1.8242060494675751,25,44
1.8242060494675751,8,25,44
1.8242060494675751,9,25,44
1.8242060494675751,10,25,44
1.8242060494675751,11,25,44
1.8242060494675751,12,25,44
1.8242060494675751,13,25,44
1.8242060494675751,25,27,44
1.8242060494675751,25,28,44
1.8242060494675751,25,29,44
1.8242060494675751,25,30,44
1.8242060494675751,25,31,44
1.8242060494675751,25,32,44
1.8242060494675751,25,33,44
1.8242060494675751,25,34,44
1.8242060494675751,25,35,44
1.8242060494675751,25,36,44
1.8242060494675751,25,37,44
1.8242060494675751,25,38,44
1.8242060494675751,25,39,44
1.8242060494675751,25,40,44
1.8242060494675751,25,41,44
1.8242060494675751,25,42,44
1.8242060494675751,25,43,44
1.824712606660896,3,34
1.824712606660896,0,3,34
1.824712606660896,1,3,34
1.824712606660896,2,3,34
1.824712606660896,3,18,34
1.824712606660896,3,19,34
1.824712606660896,3,20,34
1.824712606660896,3,21,34
1.824712606660896,3,22,34
1.824712606660896,3,31,34
1.824712606660896,3,33,34
1.824712606660896,3,34,35
1.824712606660896,3,34,36
1.824712606660896,3,34,37
1.824712606660896,3,34,38
1.824712606660896,3,34,39
1.824712606660896,3,34,40
1.824712606660896,3,34,41
1.824712606660896,3,34,42
1.824712606660896,3,34,43
1.824712606660896,3,34,44
1.824712606660896,3,34,45
1.824712606660896,3,34,46
1.824712606660896,3,34,47
1.824712606660896,3,34,48
1.824712606660896,3,34,49
1.8248991255798421,5,35
1.8248991255798421,0,5,35
1.8248991255798421,1,5,35
1.8248991255798421,2,5,35
1.8248991255798421,3,5,35
1.8248991255798421,5,18,35
1.8248991255798421,5,19,35
1.8248991255798421,5,20,35
1.8248991255798421,5,21,35
1.8248991255798421,5,22,35
1.8248991255798421,5,23,35
1.8248991255798421,5,35,36
1.8248991255798421,5,35,37
1.8248991255798421,5,35,38
1.8248991255798421,5,35,39
1.8248991255798421,5,35,40
1.8248991255798421,5,35,41
1.8248991255798421,5,35,42
1.8248991255798421,5,35,43
1.8248991255798421,5,35,44
1.8248991255798421,5,35,45
1.8248991255798421,5,35,46
1.8248991255798421,5,35,47
1.8248991255798421,5,35,48
1.8248991255798421,5,35,49
1.8272466838816082,1,25
1.8272466838816082,1,8,25
1.8272466838816082,1,9,25
1.8272466838816082,1,10,25
1.8272466838816082,1,11,25
1.8272466838816082,1,12,25
1.8272466838816082,1,13,25
1.8272466838816082,1,14,25
1.8272466838816082,1,15,25
1.8272466838816082,1,16,25
1.8272466838816082,1,17,25
1.8272466838816082,1,18,25
1.8272466838816082,1,19,25
1.8272466838816082,1,20,25
1.8272466838816082,1,21,25
1.8272466838816082,1,25,30
1.8272466838816082,1,25,31
1.8272466838816082,1,25,32
1.8272466838816082,1,25,33
1.8272466838816082,1,25,34
1.8272466838816082,1,25,35
1.8272466838816082,1,25,36
1.8272466838816082,1,25,37
1.8272466838816082,1,25,38
1.8272466838816082,1,25,39
1.8272466838816082,1,25,40
1.8272466838816082,1,25,41
1.8272466838816082,1,25,42
1.8272466838816082,1,25,43
1.8272466838816082,1,25,44
1.8310391147435134,3,23
1.8310391147435134,3,5,23
1.8310391147435134,3,6,23
1.8310391147435134,3,7,23
1.8310391147435134,3,8,23
1.8310391147435134,3,9,23
1.8310391147435134,3,10,23
1.8310391147435134,3,11,23
1.8310391147435134,3,12,23
1.8310391147435134,3,13,23
1.8310391147435134,3,14,23
1.8310391147435134,3,15,23
1.8310391147435134,3,16,23
1.8310391147435134,3,17,23
1.8310391147435134,3,18,23
1.8310391147435134,3,19,23
1.8310391147435134,3,20,23
1.8310391147435134,3,21,23
1.8310391147435134,3,22,23
1.8310391147435134,3,23,31
1.8310391147435134,3,23,33
1.8310391147435134,3,23,34
1.8310391147435134,3,23,35
1.8310391147435134,3,23,36
1.8310391147435134,3,23,37
1.8310391147435134,3,23,38
1.8310391147435134,3,23,39
1.8310391147435134,3,23,40
1.8316537517674165,28,46
1.8316537517674165,9,28,46
1.8316537517674165,11,28,46
1.8316537517674165,12,28,46
1.8316537517674165,13,28,46
1.8316537517674165,28,29,46
1.8316537517674165,28,30,46
1.8316537517674165,28,31,46
1.8316537517674165,28,32,46
1.8316537517674165,28,33,46
1.8316537517674165,28,34,46
1.8316537517674165,28,35,46
1.8316537517674165,28,36,46
1.8316537517674165,28,37,46
1.8316537517674165,28,38,46
1.8316537517674165,28,39,46
1.8316537517674165,28,40,46
1.8316537517674165,28,41,46
1.8316537517674165,28,42,46
1.8316537517674165,28,43,46
1.8316537517674165,28,44,46
1.8316537517674165,28,45,46
1.831867860001939,19,49
1.831867860001939,0,19,49
1.831867860001939,1,19,49
1.831867860001939,2,19,49
1.831867860001939,3,19,49
1.831867860001939,4,19,49
1.831867860001939,5,19,49
1.831867860001939,6,19,49
1.831867860001939,7,19,49
1.831867860001939,8,19,49
1.831867860001939,9,19,49
1.831867860001939,10,19,49
1.831867860001939,11,19,49
1.831867860001939,12,19,49
1.831867860001939,13,19,49
1.831867860001939,14,19,49
1.831867860001939,15,19,49
1.831867860001939,16,19,49
1.831867860001939,17,19,49
1.831867860001939,18,19,49
1.831867860001939,19,31,49
1.831867860001939,19,32,49
1.831867860001939,19,33,49
1.831867860001939,19,34,49
1.831867860001939,19,35,49
1.831867860001939,19,36,49
1.831867860001939,19,37,49
1.831867860001939,19,38,49
1.833983233691828,1,22
1.833983233691828,1,3,22
1.833983233691828,1,5,22
1.833983233691828,1,6,22
1.833983233691828,1,7,22
1.833983233691828,1,8,22
1.833983233691828,1,9,22
1.833983233691828,1,10,22
1.833983233691828,1,11,22
1.833983233691828,1,12,22
1.833983233691828,1,13,22
1.833983233691828,1,14,22
1.833983233691828,1,15,22
1.833983233691828,1,16,22
1.833983233691828,1,17,22
1.833983233691828,1,18,22
1.833983233691828,1,19,22
1.833983233691828,1,20,22
1.833983233691828,1,21,22
1.833983233691828,1,22,25
1.833983233691828,1,22,30
1.833983233691828,1,22,31
1.833983233691828,1,22,32
1.833983233691828,1,22,33
1.833983233691828,1,22,34
1.833983233691828,1,22,35
1.833983233691828,1,22,36
1.833983233691828,1,22,37
1.833983233691828,1,22,38
1.833983233691828,1,22,39
1.8351419292072657,27,45
1.8351419292072657,9,27,45
1.8351419292072657,11,27,45
1.8351419292072657,12,27,45
1.8351419292072657,13,27,45
1.8351419292072657,27,28,45
1.8351419292072657,27,29,45
1.8351419292072657,27,30,45
1.8351419292072657,27,31,45
1.8351419292072657,27,32,45
1.8351419292072657,27,33,45
1.8351419292072657,27,34,45
1.8351419292072657,27,35,45
1.8351419292072657,27,36,45
1.8351419292072657,27,37,45
1.8351419292072657,27,38,45
1.8351419292072657,27,39,45
1.8351419292072657,27,40,45
1.8351419292072657,27,41,45
1.8351419292072657,27,42,45
1.8351419292072657,27,43,45
1.8351419292072657,27,44,45
1.8360834680934424,3,32
1.8360834680934424,0,3,32
1.8360834680934424,1,3,32
1.8360834680934424,3,13,32
1.8360834680934424,3,15,32
1.8360834680934424,3,16,32
1.8360834680934424,3,17,32
1.8360834680934424,3,18,32
1.8360834680934424,3,19,32
1.8360834680934424,3,20,32
1.8360834680934424,3,21,32
1.8360834680934424,3,22,32
1.8360834680934424,3,23,32
1.8360834680934424,3,31,32
1.8360834680934424,3,32,33
1.8360834680934424,3,32,34
1.8360834680934424,3,32,35
1.8360834680934424,3,32,36
1.8360834680934424,3,32,37
1.8360834680934424,3,32,38
1.8360834680934424,3,32,39
1.8360834680934424,3,32,40
1.8360834680934424,3,32,41
1.8360834680934424,3,32,42
1.8360834680934424,3,32,43
1.8360834680934424,3,32,44
1.8360834680934424,3,32,45
1.8360834680934424,3,32,46
1.8360834680934424,3,32,47
1.8360834680934424,3,32,48
1.8360834680934424,3,32,49
1.8369402804547053,11,41
1.8369402804547053,0,11,41
1.8369402804547053,1,11,41
1.8369402804547053,2,11,41
1.8369402804547053,3,11,41
1.8369402804547053,4,11,41
1.8369402804547053,5,11,41
1.8369402804547053,6,11,41
1.8369402804547053,7,11,41
1.8369402804547053,8,11,41
1.8369402804547053,9,11,41
1.8369402804547053,11,25,41
1.8369402804547053,11,26,41
1.8369402804547053,11,27,41
1.8369402804547053,11,28,41
1.8369402804547053,11,41,43
1.8369402804547053,11,41,44
1.8369402804547053,11,41,45
1.8369402804547053,11,41,46
1.8369402804547053,11,41,47
1.8369402804547053,11,41,48
1.8369402804547053,11,41,49
1.8371802212139159,18,48
1.8371802212139159,0,18,48
1.8371802212139159,1,18,48
1.8371802212139159,2,18,48
1.8371802212139159,3,18,48
1.8371802212139159,4,18,48
1.8371802212139159,5,18,48
1.8371802212139159,6,18,48
1.8371802212139159,7,18,48
1.8371802212139159,8,18,48
1.8371802212139159,9,18,48
1.8371802212139159,10,18,48
1.8371802212139159,11,18,48
1.8371802212139159,12,18,48
1.8371802212139159,13,18,48
1.8371802212139159,14,18,48
1.8371802212139159,15,18,48
1.8371802212139159,16,18,48
1.8371802212139159,18,30,48
1.8371802212139159,18,31,48
1.8371802212139159,18,32,48
1.8371802212139159,18,33,48
1.8371802212139159,18,34,48
1.8371802212139159,18,35,48
1.8371802212139159,18,36,48
1.8371802212139159,18,37,48
1.8371802212139159,18,48,49
1.8392280680729745,12,31
1.8392280680729745,0,12,31
1.8392280680729745,1,12,31
1.8392280680729745,2,12,31
1.8392280680729745,3,12,31
1.8392280680729745,12,13,31
1.8392280680729745,12,14,31
1.8392280680729745,12,15,31
1.8392280680729745,12,16,31
1.8392280680729745,12,17,31
1.8392280680729745,12,18,31
1.8392280680729745,12,19,31
1.8392280680729745,12,20,31
1.8392280680729745,12,21,31
1.8392280680729745,12,22,31
1.8392280680729745,12,23,31
1.8392280680729745,12,24,31
1.8392280680729745,12,25,31
1.8392280680729745,12,26,31
1.8392280680729745,12,27,31
1.8392280680729745,12,28,31
1.8392280680729745,12,31,43
1.8392280680729745,12,31,44
1.8392280680729745,12,31,45
1.8392280680729745,12,31,46
1.8392280680729745,12,31,47
1.8392280680729745,12,31,48
1.8392280680729745,12,31,49
1.8406839597616445,12,30
1.8406839597616445,0,12,30
1.8406839597616445,1,12,30
1.8406839597616445,12,13,30
1.8406839597616445,12,14,30
1.8406839597616445,12,15,30
1.8406839597616445,12,16,30
1.8406839597616445,12,17,30
1.8406839597616445,12,18,30
1.8406839597616445,12,19,30
1.8406839597616445,12,20,30
1.8406839597616445,12,21,30
1.8406839597616445,12,22,30
1.8406839597616445,12,23,30
1.8406839597616445,12,24,30
1.8406839597616445,12,25,30
1.8406839597616445,12,26,30
1.8406839597616445,12,27,30
1.8406839597616445,12,28,30
1.8406839597616445,12,30,31
1.8406839597616445,12,30,43
1.8406839597616445,12,30,44
1.8406839597616445,12,30,45
1.8406839597616445,12,30,46
1.8406839597616445,12,30,47
1.8406839597616445,12,30,48
1.8429795944338798,30,49
1.8429795944338798,0,30,49
1.8429795944338798,1,30,49
1.8429795944338798,12,30,49
1.8429795944338798,13,30,49
1.8429795944338798,14,30,49
1.8429795944338798,15,30,49
1.8429795944338798,16,30,49
1.8429795944338798,17,30,49
1.8429795944338798,18,30,49
1.8429795944338798,19,30,49
1.8429795944338798,30,31,49
1.8429795944338798,30,32,49
1.8429795944338798,30,33,49
1.8429795944338798,30,34,49
1.8429795944338798,30,35,49
1.8429795944338798,30,36,49
1.8429795944338798,30,37,49
1.8429795944338798,30,38,49
1.8429795944338798,30,39,49
1.8429795944338798,30,40,49
1.8429795944338798,30,41,49
1.8429795944338798,30,42,49
1.8429795944338798,30,43,49
1.8429795944338798,30,44,49
1.8429795944338798,30,45,49
1.8429795944338798,30,46,49
1.8429795944338798,30,47,49
1.8429795944338798,30,48,49
1.8435853745006852,26,44
1.8435853745006852,9,26,44
1.8435853745006852,10,26,44
1.8435853745006852,11,26,44
1.8435853745006852,12,26,44
1.8435853745006852,13,26,44
1.8435853745006852,25,26,44
1.8435853745006852,26,27,44
1.8435853745006852,26,28,44
1.8435853745006852,26,29,44
1.8435853745006852,26,30,44
1.8435853745006852,26,31,44
1.8435853745006852,26,32,44
1.8435853745006852,26,33,44
1.8435853745006852,26,34,44
1.8435853745006852,26,35,44
1.8435853745006852,26,36,44
1.8435853745006852,26,37,44
1.8435853745006852,26,38,44
1.8435853745006852,26,39,44
1.8435853745006852,26,40,44
1.8435853745006852,26,41,44
1.8435853745006852,26,42,44
1.8435853745006852,26,43,44
1.8436943610836312,25,45
1.8436943610836312,1,25,45
1.8436943610836312,8,25,45
1.8436943610836312,9,25,45
1.8436943610836312,10,25,45
1.8436943610836312,11,25,45
1.8436943610836312,12,25,45
1.8436943610836312,13,25,45
1.8436943610836312,25,27,45
1.8436943610836312,25,28,45
1.8436943610836312,25,29,45
1.8436943610836312,25,30,45
1.8436943610836312,25,31,45
1.8436943610836312,25,32,45
1.8436943610836312,25,33,45
1.8436943610836312,25,34,45
1.8436943610836312,25,35,45
1.8436943610836312,25,36,45
1.8436943610836312,25,37,45
1.8436943610836312,25,38,45
1.8436943610836312,25,39,45
1.8436943610836312,25,40,45
1.8436943610836312,25,41,45
1.8436943610836312,25,42,45
1.8436943610836312,25,43,45
1.8436943610836312,25,44,45
1.8440682479829145,1,23
1.8440682479829145,1,3,23
1.8440682479829145,1,5,23
1.8440682479829145,1,6,23
1.8440682479829145,1,7,23
1.8440682479829145,1,8,23
1.8440682479829145,1,9,23
1.8440682479829145,1,10,23
1.8440682479829145,1,11,23
1.8440682479829145,1,12,23
1.8440682479829145,1,13,23
1.8440682479829145,1,14,23
1.8440682479829145,1,15,23
1.8440682479829145,1,16,23
1.8440682479829145,1,17,23
1.8440682479829145,1,18,23
1.8440682479829145,1,19,23
1.8440682479829145,1,20,23
1.8440682479829145,1,21,23
1.8440682479829145,1,22,23
1.8440682479829145,1,23,25
1.8440682479829145,1,23,30
1.8440682479829145,1,23,31
1.8440682479829145,1,23,32
1.8440682479829145,1,23,33
1.8440682479829145,1,23,34
1.8440682479829145,1,23,35
1.8440682479829145,1,23,36
1.8440682479829145,1,23,37
1.8440682479829145,1,23,38
1.8440682479829145,1,23,39
1.8440682479829145,1,23,40
1.844818823181392,3,25
1.844818823181392,1,3,25
1.844818823181392,3,8,25
1.844818823181392,3,9,25
1.844818823181392,3,10,25
1.844818823181392,3,11,25
1.844818823181392,3,12,25
1.844818823181392,3,13,25
1.844818823181392,3,14,25
1.844818823181392,3,15,25
1.844818823181392,3,16,25
1.844818823181392,3,17,25
1.844818823181392,3,18,25
1.844818823181392,3,19,25
1.844818823181392,3,20,25
1.844818823181392,3,21,25
1.844818823181392,3,22,25
1.844818823181392,3,23,25
1.844818823181392,3,25,31
1.844818823181392,3,25,32
1.844818823181392,3,25,33
1.844818823181392,3,25,34
1.844818823181392,3,25,35
1.844818823181392,3,25,36
1.844818823181392,3,25,37
1.844818823181392,3,25,38
1.844818823181392,3,25,39
1.844818823181392,3,25,40
1.844818823181392,3,25,41
1.844818823181392,3,25,42
1.844818823181392,3,25,43
1.844818823181392,3,25,44
1.844818823181392,3,25,45
1.8465990526192988,23,41
1.8465990526192988,1,23,41
1.8465990526192988,3,23,41
1.8465990526192988,5,23,41
1.8465990526192988,6,23,41
1.8465990526192988,7,23,41
1.8465990526192988,8,23,41
1.8465990526192988,9,23,41
1.8465990526192988,11,23,41
1.8465990526192988,23,25,41
1.8465990526192988,23,26,41
1.8465990526192988,23,27,41
1.8465990526192988,23,28,41
1.8465990526192988,23,29,41
1.8465990526192988,23,30,41
1.8465990526192988,23,31,41
1.8465990526192988,23,32,41
1.8465990526192988,23,33,41
1.8465990526192988,23,34,41
1.8465990526192988,23,35,41
1.8465990526192988,23,36,41
1.8465990526192988,23,37,41
1.8465990526192988,23,38,41
1.8465990526192988,23,39,41
1.8465990526192988,23,40,41
1.84723046433227,6,36
1.84723046433227,0,6,36
1.84723046433227,1,6,36
1.84723046433227,2,6,36
1.84723046433227,3,6,36
1.84723046433227,4,6,36
1.84723046433227,5,6,36
1.84723046433227,6,18,36
1.84723046433227,6,19,36
1.84723046433227,6,20,36
1.84723046433227,6,21,36
1.84723046433227,6,22,36
1.84723046433227,6,23,36
1.84723046433227,6,36,37
1.84723046433227,6,36,38
1.84723046433227,6,36,39
1.84723046433227,6,36,40
1.84723046433227,6,36,41
1.84723046433227,6,36,42
1.84723046433227,6,36,43
1.84723046433227,6,36,44
1.84723046433227,6,36,45
1.84723046433227,6,36,46
1.84723046433227,6,36,47
1.84723046433227,6,36,48
1.84723046433227,6,36,49
1.8473537788788006,19,39
1.8473537788788006,0,19,39
1.8473537788788006,1,19,39
1.8473537788788006,2,19,39
1.8473537788788006,3,19,39
1.8473537788788006,4,19,39
1.8473537788788006,5,19,39
1.8473537788788006,6,19,39
1.8473537788788006,7,19,39
1.8473537788788006,8,19,39
1.8473537788788006,9,19,39
1.8473537788788006,19,20,39
1.8473537788788006,19,21,39
1.8473537788788006,19,22,39
1.8473537788788006,19,23,39
1.8473537788788006,19,24,39
1.8473537788788006,19,25,39
1.8473537788788006,19,26,39
1.8473537788788006,19,27,39
1.8473537788788006,19,28,39
1.8473537788788006,19,29,39
1.8473537788788006,19,30,39
1.8473537788788006,19,31,39
1.8473537788788006,19,32,39
1.8473537788788006,19,33,39
1.8473537788788006,19,34,39
1.8473537788788006,19,35,39
1.8473537788788006,19,36,39
1.8473537788788006,19,37,39
1.8473537788788006,19,38,39
1.8473537788788006,19,39,49
1.8487309109735777,1,28
1.8487309109735777,1,9,28
1.8487309109735777,1,11,28
1.8487309109735777,1,12,28
1.8487309109735777,1,13,28
1.8487309109735777,1,14,28
1.8487309109735777,1,15,28
1.8487309109735777,1,16,28
1.8487309109735777,1,17,28
1.8487309109735777,1,18,28
1.8487309109735777,1,19,28
1.8487309109735777,1,20,28
1.8487309109735777,1,21,28
1.8487309109735777,1,22,28
1.8487309109735777,1,23,28
1.8487309109735777,1,25,28
1.8487309109735777,1,28,30
1.8487309109735777,1,28,31
1.8487309109735777,1,28,32
1.8487309109735777,1,28,33
1.8487309109735777,1,28,34
1.8487309109735777,1,28,35
1.8487309109735777,1,28,36
1.8487309109735777,1,28,37
1.8487309109735777,1,28,38
1.8487309109735777,1,28,39
1.8487309109735777,1,28,40
1.8487309109735777,1,28,41
1.8487309109735777,1,28,42
1.8487309109735777,1,28,43
1.8487309109735777,1,28,44
1.8487309109735777,1,28,45
1.8487309109735777,1,28,46
1.8500651041031753,13,43
1.8500651041031753,0,13,43
1.8500651041031753,1,13,43
1.8500651041031753,2,13,43
1.8500651041031753,3,13,43
1.8500651041031753,4,13,43
1.8500651041031753,5,13,43
1.8500651041031753,6,13,43
1.8500651041031753,7,13,43
1.8500651041031753,8,13,43
1.8500651041031753,9,13,43
1.8500651041031753,10,13,43
1.8500651041031753,11,13,43
1.8500651041031753,12,13,43
1.8500651041031753,13,25,43
1.8500651041031753,13,26,43
1.8500651041031753,13,27,43
1.8500651041031753,13,28,43
1.8500651041031753,13,29,43
1.8500651041031753,13,30,43
1.8500651041031753,13,31,43
1.8500651041031753,13,32,43
1.8500651041031753,13,33,43
1.8500651041031753,13,43,44
1.8500651041031753,13,43,45
1.8500651041031753,13,43,46
1.8500651041031753,13,43,47
1.8500651041031753,13,43,48
1.8500651041031753,13,43,49
1.8501345616433236,2,32
1.8501345616433236,0,2,32
1.8501345616433236,1,2,32
1.8501345616433236,2,3,32
1.8501345616433236,2,13,32
1.8501345616433236,2,15,32
1.8501345616433236,2,16,32
1.8501345616433236,2,17,32
1.8501345616433236,2,18,32
1.8501345616433236,2,19,32
1.8501345616433236,2,31,32
1.8501345616433236,2,32,33
1.8501345616433236,2,32,34
1.8501345616433236,2,32,35
1.8501345616433236,2,32,36
1.8501345616433236,2,32,37
1.8501345616433236,2,32,38
1.8501345616433236,2,32,39
1.8501345616433236,2,32,40
1.8501345616433236,2,32,41
1.8501345616433236,2,32,42
1.8501345616433236,2,32,43
1.8501345616433236,2,32,44
1.8501345616433236,2,32,45
1.8501345616433236,2,32,46
1.8501345616433236,2,32,47
1.8501345616433236,2,32,48
1.8501345616433236,2,32,49
1.8512607149400648,4,35
1.8512607149400648,0,4,35
1.8512607149400648,1,4,35
1.8512607149400648,2,4,35
1.8512607149400648,3,4,35
1.8512607149400648,4,5,35
1.8512607149400648,4,18,35
1.8512607149400648,4,19,35
1.8512607149400648,4,20,35
1.8512607149400648,4,21,35
1.8512607149400648,4,35,36
1.8512607149400648,4,35,37
1.8512607149400648,4,35,38
1.8512607149400648,4,35,39
1.8512607149400648,4,35,40
1.8512607149400648,4,35,41
1.8512607149400648,4,35,42
1.8512607149400648,4,35,43
1.8512607149400648,4,35,44
1.8512607149400648,4,35,45
1.8512607149400648,4,35,46
1.8512607149400648,4,35,47
1.8512607149400648,4,35,48
1.8512607149400648,4,35,49
1.852753128720794,4,22
1.852753128720794,1,4,22
1.852753128720794,3,4,22
1.852753128720794,4,5,22
1.852753128720794,4,6,22
1.852753128720794,4,7,22
1.852753128720794,4,8,22
1.852753128720794,4,9,22
1.852753128720794,4,10,22
1.852753128720794,4,11,22
1.852753128720794,4,12,22
1.852753128720794,4,13,22
1.852753128720794,4,14,22
1.852753128720794,4,15,22
1.852753128720794,4,16,22
1.852753128720794,4,17,22
1.852753128720794,4,18,22
1.852753128720794,4,19,22
1.852753128720794,4,20,22
1.852753128720794,4,21,22
1.852753128720794,4,22,35
1.852753128720794,4,22,36
1.852753128720794,4,22,37
1.852753128720794,4,22,38
1.852753128720794,4,22,39
1.853599422692231,29,48
1.853599422692231,13,29,48
1.853599422692231,14,29,48
1.853599422692231,15,29,48
1.853599422692231,16,29,48
1.853599422692231,18,29,48
1.853599422692231,29,30,48
1.853599422692231,29,31,48
1.853599422692231,29,32,48
1.853599422692231,29,33,48
1.853599422692231,29,34,48
1.853599422692231,29,35,48
1.853599422692231,29,36,48
1.853599422692231,29,37,48
1.853599422692231,29,38,48
1.853599422692231,29,39,48
1.853599422692231,29,40,48
1.853599422692231,29,41,48
1.853599422692231,29,42,48
1.853599422692231,29,43,48
1.853599422692231,29,44,48
1.853599422692231,29,45,48
1.853599422692231,29,46,48
1.8547597939610934,11,42
1.8547597939610934,0,11,42
1.8547597939610934,1,11,42
1.8547597939610934,2,11,42
1.8547597939610934,3,11,42
1.8547597939610934,4,11,42
1.8547597939610934,5,11,42
1.8547597939610934,6,11,42
1.8547597939610934,7,11,42
1.8547597939610934,8,11,42
1.8547597939610934,9,11,42
1.8547597939610934,11,25,42
1.8547597939610934,11,26,42
1.8547597939610934,11,27,42
1.8547597939610934,11,28,42
1.8547597939610934,11,41,42
1.8547597939610934,11,42,43
1.8547597939610934,11,42,44
1.8547597939610934,11,42,45
1.8547597939610934,11,42,46
1.8547597939610934,11,42,47
1.8547597939610934,11,42,48
1.8547597939610934,11,42,49
1.8549008198851913,22,40
1.8549008198851913,1,22,40
1.8549008198851913,3,22,40
1.8549008198851913,4,22,40
1.8549008198851913,5,22,40
1.8549008198851913,6,22,40
1.8549008198851913,7,22,40
1.8549008198851913,8,22,40
1.8549008198851913,9,22,40
1.8549008198851913,22,23,40
1.8549008198851913,22,24,40
1.8549008198851913,22,25,40
1.8549008198851913,22,26,40
1.8549008198851913,22,27,40
1.8549008198851913,22,28,40
1.8549008198851913,22,29,40
1.8549008198851913,22,30,40
1.8549008198851913,22,31,40
1.8549008198851913,22,32,40
1.8549008198851913,22,33,40
1.8549008198851913,22,34,40
1.8549008198851913,22,35,40
1.8549008198851913,22,36,40
1.8549008198851913,22,37,40
1.8549008198851913,22,38,40
1.8549008198851913,22,39,40
1.8550421957551861,10,28
1.8550421957551861,1,10,28
1.8550421957551861,9,10,28
1.8550421957551861,10,11,28
1.8550421957551861,10,12,28
1.8550421957551861,10,13,28
1.8550421957551861,10,14,28
1.8550421957551861,10,15,28
1.8550421957551861,10,16,28
1.8550421957551861,10,17,28
1.8550421957551861,10,18,28
1.8550421957551861,10,19,28
1.8550421957551861,10,20,28
1.8550421957551861,10,21,28
1.8550421957551861,10,22,28
1.8550421957551861,10,23,28
1.8550421957551861,10,24,28
1.8550421957551861,10,25,28
1.8550421957551861,10,26,28
1.8550421957551861,10,28,43
1.8550421957551861,10,28,44
1.8550421957551861,10,28,45
1.8550421957551861,10,28,46
1.8561589903468094,18,38
1.8561589903468094,0,18,38
1.8561589903468094,1,18,38
1.8561589903468094,2,18,38
1.8561589903468094,3,18,38
1.8561589903468094,4,18,38
1.8561589903468094,5,18,38
1.8561589903468094,6,18,38
1.8561589903468094,18,19,38
1.8561589903468094,18,20,38
1.8561589903468094,18,21,38
1.8561589903468094,18,22,38
1.8561589903468094,18,23,38
1.8561589903468094,18,24,38
1.8561589903468094,18,25,38
1.8561589903468094,18,26,38
1.8561589903468094,18,27,38
1.8561589903468094,18,28,38
1.8561589903468094,18,29,38
1.8561589903468094,18,30,38
1.8561589903468094,18,31,38
1.8561589903468094,18,32,38
1.8561589903468094,18,33,38
1.8561589903468094,18,34,38
1.8561589903468094,18,35,38
1.8561589903468094,18,36,38
1.8561589903468094,18,37,38
1.8561589903468094,18,38,48
1.8561589903468094,18,38,49
1.8598031016293979,0,20
1.8598031016293979,0,1,20
1.8598031016293979,0,3,20
1.8598031016293979,0,4,20
1.8598031016293979,0,5,20
1.8598031016293979,0,6,20
1.8598031016293979,0,7,20
1.8598031016293979,0,8,20
1.8598031016293979,0,9,20
1.8598031016293979,0,10,20
1.8598031016293979,0,11,20
1.8598031016293979,0,12,20
1.8598031016293979,0,13,20
1.8598031016293979,0,14,20
1.8598031016293979,0,15,20
1.8598031016293979,0,16,20
1.8598031016293979,0,17,20
1.8598031016293979,0,18,20
1.8598031016293979,0,19,20
1.8598031016293979,0,20,30
1.8598031016293979,0,20,31
1.8598031016293979,0,20,32
1.8598031016293979,0,20,33
1.8598031016293979,0,20,34
1.8598031016293979,0,20,35
1.8598031016293979,0,20,36
1.8598031016293979,0,20,37
1.8598031016293979,0,20,38
1.8598031016293979,0,20,39
1.8604691369592474,2,20
1.8604691369592474,0,2,20
1.8604691369592474,1,2,20
1.8604691369592474,2,3,20
1.8604691369592474,2,4,20
1.8604691369592474,2,5,20
1.8604691369592474,2,6,20
1.8604691369592474,2,7,20
1.8604691369592474,2,8,20
1.8604691369592474,2,9,20
1.8604691369592474,2,10,20
1.8604691369592474,2,11,20
1.8604691369592474,2,12,20
1.8604691369592474,2,13,20
1.8604691369592474,2,14,20
1.8604691369592474,2,15,20
1.8604691369592474,2,16,20
1.8604691369592474,2,17,20
1.8604691369592474,2,18,20
1.8604691369592474,2,19,20
1.8604691369592474,2,20,31
1.8604691369592474,2,20,32
1.8604691369592474,2,20,33
1.8604691369592474,2,20,34
1.8604691369592474,2,20,35
1.8604691369592474,2,20,36
1.8604691369592474,2,20,37
1.8604691369592474,2,20,38
1.8604691369592474,2,20,39
1.8618067566137175,28,48
1.8618067566137175,1,28,48
1.8618067566137175,9,28,48
1.8618067566137175,10,28,48
1.8618067566137175,11,28,48
1.8618067566137175,12,28,48
1.8618067566137175,13,28,48
1.8618067566137175,14,28,48
1.8618067566137175,15,28,48
1.8618067566137175,16,28,48
1.8618067566137175,18,28,48
1.8618067566137175,28,29,48
1.8618067566137175,28,30,48
1.8618067566137175,28,31,48
1.8618067566137175,28,32,48
1.8618067566137175,28,33,48
1.8618067566137175,28,34,48
1.8618067566137175,28,35,48
1.8618067566137175,28,36,48
1.8618067566137175,28,37,48
1.8618067566137175,28,38,48
1.8618067566137175,28,39,48
1.8618067566137175,28,40,48
1.8618067566137175,28,41,48
1.8618067566137175,28,42,48
1.8618067566137175,28,43,48
1.8618067566137175,28,44,48
1.8618067566137175,28,45,48
1.8618067566137175,28,46,48
1.8623129227963269,0,28
1.8623129227963269,0,1,28
1.8623129227963269,0,9,28
1.8623129227963269,0,10,28
1.8623129227963269,0,11,28
1.8623129227963269,0,12,28
1.8623129227963269,0,13,28
1.8623129227963269,0,14,28
1.8623129227963269,0,15,28
1.8623129227963269,0,16,28
1.8623129227963269,0,17,28
1.8623129227963269,0,18,28
1.8623129227963269,0,19,28
1.8623129227963269,0,20,28
1.8623129227963269,0,28,30
1.8623129227963269,0,28,31
1.8623129227963269,0,28,32
1.8623129227963269,0,28,33
1.8623129227963269,0,28,34
1.8623129227963269,0,28,35
1.8623129227963269,0,28,36
1.8623129227963269,0,28,37
1.8623129227963269,0,28,38
1.8623129227963269,0,28,39
1.8623129227963269,0,28,40
1.8623129227963269,0,28,41
1.8623129227963269,0,28,42
1.8623129227963269,0,28,43
1.8623129227963269,0,28,44
1.8623129227963269,0,28,45
1.8623129227963269,0,28,46
1.8623129227963269,0,28,48
1.86267455599638,9,37
1.86267455599638,0,9,37
1.86267455599638,1,9,37
1.86267455599638,2,9,37
1.86267455599638,3,9,37
1.86267455599638,4,9,37
1.86267455599638,5,9,37
1.86267455599638,6,9,37
1.86267455599638,9,18,37
1.86267455599638,9,19,37
1.86267455599638,9,20,37
1.86267455599638,9,21,37
1.86267455599638,9,22,37
1.86267455599638,9,23,37
1.86267455599638,9,24,37
1.86267455599638,9,25,37
1.86267455599638,9,26,37
1.86267455599638,9,27,37
1.86267455599638,9,28,37
1.86267455599638,9,37,39
1.86267455599638,9,37,40
1.86267455599638,9,37,41
1.86267455599638,9,37,42
1.86267455599638,9,37,43
1.86267455599638,9,37,44
1.86267455599638,9,37,45
1.86267455599638,9,37,46
1.86267455599638,9,37,47
1.86267455599638,9,37,48
1.86267455599638,9,37,49
1.8630130695249267,11,31
1.8630130695249267,0,11,31
1.8630130695249267,1,11,31
1.8630130695249267,2,11,31
1.8630130695249267,3,11,31
1.8630130695249267,11,12,31
1.8630130695249267,11,13,31
1.8630130695249267,11,14,31
1.8630130695249267,11,15,31
1.8630130695249267,11,16,31
1.8630130695249267,11,17,31
1.8630130695249267,11,18,31
1.8630130695249267,11,19,31
1.8630130695249267,11,20,31
1.8630130695249267,11,21,31
1.8630130695249267,11,22,31
1.8630130695249267,11,23,31
1.8630130695249267,11,24,31
1.8630130695249267,11,25,31
1.8630130695249267,11,26,31
1.8630130695249267,11,27,31
1.8630130695249267,11,28,31
1.8630130695249267,11,31,41
1.8630130695249267,11,31,42
1.8630130695249267,11,31,43
1.8630130695249267,11,31,44
1.8630130695249267,11,31,45
1.8630130695249267,11,31,46
1.8630130695249267,11,31,47
1.8630130695249267,11,31,48
1.8630130695249267,11,31,49
1.8648296568207432,14,33
1.8648296568207432,0,14,33
1.8648296568207432,1,14,33
1.8648296568207432,2,14,33
1.8648296568207432,3,14,33
1.8648296568207432,13,14,33
1.8648296568207432,14,15,33
1.8648296568207432,14,16,33
1.8648296568207432,14,17,33
1.8648296568207432,14,18,33
1.8648296568207432,14,19,33
1.8648296568207432,14,20,33
1.8648296568207432,14,21,33
1.8648296568207432,14,22,33
1.8648296568207432,14,23,33
1.8648296568207432,14,24,33
1.8648296568207432,14,25,33
1.8648296568207432,14,26,33
1.8648296568207432,14,27,33
1.8648296568207432,14,28,33
1.8648296568207432,14,29,33
1.8648296568207432,14,30,33
1.8648296568207432,14,31,33
1.8648296568207432,14,33,47
1.8648296568207432,14,33,48
1.8648296568207432,14,33,49
1.8651213337305814,5,25
1.8651213337305814,1,5,25
1.8651213337305814,3,5,25
1.8651213337305814,5,8,25
1.8651213337305814,5,9,25
1.8651213337305814,5,10,25
1.8651213337305814,5,11,25
1.8651213337305814,5,12,25
1.8651213337305814,5,13,25
1.8651213337305814,5,14,25
1.8651213337305814,5,15,25
1.8651213337305814,5,16,25
1.8651213337305814,5,17,25
1.8651213337305814,5,18,25
1.8651213337305814,5,19,25
1.8651213337305814,5,20,25
1.8651213337305814,5,21,25
1.8651213337305814,5,22,25
1.8651213337305814,5,23,25
1.8651213337305814,5,25,35
1.8651213337305814,5,25,36
1.8651213337305814,5,25,37
1.8651213337305814,5,25,38
1.8651213337305814,5,25,39
1.8651213337305814,5,25,40
1.8651213337305814,5,25,41
1.8651213337305814,5,25,42
1.8651213337305814,5,25,43
1.8651213337305814,5,25,44
1.8651213337305814,5,25,45
1.8653657752221153,24,41
1.8653657752221153,9,24,41
1.8653657752221153,11,24,41
1.8653657752221153,23,24,41
1.8653657752221153,24,25,41
1.8653657752221153,24,26,41
1.8653657752221153,24,27,41
1.8653657752221153,24,28,41
1.8653657752221153,24,29,41
1.8653657752221153,24,30,41
1.8653657752221153,24,31,41
1.8653657752221153,24,32,41
1.8653657752221153,24,33,41
1.8653657752221153,24,34,41
1.8653657752221153,24,35,41
1.8653657752221153,24,36,41
1.8653657752221153,24,37,41
1.8653657752221153,24,38,41
1.8653657752221153,24,39,41
1.8653657752221153,24,40,41
1.8655769569566971,10,27
1.8655769569566971,9,10,27
1.8655769569566971,10,11,27
1.8655769569566971,10,12,27
1.8655769569566971,10,13,27
1.8655769569566971,10,14,27
1.8655769569566971,10,15,27
1.8655769569566971,10,16,27
1.8655769569566971,10,17,27
1.8655769569566971,10,18,27
1.8655769569566971,10,19,27
1.8655769569566971,10,20,27
1.8655769569566971,10,21,27
1.8655769569566971,10,22,27
1.8655769569566971,10,23,27
1.8655769569566971,10,24,27
1.8655769569566971,10,25,27
1.8655769569566971,10,26,27
1.8655769569566971,10,27,28
1.8655769569566971,10,27,43
1.8655769569566971,10,27,44
1.8655769569566971,10,27,45
1.8655887026242106,12,41
1.8655887026242106,0,12,41
1.8655887026242106,1,12,41
1.8655887026242106,2,12,41
1.8655887026242106,3,12,41
1.8655887026242106,4,12,41
1.8655887026242106,5,12,41
1.8655887026242106,6,12,41
1.8655887026242106,7,12,41
1.8655887026242106,8,12,41
1.8655887026242106,9,12,41
1.8655887026242106,11,12,41
1.8655887026242106,12,23,41
1.8655887026242106,12,24,41
1.8655887026242106,12,25,41
1.8655887026242106,12,26,41
1.8655887026242106,12,27,41
1.8655887026242106,12,28,41
1.8655887026242106,12,30,41
1.8655887026242106,12,31,41
1.8655887026242106,12,41,43
1.8655887026242106,12,41,44
1.8655887026242106,12,41,45
1.8655887026242106,12,41,46
1.8655887026242106,12,41,47
1.8655887026242106,12,41,48
1.8655887026242106,12,41,49
1.8659934867973211,3,30
1.8659934867973211,0,3,30
1.8659934867973211,1,3,30
1.8659934867973211,3,12,30
1.8659934867973211,3,13,30
1.8659934867973211,3,14,30
1.8659934867973211,3,15,30
1.8659934867973211,3,16,30
1.8659934867973211,3,17,30
1.8659934867973211,3,18,30
1.8659934867973211,3,19,30
1.8659934867973211,3,20,30
1.8659934867973211,3,21,30
1.8659934867973211,3,22,30
1.8659934867973211,3,23,30
1.8659934867973211,3,25,30
1.8659934867973211,3,30,31
1.8659934867973211,3,30,32
1.8659934867973211,3,30,33
1.8659934867973211,3,30,34
1.8659934867973211,3,30,35
1.8659934867973211,3,30,36
1.8659934867973211,3,30,37
1.8659934867973211,3,30,38
1.8659934867973211,3,30,39
1.8659934867973211,3,30,40
1.8659934867973211,3,30,41
1.8659934867973211,3,30,42
1.8659934867973211,3,30,43
1.8659934867973211,3,30,44
1.8659934867973211,3,30,45
1.8659934867973211,3,30,46
1.8659934867973211,3,30,47
1.8659934867973211,3,30,48
1.8659934867973211,3,30,49
1.866306244725079,14,32
1.866306244725079,0,14,32
1.866306244725079,1,14,32
1.866306244725079,2,14,32
1.866306244725079,3,14,32
1.866306244725079,13,14,32
1.866306244725079,14,15,32
1.866306244725079,14,16,32
1.866306244725079,14,17,32
1.866306244725079,14,18,32
1.866306244725079,14,19,32
1.866306244725079,14,20,32
1.866306244725079,14,21,32
1.866306244725079,14,22,32
1.866306244725079,14,23,32
1.866306244725079,14,24,32
1.866306244725079,14,25,32
1.866306244725079,14,26,32
1.866306244725079,14,27,32
1.866306244725079,14,28,32
1.866306244725079,14,29,32
1.866306244725079,14,30,32
1.866306244725079,14,31,32
1.866306244725079,14,32,33
1.866306244725079,14,32,47
1.866306244725079,14,32,48
1.866306244725079,14,32,49
1.8671579292643707,17,48
1.8671579292643707,0,17,48
1.8671579292643707,1,17,48
1.8671579292643707,2,17,48
1.8671579292643707,3,17,48
1.8671579292643707,4,17,48
1.8671579292643707,5,17,48
1.8671579292643707,6,17,48
1.8671579292643707,7,17,48
1.8671579292643707,8,17,48
1.8671579292643707,9,17,48
1.8671579292643707,10,17,48
1.8671579292643707,11,17,48
1.8671579292643707,12,17,48
1.8671579292643707,13,17,48
1.8671579292643707,14,17,48
1.8671579292643707,15,17,48
1.8671579292643707,16,17,48
1.8671579292643707,17,18,48
1.8671579292643707,17,28,48
1.8671579292643707,17,29,48
1.8671579292643707,17,30,48
1.8671579292643707,17,31,48
1.8671579292643707,17,32,48
1.8671579292643707,17,33,48
1.8671579292643707,17,48,49
1.8673874489499371,18,39
1.8673874489499371,0,18,39
1.8673874489499371,1,18,39
1.8673874489499371,2,18,39
1.8673874489499371,3,18,39
1.8673874489499371,4,18,39
1.8673874489499371,5,18,39
1.8673874489499371,6,18,39
1.8673874489499371,7,18,39
1.8673874489499371,8,18,39
1.8673874489499371,9,18,39
1.8673874489499371,18,19,39
1.8673874489499371,18,20,39
1.8673874489499371,18,21,39
1.8673874489499371,18,22,39
1.8673874489499371,18,23,39
1.8673874489499371,18,24,39
1.8673874489499371,18,25,39
1.8673874489499371,18,26,39
1.8673874489499371,18,27,39
1.8673874489499371,18,28,39
1.8673874489499371,18,29,39
1.8673874489499371,18,30,39
1.8673874489499371,18,31,39
1.8673874489499371,18,32,39
1.8673874489499371,18,33,39
1.8673874489499371,18,34,39
1.8673874489499371,18,35,39
1.8673874489499371,18,36,39
1.8673874489499371,18,37,39
1.8673874489499371,18,38,39
1.8673874489499371,18,39,48
1.8673874489499371,18,39,49
1.8681977303284716,15,45
1.8681977303284716,0,15,45
1.8681977303284716,1,15,45
1.8681977303284716,2,15,45
1.8681977303284716,3,15,45
1.8681977303284716,4,15,45
1.8681977303284716,5,15,45
1.8681977303284716,6,15,45
1.8681977303284716,7,15,45
1.8681977303284716,8,15,45
1.8681977303284716,9,15,45
1.8681977303284716,10,15,45
1.8681977303284716,11,15,45
1.8681977303284716,12,15,45
1.8681977303284716,13,15,45
1.8681977303284716,15,25,45
1.8681977303284716,15,27,45
1.8681977303284716,15,28,45
1.8681977303284716,15,29,45
1.8681977303284716,15,30,45
1.8681977303284716,15,31,45
1.8681977303284716,15,32,45
1.8681977303284716,15,33,45
1.8681977303284716,15,45,47
1.8681977303284716,15,45,48
1.8681977303284716,15,45,49
1.8693708948176977,14,46
1.8693708948176977,0,14,46
1.8693708948176977,1,14,46
1.8693708948176977,2,14,46
1.8693708948176977,3,14,46
1.8693708948176977,4,14,46
1.8693708948176977,5,14,46
1.8693708948176977,6,14,46
1.8693708948176977,7,14,46
1.8693708948176977,8,14,46
1.8693708948176977,9,14,46
1.8693708948176977,10,14,46
1.8693708948176977,11,14,46
1.8693708948176977,12,14,46
1.8693708948176977,13,14,46
1.8693708948176977,14,28,46
1.8693708948176977,14,29,46
1.8693708948176977,14,30,46
1.8693708948176977,14,31,46
1.8693708948176977,14,32,46
1.8693708948176977,14,33,46
1.8693708948176977,14,46,47
1.8693708948176977,14,46,48
1.8693708948176977,14,46,49
1.8695177643916603,15,46
1.8695177643916603,0,15,46
1.8695177643916603,1,15,46
1.8695177643916603,2,15,46
1.8695177643916603,3,15,46
1.8695177643916603,4,15,46
1.8695177643916603,5,15,46
1.8695177643916603,6,15,46
1.8695177643916603,7,15,46
1.8695177643916603,8,15,46
1.8695177643916603,9,15,46
1.8695177643916603,10,15,46
1.8695177643916603,11,15,46
1.8695177643916603,12,15,46
1.8695177643916603,13,15,46
1.8695177643916603,14,15,46
1.8695177643916603,15,28,46
1.8695177643916603,15,29,46
1.8695177643916603,15,30,46
1.8695177643916603,15,31,46
1.8695177643916603,15,32,46
1.8695177643916603,15,33,46
1.8695177643916603,15,45,46
1.8695177643916603,15,46,47
1.8695177643916603,15,46,48
1.8695177643916603,15,46,49
1.8701617610513017,8,24
1.8701617610513017,8,9,24
1.8701617610513017,8,10,24
1.8701617610513017,8,11,24
1.8701617610513017,8,12,24
1.8701617610513017,8,13,24
1.8701617610513017,8,14,24
1.8701617610513017,8,15,24
1.8701617610513017,8,16,24
1.8701617610513017,8,17,24
1.8701617610513017,8,18,24
1.8701617610513017,8,19,24
1.8701617610513017,8,20,24
1.8701617610513017,8,21,24
1.8701617610513017,8,22,24
1.8701617610513017,8,23,24
1.8701617610513017,8,24,25
1.8701617610513017,8,24,39
1.8701617610513017,8,24,40
1.8701617610513017,8,24,41
1.8707891468035336,26,45
1.8707891468035336,9,26,45
1.8707891468035336,10,26,45
1.8707891468035336,11,26,45
1.8707891468035336,12,26,45
1.8707891468035336,13,26,45
1.8707891468035336,15,26,45
1.8707891468035336,25,26,45
1.8707891468035336,26,27,45
1.8707891468035336,26,28,45
1.8707891468035336,26,29,45
1.8707891468035336,26,30,45
1.8707891468035336,26,31,45
1.8707891468035336,26,32,45
1.8707891468035336,26,33,45
1.8707891468035336,26,34,45
1.8707891468035336,26,35,45
1.8707891468035336,26,36,45
1.8707891468035336,26,37,45
1.8707891468035336,26,38,45
1.8707891468035336,26,39,45
1.8707891468035336,26,40,45
1.8707891468035336,26,41,45
1.8707891468035336,26,42,45
1.8707891468035336,26,43,45
1.8707891468035336,26,44,45
1.871836722126695,11,30
1.871836722126695,0,11,30
1.871836722126695,1,11,30
1.871836722126695,3,11,30
1.871836722126695,11,12,30
1.871836722126695,11,13,30
1.871836722126695,11,14,30
1.871836722126695,11,15,30
1.871836722126695,11,16,30
1.871836722126695,11,17,30
1.871836722126695,11,18,30
1.871836722126695,11,19,30
1.871836722126695,11,20,30
1.871836722126695,11,21,30
1.871836722126695,11,22,30
1.871836722126695,11,23,30
1.871836722126695,11,24,30
1.871836722126695,11,25,30
1.871836722126695,11,26,30
1.871836722126695,11,27,30
1.871836722126695,11,28,30
1.871836722126695,11,30,31
1.871836722126695,11,30,41
1.871836722126695,11,30,42
1.871836722126695,11,30,43
1.871836722126695,11,30,44
1.871836722126695,11,30,45
1.871836722126695,11,30,46
1.871836722126695,11,30,47
1.871836722126695,11,30,48
1.871836722126695,11,30,49
1.872755907149041,17,35
1.872755907149041,0,17,35
1.872755907149041,1,17,35
1.872755907149041,2,17,35
1.872755907149041,3,17,35
1.872755907149041,4,17,35
1.872755907149041,5,17,35
1.872755907149041,17,18,35
1.872755907149041,17,19,35
1.872755907149041,17,20,35
1.872755907149041,17,21,35
1.872755907149041,17,22,35
1.872755907149041,17,23,35
1.872755907149041,17,24,35
1.872755907149041,17,25,35
1.872755907149041,17,26,35
1.872755907149041,17,27,35
1.872755907149041,17,28,35
1.872755907149041,17,29,35
1.872755907149041,17,30,35
1.872755907149041,17,31,35
1.872755907149041,17,32,35
1.872755907149041,17,33,35
1.872755907149041,17,35,48
1.872755907149041,17,35,49
1.872922450126227,7,25
1.872922450126227,1,7,25
1.872922450126227,3,7,25
1.872922450126227,5,7,25
1.872922450126227,7,8,25
1.872922450126227,7,9,25
1.872922450126227,7,10,25
1.872922450126227,7,11,25
1.872922450126227,7,12,25
1.872922450126227,7,13,25
1.872922450126227,7,14,25
1.872922450126227,7,15,25
1.872922450126227,7,16,25
1.872922450126227,7,17,25
1.872922450126227,7,18,25
1.872922450126227,7,19,25
1.872922450126227,7,20,25
1.872922450126227,7,21,25
1.872922450126227,7,22,25
1.872922450126227,7,23,25
1.872922450126227,7,25,39
1.872922450126227,7,25,40
1.872922450126227,7,25,41
1.872922450126227,7,25,42
1.872922450126227,7,25,43
1.872922450126227,7,25,44
1.872922450126227,7,25,45
1.8734480109387863,13,39
1.8734480109387863,0,13,39
1.8734480109387863,1,13,39
1.8734480109387863,2,13,39
1.8734480109387863,3,13,39
1.8734480109387863,4,13,39
1.8734480109387863,5,13,39
1.8734480109387863,6,13,39
1.8734480109387863,7,13,39
1.8734480109387863,8,13,39
1.8734480109387863,9,13,39
1.8734480109387863,13,18,39
1.8734480109387863,13,19,39
1.8734480109387863,13,20,39
1.8734480109387863,13,21,39
1.8734480109387863,13,22,39
1.8734480109387863,13,23,39
1.8734480109387863,13,24,39
1.8734480109387863,13,25,39
1.8734480109387863,13,26,39
1.8734480109387863,13,27,39
1.8734480109387863,13,28,39
1.8734480109387863,13,29,39
1.8734480109387863,13,30,39
1.8734480109387863,13,31,39
1.8734480109387863,13,32,39
1.8734480109387863,13,33,39
1.8734480109387863,13,39,43
1.8734480109387863,13,39,44
1.8734480109387863,13,39,45
1.8734480109387863,13,39,46
1.8734480109387863,13,39,47
1.8734480109387863,13,39,48
1.8734480109387863,13,39,49
1.8736249649330268,11,39
1.8736249649330268,0,11,39
1.8736249649330268,1,11,39
1.8736249649330268,2,11,39
1.8736249649330268,3,11,39
1.8736249649330268,4,11,39
1.8736249649330268,5,11,39
1.8736249649330268,6,11,39
1.8736249649330268,7,11,39
1.8736249649330268,8,11,39
1.8736249649330268,9,11,39
1.8736249649330268,11,13,39
1.8736249649330268,11,18,39
1.8736249649330268,11,19,39
1.8736249649330268,11,20,39
1.8736249649330268,11,21,39
1.8736249649330268,11,22,39
1.8736249649330268,11,23,39
1.8736249649330268,11,24,39
1.8736249649330268,11,25,39
1.8736249649330268,11,26,39
1.8736249649330268,11,27,39
1.8736249649330268,11,28,39
1.8736249649330268,11,30,39
1.8736249649330268,11,31,39
1.8736249649330268,11,39,41
1.8736249649330268,11,39,42
1.8736249649330268,11,39,43
1.8736249649330268,11,39,44
1.8736249649330268,11,39,45
1.8736249649330268,11,39,46
1.8736249649330268,11,39,47
1.8736249649330268,11,39,48
1.8736249649330268,11,39,49
1.8746566132979012,14,45
1.8746566132979012,0,14,45
1.8746566132979012,1,14,45
1.8746566132979012,2,14,45
1.8746566132979012,3,14,45
1.8746566132979012,4,14,45
1.8746566132979012,5,14,45
1.8746566132979012,6,14,45
1.8746566132979012,7,14,45
1.8746566132979012,8,14,45
1.8746566132979012,9,14,45
1.8746566132979012,10,14,45
1.8746566132979012,11,14,45
1.8746566132979012,12,14,45
1.8746566132979012,13,14,45
1.8746566132979012,14,15,45
1.8746566132979012,14,25,45
1.8746566132979012,14,26,45
1.8746566132979012,14,27,45
1.8746566132979012,14,28,45
1.8746566132979012,14,29,45
1.8746566132979012,14,30,45
1.8746566132979012,14,31,45
1.8746566132979012,14,32,45
1.8746566132979012,14,33,45
1.8746566132979012,14,45,46
1.8746566132979012,14,45,47
1.8746566132979012,14,45,48
1.8746566132979012,14,45,49
1.875040230565702,9,31
1.875040230565702,0,9,31
1.875040230565702,1,9,31
1.875040230565702,2,9,31
1.875040230565702,3,9,31
1.875040230565702,9,11,31
1.875040230565702,9,12,31
1.875040230565702,9,13,31
1.875040230565702,9,14,31
1.875040230565702,9,15,31
1.875040230565702,9,16,31
1.875040230565702,9,17,31
1.875040230565702,9,18,31
1.875040230565702,9,19,31
1.875040230565702,9,20,31
1.875040230565702,9,21,31
1.875040230565702,9,22,31
1.875040230565702,9,23,31
1.875040230565702,9,24,31
1.875040230565702,9,25,31
1.875040230565702,9,26,31
1.875040230565702,9,27,31
1.875040230565702,9,28,31
1.875040230565702,9,31,37
1.875040230565702,9,31,39
1.875040230565702,9,31,40
1.875040230565702,9,31,41
1.875040230565702,9,31,42
1.875040230565702,9,31,43
1.875040230565702,9,31,44
1.875040230565702,9,31,45
1.875040230565702,9,31,46
1.875040230565702,9,31,47
1.875040230565702,9,31,48
1.875040230565702,9,31,49
1.875143572775181,6,25
1.875143572775181,1,6,25
1.875143572775181,3,6,25
1.875143572775181,5,6,25
1.875143572775181,6,7,25
1.875143572775181,6,8,25
1.875143572775181,6,9,25
1.875143572775181,6,10,25
1.875143572775181,6,11,25
1.875143572775181,6,12,25
1.875143572775181,6,13,25
1.875143572775181,6,14,25
1.875143572775181,6,15,25
1.875143572775181,6,16,25
1.875143572775181,6,17,25
1.875143572775181,6,18,25
1.875143572775181,6,19,25
1.875143572775181,6,20,25
1.875143572775181,6,21,25
1.875143572775181,6,22,25
1.875143572775181,6,23,25
1.875143572775181,6,25,36
1.875143572775181,6,25,37
1.875143572775181,6,25,38
1.875143572775181,6,25,39
1.875143572775181,6,25,40
1.875143572775181,6,25,41
1.875143572775181,6,25,42
1.875143572775181,6,25,43
1.875143572775181,6,25,44
1.875143572775181,6,25,45
1.8757076891896545,8,37
1.8757076891896545,0,8,37
1.8757076891896545,1,8,37
1.8757076891896545,2,8,37
1.8757076891896545,3,8,37
1.8757076891896545,4,8,37
1.8757076891896545,5,8,37
1.8757076891896545,6,8,37
1.8757076891896545,8,9,37
1.8757076891896545,8,18,37
1.8757076891896545,8,19,37
1.8757076891896545,8,20,37
1.8757076891896545,8,21,37
1.8757076891896545,8,22,37
1.8757076891896545,8,23,37
1.8757076891896545,8,24,37
1.8757076891896545,8,25,37
1.8757076891896545,8,37,39
1.8757076891896545,8,37,40
1.8757076891896545,8,37,41
1.8757076891896545,8,37,42
1.8757076891896545,8,37,43
1.8757076891896545,8,37,44
1.8757076891896545,8,37,45
1.8757076891896545,8,37,46
1.8757076891896545,8,37,47
1.8757076891896545,8,37,48
1.8757076891896545,8,37,49
1.8768946226791556,16,47
1.8768946226791556,0,16,47
1.8768946226791556,1,16,47
1.8768946226791556,2,16,47
1.8768946226791556,3,16,47
1.8768946226791556,4,16,47
1.8768946226791556,5,16,47
1.8768946226791556,6,16,47
1.8768946226791556,7,16,47
1.8768946226791556,8,16,47
1.8768946226791556,9,16,47
1.8768946226791556,10,16,47
1.8768946226791556,11,16,47
1.8768946226791556,12,16,47
1.8768946226791556,13,16,47
1.8768946226791556,14,16,47
1.8768946226791556,15,16,47
1.8768946226791556,16,30,47
1.8768946226791556,16,31,47
1.8768946226791556,16,32,47
1.8768946226791556,16,33,47
1.8768946226791556,16,47,48
1.8768946226791556,16,47,49
1.8771794331803568,20,49
1.8771794331803568,0,20,49
1.8771794331803568,1,20,49
1.8771794331803568,2,20,49
1.8771794331803568,3,20,49
1.8771794331803568,4,20,49
1.8771794331803568,5,20,49
1.8771794331803568,6,20,49
1.8771794331803568,7,20,49
1.8771794331803568,8,20,49
1.8771794331803568,9,20,49
1.8771794331803568,10,20,49
1.8771794331803568,11,20,49
1.8771794331803568,12,20,49
1.8771794331803568,13,20,49
1.8771794331803568,14,20,49
1.8771794331803568,15,20,49
1.8771794331803568,16,20,49
1.8771794331803568,17,20,49
1.8771794331803568,18,20,49
1.8771794331803568,19,20,49
1.8771794331803568,20,30,49
1.8771794331803568,20,31,49
1.8771794331803568,20,32,49
1.8771794331803568,20,33,49
1.8771794331803568,20,34,49
1.8771794331803568,20,35,49
1.8771794331803568,20,36,49
1.8771794331803568,20,37,49
1.8771794331803568,20,38,49
1.8771794331803568,20,39,49
1.8773159142256448,0,29
1.8773159142256448,0,13,29
1.8773159142256448,0,14,29
1.8773159142256448,0,15,29
1.8773159142256448,0,16,29
1.8773159142256448,0,17,29
1.8773159142256448,0,18,29
1.8773159142256448,0,19,29
1.8773159142256448,0,20,29
1.8773159142256448,0,28,29
1.8773159142256448,0,29,30
1.8773159142256448,0,29,31
1.8773159142256448,0,29,32
1.8773159142256448,0,29,33
1.8773159142256448,0,29,34
1.8773159142256448,0,29,35
1.8773159142256448,0,29,36
1.8773159142256448,0,29,37
1.8773159142256448,0,29,38
1.8773159142256448,0,29,39
1.8773159142256448,0,29,40
1.8773159142256448,0,29,41
1.8773159142256448,0,29,42
1.8773159142256448,0,29,43
1.8773159142256448,0,29,44
1.8773159142256448,0,29,45
1.8773159142256448,0,29,46
1.8773159142256448,0,29,48
1.8778085502390875,9,38
1.8778085502390875,0,9,38
1.8778085502390875,1,9,38
1.8778085502390875,2,9,38
1.8778085502390875,3,9,38
1.8778085502390875,4,9,38
1.8778085502390875,5,9,38
1.8778085502390875,6,9,38
1.8778085502390875,9,18,38
1.8778085502390875,9,19,38
1.8778085502390875,9,20,38
1.8778085502390875,9,21,38
1.8778085502390875,9,22,38
1.8778085502390875,9,23,38
1.8778085502390875,9,24,38
1.8778085502390875,9,25,38
1.8778085502390875,9,26,38
1.8778085502390875,9,27,38
1.8778085502390875,9,28,38
1.8778085502390875,9,31,38
1.8778085502390875,9,37,38
1.8778085502390875,9,38,39
1.8778085502390875,9,38,40
1.8778085502390875,9,38,41
1.8778085502390875,9,38,42
1.8778085502390875,9,38,43
1.8778085502390875,9,38,44
1.8778085502390875,9,38,45
1.8778085502390875,9,38,46
1.8778085502390875,9,38,47
1.8778085502390875,9,38,48
1.8778085502390875,9,38,49
1.877949262559111,11,40
1.877949262559111,0,11,40
1.877949262559111,1,11,40
1.877949262559111,2,11,40
1.877949262559111,3,11,40
1.877949262559111,4,11,40
1.877949262559111,5,11,40
1.877949262559111,6,11,40
1.877949262559111,7,11,40
1.877949262559111,8,11,40
1.877949262559111,9,11,40
1.877949262559111,11,22,40
1.877949262559111,11,23,40
1.877949262559111,11,24,40
1.877949262559111,11,25,40
1.877949262559111,11,26,40
1.877949262559111,11,27,40
1.877949262559111,11,28,40
1.877949262559111,11,30,40
1.877949262559111,11,31,40
1.877949262559111,11,39,40
1.877949262559111,11,40,41
1.877949262559111,11,40,42
1.877949262559111,11,40,43
1.877949262559111,11,40,44
1.877949262559111,11,40,45
1.877949262559111,11,40,46
1.877949262559111,11,40,47
1.877949262559111,11,40,48
1.877949262559111,11,40,49
1.8780550062503827,5,31
1.8780550062503827,0,5,31
1.8780550062503827,1,5,31
1.8780550062503827,2,5,31
1.8780550062503827,3,5,31
1.8780550062503827,5,9,31
1.8780550062503827,5,11,31
1.8780550062503827,5,12,31
1.8780550062503827,5,13,31
1.8780550062503827,5,14,31
1.8780550062503827,5,15,31
1.8780550062503827,5,16,31
1.8780550062503827,5,17,31
1.8780550062503827,5,18,31
1.8780550062503827,5,19,31
1.8780550062503827,5,20,31
1.8780550062503827,5,21,31
1.8780550062503827,5,22,31
1.8780550062503827,5,23,31
1.8780550062503827,5,25,31
1.8780550062503827,5,31,35
1.8780550062503827,5,31,36
1.8780550062503827,5,31,37
1.8780550062503827,5,31,38
1.8780550062503827,5,31,39
1.8780550062503827,5,31,40
1.8780550062503827,5,31,41
1.8780550062503827,5,31,42
1.8780550062503827,5,31,43
1.8780550062503827,5,31,44
1.8780550062503827,5,31,45
1.8780550062503827,5,31,46
1.8780550062503827,5,31,47
1.8780550062503827,5,31,48
1.8780550062503827,5,31,49
1.8782240389720606,13,41
1.8782240389720606,0,13,41
1.8782240389720606,1,13,41
1.8782240389720606,2,13,41
1.8782240389720606,3,13,41
1.8782240389720606,4,13,41
1.8782240389720606,5,13,41
1.8782240389720606,6,13,41
1.8782240389720606,7,13,41
1.8782240389720606,8,13,41
1.8782240389720606,9,13,41
1.8782240389720606,11,13,41
1.8782240389720606,12,13,41
1.8782240389720606,13,23,41
1.8782240389720606,13,24,41
1.8782240389720606,13,25,41
1.8782240389720606,13,26,41
1.8782240389720606,13,27,41
1.8782240389720606,13,28,41
1.8782240389720606,13,29,41
1.8782240389720606,13,30,41
1.8782240389720606,13,31,41
1.8782240389720606,13,32,41
1.8782240389720606,13,33,41
1.8782240389720606,13,39,41
1.8782240389720606,13,41,43
1.8782240389720606,13,41,44
1.8782240389720606,13,41,45
1.8782240389720606,13,41,46
1.8782240389720606,13,41,47
1.8782240389720606,13,41,48
1.8782240389720606,13,41,49
1.8783568193284088,0,25
1.8783568193284088,0,1,25
1.8783568193284088,0,3,25
1.8783568193284088,0,5,25
1.8783568193284088,0,6,25
1.8783568193284088,0,7,25
1.8783568193284088,0,8,25
1.8783568193284088,0,9,25
1.8783568193284088,0,10,25
1.8783568193284088,0,11,25
1.8783568193284088,0,12,25
1.8783568193284088,0,13,25
1.8783568193284088,0,14,25
1.8783568193284088,0,15,25
1.8783568193284088,0,16,25
1.8783568193284088,0,17,25
1.8783568193284088,0,18,25
1.8783568193284088,0,19,25
1.8783568193284088,0,20,25
1.8783568193284088,0,25,28
1.8783568193284088,0,25,29
1.8783568193284088,0,25,30
1.8783568193284088,0,25,31
1.8783568193284088,0,25,32
1.8783568193284088,0,25,33
1.8783568193284088,0,25,34
1.8783568193284088,0,25,35
1.8783568193284088,0,25,36
1.8783568193284088,0,25,37
1.8783568193284088,0,25,38
1.8783568193284088,0,25,39
1.8783568193284088,0,25,40
1.8783568193284088,0,25,41
1.8783568193284088,0,25,42
1.8783568193284088,0,25,43
1.8783568193284088,0,25,44
1.8783568193284088,0,25,45
1.8795326613032564,5,33
1.8795326613032564,0,5,33
1.8795326613032564,1,5,33
1.8795326613032564,2,5,33
1.8795326613032564,3,5,33
1.8795326613032564,5,13,33
1.8795326613032564,5,14,33
1.8795326613032564,5,15,33
1.8795326613032564,5,16,33
1.8795326613032564,5,17,33
1.8795326613032564,5,18,33
1.8795326613032564,5,19,33
1.8795326613032564,5,20,33
1.8795326613032564,5,21,33
1.8795326613032564,5,22,33
1.8795326613032564,5,23,33
1.8795326613032564,5,25,33
1.8795326613032564,5,31,33
1.8795326613032564,5,33,35
1.8795326613032564,5,33,36
1.8795326613032564,5,33,37
1.8795326613032564,5,33,38
1.8795326613032564,5,33,39
1.8795326613032564,5,33,40
1.8795326613032564,5,33,41
1.8795326613032564,5,33,42
1.8795326613032564,5,33,43
1.8795326613032564,5,33,44
1.8795326613032564,5,33,45
1.8795326613032564,5,33,46
1.8795326613032564,5,33,47
1.8795326613032564,5,33,48
1.8795326613032564,5,33,49
1.8808529363095279,8,38
1.8808529363095279,0,8,38
1.8808529363095279,1,8,38
1.8808529363095279,2,8,38
1.8808529363095279,3,8,38
1.8808529363095279,4,8,38
1.8808529363095279,5,8,38
1.8808529363095279,6,8,38
1.8808529363095279,8,9,38
1.8808529363095279,8,18,38
1.8808529363095279,8,19,38
1.8808529363095279,8,20,38
1.8808529363095279,8,21,38
1.8808529363095279,8,22,38
1.8808529363095279,8,23,38
1.8808529363095279,8,24,38
1.8808529363095279,8,25,38
1.8808529363095279,8,37,38
1.8808529363095279,8,38,39
1.8808529363095279,8,38,40
1.8808529363095279,8,38,41
1.8808529363095279,8,38,42
1.8808529363095279,8,38,43
1.8808529363095279,8,38,44
1.8808529363095279,8,38,45
1.8808529363095279,8,38,46
1.8808529363095279,8,38,47
1.8808529363095279,8,38,48
1.8808529363095279,8,38,49
1.8829362735066826,13,37
1.8829362735066826,0,13,37
1.8829362735066826,1,13,37
1.8829362735066826,2,13,37
1.8829362735066826,3,13,37
1.8829362735066826,4,13,37
1.8829362735066826,5,13,37
1.8829362735066826,6,13,37
1.8829362735066826,8,13,37
1.8829362735066826,9,13,37
1.8829362735066826,13,18,37
1.8829362735066826,13,19,37
1.8829362735066826,13,20,37
1.8829362735066826,13,21,37
1.8829362735066826,13,22,37
1.8829362735066826,13,23,37
1.8829362735066826,13,24,37
1.8829362735066826,13,25,37
1.8829362735066826,13,26,37
1.8829362735066826,13,27,37
1.8829362735066826,13,28,37
1.8829362735066826,13,29,37
1.8829362735066826,13,30,37
1.8829362735066826,13,31,37
1.8829362735066826,13,32,37
1.8829362735066826,13,33,37
1.8829362735066826,13,37,39
1.8829362735066826,13,37,41
1.8829362735066826,13,37,43
1.8829362735066826,13,37,44
1.8829362735066826,13,37,45
1.8829362735066826,13,37,46
1.8829362735066826,13,37,47
1.8829362735066826,13,37,48
1.8829362735066826,13,37,49
1.8833685889026557,9,36
1.8833685889026557,0,9,36
1.8833685889026557,1,9,36
1.8833685889026557,2,9,36
1.8833685889026557,3,9,36
1.8833685889026557,4,9,36
1.8833685889026557,5,9,36
1.8833685889026557,6,9,36
1.8833685889026557,9,18,36
1.8833685889026557,9,19,36
1.8833685889026557,9,20,36
1.8833685889026557,9,21,36
1.8833685889026557,9,22,36
1.8833685889026557,9,23,36
1.8833685889026557,9,24,36
1.8833685889026557,9,25,36
1.8833685889026557,9,26,36
1.8833685889026557,9,27,36
1.8833685889026557,9,28,36
1.8833685889026557,9,31,36
1.8833685889026557,9,36,37
1.8833685889026557,9,36,38
1.8833685889026557,9,36,39
1.8833685889026557,9,36,40
1.8833685889026557,9,36,41
1.8833685889026557,9,36,42
1.8833685889026557,9,36,43
1.8833685889026557,9,36,44
1.8833685889026557,9,36,45
1.8833685889026557,9,36,46
1.8833685889026557,9,36,47
1.8833685889026557,9,36,48
1.8833685889026557,9,36,49
1.8837459730159807,10,41
1.8837459730159807,0,10,41
1.8837459730159807,1,10,41
1.8837459730159807,2,10,41
1.8837459730159807,3,10,41
1.8837459730159807,4,10,41
1.8837459730159807,5,10,41
1.8837459730159807,6,10,41
1.8837459730159807,7,10,41
1.8837459730159807,8,10,41
1.8837459730159807,9,10,41
1.8837459730159807,10,11,41
1.8837459730159807,10,12,41
1.8837459730159807,10,13,41
1.8837459730159807,10,23,41
1.8837459730159807,10,24,41
1.8837459730159807,10,25,41
1.8837459730159807,10,26,41
1.8837459730159807,10,27,41
1.8837459730159807,10,28,41
1.8837459730159807,10,41,43
1.8837459730159807,10,41,44
1.8837459730159807,10,41,45
1.8837459730159807,10,41,46
1.8837459730159807,10,41,47
1.8837459730159807,10,41,48
1.8837459730159807,10,41,49
1.8857938377298635,12,42
1.8857938377298635,0,12,42
1.8857938377298635,1,12,42
1.8857938377298635,2,12,42
1.8857938377298635,3,12,42
1.8857938377298635,4,12,42
1.8857938377298635,5,12,42
1.8857938377298635,6,12,42
1.8857938377298635,7,12,42
1.8857938377298635,8,12,42
1.8857938377298635,9,12,42
1.8857938377298635,11,12,42
1.8857938377298635,12,25,42
1.8857938377298635,12,26,42
1.8857938377298635,12,27,42
1.8857938377298635,12,28,42
1.8857938377298635,12,30,42
1.8857938377298635,12,31,42
1.8857938377298635,12,41,42
1.8857938377298635,12,42,43
1.8857938377298635,12,42,44
1.8857938377298635,12,42,45
1.8857938377298635,12,42,46
1.8857938377298635,12,42,47
1.8857938377298635,12,42,48
1.8857938377298635,12,42,49
1.886129492368018,29,47
1.886129492368018,0,29,47
1.886129492368018,13,29,47
1.886129492368018,14,29,47
1.886129492368018,15,29,47
1.886129492368018,16,29,47
1.886129492368018,29,30,47
1.886129492368018,29,31,47
1.886129492368018,29,32,47
1.886129492368018,29,33,47
1.886129492368018,29,34,47
1.886129492368018,29,35,47
1.886129492368018,29,36,47
1.886129492368018,29,37,47
1.886129492368018,29,38,47
1.886129492368018,29,39,47
1.886129492368018,29,40,47
1.886129492368018,29,41,47
1.886129492368018,29,42,47
1.886129492368018,29,43,47
1.886129492368018,29,44,47
1.886129492368018,29,45,47
1.886129492368018,29,46,47
1.886129492368018,29,47,48
1.886592733875749,16,35
1.886592733875749,0,16,35
1.886592733875749,1,16,35
1.886592733875749,2,16,35
1.886592733875749,3,16,35
1.886592733875749,4,16,35
1.886592733875749,5,16,35
1.886592733875749,16,17,35
1.886592733875749,16,18,35
1.886592733875749,16,19,35
1.886592733875749,16,20,35
1.886592733875749,16,21,35
1.886592733875749,16,22,35
1.886592733875749,16,23,35
1.886592733875749,16,24,35
1.886592733875749,16,25,35
1.886592733875749,16,26,35
1.886592733875749,16,27,35
1.886592733875749,16,28,35
1.886592733875749,16,29,35
1.886592733875749,16,30,35
1.886592733875749,16,31,35
1.886592733875749,16,32,35
1.886592733875749,16,33,35
1.886592733875749,16,35,47
1.886592733875749,16,35,48
1.886592733875749,16,35,49
1.8872294049840814,1,26
1.8872294049840814,1,9,26
1.8872294049840814,1,10,26
1.8872294049840814,1,11,26
1.8872294049840814,1,12,26
1.8872294049840814,1,13,26
1.8872294049840814,1,14,26
1.8872294049840814,1,15,26
1.8872294049840814,1,16,26
1.8872294049840814,1,17,26
1.8872294049840814,1,18,26
1.8872294049840814,1,19,26
1.8872294049840814,1,20,26
1.8872294049840814,1,21,26
1.8872294049840814,1,22,26
1.8872294049840814,1,23,26
1.8872294049840814,1,25,26
1.8872294049840814,1,26,28
1.8872294049840814,1,26,30
1.8872294049840814,1,26,31
1.8872294049840814,1,26,32
1.8872294049840814,1,26,33
1.8872294049840814,1,26,34
1.8872294049840814,1,26,35
1.8872294049840814,1,26,36
1.8872294049840814,1,26,37
1.8872294049840814,1,26,38
1.8872294049840814,1,26,39
1.8872294049840814,1,26,40
1.8872294049840814,1,26,41
1.8872294049840814,1,26,42
1.8872294049840814,1,26,43
1.8872294049840814,1,26,44
1.8872294049840814,1,26,45
1.8887965919718608,4,23
1.8887965919718608,1,4,23
1.8887965919718608,3,4,23
1.8887965919718608,4,5,23
1.8887965919718608,4,6,23
1.8887965919718608,4,7,23
1.8887965919718608,4,8,23
1.8887965919718608,4,9,23
1.8887965919718608,4,10,23
1.8887965919718608,4,11,23
1.8887965919718608,4,12,23
1.8887965919718608,4,13,23
1.8887965919718608,4,14,23
1.8887965919718608,4,15,23
1.8887965919718608,4,16,23
1.8887965919718608,4,17,23
1.8887965919718608,4,18,23
1.8887965919718608,4,19,23
1.8887965919718608,4,20,23
1.8887965919718608,4,21,23
1.8887965919718608,4,22,23
1.8887965919718608,4,23,35
1.8887965919718608,4,23,36
1.8887965919718608,4,23,37
1.8887965919718608,4,23,38
1.8887965919718608,4,23,39
1.8887965919718608,4,23,40
1.8887965919718608,4,23,41
1.88893211214354,12,39
1.88893211214354,0,12,39
1.88893211214354,1,12,39
1.88893211214354,2,12,39
1.88893211214354,3,12,39
1.88893211214354,4,12,39
1.88893211214354,5,12,39
1.88893211214354,6,12,39
1.88893211214354,7,12,39
1.88893211214354,8,12,39
1.88893211214354,9,12,39
1.88893211214354,11,12,39
1.88893211214354,12,13,39
1.88893211214354,12,18,39
1.88893211214354,12,19,39
1.88893211214354,12,20,39
1.88893211214354,12,21,39
1.88893211214354,12,22,39
1.88893211214354,12,23,39
1.88893211214354,12,24,39
1.88893211214354,12,25,39
1.88893211214354,12,26,39
1.88893211214354,12,27,39
1.88893211214354,12,28,39
1.88893211214354,12,30,39
1.88893211214354,12,31,39
1.88893211214354,12,39,41
1.88893211214354,12,39,42
1.88893211214354,12,39,43
1.88893211214354,12,39,44
1.88893211214354,12,39,45
1.88893211214354,12,39,46
1.88893211214354,12,39,47
1.88893211214354,12,39,48
1.88893211214354,12,39,49
1.8915778362907947,8,26
1.8915778362907947,1,8,26
1.8915778362907947,8,9,26
1.8915778362907947,8,10,26
1.8915778362907947,8,11,26
1.8915778362907947,8,12,26
1.8915778362907947,8,13,26
1.8915778362907947,8,14,26
1.8915778362907947,8,15,26
1.8915778362907947,8,16,26
1.8915778362907947,8,17,26
1.8915778362907947,8,18,26
1.8915778362907947,8,19,26
1.8915778362907947,8,20,26
1.8915778362907947,8,21,26
1.8915778362907947,8,22,26
1.8915778362907947,8,23,26
1.8915778362907947,8,24,26
1.8915778362907947,8,25,26
1.8915778362907947,8,26,37
1.8915778362907947,8,26,38
1.8915778362907947,8,26,39
1.8915778362907947,8,26,40
1.8915778362907947,8,26,41
1.8915778362907947,8,26,42
1.8915778362907947,8,26,43
1.8915778362907947,8,26,44
1.8915778362907947,8,26,45
1.8922027085992836,12,33
1.8922027085992836,0,12,33
1.8922027085992836,1,12,33
1.8922027085992836,2,12,33
1.8922027085992836,3,12,33
1.8922027085992836,5,12,33
1.8922027085992836,12,13,33
1.8922027085992836,12,14,33
1.8922027085992836,12,15,33
1.8922027085992836,12,16,33
1.8922027085992836,12,17,33
1.8922027085992836,12,18,33
1.8922027085992836,12,19,33
1.8922027085992836,12,20,33
1.8922027085992836,12,21,33
1.8922027085992836,12,22,33
1.8922027085992836,12,23,33
1.8922027085992836,12,24,33
1.8922027085992836,12,25,33
1.8922027085992836,12,26,33
1.8922027085992836,12,27,33
1.8922027085992836,12,28,33
1.8922027085992836,12,30,33
1.8922027085992836,12,31,33
1.8922027085992836,12,33,39
1.8922027085992836,12,33,41
1.8922027085992836,12,33,42
1.8922027085992836,12,33,43
1.8922027085992836,12,33,44
1.8922027085992836,12,33,45
1.8922027085992836,12,33,46
1.8922027085992836,12,33,47
1.8922027085992836,12,33,48
1.8922027085992836,12,33,49
1.894521879728148,13,36
1.894521879728148,0,13,36
1.894521879728148,1,13,36
1.894521879728148,2,13,36
1.894521879728148,3,13,36
1.894521879728148,4,13,36
1.894521879728148,5,13,36
1.894521879728148,6,13,36
1.894521879728148,9,13,36
1.894521879728148,13,18,36
1.894521879728148,13,19,36
1.894521879728148,13,20,36
1.894521879728148,13,21,36
1.894521879728148,13,22,36
1.894521879728148,13,23,36
1.894521879728148,13,24,36
1.894521879728148,13,25,36
1.894521879728148,13,26,36
1.894521879728148,13,27,36
1.894521879728148,13,28,36
1.894521879728148,13,29,36
1.894521879728148,13,30,36
1.894521879728148,13,31,36
1.894521879728148,13,32,36
1.894521879728148,13,33,36
1.894521879728148,13,36,37
1.894521879728148,13,36,39
1.894521879728148,13,36,41
1.894521879728148,13,36,43
1.894521879728148,13,36,44
1.894521879728148,13,36,45
1.894521879728148,13,36,46
1.894521879728148,13,36,47
1.894521879728148,13,36,48
1.894521879728148,13,36,49
1.8953751426100305,20,40
1.8953751426100305,0,20,40
1.8953751426100305,1,20,40
1.8953751426100305,2,20,40
1.8953751426100305,3,20,40
1.8953751426100305,4,20,40
1.8953751426100305,5,20,40
1.8953751426100305,6,20,40
1.8953751426100305,7,20,40
1.8953751426100305,8,20,40
1.8953751426100305,9,20,40
1.8953751426100305,11,20,40
1.8953751426100305,20,22,40
1.8953751426100305,20,23,40
1.8953751426100305,20,24,40
1.8953751426100305,20,25,40
1.8953751426100305,20,26,40
1.8953751426100305,20,27,40
1.8953751426100305,20,28,40
1.8953751426100305,20,29,40
1.8953751426100305,20,30,40
1.8953751426100305,20,31,40
1.8953751426100305,20,32,40
1.8953751426100305,20,33,40
1.8953751426100305,20,34,40
1.8953751426100305,20,35,40
1.8953751426100305,20,36,40
1.8953751426100305,20,37,40
1.8953751426100305,20,38,40
1.8953751426100305,20,39,40
1.8953751426100305,20,40,49
1.8959618905534656,19,48
1.8959618905534656,0,19,48
1.8959618905534656,1,19,48
1.8959618905534656,2,19,48
1.8959618905534656,3,19,48
1.8959618905534656,4,19,48
1.8959618905534656,5,19,48
1.8959618905534656,6,19,48
1.8959618905534656,7,19,48
1.8959618905534656,8,19,48
1.8959618905534656,9,19,48
1.8959618905534656,10,19,48
1.8959618905534656,11,19,48
1.8959618905534656,12,19,48
1.8959618905534656,13,19,48
1.8959618905534656,14,19,48
1.8959618905534656,15,19,48
1.8959618905534656,16,19,48
1.8959618905534656,17,19,48
1.8959618905534656,18,19,48
1.8959618905534656,19,28,48
1.8959618905534656,19,29,48
1.8959618905534656,19,30,48
1.8959618905534656,19,31,48
1.8959618905534656,19,32,48
1.8959618905534656,19,33,48
1.8959618905534656,19,34,48
1.8959618905534656,19,35,48
1.8959618905534656,19,36,48
1.8959618905534656,19,37,48
1.8959618905534656,19,38,48
1.8959618905534656,19,39,48
1.8959618905534656,19,48,49
1.8962008873325034,23,42
1.8962008873325034,1,23,42
1.8962008873325034,3,23,42
1.8962008873325034,4,23,42
1.8962008873325034,5,23,42
1.8962008873325034,6,23,42
1.8962008873325034,7,23,42
1.8962008873325034,8,23,42
1.8962008873325034,9,23,42
1.8962008873325034,11,23,42
1.8962008873325034,12,23,42
1.8962008873325034,23,25,42
1.8962008873325034,23,26,42
1.8962008873325034,23,27,42
1.8962008873325034,23,28,42
1.8962008873325034,23,29,42
1.8962008873325034,23,30,42
1.8962008873325034,23,31,42
1.8962008873325034,23,32,42
1.8962008873325034,23,33,42
1.8962008873325034,23,34,42
1.8962008873325034,23,35,42
1.8962008873325034,23,36,42
1.8962008873325034,23,37,42
1.8962008873325034,23,38,42
1.8962008873325034,23,39,42
1.8962008873325034,23,40,42
1.8962008873325034,23,41,42
1.8962705141941245,3,28
1.8962705141941245,0,3,28
1.8962705141941245,1,3,28
1.8962705141941245,3,9,28
1.8962705141941245,3,10,28
1.8962705141941245,3,11,28
1.8962705141941245,3,12,28
1.8962705141941245,3,13,28
1.8962705141941245,3,14,28
1.8962705141941245,3,15,28
1.8962705141941245,3,16,28
1.8962705141941245,3,17,28
1.8962705141941245,3,18,28
1.8962705141941245,3,19,28
1.8962705141941245,3,20,28
1.8962705141941245,3,21,28
1.8962705141941245,3,22,28
1.8962705141941245,3,23,28
1.8962705141941245,3,25,28
1.8962705141941245,3,28,30
1.8962705141941245,3,28,31
1.8962705141941245,3,28,32
1.8962705141941245,3,28,33
1.8962705141941245,3,28,34
1.8962705141941245,3,28,35
1.8962705141941245,3,28,36
1.8962705141941245,3,28,37
1.8962705141941245,3,28,38
1.8962705141941245,3,28,39
1.8962705141941245,3,28,40
1.8962705141941245,3,28,41
1.8962705141941245,3,28,42
1.8962705141941245,3,28,43
1.8962705141941245,3,28,44
1.8962705141941245,3,28,45
1.8962705141941245,3,28,46
1.8962705141941245,3,28,48
1.898103132172135,10,42
1.898103132172135,0,10,42
1.898103132172135,1,10,42
1.898103132172135,2,10,42
1.898103132172135,3,10,42
1.898103132172135,4,10,42
1.898103132172135,5,10,42
1.898103132172135,6,10,42
1.898103132172135,7,10,42
1.898103132172135,8,10,42
1.898103132172135,9,10,42
1.898103132172135,10,11,42
1.898103132172135,10,12,42
1.898103132172135,10,23,42
1.898103132172135,10,25,42
1.898103132172135,10,26,42
1.898103132172135,10,27,42
1.898103132172135,10,28,42
1.898103132172135,10,41,42
1.898103132172135,10,42,43
1.898103132172135,10,42,44
1.898103132172135,10,42,45
1.898103132172135,10,42,46
1.898103132172135,10,42,47
1.898103132172135,10,42,48
1.898103132172135,10,42,49
1.8987427092196107,13,40
1.8987427092196107,0,13,40
1.8987427092196107,1,13,40
1.8987427092196107,2,13,40
1.8987427092196107,3,13,40
1.8987427092196107,4,13,40
1.8987427092196107,5,13,40
1.8987427092196107,6,13,40
1.8987427092196107,7,13,40
1.8987427092196107,8,13,40
1.8987427092196107,9,13,40
1.8987427092196107,11,13,40
1.8987427092196107,13,20,40
1.8987427092196107,13,22,40
1.8987427092196107,13,23,40
1.8987427092196107,13,24,40
1.8987427092196107,13,25,40
1.8987427092196107,13,26,40
1.8987427092196107,13,27,40
1.8987427092196107,13,28,40
1.8987427092196107,13,29,40
1.8987427092196107,13,30,40
1.8987427092196107,13,31,40
1.8987427092196107,13,32,40
1.8987427092196107,13,33,40
1.8987427092196107,13,36,40
1.8987427092196107,13,37,40
1.8987427092196107,13,39,40
1.8987427092196107,13,40,41
1.8987427092196107,13,40,43
1.8987427092196107,13,40,44
1.8987427092196107,13,40,45
1.8987427092196107,13,40,46
1.8987427092196107,13,40,47
1.8987427092196107,13,40,48
1.8987427092196107,13,40,49
1.9000885898747533,12,40
1.9000885898747533,0,12,40
1.9000885898747533,1,12,40
1.9000885898747533,2,12,40
1.9000885898747533,3,12,40
1.9000885898747533,4,12,40
1.9000885898747533,5,12,40
1.9000885898747533,6,12,40
1.9000885898747533,7,12,40
1.9000885898747533,8,12,40
1.9000885898747533,9,12,40
1.9000885898747533,11,12,40
1.9000885898747533,12,13,40
1.9000885898747533,12,20,40
1.9000885898747533,12,22,40
1.9000885898747533,12,23,40
1.9000885898747533,12,24,40
1.9000885898747533,12,25,40
1.9000885898747533,12,26,40
1.9000885898747533,12,27,40
1.9000885898747533,12,28,40
1.9000885898747533,12,30,40
1.9000885898747533,12,31,40
1.9000885898747533,12,33,40
1.9000885898747533,12,39,40
1.9000885898747533,12,40,41
1.9000885898747533,12,40,42
1.9000885898747533,12,40,43
1.9000885898747533,12,40,44
1.9000885898747533,12,40,45
1.9000885898747533,12,40,46
1.9000885898747533,12,40,47
1.9000885898747533,12,40,48
1.9000885898747533,12,40,49
1.9006794324478091,25,48
1.9006794324478091,0,25,48
1.9006794324478091,1,25,48
1.9006794324478091,3,25,48
1.9006794324478091,5,25,48
1.9006794324478091,6,25,48
1.9006794324478091,7,25,48
1.9006794324478091,8,25,48
1.9006794324478091,9,25,48
1.9006794324478091,10,25,48
1.9006794324478091,11,25,48
1.9006794324478091,12,25,48
1.9006794324478091,13,25,48
1.9006794324478091,14,25,48
1.9006794324478091,15,25,48
1.9006794324478091,16,25,48
1.9006794324478091,17,25,48
1.9006794324478091,18,25,48
1.9006794324478091,19,25,48
1.9006794324478091,25,28,48
1.9006794324478091,25,29,48
1.9006794324478091,25,30,48
1.9006794324478091,25,31,48
1.9006794324478091,25,32,48
1.9006794324478091,25,33,48
1.9006794324478091,25,34,48
1.9006794324478091,25,35,48
1.9006794324478091,25,36,48
1.9006794324478091,25,37,48
1.9006794324478091,25,38,48
1.9006794324478091,25,39,48
1.9006794324478091,25,40,48
1.9006794324478091,25,41,48
1.9006794324478091,25,42,48
1.9006794324478091,25,43,48
1.9006794324478091,25,44,48
1.9006794324478091,25,45,48
1.9007356486661213,8,36
1.9007356486661213,0,8,36
1.9007356486661213,1,8,36
1.9007356486661213,2,8,36
1.9007356486661213,3,8,36
1.9007356486661213,4,8,36
1.9007356486661213,5,8,36
1.9007356486661213,6,8,36
1.9007356486661213,8,9,36
1.9007356486661213,8,13,36
1.9007356486661213,8,18,36
1.9007356486661213,8,19,36
1.9007356486661213,8,20,36
1.9007356486661213,8,21,36
1.9007356486661213,8,22,36
1.9007356486661213,8,23,36
1.9007356486661213,8,24,36
1.9007356486661213,8,25,36
1.9007356486661213,8,26,36
1.9007356486661213,8,36,37
1.9007356486661213,8,36,38
1.9007356486661213,8,36,39
1.9007356486661213,8,36,40
1.9007356486661213,8,36,41
1.9007356486661213,8,36,42
1.9007356486661213,8,36,43
1.9007356486661213,8,36,44
1.9007356486661213,8,36,45
1.9007356486661213,8,36,46
1.9007356486661213,8,36,47
1.9007356486661213,8,36,48
1.9007356486661213,8,36,49
1.9011097322411352,9,30
1.9011097322411352,0,9,30
1.9011097322411352,1,9,30
1.9011097322411352,3,9,30
1.9011097322411352,9,11,30
1.9011097322411352,9,12,30
1.9011097322411352,9,13,30
1.9011097322411352,9,14,30
1.9011097322411352,9,15,30
1.9011097322411352,9,16,30
1.9011097322411352,9,17,30
1.9011097322411352,9,18,30
1.9011097322411352,9,19,30
1.9011097322411352,9,20,30
1.9011097322411352,9,21,30
1.9011097322411352,9,22,30
1.9011097322411352,9,23,30
1.9011097322411352,9,24,30
1.9011097322411352,9,25,30
1.9011097322411352,9,26,30
1.9011097322411352,9,27,30
1.9011097322411352,9,28,30
1.9011097322411352,9,30,31
1.9011097322411352,9,30,36
1.9011097322411352,9,30,37
1.9011097322411352,9,30,38
1.9011097322411352,9,30,39
1.9011097322411352,9,30,40
1.9011097322411352,9,30,41
1.9011097322411352,9,30,42
1.9011097322411352,9,30,43
1.9011097322411352,9,30,44
1.9011097322411352,9,30,45
1.9011097322411352,9,30,46
1.9011097322411352,9,30,47
1.9011097322411352,9,30,48
1.9011097322411352,9,30,49
1.9013201968637035,1,29
1.9013201968637035,0,1,29
1.9013201968637035,1,13,29
1.9013201968637035,1,14,29
1.9013201968637035,1,15,29
1.9013201968637035,1,16,29
1.9013201968637035,1,17,29
1.9013201968637035,1,18,29
1.9013201968637035,1,19,29
1.9013201968637035,1,20,29
1.9013201968637035,1,21,29
1.9013201968637035,1,22,29
1.9013201968637035,1,23,29
1.9013201968637035,1,25,29
1.9013201968637035,1,26,29
1.9013201968637035,1,28,29
1.9013201968637035,1,29,30
1.9013201968637035,1,29,31
1.9013201968637035,1,29,32
1.9013201968637035,1,29,33
1.9013201968637035,1,29,34
1.9013201968637035,1,29,35
1.9013201968637035,1,29,36
1.9013201968637035,1,29,37
1.9013201968637035,1,29,38
1.9013201968637035,1,29,39
1.9013201968637035,1,29,40
1.9013201968637035,1,29,41
1.9013201968637035,1,29,42
1.9013201968637035,1,29,43
1.9013201968637035,1,29,44
1.9013201968637035,1,29,45
1.9013201968637035,1,29,46
1.9013201968637035,1,29,47
1.9013201968637035,1,29,48
1.902432890302506,13,35
1.902432890302506,0,13,35
1.902432890302506,1,13,35
1.902432890302506,2,13,35
1.902432890302506,3,13,35
1.902432890302506,4,13,35
1.902432890302506,5,13,35
1.902432890302506,13,16,35
1.902432890302506,13,17,35
1.902432890302506,13,18,35
1.902432890302506,13,19,35
1.902432890302506,13,20,35
1.902432890302506,13,21,35
1.902432890302506,13,22,35
1.902432890302506,13,23,35
1.902432890302506,13,24,35
1.902432890302506,13,25,35
1.902432890302506,13,26,35
1.902432890302506,13,27,35
1.902432890302506,13,28,35
1.902432890302506,13,29,35
1.902432890302506,13,30,35
1.902432890302506,13,31,35
1.902432890302506,13,32,35
1.902432890302506,13,33,35
1.902432890302506,13,35,36
1.902432890302506,13,35,37
1.902432890302506,13,35,39
1.902432890302506,13,35,40
1.902432890302506,13,35,41
1.902432890302506,13,35,43
1.902432890302506,13,35,44
1.902432890302506,13,35,45
1.902432890302506,13,35,46
1.902432890302506,13,35,47
1.902432890302506,13,35,48
1.902432890302506,13,35,49
1.9026717065144183,2,30
1.9026717065144183,0,2,30
1.9026717065144183,1,2,30
1.9026717065144183,2,3,30
1.9026717065144183,2,9,30
1.9026717065144183,2,11,30
1.9026717065144183,2,12,30
1.9026717065144183,2,13,30
1.9026717065144183,2,14,30
1.9026717065144183,2,15,30
1.9026717065144183,2,16,30
1.9026717065144183,2,17,30
1.9026717065144183,2,18,30
1.9026717065144183,2,19,30
1.9026717065144183,2,20,30
1.9026717065144183,2,30,31
1.9026717065144183,2,30,32
1.9026717065144183,2,30,33
1.9026717065144183,2,30,34
1.9026717065144183,2,30,35
1.9026717065144183,2,30,36
1.9026717065144183,2,30,37
1.9026717065144183,2,30,38
1.9026717065144183,2,30,39
1.9026717065144183,2,30,40
1.9026717065144183,2,30,41
1.9026717065144183,2,30,42
1.9026717065144183,2,30,43
1.9026717065144183,2,30,44
1.9026717065144183,2,30,45
1.9026717065144183,2,30,46
1.9026717065144183,2,30,47
1.9026717065144183,2,30,48
1.9026717065144183,2,30,49
1.9033799975028216,13,42
1.9033799975028216,0,13,42
1.9033799975028216,1,13,42
1.9033799975028216,2,13,42
1.9033799975028216,3,13,42
1.9033799975028216,4,13,42
1.9033799975028216,5,13,42
1.9033799975028216,6,13,42
1.9033799975028216,7,13,42
1.9033799975028216,8,13,42
1.9033799975028216,9,13,42
1.9033799975028216,10,13,42
1.9033799975028216,11,13,42
1.9033799975028216,12,13,42
1.9033799975028216,13,23,42
1.9033799975028216,13,25,42
1.9033799975028216,13,26,42
1.9033799975028216,13,27,42
1.9033799975028216,13,28,42
1.9033799975028216,13,29,42
1.9033799975028216,13,30,42
1.9033799975028216,13,31,42
1.9033799975028216,13,32,42
1.9033799975028216,13,33,42
1.9033799975028216,13,35,42
1.9033799975028216,13,36,42
1.9033799975028216,13,37,42
1.9033799975028216,13,39,42
1.9033799975028216,13,40,42
1.9033799975028216,13,41,42
1.9033799975028216,13,42,43
1.9033799975028216,13,42,44
1.9033799975028216,13,42,45
1.9033799975028216,13,42,46
1.9033799975028216,13,42,47
1.9033799975028216,13,42,48
1.9033799975028216,13,42,49
1.9061138569736324,28,47
1.9061138569736324,0,28,47
1.9061138569736324,1,28,47
1.9061138569736324,3,28,47
1.9061138569736324,9,28,47
1.9061138569736324,10,28,47
1.9061138569736324,11,28,47
1.9061138569736324,12,28,47
1.9061138569736324,13,28,47
1.9061138569736324,14,28,47
1.9061138569736324,15,28,47
1.9061138569736324,16,28,47
1.9061138569736324,28,29,47
1.9061138569736324,28,30,47
1.9061138569736324,28,31,47
1.9061138569736324,28,32,47
1.9061138569736324,28,33,47
1.9061138569736324,28,34,47
1.9061138569736324,28,35,47
1.9061138569736324,28,36,47
1.9061138569736324,28,37,47
1.9061138569736324,28,38,47
1.9061138569736324,28,39,47
1.9061138569736324,28,40,47
1.9061138569736324,28,41,47
1.9061138569736324,28,42,47
1.9061138569736324,28,43,47
1.9061138569736324,28,44,47
1.9061138569736324,28,45,47
1.9061138569736324,28,46,47
1.9061138569736324,28,47,48
1.908674205494843,12,29
1.908674205494843,0,12,29
1.908674205494843,1,12,29
1.908674205494843,12,13,29
1.908674205494843,12,14,29
1.908674205494843,12,15,29
1.908674205494843,12,16,29
1.908674205494843,12,17,29
1.908674205494843,12,18,29
1.908674205494843,12,19,29
1.908674205494843,12,20,29
1.908674205494843,12,21,29
1.908674205494843,12,22,29
1.908674205494843,12,23,29
1.908674205494843,12,24,29
1.908674205494843,12,25,29
1.908674205494843,12,26,29
1.908674205494843,12,27,29
1.908674205494843,12,28,29
1.908674205494843,12,29,30
1.908674205494843,12,29,31
1.908674205494843,12,29,33
1.908674205494843,12,29,39
1.908674205494843,12,29,40
1.908674205494843,12,29,41
1.908674205494843,12,29,42
1.908674205494843,12,29,43
1.908674205494843,12,29,44
1.908674205494843,12,29,45
1.908674205494843,12,29,46
1.908674205494843,12,29,47
1.908674205494843,12,29,48
1.9097226183724536,12,32
1.9097226183724536,0,12,32
1.9097226183724536,1,12,32
1.9097226183724536,2,12,32
1.9097226183724536,3,12,32
1.9097226183724536,12,13,32
1.9097226183724536,12,14,32
1.9097226183724536,12,15,32
1.9097226183724536,12,16,32
1.9097226183724536,12,17,32
1.9097226183724536,12,18,32
1.9097226183724536,12,19,32
1.9097226183724536,12,20,32
1.9097226183724536,12,21,32
1.9097226183724536,12,22,32
1.9097226183724536,12,23,32
1.9097226183724536,12,24,32
1.9097226183724536,12,25,32
1.9097226183724536,12,26,32
1.9097226183724536,12,27,32
1.9097226183724536,12,28,32
1.9097226183724536,12,29,32
1.9097226183724536,12,30,32
1.9097226183724536,12,31,32
1.9097226183724536,12,32,33
1.9097226183724536,12,32,39
1.9097226183724536,12,32,40
1.9097226183724536,12,32,41
1.9097226183724536,12,32,42
1.9097226183724536,12,32,43
1.9097226183724536,12,32,44
1.9097226183724536,12,32,45
1.9097226183724536,12,32,46
1.9097226183724536,12,32,47
1.9097226183724536,12,32,48
1.9097226183724536,12,32,49
1.9109799900563977,9,33
1.9109799900563977,0,9,33
1.9109799900563977,1,9,33
1.9109799900563977,2,9,33
1.9109799900563977,3,9,33
1.9109799900563977,5,9,33
1.9109799900563977,9,12,33
1.9109799900563977,9,13,33
1.9109799900563977,9,14,33
1.9109799900563977,9,15,33
1.9109799900563977,9,16,33
1.9109799900563977,9,17,33
1.9109799900563977,9,18,33
1.9109799900563977,9,19,33
1.9109799900563977,9,20,33
1.9109799900563977,9,21,33
1.9109799900563977,9,22,33
1.9109799900563977,9,23,33
1.9109799900563977,9,24,33
1.9109799900563977,9,25,33
1.9109799900563977,9,26,33
1.9109799900563977,9,27,33
1.9109799900563977,9,28,33
1.9109799900563977,9,30,33
1.9109799900563977,9,31,33
1.9109799900563977,9,33,36
1.9109799900563977,9,33,37
1.9109799900563977,9,33,38
1.9109799900563977,9,33,39
1.9109799900563977,9,33,40
1.9109799900563977,9,33,41
1.9109799900563977,9,33,42
1.9109799900563977,9,33,43
1.9109799900563977,9,33,44
1.9109799900563977,9,33,45
1.9109799900563977,9,33,46
1.9109799900563977,9,33,47
1.9109799900563977,9,33,48
1.9109799900563977,9,33,49
1.9109868299519797,11,33
1.9109868299519797,0,11,33
1.9109868299519797,1,11,33
1.9109868299519797,2,11,33
1.9109868299519797,3,11,33
1.9109868299519797,5,11,33
1.9109868299519797,9,11,33
1.9109868299519797,11,12,33
1.9109868299519797,11,13,33
1.9109868299519797,11,14,33
1.9109868299519797,11,15,33
1.9109868299519797,11,16,33
1.9109868299519797,11,17,33
1.9109868299519797,11,18,33
1.9109868299519797,11,19,33
1.9109868299519797,11,20,33
1.9109868299519797,11,21,33
1.9109868299519797,11,22,33
1.9109868299519797,11,23,33
1.9109868299519797,11,24,33
1.9109868299519797,11,25,33
1.9109868299519797,11,26,33
1.9109868299519797,11,27,33
1.9109868299519797,11,28,33
1.9109868299519797,11,30,33
1.9109868299519797,11,31,33
1.9109868299519797,11,33,39
1.9109868299519797,11,33,40
1.9109868299519797,11,33,41
1.9109868299519797,11,33,42
1.9109868299519797,11,33,43
1.9109868299519797,11,33,44
1.9109868299519797,11,33,45
1.9109868299519797,11,33,46
1.9109868299519797,11,33,47
1.9109868299519797,11,33,48
1.9109868299519797,11,33,49
1.9113685914938543,17,34
1.9113685914938543,0,17,34
1.9113685914938543,1,17,34
1.9113685914938543,2,17,34
1.9113685914938543,3,17,34
1.9113685914938543,17,18,34
1.9113685914938543,17,19,34
1.9113685914938543,17,20,34
1.9113685914938543,17,21,34
1.9113685914938543,17,22,34
1.9113685914938543,17,23,34
1.9113685914938543,17,24,34
1.9113685914938543,17,25,34
1.9113685914938543,17,26,34
1.9113685914938543,17,27,34
1.9113685914938543,17,28,34
1.9113685914938543,17,29,34
1.9113685914938543,17,30,34
1.9113685914938543,17,31,34
1.9113685914938543,17,32,34
1.9113685914938543,17,33,34
1.9113685914938543,17,34,35
1.9113685914938543,17,34,48
1.9113685914938543,17,34,49
1.9115297065253891,21,40
1.9115297065253891,1,21,40
1.9115297065253891,3,21,40
1.9115297065253891,4,21,40
1.9115297065253891,5,21,40
1.9115297065253891,6,21,40
1.9115297065253891,7,21,40
1.9115297065253891,8,21,40
1.9115297065253891,9,21,40
1.9115297065253891,11,21,40
1.9115297065253891,12,21,40
1.9115297065253891,13,21,40
1.9115297065253891,20,21,40
1.9115297065253891,21,22,40
1.9115297065253891,21,23,40
1.9115297065253891,21,24,40
1.9115297065253891,21,25,40
1.9115297065253891,21,26,40
1.9115297065253891,21,27,40
1.9115297065253891,21,28,40
1.9115297065253891,21,29,40
1.9115297065253891,21,30,40
1.9115297065253891,21,31,40
1.9115297065253891,21,32,40
1.9115297065253891,21,33,40
1.9115297065253891,21,34,40
1.9115297065253891,21,35,40
1.9115297065253891,21,36,40
1.9115297065253891,21,37,40
1.9115297065253891,21,38,40
1.9115297065253891,21,39,40
1.911963610874901,3,26
1.911963610874901,1,3,26
1.911963610874901,3,8,26
1.911963610874901,3,9,26
1.911963610874901,3,10,26
1.911963610874901,3,11,26
1.911963610874901,3,12,26
1.911963610874901,3,13,26
1.911963610874901,3,14,26
1.911963610874901,3,15,26
1.911963610874901,3,16,26
1.911963610874901,3,17,26
1.911963610874901,3,18,26
1.911963610874901,3,19,26
1.911963610874901,3,20,26
1.911963610874901,3,21,26
1.911963610874901,3,22,26
1.911963610874901,3,23,26
1.911963610874901,3,25,26
1.911963610874901,3,26,28
1.911963610874901,3,26,30
1.911963610874901,3,26,31
1.911963610874901,3,26,32
1.911963610874901,3,26,33
1.911963610874901,3,26,34
1.911963610874901,3,26,35
1.911963610874901,3,26,36
1.911963610874901,3,26,37
1.911963610874901,3,26,38
1.911963610874901,3,26,39
1.911963610874901,3,26,40
1.911963610874901,3,26,41
1.911963610874901,3,26,42
1.911963610874901,3,26,43
1.911963610874901,3,26,44
1.911963610874901,3,26,45
1.911968946012251,1,27
1.911968946012251,1,9,27
1.911968946012251,1,10,27
1.911968946012251,1,11,27
1.911968946012251,1,12,27
1.911968946012251,1,13,27
1.911968946012251,1,14,27
1.911968946012251,1,15,27
1.911968946012251,1,16,27
1.911968946012251,1,17,27
1.911968946012251,1,18,27
1.911968946012251,1,19,27
1.911968946012251,1,20,27
1.911968946012251,1,21,27
1.911968946012251,1,22,27
1.911968946012251,1,23,27
1.911968946012251,1,25,27
1.911968946012251,1,26,27
1.911968946012251,1,27,28
1.911968946012251,1,27,29
1.911968946012251,1,27,30
1.911968946012251,1,27,31
1.911968946012251,1,27,32
1.911968946012251,1,27,33
1.911968946012251,1,27,34
1.911968946012251,1,27,35
1.911968946012251,1,27,36
1.911968946012251,1,27,37
1.911968946012251,1,27,38
1.911968946012251,1,27,39
1.911968946012251,1,27,40
1.911968946012251,1,27,41
1.911968946012251,1,27,42
1.911968946012251,1,27,43
1.911968946012251,1,27,44
1.911968946012251,1,27,45
1.9123163936764547,18,47
1.9123163936764547,0,18,47
1.9123163936764547,1,18,47
1.9123163936764547,2,18,47
1.9123163936764547,3,18,47
1.9123163936764547,4,18,47
1.9123163936764547,5,18,47
1.9123163936764547,6,18,47
1.9123163936764547,7,18,47
1.9123163936764547,8,18,47
1.9123163936764547,9,18,47
1.9123163936764547,10,18,47
1.9123163936764547,11,18,47
1.9123163936764547,12,18,47
1.9123163936764547,13,18,47
1.9123163936764547,14,18,47
1.9123163936764547,15,18,47
1.9123163936764547,16,18,47
1.9123163936764547,18,28,47
1.9123163936764547,18,29,47
1.9123163936764547,18,30,47
1.9123163936764547,18,31,47
1.9123163936764547,18,32,47
1.9123163936764547,18,33,47
1.9123163936764547,18,34,47
1.9123163936764547,18,35,47
1.9123163936764547,18,36,47
1.9123163936764547,18,37,47
1.9123163936764547,18,38,47
1.9123163936764547,18,39,47
1.9123163936764547,18,47,48
1.9123163936764547,18,47,49
1.9127479098870002,15,35
1.9127479098870002,0,15,35
1.9127479098870002,1,15,35
1.9127479098870002,2,15,35
1.9127479098870002,3,15,35
1.9127479098870002,4,15,35
1.9127479098870002,5,15,35
1.9127479098870002,13,15,35
1.9127479098870002,15,16,35
1.9127479098870002,15,17,35
1.9127479098870002,15,18,35
1.9127479098870002,15,19,35
1.9127479098870002,15,20,35
1.9127479098870002,15,21,35
1.9127479098870002,15,22,35
1.9127479098870002,15,23,35
1.9127479098870002,15,24,35
1.9127479098870002,15,25,35
1.9127479098870002,15,26,35
1.9127479098870002,15,27,35
1.9127479098870002,15,28,35
1.9127479098870002,15,29,35
1.9127479098870002,15,30,35
1.9127479098870002,15,31,35
1.9127479098870002,15,32,35
1.9127479098870002,15,33,35
1.9127479098870002,15,35,45
1.9127479098870002,15,35,46
1.9127479098870002,15,35,47
1.9127479098870002,15,35,48
1.9127479098870002,15,35,49
1.9155990147595756,22,41
1.9155990147595756,1,22,41
1.9155990147595756,3,22,41
1.9155990147595756,4,22,41
1.9155990147595756,5,22,41
1.9155990147595756,6,22,41
1.9155990147595756,7,22,41
1.9155990147595756,8,22,41
1.9155990147595756,9,22,41
1.9155990147595756,10,22,41
1.9155990147595756,11,22,41
1.9155990147595756,12,22,41
1.9155990147595756,13,22,41
1.9155990147595756,22,23,41
1.9155990147595756,22,24,41
1.9155990147595756,22,25,41
1.9155990147595756,22,26,41
1.9155990147595756,22,27,41
1.9155990147595756,22,28,41
1.9155990147595756,22,29,41
1.9155990147595756,22,30,41
1.9155990147595756,22,31,41
1.9155990147595756,22,32,41
1.9155990147595756,22,33,41
1.9155990147595756,22,34,41
1.9155990147595756,22,35,41
1.9155990147595756,22,36,41
1.9155990147595756,22,37,41
1.9155990147595756,22,38,41
1.9155990147595756,22,39,41
1.9155990147595756,22,40,41
1.9157457878409176,7,37
1.9157457878409176,0,7,37
1.9157457878409176,1,7,37
1.9157457878409176,2,7,37
1.9157457878409176,3,7,37
1.9157457878409176,4,7,37
1.9157457878409176,5,7,37
1.9157457878409176,6,7,37
1.9157457878409176,7,8,37
1.9157457878409176,7,9,37
1.9157457878409176,7,13,37
1.9157457878409176,7,18,37
1.9157457878409176,7,19,37
1.9157457878409176,7,20,37
1.9157457878409176,7,21,37
1.9157457878409176,7,22,37
1.9157457878409176,7,23,37
1.9157457878409176,7,25,37
1.9157457878409176,7,37,39
1.9157457878409176,7,37,40
1.9157457878409176,7,37,41
1.9157457878409176,7,37,42
1.9157457878409176,7,37,43
1.9157457878409176,7,37,44
1.9157457878409176,7,37,45
1.9157457878409176,7,37,46
1.9157457878409176,7,37,47
1.9157457878409176,7,37,48
1.9157457878409176,7,37,49
1.9159308374021826,11,37
1.9159308374021826,0,11,37
1.9159308374021826,1,11,37
1.9159308374021826,2,11,37
1.9159308374021826,3,11,37
1.9159308374021826,4,11,37
1.9159308374021826,5,11,37
1.9159308374021826,6,11,37
1.9159308374021826,7,11,37
1.9159308374021826,8,11,37
1.9159308374021826,9,11,37
1.9159308374021826,11,13,37
1.9159308374021826,11,18,37
1.9159308374021826,11,19,37
1.9159308374021826,11,20,37
1.9159308374021826,11,21,37
1.9159308374021826,11,22,37
1.9159308374021826,11,23,37
1.9159308374021826,11,24,37
1.9159308374021826,11,25,37
1.9159308374021826,11,26,37
1.9159308374021826,11,27,37
1.9159308374021826,11,28,37
1.9159308374021826,11,30,37
1.9159308374021826,11,31,37
1.9159308374021826,11,33,37
1.9159308374021826,11,37,39
1.9159308374021826,11,37,40
1.9159308374021826,11,37,41
1.9159308374021826,11,37,42
1.9159308374021826,11,37,43
1.9159308374021826,11,37,44
1.9159308374021826,11,37,45
1.9159308374021826,11,37,46
1.9159308374021826,11,37,47
1.9159308374021826,11,37,48
1.9159308374021826,11,37,49
1.9159869602258028,25,46
1.9159869602258028,0,25,46
1.9159869602258028,1,25,46
1.9159869602258028,3,25,46
1.9159869602258028,5,25,46
1.9159869602258028,6,25,46
1.9159869602258028,7,25,46
1.9159869602258028,8,25,46
1.9159869602258028,9,25,46
1.9159869602258028,10,25,46
1.9159869602258028,11,25,46
1.9159869602258028,12,25,46
1.9159869602258028,13,25,46
1.9159869602258028,14,25,46
1.9159869602258028,15,25,46
1.9159869602258028,25,28,46
1.9159869602258028,25,29,46
1.9159869602258028,25,30,46
1.9159869602258028,25,31,46
1.9159869602258028,25,32,46
1.9159869602258028,25,33,46
1.9159869602258028,25,34,46
1.9159869602258028,25,35,46
1.9159869602258028,25,36,46
1.9159869602258028,25,37,46
1.9159869602258028,25,38,46
1.9159869602258028,25,39,46
1.9159869602258028,25,40,46
1.9159869602258028,25,41,46
1.9159869602258028,25,42,46
1.9159869602258028,25,43,46
1.9159869602258028,25,44,46
1.9159869602258028,25,45,46
1.9159869602258028,25,46,48
1.9160827398865456,13,38
1.9160827398865456,0,13,38
1.9160827398865456,1,13,38
1.9160827398865456,2,13,38
1.9160827398865456,3,13,38
1.9160827398865456,4,13,38
1.9160827398865456,5,13,38
1.9160827398865456,6,13,38
1.9160827398865456,8,13,38
1.9160827398865456,9,13,38
1.9160827398865456,13,18,38
1.9160827398865456,13,19,38
1.9160827398865456,13,20,38
1.9160827398865456,13,21,38
1.9160827398865456,13,22,38
1.9160827398865456,13,23,38
1.9160827398865456,13,24,38
1.9160827398865456,13,25,38
1.9160827398865456,13,26,38
1.9160827398865456,13,27,38
1.9160827398865456,13,28,38
1.9160827398865456,13,29,38
1.9160827398865456,13,30,38
1.9160827398865456,13,31,38
1.9160827398865456,13,32,38
1.9160827398865456,13,33,38
1.9160827398865456,13,35,38
1.9160827398865456,13,36,38
1.9160827398865456,13,37,38
1.9160827398865456,13,38,39
1.9160827398865456,13,38,40
1.9160827398865456,13,38,41
1.9160827398865456,13,38,42
1.9160827398865456,13,38,43
1.9160827398865456,13,38,44
1.9160827398865456,13,38,45
1.9160827398865456,13,38,46
1.9160827398865456,13,38,47
1.9160827398865456,13,38,48
1.9160827398865456,13,38,49
1.9161283437809173,4,33
1.9161283437809173,0,4,33
1.9161283437809173,1,4,33
1.9161283437809173,2,4,33
1.9161283437809173,3,4,33
1.9161283437809173,4,5,33
1.9161283437809173,4,9,33
1.9161283437809173,4,11,33
1.9161283437809173,4,12,33
1.9161283437809173,4,13,33
1.9161283437809173,4,14,33
1.9161283437809173,4,15,33
1.9161283437809173,4,16,33
1.9161283437809173,4,17,33
1.9161283437809173,4,18,33
1.9161283437809173,4,19,33
1.9161283437809173,4,20,33
1.9161283437809173,4,21,33
1.9161283437809173,4,22,33
1.9161283437809173,4,23,33
1.9161283437809173,4,33,35
1.9161283437809173,4,33,36
1.9161283437809173,4,33,37
1.9161283437809173,4,33,38
1.9161283437809173,4,33,39
1.9161283437809173,4,33,40
1.9161283437809173,4,33,41
1.9161283437809173,4,33,42
1.9161283437809173,4,33,43
1.9161283437809173,4,33,44
1.9161283437809173,4,33,45
1.9161283437809173,4,33,46
1.9161283437809173,4,33,47
1.9161283437809173,4,33,48
1.9161283437809173,4,33,49
1.9164909595921722,0,21
1.9164909595921722,0,1,21
1.9164909595921722,0,3,21
1.9164909595921722,0,4,21
1.9164909595921722,0,5,21
1.9164909595921722,0,6,21
1.9164909595921722,0,7,21
1.9164909595921722,0,8,21
1.9164909595921722,0,9,21
1.9164909595921722,0,10,21
1.9164909595921722,0,11,21
1.9164909595921722,0,12,21
1.9164909595921722,0,13,21
1.9164909595921722,0,14,21
1.9164909595921722,0,15,21
1.9164909595921722,0,16,21
1.9164909595921722,0,17,21
1.9164909595921722,0,18,21
1.9164909595921722,0,19,21
1.9164909595921722,0,20,21
1.9164909595921722,0,21,25
1.9164909595921722,0,21,28
1.9164909595921722,0,21,29
1.9164909595921722,0,21,30
1.9164909595921722,0,21,31
1.9164909595921722,0,21,32
1.9164909595921722,0,21,33
1.9164909595921722,0,21,34
1.9164909595921722,0,21,35
1.9164909595921722,0,21,36
1.9164909595921722,0,21,37
1.9164909595921722,0,21,38
1.9164909595921722,0,21,39
1.9164909595921722,0,21,40
1.9173252629045343,24,42
1.9173252629045343,8,24,42
1.9173252629045343,9,24,42
1.9173252629045343,10,24,42
1.9173252629045343,11,24,42
1.9173252629045343,12,24,42
1.9173252629045343,13,24,42
1.9173252629045343,23,24,42
1.9173252629045343,24,25,42
1.9173252629045343,24,26,42
1.9173252629045343,24,27,42
1.9173252629045343,24,28,42
1.9173252629045343,24,29,42
1.9173252629045343,24,30,42
1.9173252629045343,24,31,42
1.9173252629045343,24,32,42
1.9173252629045343,24,33,42
1.9173252629045343,24,34,42
1.9173252629045343,24,35,42
1.9173252629045343,24,36,42
1.9173252629045343,24,37,42
1.9173252629045343,24,38,42
1.9173252629045343,24,39,42
1.9173252629045343,24,40,42
1.9173252629045343,24,41,42
1.9180108780057532,16,37
1.9180108780057532,0,16,37
1.9180108780057532,1,16,37
1.9180108780057532,2,16,37
1.9180108780057532,3,16,37
1.9180108780057532,4,16,37
1.9180108780057532,5,16,37
1.9180108780057532,6,16,37
1.9180108780057532,7,16,37
1.9180108780057532,8,16,37
1.9180108780057532,9,16,37
1.9180108780057532,11,16,37
1.9180108780057532,13,16,37
1.9180108780057532,16,18,37
1.9180108780057532,16,19,37
1.9180108780057532,16,20,37
1.9180108780057532,16,21,37
1.9180108780057532,16,22,37
1.9180108780057532,16,23,37
1.9180108780057532,16,24,37
1.9180108780057532,16,25,37
1.9180108780057532,16,26,37
1.9180108780057532,16,27,37
1.9180108780057532,16,28,37
1.9180108780057532,16,29,37
1.9180108780057532,16,30,37
1.9180108780057532,16,31,37
1.9180108780057532,16,32,37
1.9180108780057532,16,33,37
1.9180108780057532,16,35,37
1.9180108780057532,16,37,47
1.9180108780057532,16,37,48
1.9180108780057532,16,37,49
1.9180180101563722,17,37
1.9180180101563722,0,17,37
1.9180180101563722,1,17,37
1.9180180101563722,2,17,37
1.9180180101563722,3,17,37
1.9180180101563722,4,17,37
1.9180180101563722,5,17,37
1.9180180101563722,6,17,37
1.9180180101563722,7,17,37
1.9180180101563722,8,17,37
1.9180180101563722,9,17,37
1.9180180101563722,11,17,37
1.9180180101563722,13,17,37
1.9180180101563722,16,17,37
1.9180180101563722,17,18,37
1.9180180101563722,17,19,37
1.9180180101563722,17,20,37
1.9180180101563722,17,21,37
1.9180180101563722,17,22,37
1.9180180101563722,17,23,37
1.9180180101563722,17,24,37
1.9180180101563722,17,25,37
1.9180180101563722,17,26,37
1.9180180101563722,17,27,37
1.9180180101563722,17,28,37
1.9180180101563722,17,29,37
1.9180180101563722,17,30,37
1.9180180101563722,17,31,37
1.9180180101563722,17,32,37
1.9180180101563722,17,33,37
1.9180180101563722,17,34,37
1.9180180101563722,17,35,37
1.9180180101563722,17,37,48
1.9180180101563722,17,37,49
1.9186287022183548,7,38
1.9186287022183548,0,7,38
1.9186287022183548,1,7,38
1.9186287022183548,2,7,38
1.9186287022183548,3,7,38
1.9186287022183548,4,7,38
1.9186287022183548,5,7,38
1.9186287022183548,6,7,38
1.9186287022183548,7,8,38
1.9186287022183548,7,9,38
1.9186287022183548,7,13,38
1.9186287022183548,7,18,38
1.9186287022183548,7,19,38
1.9186287022183548,7,20,38
1.9186287022183548,7,21,38
1.9186287022183548,7,22,38
1.9186287022183548,7,23,38
1.9186287022183548,7,25,38
1.9186287022183548,7,37,38
1.9186287022183548,7,38,39
1.9186287022183548,7,38,40
1.9186287022183548,7,38,41
1.9186287022183548,7,38,42
1.9186287022183548,7,38,43
1.9186287022183548,7,38,44
1.9186287022183548,7,38,45
1.9186287022183548,7,38,46
1.9186287022183548,7,38,47
1.9186287022183548,7,38,48
1.9186287022183548,7,38,49
1.9186626090584353,17,36
1.9186626090584353,0,17,36
1.9186626090584353,1,17,36
1.9186626090584353,2,17,36
1.9186626090584353,3,17,36
1.9186626090584353,4,17,36
1.9186626090584353,5,17,36
1.9186626090584353,6,17,36
1.9186626090584353,8,17,36
1.9186626090584353,9,17,36
1.9186626090584353,13,17,36
1.9186626090584353,17,18,36
1.9186626090584353,17,19,36
1.9186626090584353,17,20,36
1.9186626090584353,17,21,36
1.9186626090584353,17,22,36
1.9186626090584353,17,23,36
1.9186626090584353,17,24,36
1.9186626090584353,17,25,36
1.9186626090584353,17,26,36
1.9186626090584353,17,27,36
1.9186626090584353,17,28,36
1.9186626090584353,17,29,36
1.9186626090584353,17,30,36
1.9186626090584353,17,31,36
1.9186626090584353,17,32,36
1.9186626090584353,17,33,36
1.9186626090584353,17,34,36
1.9186626090584353,17,35,36
1.9186626090584353,17,36,37
1.9186626090584353,17,36,48
1.9186626090584353,17,36,49
1.918755277097566,4,31
1.918755277097566,0,4,31
1.918755277097566,1,4,31
1.918755277097566,2,4,31
1.918755277097566,3,4,31
1.918755277097566,4,5,31
1.918755277097566,4,9,31
1.918755277097566,4,11,31
1.918755277097566,4,12,31
1.918755277097566,4,13,31
1.918755277097566,4,14,31
1.918755277097566,4,15,31
1.918755277097566,4,16,31
1.918755277097566,4,17,31
1.918755277097566,4,18,31
1.918755277097566,4,19,31
1.918755277097566,4,20,31
1.918755277097566,4,21,31
1.918755277097566,4,22,31
1.918755277097566,4,23,31
1.918755277097566,4,31,33
1.918755277097566,4,31,35
1.918755277097566,4,31,36
1.918755277097566,4,31,37
1.918755277097566,4,31,38
1.918755277097566,4,31,39
1.918755277097566,4,31,40
1.918755277097566,4,31,41
1.918755277097566,4,31,42
1.918755277097566,4,31,43
1.918755277097566,4,31,44
1.918755277097566,4,31,45
1.918755277097566,4,31,46
1.918755277097566,4,31,47
1.918755277097566,4,31,48
1.918755277097566,4,31,49
1.9187842879816668,27,46
1.9187842879816668,1,27,46
1.9187842879816668,9,27,46
1.9187842879816668,10,27,46
1.9187842879816668,11,27,46
1.9187842879816668,12,27,46
1.9187842879816668,13,27,46
1.9187842879816668,14,27,46
1.9187842879816668,15,27,46
1.9187842879816668,25,27,46
1.9187842879816668,27,28,46
1.9187842879816668,27,29,46
1.9187842879816668,27,30,46
1.9187842879816668,27,31,46
1.9187842879816668,27,32,46
1.9187842879816668,27,33,46
1.9187842879816668,27,34,46
1.9187842879816668,27,35,46
1.9187842879816668,27,36,46
1.9187842879816668,27,37,46
1.9187842879816668,27,38,46
1.9187842879816668,27,39,46
1.9187842879816668,27,40,46
1.9187842879816668,27,41,46
1.9187842879816668,27,42,46
1.9187842879816668,27,43,46
1.9187842879816668,27,44,46
1.9187842879816668,27,45,46
1.9205199898571945,12,37
1.9205199898571945,0,12,37
1.9205199898571945,1,12,37
1.9205199898571945,2,12,37
1.9205199898571945,3,12,37
1.9205199898571945,4,12,37
1.9205199898571945,5,12,37
1.9205199898571945,6,12,37
1.9205199898571945,7,12,37
1.9205199898571945,8,12,37
1.9205199898571945,9,12,37
1.9205199898571945,11,12,37
1.9205199898571945,12,13,37
1.9205199898571945,12,16,37
1.9205199898571945,12,17,37
1.9205199898571945,12,18,37
1.9205199898571945,12,19,37
1.9205199898571945,12,20,37
1.9205199898571945,12,21,37
1.9205199898571945,12,22,37
1.9205199898571945,12,23,37
1.9205199898571945,12,24,37
1.9205199898571945,12,25,37
1.9205199898571945,12,26,37
1.9205199898571945,12,27,37
1.9205199898571945,12,28,37
1.9205199898571945,12,29,37
1.9205199898571945,12,30,37
1.9205199898571945,12,31,37
1.9205199898571945,12,32,37
1.9205199898571945,12,33,37
1.9205199898571945,12,37,39
1.9205199898571945,12,37,40
1.9205199898571945,12,37,41
1.9205199898571945,12,37,42
1.9205199898571945,12,37,43
1.9205199898571945,12,37,44
1.9205199898571945,12,37,45
1.9205199898571945,12,37,46
1.9205199898571945,12,37,47
1.9205199898571945,12,37,48
1.9205199898571945,12,37,49
1.9207685416171485,15,37
1.9207685416171485,0,15,37
1.9207685416171485,1,15,37
1.9207685416171485,2,15,37
1.9207685416171485,3,15,37
1.9207685416171485,4,15,37
1.9207685416171485,5,15,37
1.9207685416171485,6,15,37
1.9207685416171485,7,15,37
1.9207685416171485,8,15,37
1.9207685416171485,9,15,37
1.9207685416171485,11,15,37
1.9207685416171485,12,15,37
1.9207685416171485,13,15,37
1.9207685416171485,15,16,37
1.9207685416171485,15,17,37
1.9207685416171485,15,18,37
1.9207685416171485,15,19,37
1.9207685416171485,15,20,37
1.9207685416171485,15,21,37
1.9207685416171485,15,22,37
1.9207685416171485,15,23,37
1.9207685416171485,15,24,37
1.9207685416171485,15,25,37
1.9207685416171485,15,26,37
1.9207685416171485,15,27,37
1.9207685416171485,15,28,37
1.9207685416171485,15,29,37
1.9207685416171485,15,30,37
1.9207685416171485,15,31,37
1.9207685416171485,15,32,37
1.9207685416171485,15,33,37
1.9207685416171485,15,35,37
1.9207685416171485,15,37,45
1.9207685416171485,15,37,46
1.9207685416171485,15,37,47
1.9207685416171485,15,37,48
1.9207685416171485,15,37,49
1.9210418978463655,16,36
1.9210418978463655,0,16,36
1.9210418978463655,1,16,36
1.9210418978463655,2,16,36
1.9210418978463655,3,16,36
1.9210418978463655,4,16,36
1.9210418978463655,5,16,36
1.9210418978463655,6,16,36
1.9210418978463655,8,16,36
1.9210418978463655,9,16,36
1.9210418978463655,13,16,36
1.9210418978463655,16,17,36
1.9210418978463655,16,18,36
1.9210418978463655,16,19,36
1.9210418978463655,16,20,36
1.9210418978463655,16,21,36
1.9210418978463655,16,22,36
1.9210418978463655,16,23,36
1.9210418978463655,16,24,36
1.9210418978463655,16,25,36
1.9210418978463655,16,26,36
1.9210418978463655,16,27,36
1.9210418978463655,16,28,36
1.9210418978463655,16,29,36
1.9210418978463655,16,30,36
1.9210418978463655,16,31,36
1.9210418978463655,16,32,36
1.9210418978463655,16,33,36
1.9210418978463655,16,35,36
1.9210418978463655,16,36,37
1.9210418978463655,16,36,47
1.9210418978463655,16,36,48
1.9210418978463655,16,36,49
1.9243593488132988,2,21
1.9243593488132988,0,2,21
1.9243593488132988,1,2,21
1.9243593488132988,2,3,21
1.9243593488132988,2,4,21
1.9243593488132988,2,5,21
1.9243593488132988,2,6,21
1.9243593488132988,2,7,21
1.9243593488132988,2,8,21
1.9243593488132988,2,9,21
1.9243593488132988,2,10,21
1.9243593488132988,2,11,21
1.9243593488132988,2,12,21
1.9243593488132988,2,13,21
1.9243593488132988,2,14,21
1.9243593488132988,2,15,21
1.9243593488132988,2,16,21
1.9243593488132988,2,17,21
1.9243593488132988,2,18,21
1.9243593488132988,2,19,21
1.9243593488132988,2,20,21
1.9243593488132988,2,21,30
1.9243593488132988,2,21,31
1.9243593488132988,2,21,32
1.9243593488132988,2,21,33
1.9243593488132988,2,21,34
1.9243593488132988,2,21,35
1.9243593488132988,2,21,36
1.9243593488132988,2,21,37
1.9243593488132988,2,21,38
1.9243593488132988,2,21,39
1.9243593488132988,2,21,40
1.925882238605784,20,48
1.925882238605784,0,20,48
1.925882238605784,1,20,48
1.925882238605784,2,20,48
1.925882238605784,3,20,48
1.925882238605784,4,20,48
1.925882238605784,5,20,48
1.925882238605784,6,20,48
1.925882238605784,7,20,48
1.925882238605784,8,20,48
1.925882238605784,9,20,48
1.925882238605784,10,20,48
1.925882238605784,11,20,48
1.925882238605784,12,20,48
1.925882238605784,13,20,48
1.925882238605784,14,20,48
1.925882238605784,15,20,48
1.925882238605784,16,20,48
1.925882238605784,17,20,48
1.925882238605784,18,20,48
1.925882238605784,19,20,48
1.925882238605784,20,25,48
1.925882238605784,20,28,48
1.925882238605784,20,29,48
1.925882238605784,20,30,48
1.925882238605784,20,31,48
1.925882238605784,20,32,48
1.925882238605784,20,33,48
1.925882238605784,20,34,48
1.925882238605784,20,35,48
1.925882238605784,20,36,48
1.925882238605784,20,37,48
1.925882238605784,20,38,48
1.925882238605784,20,39,48
1.925882238605784,20,40,48
1.925882238605784,20,48,49
1.9267624310220126,19,40
1.9267624310220126,0,19,40
1.9267624310220126,1,19,40
1.9267624310220126,2,19,40
1.9267624310220126,3,19,40
1.9267624310220126,4,19,40
1.9267624310220126,5,19,40
1.9267624310220126,6,19,40
1.9267624310220126,7,19,40
1.9267624310220126,8,19,40
1.9267624310220126,9,19,40
1.9267624310220126,11,19,40
1.9267624310220126,12,19,40
1.9267624310220126,13,19,40
1.9267624310220126,19,20,40
1.9267624310220126,19,21,40
1.9267624310220126,19,22,40
1.9267624310220126,19,23,40
1.9267624310220126,19,24,40
1.9267624310220126,19,25,40
1.9267624310220126,19,26,40
1.9267624310220126,19,27,40
1.9267624310220126,19,28,40
1.9267624310220126,19,29,40
1.9267624310220126,19,30,40
1.9267624310220126,19,31,40
1.9267624310220126,19,32,40
1.9267624310220126,19,33,40
1.9267624310220126,19,34,40
1.9267624310220126,19,35,40
1.9267624310220126,19,36,40
1.9267624310220126,19,37,40
1.9267624310220126,19,38,40
1.9267624310220126,19,39,40
1.9267624310220126,19,40,48
1.9267624310220126,19,40,49
1.9277868187253133,15,36
1.9277868187253133,0,15,36
1.9277868187253133,1,15,36
1.9277868187253133,2,15,36
1.9277868187253133,3,15,36
1.9277868187253133,4,15,36
1.9277868187253133,5,15,36
1.9277868187253133,6,15,36
1.9277868187253133,8,15,36
1.9277868187253133,9,15,36
1.9277868187253133,13,15,36
1.9277868187253133,15,16,36
1.9277868187253133,15,17,36
1.9277868187253133,15,18,36
1.9277868187253133,15,19,36
1.9277868187253133,15,20,36
1.9277868187253133,15,21,36
1.9277868187253133,15,22,36
1.9277868187253133,15,23,36
1.9277868187253133,15,24,36
1.9277868187253133,15,25,36
1.9277868187253133,15,26,36
1.9277868187253133,15,27,36
1.9277868187253133,15,28,36
1.9277868187253133,15,29,36
1.9277868187253133,15,30,36
1.9277868187253133,15,31,36
1.9277868187253133,15,32,36
1.9277868187253133,15,33,36
1.9277868187253133,15,35,36
1.9277868187253133,15,36,37
1.9277868187253133,15,36,45
1.9277868187253133,15,36,46
1.9277868187253133,15,36,47
1.9277868187253133,15,36,48
1.9277868187253133,15,36,49
1.9278947101292085,4,25
1.9278947101292085,0,4,25
1.9278947101292085,1,4,25
1.9278947101292085,3,4,25
1.9278947101292085,4,5,25
1.9278947101292085,4,6,25
1.9278947101292085,4,7,25
1.9278947101292085,4,8,25
1.9278947101292085,4,9,25
1.9278947101292085,4,10,25
1.9278947101292085,4,11,25
1.9278947101292085,4,12,25
1.9278947101292085,4,13,25
1.9278947101292085,4,14,25
1.9278947101292085,4,15,25
1.9278947101292085,4,16,25
1.9278947101292085,4,17,25
1.9278947101292085,4,18,25
1.9278947101292085,4,19,25
1.9278947101292085,4,20,25
1.9278947101292085,4,21,25
1.9278947101292085,4,22,25
1.9278947101292085,4,23,25
1.9278947101292085,4,25,31
1.9278947101292085,4,25,33
1.9278947101292085,4,25,35
1.9278947101292085,4,25,36
1.9278947101292085,4,25,37
1.9278947101292085,4,25,38
1.9278947101292085,4,25,39
1.9278947101292085,4,25,40
1.9278947101292085,4,25,41
1.9278947101292085,4,25,42
1.9278947101292085,4,25,43
1.9278947101292085,4,25,44
1.9278947101292085,4,25,45
1.9278947101292085,4,25,46
1.9278947101292085,4,25,48
1.9289184012544394,0,26
1.9289184012544394,0,1,26
1.9289184012544394,0,3,26
1.9289184012544394,0,8,26
1.9289184012544394,0,9,26
1.9289184012544394,0,10,26
1.9289184012544394,0,11,26
1.9289184012544394,0,12,26
1.9289184012544394,0,13,26
1.9289184012544394,0,14,26
1.9289184012544394,0,15,26
1.9289184012544394,0,16,26
1.9289184012544394,0,17,26
1.9289184012544394,0,18,26
1.9289184012544394,0,19,26
1.9289184012544394,0,20,26
1.9289184012544394,0,21,26
1.9289184012544394,0,25,26
1.9289184012544394,0,26,28
1.9289184012544394,0,26,29
1.9289184012544394,0,26,30
1.9289184012544394,0,26,31
1.9289184012544394,0,26,32
1.9289184012544394,0,26,33
1.9289184012544394,0,26,34
1.9289184012544394,0,26,35
1.9289184012544394,0,26,36
1.9289184012544394,0,26,37
1.9289184012544394,0,26,38
1.9289184012544394,0,26,39
1.9289184012544394,0,26,40
1.9289184012544394,0,26,41
1.9289184012544394,0,26,42
1.9289184012544394,0,26,43
1.9289184012544394,0,26,44
1.9289184012544394,0,26,45
1.9303618748135516,0,23
1.9303618748135516,0,1,23
1.9303618748135516,0,3,23
1.9303618748135516,0,4,23
1.9303618748135516,0,5,23
1.9303618748135516,0,6,23
1.9303618748135516,0,7,23
1.9303618748135516,0,8,23
1.9303618748135516,0,9,23
1.9303618748135516,0,10,23
1.9303618748135516,0,11,23
1.9303618748135516,0,12,23
1.9303618748135516,0,13,23
1.9303618748135516,0,14,23
1.9303618748135516,0,15,23
1.9303618748135516,0,16,23
1.9303618748135516,0,17,23
1.9303618748135516,0,18,23
1.9303618748135516,0,19,23
1.9303618748135516,0,20,23
1.9303618748135516,0,21,23
1.9303618748135516,0,23,25
1.9303618748135516,0,23,26
1.9303618748135516,0,23,28
1.9303618748135516,0,23,29
1.9303618748135516,0,23,30
1.9303618748135516,0,23,31
1.9303618748135516,0,23,32
1.9303618748135516,0,23,33
1.9303618748135516,0,23,34
1.9303618748135516,0,23,35
1.9303618748135516,0,23,36
1.9303618748135516,0,23,37
1.9303618748135516,0,23,38
1.9303618748135516,0,23,39
1.9303618748135516,0,23,40
1.9303618748135516,0,23,41
1.9303618748135516,0,23,42
1.9324185765493986,28,49
1.9324185765493986,0,28,49
1.9324185765493986,1,28,49
1.9324185765493986,3,28,49
1.9324185765493986,9,28,49
1.9324185765493986,10,28,49
1.9324185765493986,11,28,49
1.9324185765493986,12,28,49
1.9324185765493986,13,28,49
1.9324185765493986,14,28,49
1.9324185765493986,15,28,49
1.9324185765493986,16,28,49
1.9324185765493986,17,28,49
1.9324185765493986,18,28,49
1.9324185765493986,19,28,49
1.9324185765493986,20,28,49
1.9324185765493986,28,30,49
1.9324185765493986,28,31,49
1.9324185765493986,28,32,49
1.9324185765493986,28,33,49
1.9324185765493986,28,34,49
1.9324185765493986,28,35,49
1.9324185765493986,28,36,49
1.9324185765493986,28,37,49
1.9324185765493986,28,38,49
1.9324185765493986,28,39,49
1.9324185765493986,28,40,49
1.9324185765493986,28,41,49
1.9324185765493986,28,42,49
1.9324185765493986,28,43,49
1.9324185765493986,28,44,49
1.9324185765493986,28,45,49
1.9324185765493986,28,46,49
1.9324185765493986,28,47,49
1.9324185765493986,28,48,49
1.9324754762519436,25,49
1.9324754762519436,0,25,49
1.9324754762519436,1,25,49
1.9324754762519436,3,25,49
1.9324754762519436,4,25,49
1.9324754762519436,5,25,49
1.9324754762519436,6,25,49
1.9324754762519436,7,25,49
1.9324754762519436,8,25,49
1.9324754762519436,9,25,49
1.9324754762519436,10,25,49
1.9324754762519436,11,25,49
1.9324754762519436,12,25,49
1.9324754762519436,13,25,49
1.9324754762519436,14,25,49
1.9324754762519436,15,25,49
1.9324754762519436,16,25,49
1.9324754762519436,17,25,49
1.9324754762519436,18,25,49
1.9324754762519436,19,25,49
1.9324754762519436,20,25,49
1.9324754762519436,25,28,49
1.9324754762519436,25,30,49
1.9324754762519436,25,31,49
1.9324754762519436,25,32,49
1.9324754762519436,25,33,49
1.9324754762519436,25,34,49
1.9324754762519436,25,35,49
1.9324754762519436,25,36,49
1.9324754762519436,25,37,49
1.9324754762519436,25,38,49
1.9324754762519436,25,39,49
1.9324754762519436,25,40,49
1.9324754762519436,25,41,49
1.9324754762519436,25,42,49
1.9324754762519436,25,43,49
1.9324754762519436,25,44,49
1.9324754762519436,25,45,49
1.9324754762519436,25,46,49
1.9324754762519436,25,48,49
1.932742571658444,11,32
1.932742571658444,0,11,32
1.932742571658444,1,11,32
1.932742571658444,2,11,32
1.932742571658444,3,11,32
1.932742571658444,11,12,32
1.932742571658444,11,13,32
1.932742571658444,11,14,32
1.932742571658444,11,15,32
1.932742571658444,11,16,32
1.932742571658444,11,17,32
1.932742571658444,11,18,32
1.932742571658444,11,19,32
1.932742571658444,11,20,32
1.932742571658444,11,21,32
1.932742571658444,11,22,32
1.932742571658444,11,23,32
1.932742571658444,11,24,32
1.932742571658444,11,25,32
1.932742571658444,11,26,32
1.932742571658444,11,27,32
1.932742571658444,11,28,32
1.932742571658444,11,30,32
1.932742571658444,11,31,32
1.932742571658444,11,32,33
1.932742571658444,11,32,37
1.932742571658444,11,32,39
1.932742571658444,11,32,40
1.932742571658444,11,32,41
1.932742571658444,11,32,42
1.932742571658444,11,32,43
1.932742571658444,11,32,44
1.932742571658444,11,32,45
1.932742571658444,11,32,46
1.932742571658444,11,32,47
1.932742571658444,11,32,48
1.932742571658444,11,32,49
1.9328618791807377,11,36
1.9328618791807377,0,11,36
1.9328618791807377,1,11,36
1.9328618791807377,2,11,36
1.9328618791807377,3,11,36
1.9328618791807377,4,11,36
1.9328618791807377,5,11,36
1.9328618791807377,6,11,36
1.9328618791807377,8,11,36
1.9328618791807377,9,11,36
1.9328618791807377,11,13,36
1.9328618791807377,11,15,36
1.9328618791807377,11,16,36
1.9328618791807377,11,17,36
1.9328618791807377,11,18,36
1.9328618791807377,11,19,36
1.9328618791807377,11,20,36
1.9328618791807377,11,21,36
1.9328618791807377,11,22,36
1.9328618791807377,11,23,36
1.9328618791807377,11,24,36
1.9328618791807377,11,25,36
1.9328618791807377,11,26,36
1.9328618791807377,11,27,36
1.9328618791807377,11,28,36
1.9328618791807377,11,30,36
1.9328618791807377,11,31,36
1.9328618791807377,11,32,36
1.9328618791807377,11,33,36
1.9328618791807377,11,36,37
1.9328618791807377,11,36,39
1.9328618791807377,11,36,40
1.9328618791807377,11,36,41
1.9328618791807377,11,36,42
1.9328618791807377,11,36,43
1.9328618791807377,11,36,44
1.9328618791807377,11,36,45
1.9328618791807377,11,36,46
1.9328618791807377,11,36,47
1.9328618791807377,11,36,48
1.9328618791807377,11,36,49
1.9330550117269263,16,34
1.9330550117269263,0,16,34
1.9330550117269263,1,16,34
1.9330550117269263,2,16,34
1.9330550117269263,3,16,34
1.9330550117269263,16,17,34
1.9330550117269263,16,18,34
1.9330550117269263,16,19,34
1.9330550117269263,16,20,34
1.9330550117269263,16,21,34
1.9330550117269263,16,22,34
1.9330550117269263,16,23,34
1.9330550117269263,16,24,34
1.9330550117269263,16,25,34
1.9330550117269263,16,26,34
1.9330550117269263,16,27,34
1.9330550117269263,16,28,34
1.9330550117269263,16,29,34
1.9330550117269263,16,30,34
1.9330550117269263,16,31,34
1.9330550117269263,16,32,34
1.9330550117269263,16,33,34
1.9330550117269263,16,34,35
1.9330550117269263,16,34,36
1.9330550117269263,16,34,37
1.9330550117269263,16,34,47
1.9330550117269263,16,34,48
1.9330550117269263,16,34,49
1.9335223837840665,10,40
1.9335223837840665,0,10,40
1.9335223837840665,1,10,40
1.9335223837840665,2,10,40
1.9335223837840665,3,10,40
1.9335223837840665,4,10,40
1.9335223837840665,5,10,40
1.9335223837840665,6,10,40
1.9335223837840665,7,10,40
1.9335223837840665,8,10,40
1.9335223837840665,9,10,40
1.9335223837840665,10,11,40
1.9335223837840665,10,12,40
1.9335223837840665,10,13,40
1.9335223837840665,10,19,40
1.9335223837840665,10,20,40
1.9335223837840665,10,21,40
1.9335223837840665,10,22,40
1.9335223837840665,10,23,40
1.9335223837840665,10,24,40
1.9335223837840665,10,25,40
1.9335223837840665,10,26,40
1.9335223837840665,10,27,40
1.9335223837840665,10,28,40
1.9335223837840665,10,40,41
1.9335223837840665,10,40,42
1.9335223837840665,10,40,43
1.9335223837840665,10,40,44
1.9335223837840665,10,40,45
1.9335223837840665,10,40,46
1.9335223837840665,10,40,47
1.9335223837840665,10,40,48
1.9335223837840665,10,40,49
1.934918777591359,0,27
1.934918777591359,0,1,27
1.934918777591359,0,9,27
1.934918777591359,0,10,27
1.934918777591359,0,11,27
1.934918777591359,0,12,27
1.934918777591359,0,13,27
1.934918777591359,0,14,27
1.934918777591359,0,15,27
1.934918777591359,0,16,27
1.934918777591359,0,17,27
1.934918777591359,0,18,27
1.934918777591359,0,19,27
1.934918777591359,0,20,27
1.934918777591359,0,21,27
1.934918777591359,0,23,27
1.934918777591359,0,25,27
1.934918777591359,0,26,27
1.934918777591359,0,27,28
1.934918777591359,0,27,29
1.934918777591359,0,27,30
1.934918777591359,0,27,31
1.934918777591359,0,27,32
1.934918777591359,0,27,33
1.934918777591359,0,27,34
1.934918777591359,0,27,35
1.934918777591359,0,27,36
1.934918777591359,0,27,37
1.934918777591359,0,27,38
1.934918777591359,0,27,39
1.934918777591359,0,27,40
1.934918777591359,0,27,41
1.934918777591359,0,27,42
1.934918777591359,0,27,43
1.934918777591359,0,27,44
1.934918777591359,0,27,45
1.934918777591359,0,27,46
1.9352667103014851,5,32
1.9352667103014851,0,5,32
1.9352667103014851,1,5,32
1.9352667103014851,2,5,32
1.9352667103014851,3,5,32
1.9352667103014851,5,11,32
1.9352667103014851,5,12,32
1.9352667103014851,5,13,32
1.9352667103014851,5,14,32
1.9352667103014851,5,15,32
1.9352667103014851,5,16,32
1.9352667103014851,5,17,32
1.9352667103014851,5,18,32
1.9352667103014851,5,19,32
1.9352667103014851,5,20,32
1.9352667103014851,5,21,32
1.9352667103014851,5,22,32
1.9352667103014851,5,23,32
1.9352667103014851,5,25,32
1.9352667103014851,5,31,32
1.9352667103014851,5,32,33
1.9352667103014851,5,32,35
1.9352667103014851,5,32,36
1.9352667103014851,5,32,37
1.9352667103014851,5,32,38
1.9352667103014851,5,32,39
1.9352667103014851,5,32,40
1.9352667103014851,5,32,41
1.9352667103014851,5,32,42
1.9352667103014851,5,32,43
1.9352667103014851,5,32,44
1.9352667103014851,5,32,45
1.9352667103014851,5,32,46
1.9352667103014851,5,32,47
1.9352667103014851,5,32,48
1.9352667103014851,5,32,49
1.9356182170117422,0,22
1.9356182170117422,0,1,22
1.9356182170117422,0,3,22
1.9356182170117422,0,4,22
1.9356182170117422,0,5,22
1.9356182170117422,0,6,22
1.9356182170117422,0,7,22
1.9356182170117422,0,8,22
1.9356182170117422,0,9,22
1.9356182170117422,0,10,22
1.9356182170117422,0,11,22
1.9356182170117422,0,12,22
1.9356182170117422,0,13,22
1.9356182170117422,0,14,22
1.9356182170117422,0,15,22
1.9356182170117422,0,16,22
1.9356182170117422,0,17,22
1.9356182170117422,0,18,22
1.9356182170117422,0,19,22
1.9356182170117422,0,20,22
1.9356182170117422,0,21,22
1.9356182170117422,0,22,23
1.9356182170117422,0,22,25
1.9356182170117422,0,22,26
1.9356182170117422,0,22,27
1.9356182170117422,0,22,28
1.9356182170117422,0,22,29
1.9356182170117422,0,22,30
1.9356182170117422,0,22,31
1.9356182170117422,0,22,32
1.9356182170117422,0,22,33
1.9356182170117422,0,22,34
1.9356182170117422,0,22,35
1.9356182170117422,0,22,36
1.9356182170117422,0,22,37
1.9356182170117422,0,22,38
1.9356182170117422,0,22,39
1.9356182170117422,0,22,40
1.9356182170117422,0,22,41
1.935710704507107,12,36
1.935710704507107,0,12,36
1.935710704507107,1,12,36
1.935710704507107,2,12,36
1.935710704507107,3,12,36
1.935710704507107,4,12,36
1.935710704507107,5,12,36
1.935710704507107,6,12,36
1.935710704507107,8,12,36
1.935710704507107,9,12,36
1.935710704507107,11,12,36
1.935710704507107,12,13,36
1.935710704507107,12,15,36
1.935710704507107,12,16,36
1.935710704507107,12,17,36
1.935710704507107,12,18,36
1.935710704507107,12,19,36
1.935710704507107,12,20,36
1.935710704507107,12,21,36
1.935710704507107,12,22,36
1.935710704507107,12,23,36
1.935710704507107,12,24,36
1.935710704507107,12,25,36
1.935710704507107,12,26,36
1.935710704507107,12,27,36
1.935710704507107,12,28,36
1.935710704507107,12,29,36
1.935710704507107,12,30,36
1.935710704507107,12,31,36
1.935710704507107,12,32,36
1.935710704507107,12,33,36
1.935710704507107,12,36,37
1.935710704507107,12,36,39
1.935710704507107,12,36,40
1.935710704507107,12,36,41
1.935710704507107,12,36,42
1.935710704507107,12,36,43
1.935710704507107,12,36,44
1.935710704507107,12,36,45
1.935710704507107,12,36,46
1.935710704507107,12,36,47
1.935710704507107,12,36,48
1.935710704507107,12,36,49
1.9370232225091202,7,24
1.9370232225091202,7,8,24
1.9370232225091202,7,9,24
1.9370232225091202,7,10,24
1.9370232225091202,7,11,24
1.9370232225091202,7,12,24
1.9370232225091202,7,13,24
1.9370232225091202,7,14,24
1.9370232225091202,7,15,24
1.9370232225091202,7,16,24
1.9370232225091202,7,17,24
1.9370232225091202,7,18,24
1.9370232225091202,7,19,24
1.9370232225091202,7,20,24
1.9370232225091202,7,21,24
1.9370232225091202,7,22,24
1.9370232225091202,7,23,24
1.9370232225091202,7,24,25
1.9370232225091202,7,24,37
1.9370232225091202,7,24,38
1.9370232225091202,7,24,39
1.9370232225091202,7,24,40
1.9370232225091202,7,24,41
1.9370232225091202,7,24,42
1.9370537269374937,18,40
1.9370537269374937,0,18,40
1.9370537269374937,1,18,40
1.9370537269374937,2,18,40
1.9370537269374937,3,18,40
1.9370537269374937,4,18,40
1.9370537269374937,5,18,40
1.9370537269374937,6,18,40
1.9370537269374937,7,18,40
1.9370537269374937,8,18,40
1.9370537269374937,9,18,40
1.9370537269374937,10,18,40
1.9370537269374937,11,18,40
1.9370537269374937,12,18,40
1.9370537269374937,13,18,40
1.9370537269374937,18,19,40
1.9370537269374937,18,20,40
1.9370537269374937,18,21,40
1.9370537269374937,18,22,40
1.9370537269374937,18,23,40
1.9370537269374937,18,24,40
1.9370537269374937,18,25,40
1.9370537269374937,18,26,40
1.9370537269374937,18,27,40
1.9370537269374937,18,28,40
1.9370537269374937,18,29,40
1.9370537269374937,18,30,40
1.9370537269374937,18,31,40
1.9370537269374937,18,32,40
1.9370537269374937,18,33,40
1.9370537269374937,18,34,40
1.9370537269374937,18,35,40
1.9370537269374937,18,36,40
1.9370537269374937,18,37,40
1.9370537269374937,18,38,40
1.9370537269374937,18,39,40
1.9370537269374937,18,40,47
1.9370537269374937,18,40,48
1.9370537269374937,18,40,49
1.93753207407697,21,49
1.93753207407697,0,21,49
1.93753207407697,1,21,49
1.93753207407697,2,21,49
1.93753207407697,3,21,49
1.93753207407697,4,21,49
1.93753207407697,5,21,49
1.93753207407697,6,21,49
1.93753207407697,7,21,49
1.93753207407697,8,21,49
1.93753207407697,9,21,49
1.93753207407697,10,21,49
1.93753207407697,11,21,49
1.93753207407697,12,21,49
1.93753207407697,13,21,49
1.93753207407697,14,21,49
1.93753207407697,15,21,49
1.93753207407697,16,21,49
1.93753207407697,17,21,49
1.93753207407697,18,21,49
1.93753207407697,19,21,49
1.93753207407697,20,21,49
1.93753207407697,21,25,49
1.93753207407697,21,28,49
1.93753207407697,21,30,49
1.93753207407697,21,31,49
1.93753207407697,21,32,49
1.93753207407697,21,33,49
1.93753207407697,21,34,49
1.93753207407697,21,35,49
1.93753207407697,21,36,49
1.93753207407697,21,37,49
1.93753207407697,21,38,49
1.93753207407697,21,39,49
1.93753207407697,21,40,49
1.9376166588435006,15,39
1.9376166588435006,0,15,39
1.9376166588435006,1,15,39
1.9376166588435006,2,15,39
1.9376166588435006,3,15,39
1.9376166588435006,4,15,39
1.9376166588435006,5,15,39
1.9376166588435006,6,15,39
1.9376166588435006,7,15,39
1.9376166588435006,8,15,39
1.9376166588435006,9,15,39
1.9376166588435006,11,15,39
1.9376166588435006,12,15,39
1.9376166588435006,13,15,39
1.9376166588435006,15,18,39
1.9376166588435006,15,19,39
1.9376166588435006,15,20,39
1.9376166588435006,15,21,39
1.9376166588435006,15,22,39
1.9376166588435006,15,23,39
1.9376166588435006,15,24,39
1.9376166588435006,15,25,39
1.9376166588435006,15,26,39
1.9376166588435006,15,27,39
1.9376166588435006,15,28,39
1.9376166588435006,15,29,39
1.9376166588435006,15,30,39
1.9376166588435006,15,31,39
1.9376166588435006,15,32,39
1.9376166588435006,15,33,39
1.9376166588435006,15,35,39
1.9376166588435006,15,36,39
1.9376166588435006,15,37,39
1.9376166588435006,15,39,45
1.9376166588435006,15,39,46
1.9376166588435006,15,39,47
1.9376166588435006,15,39,48
1.9376166588435006,15,39,49
1.938015220645117,10,39
1.938015220645117,0,10,39
1.938015220645117,1,10,39
1.938015220645117,2,10,39
1.938015220645117,3,10,39
1.938015220645117,4,10,39
1.938015220645117,5,10,39
1.938015220645117,6,10,39
1.938015220645117,7,10,39
1.938015220645117,8,10,39
1.938015220645117,9,10,39
1.938015220645117,10,11,39
1.938015220645117,10,12,39
1.938015220645117,10,13,39
1.938015220645117,10,15,39
1.938015220645117,10,18,39
1.938015220645117,10,19,39
1.938015220645117,10,20,39
1.938015220645117,10,21,39
1.938015220645117,10,22,39
1.938015220645117,10,23,39
1.938015220645117,10,24,39
1.938015220645117,10,25,39
1.938015220645117,10,26,39
1.938015220645117,10,27,39
1.938015220645117,10,28,39
1.938015220645117,10,39,40
1.938015220645117,10,39,41
1.938015220645117,10,39,42
1.938015220645117,10,39,43
1.938015220645117,10,39,44
1.938015220645117,10,39,45
1.938015220645117,10,39,46
1.938015220645117,10,39,47
1.938015220645117,10,39,48
1.938015220645117,10,39,49
1.9383403252290046,9,35
1.9383403252290046,0,9,35
1.9383403252290046,1,9,35
1.9383403252290046,2,9,35
1.9383403252290046,3,9,35
1.9383403252290046,4,9,35
1.9383403252290046,5,9,35
1.9383403252290046,9,13,35
1.9383403252290046,9,15,35
1.9383403252290046,9,16,35
1.9383403252290046,9,17,35
1.9383403252290046,9,18,35
1.9383403252290046,9,19,35
1.9383403252290046,9,20,35
1.9383403252290046,9,21,35
1.9383403252290046,9,22,35
1.9383403252290046,9,23,35
1.9383403252290046,9,24,35
1.9383403252290046,9,25,35
1.9383403252290046,9,26,35
1.9383403252290046,9,27,35
1.9383403252290046,9,28,35
1.9383403252290046,9,30,35
1.9383403252290046,9,31,35
1.9383403252290046,9,33,35
1.9383403252290046,9,35,36
1.9383403252290046,9,35,37
1.9383403252290046,9,35,38
1.9383403252290046,9,35,39
1.9383403252290046,9,35,40
1.9383403252290046,9,35,41
1.9383403252290046,9,35,42
1.9383403252290046,9,35,43
1.9383403252290046,9,35,44
1.9383403252290046,9,35,45
1.9383403252290046,9,35,46
1.9383403252290046,9,35,47
1.9383403252290046,9,35,48
1.9383403252290046,9,35,49
1.9388786048517264,11,38
1.9388786048517264,0,11,38
1.9388786048517264,1,11,38
1.9388786048517264,2,11,38
1.9388786048517264,3,11,38
1.9388786048517264,4,11,38
1.9388786048517264,5,11,38
1.9388786048517264,6,11,38
1.9388786048517264,7,11,38
1.9388786048517264,8,11,38
1.9388786048517264,9,11,38
1.9388786048517264,11,13,38
1.9388786048517264,11,18,38
1.9388786048517264,11,19,38
1.9388786048517264,11,20,38
1.9388786048517264,11,21,38
1.9388786048517264,11,22,38
1.9388786048517264,11,23,38
1.9388786048517264,11,24,38
1.9388786048517264,11,25,38
1.9388786048517264,11,26,38
1.9388786048517264,11,27,38
1.9388786048517264,11,28,38
1.9388786048517264,11,30,38
1.9388786048517264,11,31,38
1.9388786048517264,11,32,38
1.9388786048517264,11,33,38
1.9388786048517264,11,36,38
1.9388786048517264,11,37,38
1.9388786048517264,11,38,39
1.9388786048517264,11,38,40
1.9388786048517264,11,38,41
1.9388786048517264,11,38,42
1.9388786048517264,11,38,43
1.9388786048517264,11,38,44
1.9388786048517264,11,38,45
1.9388786048517264,11,38,46
1.9388786048517264,11,38,47
1.9388786048517264,11,38,48
1.9388786048517264,11,38,49
1.9389113489176657,5,26
1.9389113489176657,0,5,26
1.9389113489176657,1,5,26
1.9389113489176657,3,5,26
1.9389113489176657,5,8,26
1.9389113489176657,5,9,26
1.9389113489176657,5,10,26
1.9389113489176657,5,11,26
1.9389113489176657,5,12,26
1.9389113489176657,5,13,26
1.9389113489176657,5,14,26
1.9389113489176657,5,15,26
1.9389113489176657,5,16,26
1.9389113489176657,5,17,26
1.9389113489176657,5,18,26
1.9389113489176657,5,19,26
1.9389113489176657,5,20,26
1.9389113489176657,5,21,26
1.9389113489176657,5,22,26
1.9389113489176657,5,23,26
1.9389113489176657,5,25,26
1.9389113489176657,5,26,31
1.9389113489176657,5,26,32
1.9389113489176657,5,26,33
1.9389113489176657,5,26,35
1.9389113489176657,5,26,36
1.9389113489176657,5,26,37
1.9389113489176657,5,26,38
1.9389113489176657,5,26,39
1.9389113489176657,5,26,40
1.9389113489176657,5,26,41
1.9389113489176657,5,26,42
1.9389113489176657,5,26,43
1.9389113489176657,5,26,44
1.9389113489176657,5,26,45
1.939641907078685,27,48
1.939641907078685,0,27,48
1.939641907078685,1,27,48
1.939641907078685,9,27,48
1.939641907078685,10,27,48
1.939641907078685,11,27,48
1.939641907078685,12,27,48
1.939641907078685,13,27,48
1.939641907078685,14,27,48
1.939641907078685,15,27,48
1.939641907078685,16,27,48
1.939641907078685,17,27,48
1.939641907078685,18,27,48
1.939641907078685,19,27,48
1.939641907078685,20,27,48
1.939641907078685,25,27,48
1.939641907078685,27,28,48
1.939641907078685,27,29,48
1.939641907078685,27,30,48
1.939641907078685,27,31,48
1.939641907078685,27,32,48
1.939641907078685,27,33,48
1.939641907078685,27,34,48
1.939641907078685,27,35,48
1.939641907078685,27,36,48
1.939641907078685,27,37,48
1.939641907078685,27,38,48
1.939641907078685,27,39,48
1.939641907078685,27,40,48
1.939641907078685,27,41,48
1.939641907078685,27,42,48
1.939641907078685,27,43,48
1.939641907078685,27,44,48
1.939641907078685,27,45,48
1.939641907078685,27,46,48
1.9401846446092685,23,43
1.9401846446092685,0,23,43
1.9401846446092685,1,23,43
1.9401846446092685,3,23,43
1.9401846446092685,4,23,43
1.9401846446092685,5,23,43
1.9401846446092685,6,23,43
1.9401846446092685,7,23,43
1.9401846446092685,8,23,43
1.9401846446092685,9,23,43
1.9401846446092685,10,23,43
1.9401846446092685,11,23,43
1.9401846446092685,12,23,43
1.9401846446092685,13,23,43
1.9401846446092685,23,25,43
1.9401846446092685,23,26,43
1.9401846446092685,23,27,43
1.9401846446092685,23,28,43
1.9401846446092685,23,29,43
1.9401846446092685,23,30,43
1.9401846446092685,23,31,43
1.9401846446092685,23,32,43
1.9401846446092685,23,33,43
1.9401846446092685,23,34,43
1.9401846446092685,23,35,43
1.9401846446092685,23,36,43
1.9401846446092685,23,37,43
1.9401846446092685,23,38,43
1.9401846446092685,23,39,43
1.9401846446092685,23,40,43
1.9401846446092685,23,41,43
1.9401846446092685,23,42,43
1.940648526283043,20,41
1.940648526283043,0,20,41
1.940648526283043,1,20,41
1.940648526283043,2,20,41
1.940648526283043,3,20,41
1.940648526283043,4,20,41
1.940648526283043,5,20,41
1.940648526283043,6,20,41
1.940648526283043,7,20,41
1.940648526283043,8,20,41
1.940648526283043,9,20,41
1.940648526283043,10,20,41
1.940648526283043,11,20,41
1.940648526283043,12,20,41
1.940648526283043,13,20,41
1.940648526283043,20,22,41
1.940648526283043,20,23,41
1.940648526283043,20,24,41
1.940648526283043,20,25,41
1.940648526283043,20,26,41
1.940648526283043,20,27,41
1.940648526283043,20,28,41
1.940648526283043,20,29,41
1.940648526283043,20,30,41
1.940648526283043,20,31,41
1.940648526283043,20,32,41
1.940648526283043,20,33,41
1.940648526283043,20,34,41
1.940648526283043,20,35,41
1.940648526283043,20,36,41
1.940648526283043,20,37,41
1.940648526283043,20,38,41
1.940648526283043,20,39,41
1.940648526283043,20,40,41
1.940648526283043,20,41,48
1.940648526283043,20,41,49
1.9414679206362357,6,35
1.9414679206362357,0,6,35
1.9414679206362357,1,6,35
1.9414679206362357,2,6,35
1.9414679206362357,3,6,35
1.9414679206362357,4,6,35
1.9414679206362357,5,6,35
1.9414679206362357,6,9,35
1.9414679206362357,6,13,35
1.9414679206362357,6,15,35
1.9414679206362357,6,16,35
1.9414679206362357,6,17,35
1.9414679206362357,6,18,35
1.9414679206362357,6,19,35
1.9414679206362357,6,20,35
1.9414679206362357,6,21,35
1.9414679206362357,6,22,35
1.9414679206362357,6,23,35
1.9414679206362357,6,25,35
1.9414679206362357,6,35,36
1.9414679206362357,6,35,37
1.9414679206362357,6,35,38
1.9414679206362357,6,35,39
1.9414679206362357,6,35,40
1.9414679206362357,6,35,41
1.9414679206362357,6,35,42
1.9414679206362357,6,35,43
1.9414679206362357,6,35,44
1.9414679206362357,6,35,45
1.9414679206362357,6,35,46
1.9414679206362357,6,35,47
1.9414679206362357,6,35,48
1.9414679206362357,6,35,49
1.9416737865138305,7,36
1.9416737865138305,0,7,36
1.9416737865138305,1,7,36
1.9416737865138305,2,7,36
1.9416737865138305,3,7,36
1.9416737865138305,4,7,36
1.9416737865138305,5,7,36
1.9416737865138305,6,7,36
1.9416737865138305,7,8,36
1.9416737865138305,7,9,36
1.9416737865138305,7,11,36
1.9416737865138305,7,12,36
1.9416737865138305,7,13,36
1.9416737865138305,7,15,36
1.9416737865138305,7,16,36
1.9416737865138305,7,17,36
1.9416737865138305,7,18,36
1.9416737865138305,7,19,36
1.9416737865138305,7,20,36
1.9416737865138305,7,21,36
1.9416737865138305,7,22,36
1.9416737865138305,7,23,36
1.9416737865138305,7,24,36
1.9416737865138305,7,25,36
1.9416737865138305,7,36,37
1.9416737865138305,7,36,38
1.9416737865138305,7,36,39
1.9416737865138305,7,36,40
1.9416737865138305,7,36,41
1.9416737865138305,7,36,42
1.9416737865138305,7,36,43
1.9416737865138305,7,36,44
1.9416737865138305,7,36,45
1.9416737865138305,7,36,46
1.9416737865138305,7,36,47
1.9416737865138305,7,36,48
1.9416737865138305,7,36,49
1.942415001886038,9,32
1.942415001886038,0,9,32
1.942415001886038,1,9,32
1.942415001886038,2,9,32
1.942415001886038,3,9,32
1.942415001886038,5,9,32
1.942415001886038,9,11,32
1.942415001886038,9,12,32
1.942415001886038,9,13,32
1.942415001886038,9,14,32
1.942415001886038,9,15,32
1.942415001886038,9,16,32
1.942415001886038,9,17,32
1.942415001886038,9,18,32
1.942415001886038,9,19,32
1.942415001886038,9,20,32
1.942415001886038,9,21,32
1.942415001886038,9,22,32
1.942415001886038,9,23,32
1.942415001886038,9,24,32
1.942415001886038,9,25,32
1.942415001886038,9,26,32
1.942415001886038,9,27,32
1.942415001886038,9,28,32
1.942415001886038,9,30,32
1.942415001886038,9,31,32
1.942415001886038,9,32,33
1.942415001886038,9,32,35
1.942415001886038,9,32,36
1.942415001886038,9,32,37
1.942415001886038,9,32,38
1.942415001886038,9,32,39
1.942415001886038,9,32,40
1.942415001886038,9,32,41
1.942415001886038,9,32,42
1.942415001886038,9,32,43
1.942415001886038,9,32,44
1.942415001886038,9,32,45
1.942415001886038,9,32,46
1.942415001886038,9,32,47
1.942415001886038,9,32,48
1.942415001886038,9,32,49
1.9426300758482098,8,28
1.9426300758482098,0,8,28
1.9426300758482098,1,8,28
1.9426300758482098,3,8,28
1.9426300758482098,8,9,28
1.9426300758482098,8,10,28
1.9426300758482098,8,11,28
1.9426300758482098,8,12,28
1.9426300758482098,8,13,28
1.9426300758482098,8,14,28
1.9426300758482098,8,15,28
1.9426300758482098,8,16,28
1.9426300758482098,8,17,28
1.9426300758482098,8,18,28
1.9426300758482098,8,19,28
1.9426300758482098,8,20,28
1.9426300758482098,8,21,28
1.9426300758482098,8,22,28
1.9426300758482098,8,23,28
1.9426300758482098,8,24,28
1.9426300758482098,8,25,28
1.9426300758482098,8,26,28
1.9426300758482098,8,28,36
1.9426300758482098,8,28,37
1.9426300758482098,8,28,38
1.9426300758482098,8,28,39
1.9426300758482098,8,28,40
1.9426300758482098,8,28,41
1.9426300758482098,8,28,42
1.9426300758482098,8,28,43
1.9426300758482098,8,28,44
1.9426300758482098,8,28,45
1.9426300758482098,8,28,46
1.9426300758482098,8,28,47
1.9426300758482098,8,28,48
1.9426300758482098,8,28,49
1.9443294903916206,11,29
1.9443294903916206,0,11,29
1.9443294903916206,1,11,29
1.9443294903916206,11,12,29
1.9443294903916206,11,13,29
1.9443294903916206,11,14,29
1.9443294903916206,11,15,29
1.9443294903916206,11,16,29
1.9443294903916206,11,17,29
1.9443294903916206,11,18,29
1.9443294903916206,11,19,29
1.9443294903916206,11,20,29
1.9443294903916206,11,21,29
1.9443294903916206,11,22,29
1.9443294903916206,11,23,29
1.9443294903916206,11,24,29
1.9443294903916206,11,25,29
1.9443294903916206,11,26,29
1.9443294903916206,11,27,29
1.9443294903916206,11,28,29
1.9443294903916206,11,29,30
1.9443294903916206,11,29,31
1.9443294903916206,11,29,32
1.9443294903916206,11,29,33
1.9443294903916206,11,29,36
1.9443294903916206,11,29,37
1.9443294903916206,11,29,38
1.9443294903916206,11,29,39
1.9443294903916206,11,29,40
1.9443294903916206,11,29,41
1.9443294903916206,11,29,42
1.9443294903916206,11,29,43
1.9443294903916206,11,29,44
1.9443294903916206,11,29,45
1.9443294903916206,11,29,46
1.9443294903916206,11,29,47
1.9443294903916206,11,29,48
1.9443353181905358,17,47
1.9443353181905358,0,17,47
1.9443353181905358,1,17,47
1.9443353181905358,2,17,47
1.9443353181905358,3,17,47
1.9443353181905358,4,17,47
1.9443353181905358,5,17,47
1.9443353181905358,6,17,47
1.9443353181905358,7,17,47
1.9443353181905358,8,17,47
1.9443353181905358,9,17,47
1.9443353181905358,10,17,47
1.9443353181905358,11,17,47
1.9443353181905358,12,17,47
1.9443353181905358,13,17,47
1.9443353181905358,14,17,47
1.9443353181905358,15,17,47
1.9443353181905358,16,17,47
1.9443353181905358,17,18,47
1.9443353181905358,17,28,47
1.9443353181905358,17,29,47
1.9443353181905358,17,30,47
1.9443353181905358,17,31,47
1.9443353181905358,17,32,47
1.9443353181905358,17,33,47
1.9443353181905358,17,34,47
1.9443353181905358,17,35,47
1.9443353181905358,17,36,47
1.9443353181905358,17,37,47
1.9443353181905358,17,47,48
1.9443353181905358,17,47,49
1.9451450505234107,26,48
1.9451450505234107,0,26,48
1.9451450505234107,1,26,48
1.9451450505234107,3,26,48
1.9451450505234107,5,26,48
1.9451450505234107,8,26,48
1.9451450505234107,9,26,48
1.9451450505234107,10,26,48
1.9451450505234107,11,26,48
1.9451450505234107,12,26,48
1.9451450505234107,13,26,48
1.9451450505234107,14,26,48
1.9451450505234107,15,26,48
1.9451450505234107,16,26,48
1.9451450505234107,17,26,48
1.9451450505234107,18,26,48
1.9451450505234107,19,26,48
1.9451450505234107,20,26,48
1.9451450505234107,25,26,48
1.9451450505234107,26,27,48
1.9451450505234107,26,28,48
1.9451450505234107,26,29,48
1.9451450505234107,26,30,48
1.9451450505234107,26,31,48
1.9451450505234107,26,32,48
1.9451450505234107,26,33,48
1.9451450505234107,26,34,48
1.9451450505234107,26,35,48
1.9451450505234107,26,36,48
1.9451450505234107,26,37,48
1.9451450505234107,26,38,48
1.9451450505234107,26,39,48
1.9451450505234107,26,40,48
1.9451450505234107,26,41,48
1.9451450505234107,26,42,48
1.9451450505234107,26,43,48
1.9451450505234107,26,44,48
1.9451450505234107,26,45,48
1.9457452357676401,15,44
1.9457452357676401,0,15,44
1.9457452357676401,1,15,44
1.9457452357676401,2,15,44
1.9457452357676401,3,15,44
1.9457452357676401,4,15,44
1.9457452357676401,5,15,44
1.9457452357676401,6,15,44
1.9457452357676401,7,15,44
1.9457452357676401,8,15,44
1.9457452357676401,9,15,44
1.9457452357676401,10,15,44
1.9457452357676401,11,15,44
1.9457452357676401,12,15,44
1.9457452357676401,13,15,44
1.9457452357676401,15,25,44
1.9457452357676401,15,26,44
1.9457452357676401,15,27,44
1.9457452357676401,15,28,44
1.9457452357676401,15,29,44
1.9457452357676401,15,30,44
1.9457452357676401,15,31,44
1.9457452357676401,15,32,44
1.9457452357676401,15,33,44
1.9457452357676401,15,35,44
1.9457452357676401,15,36,44
1.9457452357676401,15,37,44
1.9457452357676401,15,39,44
1.9457452357676401,15,44,45
1.9457452357676401,15,44,46
1.9457452357676401,15,44,47
1.9457452357676401,15,44,48
1.9457452357676401,15,44,49
1.9464187225153504,5,28
1.9464187225153504,0,5,28
1.9464187225153504,1,5,28
1.9464187225153504,3,5,28
1.9464187225153504,5,8,28
1.9464187225153504,5,9,28
1.9464187225153504,5,10,28
1.9464187225153504,5,11,28
1.9464187225153504,5,12,28
1.9464187225153504,5,13,28
1.9464187225153504,5,14,28
1.9464187225153504,5,15,28
1.9464187225153504,5,16,28
1.9464187225153504,5,17,28
1.9464187225153504,5,18,28
1.9464187225153504,5,19,28
1.9464187225153504,5,20,28
1.9464187225153504,5,21,28
1.9464187225153504,5,22,28
1.9464187225153504,5,23,28
1.9464187225153504,5,25,28
1.9464187225153504,5,26,28
1.9464187225153504,5,28,31
1.9464187225153504,5,28,32
1.9464187225153504,5,28,33
1.9464187225153504,5,28,35
1.9464187225153504,5,28,36
1.9464187225153504,5,28,37
1.9464187225153504,5,28,38
1.9464187225153504,5,28,39
1.9464187225153504,5,28,40
1.9464187225153504,5,28,41
1.9464187225153504,5,28,42
1.9464187225153504,5,28,43
1.9464187225153504,5,28,44
1.9464187225153504,5,28,45
1.9464187225153504,5,28,46
1.9464187225153504,5,28,47
1.9464187225153504,5,28,48
1.9464187225153504,5,28,49
1.9468953492530146,12,38
1.9468953492530146,0,12,38
1.9468953492530146,1,12,38
1.9468953492530146,2,12,38
1.9468953492530146,3,12,38
1.9468953492530146,4,12,38
1.9468953492530146,5,12,38
1.9468953492530146,6,12,38
1.9468953492530146,7,12,38
1.9468953492530146,8,12,38
1.9468953492530146,9,12,38
1.9468953492530146,11,12,38
1.9468953492530146,12,13,38
1.9468953492530146,12,18,38
1.9468953492530146,12,19,38
1.9468953492530146,12,20,38
1.9468953492530146,12,21,38
1.9468953492530146,12,22,38
1.9468953492530146,12,23,38
1.9468953492530146,12,24,38
1.9468953492530146,12,25,38
1.9468953492530146,12,26,38
1.9468953492530146,12,27,38
1.9468953492530146,12,28,38
1.9468953492530146,12,29,38
1.9468953492530146,12,30,38
1.9468953492530146,12,31,38
1.9468953492530146,12,32,38
1.9468953492530146,12,33,38
1.9468953492530146,12,36,38
1.9468953492530146,12,37,38
1.9468953492530146,12,38,39
1.9468953492530146,12,38,40
1.9468953492530146,12,38,41
1.9468953492530146,12,38,42
1.9468953492530146,12,38,43
1.9468953492530146,12,38,44
1.9468953492530146,12,38,45
1.9468953492530146,12,38,46
1.9468953492530146,12,38,47
1.9468953492530146,12,38,48
1.9468953492530146,12,38,49
1.9474393751356276,26,46
1.9474393751356276,0,26,46
1.9474393751356276,1,26,46
1.9474393751356276,3,26,46
1.9474393751356276,5,26,46
1.9474393751356276,8,26,46
1.9474393751356276,9,26,46
1.9474393751356276,10,26,46
1.9474393751356276,11,26,46
1.9474393751356276,12,26,46
1.9474393751356276,13,26,46
1.9474393751356276,14,26,46
1.9474393751356276,15,26,46
1.9474393751356276,25,26,46
1.9474393751356276,26,27,46
1.9474393751356276,26,28,46
1.9474393751356276,26,29,46
1.9474393751356276,26,30,46
1.9474393751356276,26,31,46
1.9474393751356276,26,32,46
1.9474393751356276,26,33,46
1.9474393751356276,26,34,46
1.9474393751356276,26,35,46
1.9474393751356276,26,36,46
1.9474393751356276,26,37,46
1.9474393751356276,26,38,46
1.9474393751356276,26,39,46
1.9474393751356276,26,40,46
1.9474393751356276,26,41,46
1.9474393751356276,26,42,46
1.9474393751356276,26,43,46
1.9474393751356276,26,44,46
1.9474393751356276,26,45,46
1.9474393751356276,26,46,48
1.9480746933258801,5,34
1.9480746933258801,0,5,34
1.9480746933258801,1,5,34
1.9480746933258801,2,5,34
1.9480746933258801,3,5,34
1.9480746933258801,5,16,34
1.9480746933258801,5,17,34
1.9480746933258801,5,18,34
1.9480746933258801,5,19,34
1.9480746933258801,5,20,34
1.9480746933258801,5,21,34
1.9480746933258801,5,22,34
1.9480746933258801,5,23,34
1.9480746933258801,5,25,34
1.9480746933258801,5,26,34
1.9480746933258801,5,28,34
1.9480746933258801,5,31,34
1.9480746933258801,5,32,34
1.9480746933258801,5,33,34
1.9480746933258801,5,34,35
1.9480746933258801,5,34,36
1.9480746933258801,5,34,37
1.9480746933258801,5,34,38
1.9480746933258801,5,34,39
1.9480746933258801,5,34,40
1.9480746933258801,5,34,41
1.9480746933258801,5,34,42
1.9480746933258801,5,34,43
1.9480746933258801,5,34,44
1.9480746933258801,5,34,45
1.9480746933258801,5,34,46
1.9480746933258801,5,34,47
1.9480746933258801,5,34,48
1.9480746933258801,5,34,49
1.9485464311954428,5,30
1.9485464311954428,0,5,30
1.9485464311954428,1,5,30
1.9485464311954428,2,5,30
1.9485464311954428,3,5,30
1.9485464311954428,5,9,30
1.9485464311954428,5,11,30
1.9485464311954428,5,12,30
1.9485464311954428,5,13,30
1.9485464311954428,5,14,30
1.9485464311954428,5,15,30
1.9485464311954428,5,16,30
1.9485464311954428,5,17,30
1.9485464311954428,5,18,30
1.9485464311954428,5,19,30
1.9485464311954428,5,20,30
1.9485464311954428,5,21,30
1.9485464311954428,5,22,30
1.9485464311954428,5,23,30
1.9485464311954428,5,25,30
1.9485464311954428,5,26,30
1.9485464311954428,5,28,30
1.9485464311954428,5,30,31
1.9485464311954428,5,30,32
1.9485464311954428,5,30,33
1.9485464311954428,5,30,34
1.9485464311954428,5,30,35
1.9485464311954428,5,30,36
1.9485464311954428,5,30,37
1.9485464311954428,5,30,38
1.9485464311954428,5,30,39
1.9485464311954428,5,30,40
1.9485464311954428,5,30,41
1.9485464311954428,5,30,42
1.9485464311954428,5,30,43
1.9485464311954428,5,30,44
1.9485464311954428,5,30,45
1.9485464311954428,5,30,46
1.9485464311954428,5,30,47
1.9485464311954428,5,30,48
1.9485464311954428,5,30,49
1.9495798060703189,18,45
1.9495798060703189,0,18,45
1.9495798060703189,1,18,45
1.9495798060703189,2,18,45
1.9495798060703189,3,18,45
1.9495798060703189,4,18,45
1.9495798060703189,5,18,45
1.9495798060703189,6,18,45
1.9495798060703189,7,18,45
1.9495798060703189,8,18,45
1.9495798060703189,9,18,45
1.9495798060703189,10,18,45
1.9495798060703189,11,18,45
1.9495798060703189,12,18,45
1.9495798060703189,13,18,45
1.9495798060703189,14,18,45
1.9495798060703189,15,18,45
1.9495798060703189,18,25,45
1.9495798060703189,18,26,45
1.9495798060703189,18,27,45
1.9495798060703189,18,28,45
1.9495798060703189,18,29,45
1.9495798060703189,18,30,45
1.9495798060703189,18,31,45
1.9495798060703189,18,32,45
1.9495798060703189,18,33,45
1.9495798060703189,18,34,45
1.9495798060703189,18,35,45
1.9495798060703189,18,36,45
1.9495798060703189,18,37,45
1.9495798060703189,18,38,45
1.9495798060703189,18,39,45
1.9495798060703189,18,40,45
1.9495798060703189,18,45,47
1.9495798060703189,18,45,48
1.9495798060703189,18,45,49
1.9515420972036202,3,27
1.9515420972036202,0,3,27
1.9515420972036202,1,3,27
1.9515420972036202,3,9,27
1.9515420972036202,3,10,27
1.9515420972036202,3,11,27
1.9515420972036202,3,12,27
1.9515420972036202,3,13,27
1.9515420972036202,3,14,27
1.9515420972036202,3,15,27
1.9515420972036202,3,16,27
1.9515420972036202,3,17,27
1.9515420972036202,3,18,27
1.9515420972036202,3,19,27
1.9515420972036202,3,20,27
1.9515420972036202,3,21,27
1.9515420972036202,3,22,27
1.9515420972036202,3,23,27
1.9515420972036202,3,25,27
1.9515420972036202,3,26,27
1.9515420972036202,3,27,28
1.9515420972036202,3,27,30
1.9515420972036202,3,27,31
1.9515420972036202,3,27,32
1.9515420972036202,3,27,33
1.9515420972036202,3,27,34
1.9515420972036202,3,27,35
1.9515420972036202,3,27,36
1.9515420972036202,3,27,37
1.9515420972036202,3,27,38
1.9515420972036202,3,27,39
1.9515420972036202,3,27,40
1.9515420972036202,3,27,41
1.9515420972036202,3,27,42
1.9515420972036202,3,27,43
1.9515420972036202,3,27,44
1.9515420972036202,3,27,45
1.9515420972036202,3,27,46
1.9515420972036202,3,27,48
1.9543774521376698,16,45
1.9543774521376698,0,16,45
1.9543774521376698,1,16,45
1.9543774521376698,2,16,45
1.9543774521376698,3,16,45
1.9543774521376698,4,16,45
1.9543774521376698,5,16,45
1.9543774521376698,6,16,45
1.9543774521376698,7,16,45
1.9543774521376698,8,16,45
1.9543774521376698,9,16,45
1.9543774521376698,10,16,45
1.9543774521376698,11,16,45
1.9543774521376698,12,16,45
1.9543774521376698,13,16,45
1.9543774521376698,14,16,45
1.9543774521376698,15,16,45
1.9543774521376698,16,18,45
1.9543774521376698,16,25,45
1.9543774521376698,16,26,45
1.9543774521376698,16,27,45
1.9543774521376698,16,28,45
1.9543774521376698,16,29,45
1.9543774521376698,16,30,45
1.9543774521376698,16,31,45
1.9543774521376698,16,32,45
1.9543774521376698,16,33,45
1.9543774521376698,16,34,45
1.9543774521376698,16,35,45
1.9543774521376698,16,36,45
1.9543774521376698,16,37,45
1.9543774521376698,16,45,47
1.9543774521376698,16,45,48
1.9543774521376698,16,45,49
1.9547087449725404,2,25
1.9547087449725404,0,2,25
1.9547087449725404,1,2,25
1.9547087449725404,2,3,25
1.9547087449725404,2,4,25
1.9547087449725404,2,5,25
1.9547087449725404,2,6,25
1.9547087449725404,2,7,25
1.9547087449725404,2,8,25
1.9547087449725404,2,9,25
1.9547087449725404,2,10,25
1.9547087449725404,2,11,25
1.9547087449725404,2,12,25
1.9547087449725404,2,13,25
1.9547087449725404,2,14,25
1.9547087449725404,2,15,25
1.9547087449725404,2,16,25
1.9547087449725404,2,17,25
1.9547087449725404,2,18,25
1.9547087449725404,2,19,25
1.9547087449725404,2,20,25
1.9547087449725404,2,21,25
1.9547087449725404,2,25,30
1.9547087449725404,2,25,31
1.9547087449725404,2,25,32
1.9547087449725404,2,25,33
1.9547087449725404,2,25,34
1.9547087449725404,2,25,35
1.9547087449725404,2,25,36
1.9547087449725404,2,25,37
1.9547087449725404,2,25,38
1.9547087449725404,2,25,39
1.9547087449725404,2,25,40
1.9547087449725404,2,25,41
1.9547087449725404,2,25,42
1.9547087449725404,2,25,43
1.9547087449725404,2,25,44
1.9547087449725404,2,25,45
1.9547087449725404,2,25,46
1.9547087449725404,2,25,48
1.9547087449725404,2,25,49
1.9547942955438937,6,26
1.9547942955438937,0,6,26
1.9547942955438937,1,6,26
1.9547942955438937,3,6,26
1.9547942955438937,5,6,26
1.9547942955438937,6,8,26
1.9547942955438937,6,9,26
1.9547942955438937,6,10,26
1.9547942955438937,6,11,26
1.9547942955438937,6,12,26
1.9547942955438937,6,13,26
1.9547942955438937,6,14,26
1.9547942955438937,6,15,26
1.9547942955438937,6,16,26
1.9547942955438937,6,17,26
1.9547942955438937,6,18,26
1.9547942955438937,6,19,26
1.9547942955438937,6,20,26
1.9547942955438937,6,21,26
1.9547942955438937,6,22,26
1.9547942955438937,6,23,26
1.9547942955438937,6,25,26
1.9547942955438937,6,26,35
1.9547942955438937,6,26,36
1.9547942955438937,6,26,37
1.9547942955438937,6,26,38
1.9547942955438937,6,26,39
1.9547942955438937,6,26,40
1.9547942955438937,6,26,41
1.9547942955438937,6,26,42
1.9547942955438937,6,26,43
1.9547942955438937,6,26,44
1.9547942955438937,6,26,45
1.9547942955438937,6,26,46
1.9547942955438937,6,26,48
1.9552270772623408,25,47
1.9552270772623408,0,25,47
1.9552270772623408,1,25,47
1.9552270772623408,2,25,47
1.9552270772623408,3,25,47
1.9552270772623408,4,25,47
1.9552270772623408,5,25,47
1.9552270772623408,6,25,47
1.9552270772623408,7,25,47
1.9552270772623408,8,25,47
1.9552270772623408,9,25,47
1.9552270772623408,10,25,47
1.9552270772623408,11,25,47
1.9552270772623408,12,25,47
1.9552270772623408,13,25,47
1.9552270772623408,14,25,47
1.9552270772623408,15,25,47
1.9552270772623408,16,25,47
1.9552270772623408,17,25,47
1.9552270772623408,18,25,47
1.9552270772623408,25,28,47
1.9552270772623408,25,29,47
1.9552270772623408,25,30,47
1.9552270772623408,25,31,47
1.9552270772623408,25,32,47
1.9552270772623408,25,33,47
1.9552270772623408,25,34,47
1.9552270772623408,25,35,47
1.9552270772623408,25,36,47
1.9552270772623408,25,37,47
1.9552270772623408,25,38,47
1.9552270772623408,25,39,47
1.9552270772623408,25,40,47
1.9552270772623408,25,41,47
1.9552270772623408,25,42,47
1.9552270772623408,25,43,47
1.9552270772623408,25,44,47
1.9552270772623408,25,45,47
1.9552270772623408,25,46,47
1.9552270772623408,25,47,48
1.9552270772623408,25,47,49
1.9554530665210406,6,24
1.9554530665210406,6,7,24
1.9554530665210406,6,8,24
1.9554530665210406,6,9,24
1.9554530665210406,6,10,24
1.9554530665210406,6,11,24
1.9554530665210406,6,12,24
1.9554530665210406,6,13,24
1.9554530665210406,6,14,24
1.9554530665210406,6,15,24
1.9554530665210406,6,16,24
1.9554530665210406,6,17,24
1.9554530665210406,6,18,24
1.9554530665210406,6,19,24
1.9554530665210406,6,20,24
1.9554530665210406,6,21,24
1.9554530665210406,6,22,24
1.9554530665210406,6,23,24
1.9554530665210406,6,24,25
1.9554530665210406,6,24,26
1.9554530665210406,6,24,35
1.9554530665210406,6,24,36
1.9554530665210406,6,24,37
1.9554530665210406,6,24,38
1.9554530665210406,6,24,39
1.9554530665210406,6,24,40
1.9554530665210406,6,24,41
1.9554530665210406,6,24,42
1.9567392842948068,7,26
1.9567392842948068,0,7,26
1.9567392842948068,1,7,26
1.9567392842948068,3,7,26
1.9567392842948068,5,7,26
1.9567392842948068,6,7,26
1.9567392842948068,7,8,26
1.9567392842948068,7,9,26
1.9567392842948068,7,10,26
1.9567392842948068,7,11,26
1.9567392842948068,7,12,26
1.9567392842948068,7,13,26
1.9567392842948068,7,14,26
1.9567392842948068,7,15,26
1.9567392842948068,7,16,26
1.9567392842948068,7,17,26
1.9567392842948068,7,18,26
1.9567392842948068,7,19,26
1.9567392842948068,7,20,26
1.9567392842948068,7,21,26
1.9567392842948068,7,22,26
1.9567392842948068,7,23,26
1.9567392842948068,7,24,26
1.9567392842948068,7,25,26
1.9567392842948068,7,26,36
1.9567392842948068,7,26,37
1.9567392842948068,7,26,38
1.9567392842948068,7,26,39
1.9567392842948068,7,26,40
1.9567392842948068,7,26,41
1.9567392842948068,7,26,42
1.9567392842948068,7,26,43
1.9567392842948068,7,26,44
1.9567392842948068,7,26,45
1.9567392842948068,7,26,46
1.9567392842948068,7,26,48
1.957389525306911,16,39
1.957389525306911,0,16,39
1.957389525306911,1,16,39
1.957389525306911,2,16,39
1.957389525306911,3,16,39
1.957389525306911,4,16,39
1.957389525306911,5,16,39
1.957389525306911,6,16,39
1.957389525306911,7,16,39
1.957389525306911,8,16,39
1.957389525306911,9,16,39
1.957389525306911,10,16,39
1.957389525306911,11,16,39
1.957389525306911,12,16,39
1.957389525306911,13,16,39
1.957389525306911,15,16,39
1.957389525306911,16,18,39
1.957389525306911,16,19,39
1.957389525306911,16,20,39
1.957389525306911,16,21,39
1.957389525306911,16,22,39
1.957389525306911,16,23,39
1.957389525306911,16,24,39
1.957389525306911,16,25,39
1.957389525306911,16,26,39
1.957389525306911,16,27,39
1.957389525306911,16,28,39
1.957389525306911,16,29,39
1.957389525306911,16,30,39
1.957389525306911,16,31,39
1.957389525306911,16,32,39
1.957389525306911,16,33,39
1.957389525306911,16,34,39
1.957389525306911,16,35,39
1.957389525306911,16,36,39
1.957389525306911,16,37,39
1.957389525306911,16,39,45
1.957389525306911,16,39,47
1.957389525306911,16,39,48
1.957389525306911,16,39,49
1.95936765879892,14,44
1.95936765879892,0,14,44
1.95936765879892,1,14,44
1.95936765879892,2,14,44
1.95936765879892,3,14,44
1.95936765879892,4,14,44
1.95936765879892,5,14,44
1.95936765879892,6,14,44
1.95936765879892,7,14,44
1.95936765879892,8,14,44
1.95936765879892,9,14,44
1.95936765879892,10,14,44
1.95936765879892,11,14,44
1.95936765879892,12,14,44
1.95936765879892,13,14,44
1.95936765879892,14,15,44
1.95936765879892,14,25,44
1.95936765879892,14,26,44
1.95936765879892,14,27,44
1.95936765879892,14,28,44
1.95936765879892,14,29,44
1.95936765879892,14,30,44
1.95936765879892,14,31,44
1.95936765879892,14,32,44
1.95936765879892,14,33,44
1.95936765879892,14,44,45
1.95936765879892,14,44,46
1.95936765879892,14,44,47
1.95936765879892,14,44,48
1.95936765879892,14,44,49
1.9602135691957618,2,22
1.9602135691957618,0,2,22
1.9602135691957618,1,2,22
1.9602135691957618,2,3,22
1.9602135691957618,2,4,22
1.9602135691957618,2,5,22
1.9602135691957618,2,6,22
1.9602135691957618,2,7,22
1.9602135691957618,2,8,22
1.9602135691957618,2,9,22
1.9602135691957618,2,10,22
1.9602135691957618,2,11,22
1.9602135691957618,2,12,22
1.9602135691957618,2,13,22
1.9602135691957618,2,14,22
1.9602135691957618,2,15,22
1.9602135691957618,2,16,22
1.9602135691957618,2,17,22
1.9602135691957618,2,18,22
1.9602135691957618,2,19,22
1.9602135691957618,2,20,22
1.9602135691957618,2,21,22
1.9602135691957618,2,22,25
1.9602135691957618,2,22,30
1.9602135691957618,2,22,31
1.9602135691957618,2,22,32
1.9602135691957618,2,22,33
1.9602135691957618,2,22,34
1.9602135691957618,2,22,35
1.9602135691957618,2,22,36
1.9602135691957618,2,22,37
1.9602135691957618,2,22,38
1.9602135691957618,2,22,39
1.9602135691957618,2,22,40
1.9602135691957618,2,22,41
1.9615508124818817,29,49
1.9615508124818817,0,29,49
1.9615508124818817,1,29,49
1.9615508124818817,11,29,49
1.9615508124818817,12,29,49
1.9615508124818817,13,29,49
1.9615508124818817,14,29,49
1.9615508124818817,15,29,49
1.9615508124818817,16,29,49
1.9615508124818817,17,29,49
1.9615508124818817,18,29,49
1.9615508124818817,19,29,49
1.9615508124818817,20,29,49
1.9615508124818817,21,29,49
1.9615508124818817,25,29,49
1.9615508124818817,28,29,49
1.9615508124818817,29,30,49
1.9615508124818817,29,31,49
1.9615508124818817,29,32,49
1.9615508124818817,29,33,49
1.9615508124818817,29,34,49
1.9615508124818817,29,35,49
1.9615508124818817,29,36,49
1.9615508124818817,29,37,49
1.9615508124818817,29,38,49
1.9615508124818817,29,39,49
1.9615508124818817,29,40,49
1.9615508124818817,29,41,49
1.9615508124818817,29,42,49
1.9615508124818817,29,43,49
1.9615508124818817,29,44,49
1.9615508124818817,29,45,49
1.9615508124818817,29,46,49
1.9615508124818817,29,47,49
1.9615508124818817,29,48,49
1.9615614958795746,6,31
1.9615614958795746,0,6,31
1.9615614958795746,1,6,31
1.9615614958795746,2,6,31
1.9615614958795746,3,6,31
1.9615614958795746,4,6,31
1.9615614958795746,5,6,31
1.9615614958795746,6,9,31
1.9615614958795746,6,11,31
1.9615614958795746,6,12,31
1.9615614958795746,6,13,31
1.9615614958795746,6,14,31
1.9615614958795746,6,15,31
1.9615614958795746,6,16,31
1.9615614958795746,6,17,31
1.9615614958795746,6,18,31
1.9615614958795746,6,19,31
1.9615614958795746,6,20,31
1.9615614958795746,6,21,31
1.9615614958795746,6,22,31
1.9615614958795746,6,23,31
1.9615614958795746,6,24,31
1.9615614958795746,6,25,31
1.9615614958795746,6,26,31
1.9615614958795746,6,31,35
1.9615614958795746,6,31,36
1.9615614958795746,6,31,37
1.9615614958795746,6,31,38
1.9615614958795746,6,31,39
1.9615614958795746,6,31,40
1.9615614958795746,6,31,41
1.9615614958795746,6,31,42
1.9615614958795746,6,31,43
1.9615614958795746,6,31,44
1.9615614958795746,6,31,45
1.9615614958795746,6,31,46
1.9615614958795746,6,31,47
1.9615614958795746,6,31,48
1.9615614958795746,6,31,49
1.96167544619282,12,35
1.96167544619282,0,12,35
1.96167544619282,1,12,35
1.96167544619282,2,12,35
1.96167544619282,3,12,35
1.96167544619282,4,12,35
1.96167544619282,5,12,35
1.96167544619282,6,12,35
1.96167544619282,9,12,35
1.96167544619282,12,13,35
1.96167544619282,12,15,35
1.96167544619282,12,16,35
1.96167544619282,12,17,35
1.96167544619282,12,18,35
1.96167544619282,12,19,35
1.96167544619282,12,20,35
1.96167544619282,12,21,35
1.96167544619282,12,22,35
1.96167544619282,12,23,35
1.96167544619282,12,24,35
1.96167544619282,12,25,35
1.96167544619282,12,26,35
1.96167544619282,12,27,35
1.96167544619282,12,28,35
1.96167544619282,12,29,35
1.96167544619282,12,30,35
1.96167544619282,12,31,35
1.96167544619282,12,32,35
1.96167544619282,12,33,35
1.96167544619282,12,35,36
1.96167544619282,12,35,37
1.96167544619282,12,35,38
1.96167544619282,12,35,39
1.96167544619282,12,35,40
1.96167544619282,12,35,41
1.96167544619282,12,35,42
1.96167544619282,12,35,43
1.96167544619282,12,35,44
1.96167544619282,12,35,45
1.96167544619282,12,35,46
1.96167544619282,12,35,47
1.96167544619282,12,35,48
1.96167544619282,12,35,49
1.9617297434888439,15,38
1.9617297434888439,0,15,38
1.9617297434888439,1,15,38
1.9617297434888439,2,15,38
1.9617297434888439,3,15,38
1.9617297434888439,4,15,38
1.9617297434888439,5,15,38
1.9617297434888439,6,15,38
1.9617297434888439,7,15,38
1.9617297434888439,8,15,38
1.9617297434888439,9,15,38
1.9617297434888439,11,15,38
1.9617297434888439,12,15,38
1.9617297434888439,13,15,38
1.9617297434888439,15,18,38
1.9617297434888439,15,19,38
1.9617297434888439,15,20,38
1.9617297434888439,15,21,38
1.9617297434888439,15,22,38
1.9617297434888439,15,23,38
1.9617297434888439,15,24,38
1.9617297434888439,15,25,38
1.9617297434888439,15,26,38
1.9617297434888439,15,27,38
1.9617297434888439,15,28,38
1.9617297434888439,15,29,38
1.9617297434888439,15,30,38
1.9617297434888439,15,31,38
1.9617297434888439,15,32,38
1.9617297434888439,15,33,38
1.9617297434888439,15,35,38
1.9617297434888439,15,36,38
1.9617297434888439,15,37,38
1.9617297434888439,15,38,39
1.9617297434888439,15,38,44
1.9617297434888439,15,38,45
1.9617297434888439,15,38,46
1.9617297434888439,15,38,47
1.9617297434888439,15,38,48
1.9617297434888439,15,38,49
1.9624379325396502,18,41
1.9624379325396502,0,18,41
1.9624379325396502,1,18,41
1.9624379325396502,2,18,41
1.9624379325396502,3,18,41
1.9624379325396502,4,18,41
1.9624379325396502,5,18,41
1.9624379325396502,6,18,41
1.9624379325396502,7,18,41
1.9624379325396502,8,18,41
1.9624379325396502,9,18,41
1.9624379325396502,10,18,41
1.9624379325396502,11,18,41
1.9624379325396502,12,18,41
1.9624379325396502,13,18,41
1.9624379325396502,18,20,41
1.9624379325396502,18,22,41
1.9624379325396502,18,23,41
1.9624379325396502,18,24,41
1.9624379325396502,18,25,41
1.9624379325396502,18,26,41
1.9624379325396502,18,27,41
1.9624379325396502,18,28,41
1.9624379325396502,18,29,41
1.9624379325396502,18,30,41
1.9624379325396502,18,31,41
1.9624379325396502,18,32,41
1.9624379325396502,18,33,41
1.9624379325396502,18,34,41
1.9624379325396502,18,35,41
1.9624379325396502,18,36,41
1.9624379325396502,18,37,41
1.9624379325396502,18,38,41
1.9624379325396502,18,39,41
1.9624379325396502,18,40,41
1.9624379325396502,18,41,45
1.9624379325396502,18,41,47
1.9624379325396502,18,41,48
1.9624379325396502,18,41,49
1.9625310934191216,1,24
1.9625310934191216,1,6,24
1.9625310934191216,1,7,24
1.9625310934191216,1,8,24
1.9625310934191216,1,9,24
1.9625310934191216,1,10,24
1.9625310934191216,1,11,24
1.9625310934191216,1,12,24
1.9625310934191216,1,13,24
1.9625310934191216,1,14,24
1.9625310934191216,1,15,24
1.9625310934191216,1,16,24
1.9625310934191216,1,17,24
1.9625310934191216,1,18,24
1.9625310934191216,1,19,24
1.9625310934191216,1,20,24
1.9625310934191216,1,21,24
1.9625310934191216,1,22,24
1.9625310934191216,1,23,24
1.9625310934191216,1,24,25
1.9625310934191216,1,24,26
1.9625310934191216,1,24,27
1.9625310934191216,1,24,28
1.9625310934191216,1,24,29
1.9625310934191216,1,24,30
1.9625310934191216,1,24,31
1.9625310934191216,1,24,32
1.9625310934191216,1,24,33
1.9625310934191216,1,24,34
1.9625310934191216,1,24,35
1.9625310934191216,1,24,36
1.9625310934191216,1,24,37
1.9625310934191216,1,24,38
1.9625310934191216,1,24,39
1.9625310934191216,1,24,40
1.9625310934191216,1,24,41
1.9625310934191216,1,24,42
1.9627307306487696,21,41
1.9627307306487696,0,21,41
1.9627307306487696,1,21,41
1.9627307306487696,2,21,41
1.9627307306487696,3,21,41
1.9627307306487696,4,21,41
1.9627307306487696,5,21,41
1.9627307306487696,6,21,41
1.9627307306487696,7,21,41
1.9627307306487696,8,21,41
1.9627307306487696,9,21,41
1.9627307306487696,10,21,41
1.9627307306487696,11,21,41
1.9627307306487696,12,21,41
1.9627307306487696,13,21,41
1.9627307306487696,18,21,41
1.9627307306487696,20,21,41
1.9627307306487696,21,22,41
1.9627307306487696,21,23,41
1.9627307306487696,21,24,41
1.9627307306487696,21,25,41
1.9627307306487696,21,26,41
1.9627307306487696,21,27,41
1.9627307306487696,21,28,41
1.9627307306487696,21,29,41
1.9627307306487696,21,30,41
1.9627307306487696,21,31,41
1.9627307306487696,21,32,41
1.9627307306487696,21,33,41
1.9627307306487696,21,34,41
1.9627307306487696,21,35,41
1.9627307306487696,21,36,41
1.9627307306487696,21,37,41
1.9627307306487696,21,38,41
1.9627307306487696,21,39,41
1.9627307306487696,21,40,41
1.9627307306487696,21,41,49
1.962893170516102,19,41
1.962893170516102,0,19,41
1.962893170516102,1,19,41
1.962893170516102,2,19,41
1.962893170516102,3,19,41
1.962893170516102,4,19,41
1.962893170516102,5,19,41
1.962893170516102,6,19,41
1.962893170516102,7,19,41
1.962893170516102,8,19,41
1.962893170516102,9,19,41
1.962893170516102,10,19,41
1.962893170516102,11,19,41
1.962893170516102,12,19,41
1.962893170516102,13,19,41
1.962893170516102,18,19,41
1.962893170516102,19,20,41
1.962893170516102,19,21,41
1.962893170516102,19,22,41
1.962893170516102,19,23,41
1.962893170516102,19,24,41
1.962893170516102,19,25,41
1.962893170516102,19,26,41
1.962893170516102,19,27,41
1.962893170516102,19,28,41
1.962893170516102,19,29,41
1.962893170516102,19,30,41
1.962893170516102,19,31,41
1.962893170516102,19,32,41
1.962893170516102,19,33,41
1.962893170516102,19,34,41
1.962893170516102,19,35,41
1.962893170516102,19,36,41
1.962893170516102,19,37,41
1.962893170516102,19,38,41
1.962893170516102,19,39,41
1.962893170516102,19,40,41
1.962893170516102,19,41,48
1.962893170516102,19,41,49
1.963106271625978,3,24
1.963106271625978,1,3,24
1.963106271625978,3,6,24
1.963106271625978,3,7,24
1.963106271625978,3,8,24
1.963106271625978,3,9,24
1.963106271625978,3,10,24
1.963106271625978,3,11,24
1.963106271625978,3,12,24
1.963106271625978,3,13,24
1.963106271625978,3,14,24
1.963106271625978,3,15,24
1.963106271625978,3,16,24
1.963106271625978,3,17,24
1.963106271625978,3,18,24
1.963106271625978,3,19,24
1.963106271625978,3,20,24
1.963106271625978,3,21,24
1.963106271625978,3,22,24
1.963106271625978,3,23,24
1.963106271625978,3,24,25
1.963106271625978,3,24,26
1.963106271625978,3,24,27
1.963106271625978,3,24,28
1.963106271625978,3,24,30
1.963106271625978,3,24,31
1.963106271625978,3,24,32
1.963106271625978,3,24,33
1.963106271625978,3,24,34
1.963106271625978,3,24,35
1.963106271625978,3,24,36
1.963106271625978,3,24,37
1.963106271625978,3,24,38
1.963106271625978,3,24,39
1.963106271625978,3,24,40
1.963106271625978,3,24,41
1.963106271625978,3,24,42
1.963286809145351,8,31
1.963286809145351,0,8,31
1.963286809145351,1,8,31
1.963286809145351,2,8,31
1.963286809145351,3,8,31
1.963286809145351,4,8,31
1.963286809145351,5,8,31
1.963286809145351,6,8,31
1.963286809145351,8,9,31
1.963286809145351,8,11,31
1.963286809145351,8,12,31
1.963286809145351,8,13,31
1.963286809145351,8,14,31
1.963286809145351,8,15,31
1.963286809145351,8,16,31
1.963286809145351,8,17,31
1.963286809145351,8,18,31
1.963286809145351,8,19,31
1.963286809145351,8,20,31
1.963286809145351,8,21,31
1.963286809145351,8,22,31
1.963286809145351,8,23,31
1.963286809145351,8,24,31
1.963286809145351,8,25,31
1.963286809145351,8,26,31
1.963286809145351,8,28,31
1.963286809145351,8,31,36
1.963286809145351,8,31,37
1.963286809145351,8,31,38
1.963286809145351,8,31,39
1.963286809145351,8,31,40
1.963286809145351,8,31,41
1.963286809145351,8,31,42
1.963286809145351,8,31,43
1.963286809145351,8,31,44
1.963286809145351,8,31,45
1.963286809145351,8,31,46
1.963286809145351,8,31,47
1.963286809145351,8,31,48
1.963286809145351,8,31,49
1.9634107106963108,22,42
1.9634107106963108,0,22,42
1.9634107106963108,1,22,42
1.9634107106963108,2,22,42
1.9634107106963108,3,22,42
1.9634107106963108,4,22,42
1.9634107106963108,5,22,42
1.9634107106963108,6,22,42
1.9634107106963108,7,22,42
1.9634107106963108,8,22,42
1.9634107106963108,9,22,42
1.9634107106963108,10,22,42
1.9634107106963108,11,22,42
1.9634107106963108,12,22,42
1.9634107106963108,13,22,42
1.9634107106963108,22,23,42
1.9634107106963108,22,24,42
1.9634107106963108,22,25,42
1.9634107106963108,22,26,42
1.9634107106963108,22,27,42
1.9634107106963108,22,28,42
1.9634107106963108,22,29,42
1.9634107106963108,22,30,42
1.9634107106963108,22,31,42
1.9634107106963108,22,32,42
1.9634107106963108,22,33,42
1.9634107106963108,22,34,42
1.9634107106963108,22,35,42
1.9634107106963108,22,36,42
1.9634107106963108,22,37,42
1.9634107106963108,22,38,42
1.9634107106963108,22,39,42
1.9634107106963108,22,40,42
1.9634107106963108,22,41,42
1.9648253392125696,5,24
1.9648253392125696,1,5,24
1.9648253392125696,3,5,24
1.9648253392125696,5,6,24
1.9648253392125696,5,7,24
1.9648253392125696,5,8,24
1.9648253392125696,5,9,24
1.9648253392125696,5,10,24
1.9648253392125696,5,11,24
1.9648253392125696,5,12,24
1.9648253392125696,5,13,24
1.9648253392125696,5,14,24
1.9648253392125696,5,15,24
1.9648253392125696,5,16,24
1.9648253392125696,5,17,24
1.9648253392125696,5,18,24
1.9648253392125696,5,19,24
1.9648253392125696,5,20,24
1.9648253392125696,5,21,24
1.9648253392125696,5,22,24
1.9648253392125696,5,23,24
1.9648253392125696,5,24,25
1.9648253392125696,5,24,26
1.9648253392125696,5,24,28
1.9648253392125696,5,24,30
1.9648253392125696,5,24,31
1.9648253392125696,5,24,32
1.9648253392125696,5,24,33
1.9648253392125696,5,24,34
1.9648253392125696,5,24,35
1.9648253392125696,5,24,36
1.9648253392125696,5,24,37
1.9648253392125696,5,24,38
1.9648253392125696,5,24,39
1.9648253392125696,5,24,40
1.9648253392125696,5,24,41
1.9648253392125696,5,24,42
1.9649060776150091,22,49
1.9649060776150091,0,22,49
1.9649060776150091,1,22,49
1.9649060776150091,2,22,49
1.9649060776150091,3,22,49
1.9649060776150091,4,22,49
1.9649060776150091,5,22,49
1.9649060776150091,6,22,49
1.9649060776150091,7,22,49
1.9649060776150091,8,22,49
1.9649060776150091,9,22,49
1.9649060776150091,10,22,49
1.9649060776150091,11,22,49
1.9649060776150091,12,22,49
1.9649060776150091,13,22,49
1.9649060776150091,14,22,49
1.9649060776150091,15,22,49
1.9649060776150091,16,22,49
1.9649060776150091,17,22,49
1.9649060776150091,18,22,49
1.9649060776150091,19,22,49
1.9649060776150091,20,22,49
1.9649060776150091,21,22,49
1.9649060776150091,22,25,49
1.9649060776150091,22,28,49
1.9649060776150091,22,29,49
1.9649060776150091,22,30,49
1.9649060776150091,22,31,49
1.9649060776150091,22,32,49
1.9649060776150091,22,33,49
1.9649060776150091,22,34,49
1.9649060776150091,22,35,49
1.9649060776150091,22,36,49
1.9649060776150091,22,37,49
1.9649060776150091,22,38,49
1.9649060776150091,22,39,49
1.9649060776150091,22,40,49
1.9649060776150091,22,41,49
1.9649060776150091,22,42,49
1.9652643553137827,16,38
1.9652643553137827,0,16,38
1.9652643553137827,1,16,38
1.9652643553137827,2,16,38
1.9652643553137827,3,16,38
1.9652643553137827,4,16,38
1.9652643553137827,5,16,38
1.9652643553137827,6,16,38
1.9652643553137827,7,16,38
1.9652643553137827,8,16,38
1.9652643553137827,9,16,38
1.9652643553137827,11,16,38
1.9652643553137827,12,16,38
1.9652643553137827,13,16,38
1.9652643553137827,15,16,38
1.9652643553137827,16,18,38
1.9652643553137827,16,19,38
1.9652643553137827,16,20,38
1.9652643553137827,16,21,38
1.9652643553137827,16,22,38
1.9652643553137827,16,23,38
1.9652643553137827,16,24,38
1.9652643553137827,16,25,38
1.9652643553137827,16,26,38
1.9652643553137827,16,27,38
1.9652643553137827,16,28,38
1.9652643553137827,16,29,38
1.9652643553137827,16,30,38
1.9652643553137827,16,31,38
1.9652643553137827,16,32,38
1.9652643553137827,16,33,38
1.9652643553137827,16,34,38
1.9652643553137827,16,35,38
1.9652643553137827,16,36,38
1.9652643553137827,16,37,38
1.9652643553137827,16,38,39
1.9652643553137827,16,38,45
1.9652643553137827,16,38,47
1.9652643553137827,16,38,48
1.9652643553137827,16,38,49
1.965718743331533,16,46
1.965718743331533,0,16,46
1.965718743331533,1,16,46
1.965718743331533,2,16,46
1.965718743331533,3,16,46
1.965718743331533,4,16,46
1.965718743331533,5,16,46
1.965718743331533,6,16,46
1.965718743331533,7,16,46
1.965718743331533,8,16,46
1.965718743331533,9,16,46
1.965718743331533,10,16,46
1.965718743331533,11,16,46
1.965718743331533,12,16,46
1.965718743331533,13,16,46
1.965718743331533,14,16,46
1.965718743331533,15,16,46
1.965718743331533,16,25,46
1.965718743331533,16,26,46
1.965718743331533,16,27,46
1.965718743331533,16,28,46
1.965718743331533,16,29,46
1.965718743331533,16,30,46
1.965718743331533,16,31,46
1.965718743331533,16,32,46
1.965718743331533,16,33,46
1.965718743331533,16,34,46
1.965718743331533,16,35,46
1.965718743331533,16,36,46
1.965718743331533,16,37,46
1.965718743331533,16,38,46
1.965718743331533,16,39,46
1.965718743331533,16,45,46
1.965718743331533,16,46,47
1.965718743331533,16,46,48
1.965718743331533,16,46,49
1.9658580980991232,15,43
1.9658580980991232,0,15,43
1.9658580980991232,1,15,43
1.9658580980991232,2,15,43
1.9658580980991232,3,15,43
1.9658580980991232,4,15,43
1.9658580980991232,5,15,43
1.9658580980991232,6,15,43
1.9658580980991232,7,15,43
1.9658580980991232,8,15,43
1.9658580980991232,9,15,43
1.9658580980991232,10,15,43
1.9658580980991232,11,15,43
1.9658580980991232,12,15,43
1.9658580980991232,13,15,43
1.9658580980991232,15,23,43
1.9658580980991232,15,25,43
1.9658580980991232,15,26,43
1.9658580980991232,15,27,43
1.9658580980991232,15,28,43
1.9658580980991232,15,29,43
1.9658580980991232,15,30,43
1.9658580980991232,15,31,43
1.9658580980991232,15,32,43
1.9658580980991232,15,33,43
1.9658580980991232,15,35,43
1.9658580980991232,15,36,43
1.9658580980991232,15,37,43
1.9658580980991232,15,38,43
1.9658580980991232,15,39,43
1.9658580980991232,15,43,44
1.9658580980991232,15,43,45
1.9658580980991232,15,43,46
1.9658580980991232,15,43,47
1.9658580980991232,15,43,48
1.9658580980991232,15,43,49
1.9676636959995877,23,49
1.9676636959995877,0,23,49
1.9676636959995877,1,23,49
1.9676636959995877,3,23,49
1.9676636959995877,4,23,49
1.9676636959995877,5,23,49
1.9676636959995877,6,23,49
1.9676636959995877,7,23,49
1.9676636959995877,8,23,49
1.9676636959995877,9,23,49
1.9676636959995877,10,23,49
1.9676636959995877,11,23,49
1.9676636959995877,12,23,49
1.9676636959995877,13,23,49
1.9676636959995877,14,23,49
1.9676636959995877,15,23,49
1.9676636959995877,16,23,49
1.9676636959995877,17,23,49
1.9676636959995877,18,23,49
1.9676636959995877,19,23,49
1.9676636959995877,20,23,49
1.9676636959995877,21,23,49
1.9676636959995877,22,23,49
1.9676636959995877,23,25,49
1.9676636959995877,23,28,49
1.9676636959995877,23,29,49
1.9676636959995877,23,30,49
1.9676636959995877,23,31,49
1.9676636959995877,23,32,49
1.9676636959995877,23,33,49
1.9676636959995877,23,34,49
1.9676636959995877,23,35,49
1.9676636959995877,23,36,49
1.9676636959995877,23,37,49
1.9676636959995877,23,38,49
1.9676636959995877,23,39,49
1.9676636959995877,23,40,49
1.9676636959995877,23,41,49
1.9676636959995877,23,42,49
1.9676636959995877,23,43,49
1.9678163610339217,11,35
1.9678163610339217,0,11,35
1.9678163610339217,1,11,35
1.9678163610339217,2,11,35
1.9678163610339217,3,11,35
1.9678163610339217,4,11,35
1.9678163610339217,5,11,35
1.9678163610339217,6,11,35
1.9678163610339217,9,11,35
1.9678163610339217,11,12,35
1.9678163610339217,11,13,35
1.9678163610339217,11,15,35
1.9678163610339217,11,16,35
1.9678163610339217,11,17,35
1.9678163610339217,11,18,35
1.9678163610339217,11,19,35
1.9678163610339217,11,20,35
1.9678163610339217,11,21,35
1.9678163610339217,11,22,35
1.9678163610339217,11,23,35
1.9678163610339217,11,24,35
1.9678163610339217,11,25,35
1.9678163610339217,11,26,35
1.9678163610339217,11,27,35
1.9678163610339217,11,28,35
1.9678163610339217,11,29,35
1.9678163610339217,11,30,35
1.9678163610339217,11,31,35
1.9678163610339217,11,32,35
1.9678163610339217,11,33,35
1.9678163610339217,11,35,36
1.9678163610339217,11,35,37
1.9678163610339217,11,35,38
1.9678163610339217,11,35,39
1.9678163610339217,11,35,40
1.9678163610339217,11,35,41
1.9678163610339217,11,35,42
1.9678163610339217,11,35,43
1.9678163610339217,11,35,44
1.9678163610339217,11,35,45
1.9678163610339217,11,35,46
1.9678163610339217,11,35,47
1.9678163610339217,11,35,48
1.9678163610339217,11,35,49
1.9680876018283753,10,31
1.9680876018283753,0,10,31
1.9680876018283753,1,10,31
1.9680876018283753,2,10,31
1.9680876018283753,3,10,31
1.9680876018283753,4,10,31
1.9680876018283753,5,10,31
1.9680876018283753,6,10,31
1.9680876018283753,8,10,31
1.9680876018283753,9,10,31
1.9680876018283753,10,11,31
1.9680876018283753,10,12,31
1.9680876018283753,10,13,31
1.9680876018283753,10,14,31
1.9680876018283753,10,15,31
1.9680876018283753,10,16,31
1.9680876018283753,10,17,31
1.9680876018283753,10,18,31
1.9680876018283753,10,19,31
1.9680876018283753,10,20,31
1.9680876018283753,10,21,31
1.9680876018283753,10,22,31
1.9680876018283753,10,23,31
1.9680876018283753,10,24,31
1.9680876018283753,10,25,31
1.9680876018283753,10,26,31
1.9680876018283753,10,27,31
1.9680876018283753,10,28,31
1.9680876018283753,10,31,39
1.9680876018283753,10,31,40
1.9680876018283753,10,31,41
1.9680876018283753,10,31,42
1.9680876018283753,10,31,43
1.9680876018283753,10,31,44
1.9680876018283753,10,31,45
1.9680876018283753,10,31,46
1.9680876018283753,10,31,47
1.9680876018283753,10,31,48
1.9680876018283753,10,31,49
1.9687944522951464,17,38
1.9687944522951464,0,17,38
1.9687944522951464,1,17,38
1.9687944522951464,2,17,38
1.9687944522951464,3,17,38
1.9687944522951464,4,17,38
1.9687944522951464,5,17,38
1.9687944522951464,6,17,38
1.9687944522951464,7,17,38
1.9687944522951464,8,17,38
1.9687944522951464,9,17,38
1.9687944522951464,11,17,38
1.9687944522951464,12,17,38
1.9687944522951464,13,17,38
1.9687944522951464,15,17,38
1.9687944522951464,16,17,38
1.9687944522951464,17,18,38
1.9687944522951464,17,19,38
1.9687944522951464,17,20,38
1.9687944522951464,17,21,38
1.9687944522951464,17,22,38
1.9687944522951464,17,23,38
1.9687944522951464,17,24,38
1.9687944522951464,17,25,38
1.9687944522951464,17,26,38
1.9687944522951464,17,27,38
1.9687944522951464,17,28,38
1.9687944522951464,17,29,38
1.9687944522951464,17,30,38
1.9687944522951464,17,31,38
1.9687944522951464,17,32,38
1.9687944522951464,17,33,38
1.9687944522951464,17,34,38
1.9687944522951464,17,35,38
1.9687944522951464,17,36,38
1.9687944522951464,17,37,38
1.9687944522951464,17,38,47
1.9687944522951464,17,38,48
1.9687944522951464,17,38,49
1.9688881006801187,19,47
1.9688881006801187,0,19,47
1.9688881006801187,1,19,47
1.9688881006801187,2,19,47
1.9688881006801187,3,19,47
1.9688881006801187,4,19,47
1.9688881006801187,5,19,47
1.9688881006801187,6,19,47
1.9688881006801187,7,19,47
1.9688881006801187,8,19,47
1.9688881006801187,9,19,47
1.9688881006801187,10,19,47
1.9688881006801187,11,19,47
1.9688881006801187,12,19,47
1.9688881006801187,13,19,47
1.9688881006801187,14,19,47
1.9688881006801187,15,19,47
1.9688881006801187,16,19,47
1.9688881006801187,17,19,47
1.9688881006801187,18,19,47
1.9688881006801187,19,25,47
1.9688881006801187,19,28,47
1.9688881006801187,19,29,47
1.9688881006801187,19,30,47
1.9688881006801187,19,31,47
1.9688881006801187,19,32,47
1.9688881006801187,19,33,47
1.9688881006801187,19,34,47
1.9688881006801187,19,35,47
1.9688881006801187,19,36,47
1.9688881006801187,19,37,47
1.9688881006801187,19,38,47
1.9688881006801187,19,39,47
1.9688881006801187,19,40,47
1.9688881006801187,19,41,47
1.9688881006801187,19,47,48
1.9688881006801187,19,47,49
1.9705410777212664,17,39
1.9705410777212664,0,17,39
1.9705410777212664,1,17,39
1.9705410777212664,2,17,39
1.9705410777212664,3,17,39
1.9705410777212664,4,17,39
1.9705410777212664,5,17,39
1.9705410777212664,6,17,39
1.9705410777212664,7,17,39
1.9705410777212664,8,17,39
1.9705410777212664,9,17,39
1.9705410777212664,10,17,39
1.9705410777212664,11,17,39
1.9705410777212664,12,17,39
1.9705410777212664,13,17,39
1.9705410777212664,15,17,39
1.9705410777212664,16,17,39
1.9705410777212664,17,18,39
1.9705410777212664,17,19,39
1.9705410777212664,17,20,39
1.9705410777212664,17,21,39
1.9705410777212664,17,22,39
1.9705410777212664,17,23,39
1.9705410777212664,17,24,39
1.9705410777212664,17,25,39
1.9705410777212664,17,26,39
1.9705410777212664,17,27,39
1.9705410777212664,17,28,39
1.9705410777212664,17,29,39
1.9705410777212664,17,30,39
1.9705410777212664,17,31,39
1.9705410777212664,17,32,39
1.9705410777212664,17,33,39
1.9705410777212664,17,34,39
1.9705410777212664,17,35,39
1.9705410777212664,17,36,39
1.9705410777212664,17,37,39
1.9705410777212664,17,38,39
1.9705410777212664,17,39,47
1.9705410777212664,17,39,48
1.9705410777212664,17,39,49
1.9714458502074133,2,23
1.9714458502074133,0,2,23
1.9714458502074133,1,2,23
1.9714458502074133,2,3,23
1.9714458502074133,2,4,23
1.9714458502074133,2,5,23
1.9714458502074133,2,6,23
1.9714458502074133,2,7,23
1.9714458502074133,2,8,23
1.9714458502074133,2,9,23
1.9714458502074133,2,10,23
1.9714458502074133,2,11,23
1.9714458502074133,2,12,23
1.9714458502074133,2,13,23
1.9714458502074133,2,14,23
1.9714458502074133,2,15,23
1.9714458502074133,2,16,23
1.9714458502074133,2,17,23
1.9714458502074133,2,18,23
1.9714458502074133,2,19,23
1.9714458502074133,2,20,23
1.9714458502074133,2,21,23
1.9714458502074133,2,22,23
1.9714458502074133,2,23,25
1.9714458502074133,2,23,30
1.9714458502074133,2,23,31
1.9714458502074133,2,23,32
1.9714458502074133,2,23,33
1.9714458502074133,2,23,34
1.9714458502074133,2,23,35
1.9714458502074133,2,23,36
1.9714458502074133,2,23,37
1.9714458502074133,2,23,38
1.9714458502074133,2,23,39
1.9714458502074133,2,23,40
1.9714458502074133,2,23,41
1.9714458502074133,2,23,42
1.9714458502074133,2,23,43
1.9714458502074133,2,23,49
1.971876776727209,15,34
1.971876776727209,0,15,34
1.971876776727209,1,15,34
1.971876776727209,2,15,34
1.971876776727209,3,15,34
1.971876776727209,5,15,34
1.971876776727209,15,16,34
1.971876776727209,15,17,34
1.971876776727209,15,18,34
1.971876776727209,15,19,34
1.971876776727209,15,20,34
1.971876776727209,15,21,34
1.971876776727209,15,22,34
1.971876776727209,15,23,34
1.971876776727209,15,24,34
1.971876776727209,15,25,34
1.971876776727209,15,26,34
1.971876776727209,15,27,34
1.971876776727209,15,28,34
1.971876776727209,15,29,34
1.971876776727209,15,30,34
1.971876776727209,15,31,34
1.971876776727209,15,32,34
1.971876776727209,15,33,34
1.971876776727209,15,34,35
1.971876776727209,15,34,36
1.971876776727209,15,34,37
1.971876776727209,15,34,38
1.971876776727209,15,34,39
1.971876776727209,15,34,43
1.971876776727209,15,34,44
1.971876776727209,15,34,45
1.971876776727209,15,34,46
1.971876776727209,15,34,47
1.971876776727209,15,34,48
1.971876776727209,15,34,49
1.9721044114646968,8,27
1.9721044114646968,0,8,27
1.9721044114646968,1,8,27
1.9721044114646968,3,8,27
1.9721044114646968,8,9,27
1.9721044114646968,8,10,27
1.9721044114646968,8,11,27
1.9721044114646968,8,12,27
1.9721044114646968,8,13,27
1.9721044114646968,8,14,27
1.9721044114646968,8,15,27
1.9721044114646968,8,16,27
1.9721044114646968,8,17,27
1.9721044114646968,8,18,27
1.9721044114646968,8,19,27
1.9721044114646968,8,20,27
1.9721044114646968,8,21,27
1.9721044114646968,8,22,27
1.9721044114646968,8,23,27
1.9721044114646968,8,24,27
1.9721044114646968,8,25,27
1.9721044114646968,8,26,27
1.9721044114646968,8,27,28
1.9721044114646968,8,27,31
1.9721044114646968,8,27,36
1.9721044114646968,8,27,37
1.9721044114646968,8,27,38
1.9721044114646968,8,27,39
1.9721044114646968,8,27,40
1.9721044114646968,8,27,41
1.9721044114646968,8,27,42
1.9721044114646968,8,27,43
1.9721044114646968,8,27,44
1.9721044114646968,8,27,45
1.9721044114646968,8,27,46
1.9721044114646968,8,27,48
1.9723298540504943,23,45
1.9723298540504943,0,23,45
1.9723298540504943,1,23,45
1.9723298540504943,2,23,45
1.9723298540504943,3,23,45
1.9723298540504943,4,23,45
1.9723298540504943,5,23,45
1.9723298540504943,6,23,45
1.9723298540504943,7,23,45
1.9723298540504943,8,23,45
1.9723298540504943,9,23,45
1.9723298540504943,10,23,45
1.9723298540504943,11,23,45
1.9723298540504943,12,23,45
1.9723298540504943,13,23,45
1.9723298540504943,14,23,45
1.9723298540504943,15,23,45
1.9723298540504943,16,23,45
1.9723298540504943,18,23,45
1.9723298540504943,23,25,45
1.9723298540504943,23,26,45
1.9723298540504943,23,27,45
1.9723298540504943,23,28,45
1.9723298540504943,23,29,45
1.9723298540504943,23,30,45
1.9723298540504943,23,31,45
1.9723298540504943,23,32,45
1.9723298540504943,23,33,45
1.9723298540504943,23,34,45
1.9723298540504943,23,35,45
1.9723298540504943,23,36,45
1.9723298540504943,23,37,45
1.9723298540504943,23,38,45
1.9723298540504943,23,39,45
1.9723298540504943,23,40,45
1.9723298540504943,23,41,45
1.9723298540504943,23,42,45
1.9723298540504943,23,43,45
1.9723298540504943,23,45,49
1.972894153498359,2,28
1.972894153498359,0,2,28
1.972894153498359,1,2,28
1.972894153498359,2,3,28
1.972894153498359,2,5,28
1.972894153498359,2,8,28
1.972894153498359,2,9,28
1.972894153498359,2,10,28
1.972894153498359,2,11,28
1.972894153498359,2,12,28
1.972894153498359,2,13,28
1.972894153498359,2,14,28
1.972894153498359,2,15,28
1.972894153498359,2,16,28
1.972894153498359,2,17,28
1.972894153498359,2,18,28
1.972894153498359,2,19,28
1.972894153498359,2,20,28
1.972894153498359,2,21,28
1.972894153498359,2,22,28
1.972894153498359,2,23,28
1.972894153498359,2,25,28
1.972894153498359,2,28,30
1.972894153498359,2,28,31
1.972894153498359,2,28,32
1.972894153498359,2,28,33
1.972894153498359,2,28,34
1.972894153498359,2,28,35
1.972894153498359,2,28,36
1.972894153498359,2,28,37
1.972894153498359,2,28,38
1.972894153498359,2,28,39
1.972894153498359,2,28,40
1.972894153498359,2,28,41
1.972894153498359,2,28,42
1.972894153498359,2,28,43
1.972894153498359,2,28,44
1.972894153498359,2,28,45
1.972894153498359,2,28,46
1.972894153498359,2,28,47
1.972894153498359,2,28,48
1.972894153498359,2,28,49
1.9732832540434522,6,33
1.9732832540434522,0,6,33
1.9732832540434522,1,6,33
1.9732832540434522,2,6,33
1.9732832540434522,3,6,33
1.9732832540434522,4,6,33
1.9732832540434522,5,6,33
1.9732832540434522,6,9,33
1.9732832540434522,6,11,33
1.9732832540434522,6,12,33
1.9732832540434522,6,13,33
1.9732832540434522,6,14,33
1.9732832540434522,6,15,33
1.9732832540434522,6,16,33
1.9732832540434522,6,17,33
1.9732832540434522,6,18,33
1.9732832540434522,6,19,33
1.9732832540434522,6,20,33
1.9732832540434522,6,21,33
1.9732832540434522,6,22,33
1.9732832540434522,6,23,33
1.9732832540434522,6,24,33
1.9732832540434522,6,25,33
1.9732832540434522,6,26,33
1.9732832540434522,6,31,33
1.9732832540434522,6,33,35
1.9732832540434522,6,33,36
1.9732832540434522,6,33,37
1.9732832540434522,6,33,38
1.9732832540434522,6,33,39
1.9732832540434522,6,33,40
1.9732832540434522,6,33,41
1.9732832540434522,6,33,42
1.9732832540434522,6,33,43
1.9732832540434522,6,33,44
1.9732832540434522,6,33,45
1.9732832540434522,6,33,46
1.9732832540434522,6,33,47
1.9732832540434522,6,33,48
1.9732832540434522,6,33,49
1.9735474763110965,15,41
1.9735474763110965,0,15,41
1.9735474763110965,1,15,41
1.9735474763110965,2,15,41
1.9735474763110965,3,15,41
1.9735474763110965,4,15,41
1.9735474763110965,5,15,41
1.9735474763110965,6,15,41
1.9735474763110965,7,15,41
1.9735474763110965,8,15,41
1.9735474763110965,9,15,41
1.9735474763110965,10,15,41
1.9735474763110965,11,15,41
1.9735474763110965,12,15,41
1.9735474763110965,13,15,41
1.9735474763110965,15,18,41
1.9735474763110965,15,19,41
1.9735474763110965,15,20,41
1.9735474763110965,15,21,41
1.9735474763110965,15,22,41
1.9735474763110965,15,23,41
1.9735474763110965,15,24,41
1.9735474763110965,15,25,41
1.9735474763110965,15,26,41
1.9735474763110965,15,27,41
1.9735474763110965,15,28,41
1.9735474763110965,15,29,41
1.9735474763110965,15,30,41
1.9735474763110965,15,31,41
1.9735474763110965,15,32,41
1.9735474763110965,15,33,41
1.9735474763110965,15,34,41
1.9735474763110965,15,35,41
1.9735474763110965,15,36,41
1.9735474763110965,15,37,41
1.9735474763110965,15,38,41
1.9735474763110965,15,39,41
1.9735474763110965,15,41,43
1.9735474763110965,15,41,44
1.9735474763110965,15,41,45
1.9735474763110965,15,41,46
1.9735474763110965,15,41,47
1.9735474763110965,15,41,48
1.9735474763110965,15,41,49
1.973793206907858,23,48
1.973793206907858,0,23,48
1.973793206907858,1,23,48
1.973793206907858,2,23,48
1.973793206907858,3,23,48
1.973793206907858,4,23,48
1.973793206907858,5,23,48
1.973793206907858,6,23,48
1.973793206907858,7,23,48
1.973793206907858,8,23,48
1.973793206907858,9,23,48
1.973793206907858,10,23,48
1.973793206907858,11,23,48
1.973793206907858,12,23,48
1.973793206907858,13,23,48
1.973793206907858,14,23,48
1.973793206907858,15,23,48
1.973793206907858,16,23,48
1.973793206907858,17,23,48
1.973793206907858,18,23,48
1.973793206907858,19,23,48
1.973793206907858,20,23,48
1.973793206907858,23,25,48
1.973793206907858,23,26,48
1.973793206907858,23,27,48
1.973793206907858,23,28,48
1.973793206907858,23,29,48
1.973793206907858,23,30,48
1.973793206907858,23,31,48
1.973793206907858,23,32,48
1.973793206907858,23,33,48
1.973793206907858,23,34,48
1.973793206907858,23,35,48
1.973793206907858,23,36,48
1.973793206907858,23,37,48
1.973793206907858,23,38,48
1.973793206907858,23,39,48
1.973793206907858,23,40,48
1.973793206907858,23,41,48
1.973793206907858,23,42,48
1.973793206907858,23,43,48
1.973793206907858,23,45,48
1.973793206907858,23,48,49
1.9744662699227962,4,32
1.9744662699227962,0,4,32
1.9744662699227962,1,4,32
1.9744662699227962,2,4,32
1.9744662699227962,3,4,32
1.9744662699227962,4,5,32
1.9744662699227962,4,9,32
1.9744662699227962,4,11,32
1.9744662699227962,4,12,32
1.9744662699227962,4,13,32
1.9744662699227962,4,14,32
1.9744662699227962,4,15,32
1.9744662699227962,4,16,32
1.9744662699227962,4,17,32
1.9744662699227962,4,18,32
1.9744662699227962,4,19,32
1.9744662699227962,4,20,32
1.9744662699227962,4,21,32
1.9744662699227962,4,22,32
1.9744662699227962,4,23,32
1.9744662699227962,4,25,32
1.9744662699227962,4,31,32
1.9744662699227962,4,32,33
1.9744662699227962,4,32,35
1.9744662699227962,4,32,36
1.9744662699227962,4,32,37
1.9744662699227962,4,32,38
1.9744662699227962,4,32,39
1.9744662699227962,4,32,40
1.9744662699227962,4,32,41
1.9744662699227962,4,32,42
1.9744662699227962,4,32,43
1.9744662699227962,4,32,44
1.9744662699227962,4,32,45
1.9744662699227962,4,32,46
1.9744662699227962,4,32,47
1.9744662699227962,4,32,48
1.9744662699227962,4,32,49
1.9747522876824275,23,44
1.9747522876824275,0,23,44
1.9747522876824275,1,23,44
1.9747522876824275,2,23,44
1.9747522876824275,3,23,44
1.9747522876824275,4,23,44
1.9747522876824275,5,23,44
1.9747522876824275,6,23,44
1.9747522876824275,7,23,44
1.9747522876824275,8,23,44
1.9747522876824275,9,23,44
1.9747522876824275,10,23,44
1.9747522876824275,11,23,44
1.9747522876824275,12,23,44
1.9747522876824275,13,23,44
1.9747522876824275,14,23,44
1.9747522876824275,15,23,44
1.9747522876824275,23,25,44
1.9747522876824275,23,26,44
1.9747522876824275,23,27,44
1.9747522876824275,23,28,44
1.9747522876824275,23,29,44
1.9747522876824275,23,30,44
1.9747522876824275,23,31,44
1.9747522876824275,23,32,44
1.9747522876824275,23,33,44
1.9747522876824275,23,34,44
1.9747522876824275,23,35,44
1.9747522876824275,23,36,44
1.9747522876824275,23,37,44
1.9747522876824275,23,38,44
1.9747522876824275,23,39,44
1.9747522876824275,23,40,44
1.9747522876824275,23,41,44
1.9747522876824275,23,42,44
1.9747522876824275,23,43,44
1.9747522876824275,23,44,45
1.9747522876824275,23,44,48
1.9747522876824275,23,44,49
1.9748128537092255,18,46
1.9748128537092255,0,18,46
1.9748128537092255,1,18,46
1.9748128537092255,2,18,46
1.9748128537092255,3,18,46
1.9748128537092255,4,18,46
1.9748128537092255,5,18,46
1.9748128537092255,6,18,46
1.9748128537092255,7,18,46
1.9748128537092255,8,18,46
1.9748128537092255,9,18,46
1.9748128537092255,10,18,46
1.9748128537092255,11,18,46
1.9748128537092255,12,18,46
1.9748128537092255,13,18,46
1.9748128537092255,14,18,46
1.9748128537092255,15,18,46
1.9748128537092255,16,18,46
1.9748128537092255,18,25,46
1.9748128537092255,18,26,46
1.9748128537092255,18,27,46
1.9748128537092255,18,28,46
1.9748128537092255,18,29,46
1.9748128537092255,18,30,46
1.9748128537092255,18,31,46
1.9748128537092255,18,32,46
1.9748128537092255,18,33,46
1.9748128537092255,18,34,46
1.9748128537092255,18,35,46
1.9748128537092255,18,36,46
1.9748128537092255,18,37,46
1.9748128537092255,18,38,46
1.9748128537092255,18,39,46
1.9748128537092255,18,40,46
1.9748128537092255,18,41,46
1.9748128537092255,18,45,46
1.9748128537092255,18,46,47
1.9748128537092255,18,46,48
1.9748128537092255,18,46,49
1.9758087003298646,13,34
1.9758087003298646,0,13,34
1.9758087003298646,1,13,34
1.9758087003298646,2,13,34
1.9758087003298646,3,13,34
1.9758087003298646,5,13,34
1.9758087003298646,13,15,34
1.9758087003298646,13,16,34
1.9758087003298646,13,17,34
1.9758087003298646,13,18,34
1.9758087003298646,13,19,34
1.9758087003298646,13,20,34
1.9758087003298646,13,21,34
1.9758087003298646,13,22,34
1.9758087003298646,13,23,34
1.9758087003298646,13,24,34
1.9758087003298646,13,25,34
1.9758087003298646,13,26,34
1.9758087003298646,13,27,34
1.9758087003298646,13,28,34
1.9758087003298646,13,29,34
1.9758087003298646,13,30,34
1.9758087003298646,13,31,34
1.9758087003298646,13,32,34
1.9758087003298646,13,33,34
1.9758087003298646,13,34,35
1.9758087003298646,13,34,36
1.9758087003298646,13,34,37
1.9758087003298646,13,34,38
1.9758087003298646,13,34,39
1.9758087003298646,13,34,40
1.9758087003298646,13,34,41
1.9758087003298646,13,34,42
1.9758087003298646,13,34,43
1.9758087003298646,13,34,44
1.9758087003298646,13,34,45
1.9758087003298646,13,34,46
1.9758087003298646,13,34,47
1.9758087003298646,13,34,48
1.9758087003298646,13,34,49
1.9760409589143282,24,43
1.9760409589143282,1,24,43
1.9760409589143282,3,24,43
1.9760409589143282,5,24,43
1.9760409589143282,6,24,43
1.9760409589143282,7,24,43
1.9760409589143282,8,24,43
1.9760409589143282,9,24,43
1.9760409589143282,10,24,43
1.9760409589143282,11,24,43
1.9760409589143282,12,24,43
1.9760409589143282,13,24,43
1.9760409589143282,15,24,43
1.9760409589143282,23,24,43
1.9760409589143282,24,25,43
1.9760409589143282,24,26,43
1.9760409589143282,24,27,43
1.9760409589143282,24,28,43
1.9760409589143282,24,29,43
1.9760409589143282,24,30,43
1.9760409589143282,24,31,43
1.9760409589143282,24,32,43
1.9760409589143282,24,33,43
1.9760409589143282,24,34,43
1.9760409589143282,24,35,43
1.9760409589143282,24,36,43
1.9760409589143282,24,37,43
1.9760409589143282,24,38,43
1.9760409589143282,24,39,43
1.9760409589143282,24,40,43
1.9760409589143282,24,41,43
1.9760409589143282,24,42,43
1.976320069168689,14,37
1.976320069168689,0,14,37
1.976320069168689,1,14,37
1.976320069168689,2,14,37
1.976320069168689,3,14,37
1.976320069168689,4,14,37
1.976320069168689,5,14,37
1.976320069168689,6,14,37
1.976320069168689,7,14,37
1.976320069168689,8,14,37
1.976320069168689,9,14,37
1.976320069168689,11,14,37
1.976320069168689,12,14,37
1.976320069168689,13,14,37
1.976320069168689,14,15,37
1.976320069168689,14,16,37
1.976320069168689,14,17,37
1.976320069168689,14,18,37
1.976320069168689,14,19,37
1.976320069168689,14,20,37
1.976320069168689,14,21,37
1.976320069168689,14,22,37
1.976320069168689,14,23,37
1.976320069168689,14,24,37
1.976320069168689,14,25,37
1.976320069168689,14,26,37
1.976320069168689,14,27,37
1.976320069168689,14,28,37
1.976320069168689,14,29,37
1.976320069168689,14,30,37
1.976320069168689,14,31,37
1.976320069168689,14,32,37
1.976320069168689,14,33,37
1.976320069168689,14,37,44
1.976320069168689,14,37,45
1.976320069168689,14,37,46
1.976320069168689,14,37,47
1.976320069168689,14,37,48
1.976320069168689,14,37,49
1.9765179277265628,3,29
1.9765179277265628,0,3,29
1.9765179277265628,1,3,29
1.9765179277265628,3,11,29
1.9765179277265628,3,12,29
1.9765179277265628,3,13,29
1.9765179277265628,3,14,29
1.9765179277265628,3,15,29
1.9765179277265628,3,16,29
1.9765179277265628,3,17,29
1.9765179277265628,3,18,29
1.9765179277265628,3,19,29
1.9765179277265628,3,20,29
1.9765179277265628,3,21,29
1.9765179277265628,3,22,29
1.9765179277265628,3,23,29
1.9765179277265628,3,24,29
1.9765179277265628,3,25,29
1.9765179277265628,3,26,29
1.9765179277265628,3,27,29
1.9765179277265628,3,28,29
1.9765179277265628,3,29,30
1.9765179277265628,3,29,31
1.9765179277265628,3,29,32
1.9765179277265628,3,29,33
1.9765179277265628,3,29,34
1.9765179277265628,3,29,35
1.9765179277265628,3,29,36
1.9765179277265628,3,29,37
1.9765179277265628,3,29,38
1.9765179277265628,3,29,39
1.9765179277265628,3,29,40
1.9765179277265628,3,29,41
1.9765179277265628,3,29,42
1.9765179277265628,3,29,43
1.9765179277265628,3,29,44
1.9765179277265628,3,29,45
1.9765179277265628,3,29,46
1.9765179277265628,3,29,47
1.9765179277265628,3,29,48
1.9765179277265628,3,29,49
1.9769218378334712,4,34
1.9769218378334712,0,4,34
1.9769218378334712,1,4,34
1.9769218378334712,2,4,34
1.9769218378334712,3,4,34
1.9769218378334712,4,5,34
1.9769218378334712,4,13,34
1.9769218378334712,4,15,34
1.9769218378334712,4,16,34
1.9769218378334712,4,17,34
1.9769218378334712,4,18,34
1.9769218378334712,4,19,34
1.9769218378334712,4,20,34
1.9769218378334712,4,21,34
1.9769218378334712,4,22,34
1.9769218378334712,4,23,34
1.9769218378334712,4,25,34
1.9769218378334712,4,31,34
1.9769218378334712,4,32,34
1.9769218378334712,4,33,34
1.9769218378334712,4,34,35
1.9769218378334712,4,34,36
1.9769218378334712,4,34,37
1.9769218378334712,4,34,38
1.9769218378334712,4,34,39
1.9769218378334712,4,34,40
1.9769218378334712,4,34,41
1.9769218378334712,4,34,42
1.9769218378334712,4,34,43
1.9769218378334712,4,34,44
1.9769218378334712,4,34,45
1.9769218378334712,4,34,46
1.9769218378334712,4,34,47
1.9769218378334712,4,34,48
1.9769218378334712,4,34,49
1.978447647446593,21,48
1.978447647446593,0,21,48
1.978447647446593,1,21,48
1.978447647446593,2,21,48
1.978447647446593,3,21,48
1.978447647446593,4,21,48
1.978447647446593,5,21,48
1.978447647446593,6,21,48
1.978447647446593,7,21,48
1.978447647446593,8,21,48
1.978447647446593,9,21,48
1.978447647446593,10,21,48
1.978447647446593,11,21,48
1.978447647446593,12,21,48
1.978447647446593,13,21,48
1.978447647446593,14,21,48
1.978447647446593,15,21,48
1.978447647446593,16,21,48
1.978447647446593,17,21,48
1.978447647446593,18,21,48
1.978447647446593,19,21,48
1.978447647446593,20,21,48
1.978447647446593,21,23,48
1.978447647446593,21,25,48
1.978447647446593,21,26,48
1.978447647446593,21,27,48
1.978447647446593,21,28,48
1.978447647446593,21,29,48
1.978447647446593,21,30,48
1.978447647446593,21,31,48
1.978447647446593,21,32,48
1.978447647446593,21,33,48
1.978447647446593,21,34,48
1.978447647446593,21,35,48
1.978447647446593,21,36,48
1.978447647446593,21,37,48
1.978447647446593,21,38,48
1.978447647446593,21,39,48
1.978447647446593,21,40,48
1.978447647446593,21,41,48
1.978447647446593,21,48,49
1.9786159512609878,15,40
1.9786159512609878,0,15,40
1.9786159512609878,1,15,40
1.9786159512609878,2,15,40
1.9786159512609878,3,15,40
1.9786159512609878,4,15,40
1.9786159512609878,5,15,40
1.9786159512609878,6,15,40
1.9786159512609878,7,15,40
1.9786159512609878,8,15,40
1.9786159512609878,9,15,40
1.9786159512609878,10,15,40
1.9786159512609878,11,15,40
1.9786159512609878,12,15,40
1.9786159512609878,13,15,40
1.9786159512609878,15,18,40
1.9786159512609878,15,19,40
1.9786159512609878,15,20,40
1.9786159512609878,15,21,40
1.9786159512609878,15,22,40
1.9786159512609878,15,23,40
1.9786159512609878,15,24,40
1.9786159512609878,15,25,40
1.9786159512609878,15,26,40
1.9786159512609878,15,27,40
1.9786159512609878,15,28,40
1.9786159512609878,15,29,40
1.9786159512609878,15,30,40
1.9786159512609878,15,31,40
1.9786159512609878,15,32,40
1.9786159512609878,15,33,40
1.9786159512609878,15,34,40
1.9786159512609878,15,35,40
1.9786159512609878,15,36,40
1.9786159512609878,15,37,40
1.9786159512609878,15,38,40
1.9786159512609878,15,39,40
1.9786159512609878,15,40,41
1.9786159512609878,15,40,43
1.9786159512609878,15,40,44
1.9786159512609878,15,40,45
1.9786159512609878,15,40,46
1.9786159512609878,15,40,47
1.9786159512609878,15,40,48
1.9786159512609878,15,40,49
1.9789740125357913,14,35
1.9789740125357913,0,14,35
1.9789740125357913,1,14,35
1.9789740125357913,2,14,35
1.9789740125357913,3,14,35
1.9789740125357913,4,14,35
1.9789740125357913,5,14,35
1.9789740125357913,6,14,35
1.9789740125357913,9,14,35
1.9789740125357913,11,14,35
1.9789740125357913,12,14,35
1.9789740125357913,13,14,35
1.9789740125357913,14,15,35
1.9789740125357913,14,16,35
1.9789740125357913,14,17,35
1.9789740125357913,14,18,35
1.9789740125357913,14,19,35
1.9789740125357913,14,20,35
1.9789740125357913,14,21,35
1.9789740125357913,14,22,35
1.9789740125357913,14,23,35
1.9789740125357913,14,24,35
1.9789740125357913,14,25,35
1.9789740125357913,14,26,35
1.9789740125357913,14,27,35
1.9789740125357913,14,28,35
1.9789740125357913,14,29,35
1.9789740125357913,14,30,35
1.9789740125357913,14,31,35
1.9789740125357913,14,32,35
1.9789740125357913,14,33,35
1.9789740125357913,14,35,37
1.9789740125357913,14,35,44
1.9789740125357913,14,35,45
1.9789740125357913,14,35,46
1.9789740125357913,14,35,47
1.9789740125357913,14,35,48
1.9789740125357913,14,35,49
1.9789927212746181,8,35
1.9789927212746181,0,8,35
1.9789927212746181,1,8,35
1.9789927212746181,2,8,35
1.9789927212746181,3,8,35
1.9789927212746181,4,8,35
1.9789927212746181,5,8,35
1.9789927212746181,6,8,35
1.9789927212746181,8,9,35
1.9789927212746181,8,11,35
1.9789927212746181,8,12,35
1.9789927212746181,8,13,35
1.9789927212746181,8,14,35
1.9789927212746181,8,15,35
1.9789927212746181,8,16,35
1.9789927212746181,8,17,35
1.9789927212746181,8,18,35
1.9789927212746181,8,19,35
1.9789927212746181,8,20,35
1.9789927212746181,8,21,35
1.9789927212746181,8,22,35
1.9789927212746181,8,23,35
1.9789927212746181,8,24,35
1.9789927212746181,8,25,35
1.9789927212746181,8,26,35
1.9789927212746181,8,27,35
1.9789927212746181,8,28,35
1.9789927212746181,8,31,35
1.9789927212746181,8,35,36
1.9789927212746181,8,35,37
1.9789927212746181,8,35,38
1.9789927212746181,8,35,39
1.9789927212746181,8,35,40
1.9789927212746181,8,35,41
1.9789927212746181,8,35,42
1.9789927212746181,8,35,43
1.9789927212746181,8,35,44
1.9789927212746181,8,35,45
1.9789927212746181,8,35,46
1.9789927212746181,8,35,47
1.9789927212746181,8,35,48
1.9789927212746181,8,35,49
1.9819928444414472,14,39
1.9819928444414472,0,14,39
1.9819928444414472,1,14,39
1.9819928444414472,2,14,39
1.9819928444414472,3,14,39
1.9819928444414472,4,14,39
1.9819928444414472,5,14,39
1.9819928444414472,6,14,39
1.9819928444414472,7,14,39
1.9819928444414472,8,14,39
1.9819928444414472,9,14,39
1.9819928444414472,10,14,39
1.9819928444414472,11,14,39
1.9819928444414472,12,14,39
1.9819928444414472,13,14,39
1.9819928444414472,14,15,39
1.9819928444414472,14,16,39
1.9819928444414472,14,17,39
1.9819928444414472,14,18,39
1.9819928444414472,14,19,39
1.9819928444414472,14,20,39
1.9819928444414472,14,21,39
1.9819928444414472,14,22,39
1.9819928444414472,14,23,39
1.9819928444414472,14,24,39
1.9819928444414472,14,25,39
1.9819928444414472,14,26,39
1.9819928444414472,14,27,39
1.9819928444414472,14,28,39
1.9819928444414472,14,29,39
1.9819928444414472,14,30,39
1.9819928444414472,14,31,39
1.9819928444414472,14,32,39
1.9819928444414472,14,33,39
1.9819928444414472,14,35,39
1.9819928444414472,14,37,39
1.9819928444414472,14,39,44
1.9819928444414472,14,39,45
1.9819928444414472,14,39,46
1.9819928444414472,14,39,47
1.9819928444414472,14,39,48
1.9819928444414472,14,39,49
1.9827344654041996,10,30
1.9827344654041996,0,10,30
1.9827344654041996,1,10,30
1.9827344654041996,2,10,30
1.9827344654041996,3,10,30
1.9827344654041996,5,10,30
1.9827344654041996,9,10,30
1.9827344654041996,10,11,30
1.9827344654041996,10,12,30
1.9827344654041996,10,13,30
1.9827344654041996,10,14,30
1.9827344654041996,10,15,30
1.9827344654041996,10,16,30
1.9827344654041996,10,17,30
1.9827344654041996,10,18,30
1.9827344654041996,10,19,30
1.9827344654041996,10,20,30
1.9827344654041996,10,21,30
1.9827344654041996,10,22,30
1.9827344654041996,10,23,30
1.9827344654041996,10,24,30
1.9827344654041996,10,25,30
1.9827344654041996,10,26,30
1.9827344654041996,10,27,30
1.9827344654041996,10,28,30
1.9827344654041996,10,30,31
1.9827344654041996,10,30,39
1.9827344654041996,10,30,40
1.9827344654041996,10,30,41
1.9827344654041996,10,30,42
1.9827344654041996,10,30,43
1.9827344654041996,10,30,44
1.9827344654041996,10,30,45
1.9827344654041996,10,30,46
1.9827344654041996,10,30,47
1.9827344654041996,10,30,48
1.9827344654041996,10,30,49
1.9827703496438398,19,45
1.9827703496438398,0,19,45
1.9827703496438398,1,19,45
1.9827703496438398,2,19,45
1.9827703496438398,3,19,45
1.9827703496438398,4,19,45
1.9827703496438398,5,19,45
1.9827703496438398,6,19,45
1.9827703496438398,7,19,45
1.9827703496438398,8,19,45
1.9827703496438398,9,19,45
1.9827703496438398,10,19,45
1.9827703496438398,11,19,45
1.9827703496438398,12,19,45
1.9827703496438398,13,19,45
1.9827703496438398,14,19,45
1.9827703496438398,15,19,45
1.9827703496438398,16,19,45
1.9827703496438398,18,19,45
1.9827703496438398,19,23,45
1.9827703496438398,19,25,45
1.9827703496438398,19,26,45
1.9827703496438398,19,27,45
1.9827703496438398,19,28,45
1.9827703496438398,19,29,45
1.9827703496438398,19,30,45
1.9827703496438398,19,31,45
1.9827703496438398,19,32,45
1.9827703496438398,19,33,45
1.9827703496438398,19,34,45
1.9827703496438398,19,35,45
1.9827703496438398,19,36,45
1.9827703496438398,19,37,45
1.9827703496438398,19,38,45
1.9827703496438398,19,39,45
1.9827703496438398,19,40,45
1.9827703496438398,19,41,45
1.9827703496438398,19,45,47
1.9827703496438398,19,45,48
1.9827703496438398,19,45,49
1.9837503691170686,9,29
1.9837503691170686,0,9,29
1.9837503691170686,1,9,29
1.9837503691170686,3,9,29
1.9837503691170686,9,11,29
1.9837503691170686,9,12,29
1.9837503691170686,9,13,29
1.9837503691170686,9,14,29
1.9837503691170686,9,15,29
1.9837503691170686,9,16,29
1.9837503691170686,9,17,29
1.9837503691170686,9,18,29
1.9837503691170686,9,19,29
1.9837503691170686,9,20,29
1.9837503691170686,9,21,29
1.9837503691170686,9,22,29
1.9837503691170686,9,23,29
1.9837503691170686,9,24,29
1.9837503691170686,9,25,29
1.9837503691170686,9,26,29
1.9837503691170686,9,27,29
1.9837503691170686,9,28,29
1.9837503691170686,9,29,30
1.9837503691170686,9,29,31
1.9837503691170686,9,29,32
1.9837503691170686,9,29,33
1.9837503691170686,9,29,35
1.9837503691170686,9,29,36
1.9837503691170686,9,29,37
1.9837503691170686,9,29,38
1.9837503691170686,9,29,39
1.9837503691170686,9,29,40
1.9837503691170686,9,29,41
1.9837503691170686,9,29,42
1.9837503691170686,9,29,43
1.9837503691170686,9,29,44
1.9837503691170686,9,29,45
1.9837503691170686,9,29,46
1.9837503691170686,9,29,47
1.9837503691170686,9,29,48
1.9837503691170686,9,29,49
1.9849497239696254,20,42
1.9849497239696254,0,20,42
1.9849497239696254,1,20,42
1.9849497239696254,2,20,42
1.9849497239696254,3,20,42
1.9849497239696254,4,20,42
1.9849497239696254,5,20,42
1.9849497239696254,6,20,42
1.9849497239696254,7,20,42
1.9849497239696254,8,20,42
1.9849497239696254,9,20,42
1.9849497239696254,10,20,42
1.9849497239696254,11,20,42
1.9849497239696254,12,20,42
1.9849497239696254,13,20,42
1.9849497239696254,20,22,42
1.9849497239696254,20,23,42
1.9849497239696254,20,24,42
1.9849497239696254,20,25,42
1.9849497239696254,20,26,42
1.9849497239696254,20,27,42
1.9849497239696254,20,28,42
1.9849497239696254,20,29,42
1.9849497239696254,20,30,42
1.9849497239696254,20,31,42
1.9849497239696254,20,32,42
1.9849497239696254,20,33,42
1.9849497239696254,20,34,42
1.9849497239696254,20,35,42
1.9849497239696254,20,36,42
1.9849497239696254,20,37,42
1.9849497239696254,20,38,42
1.9849497239696254,20,39,42
1.9849497239696254,20,40,42
1.9849497239696254,20,41,42
1.9849497239696254,20,42,48
1.9849497239696254,20,42,49
1.9851249535416384,14,43
1.9851249535416384,0,14,43
1.9851249535416384,1,14,43
1.9851249535416384,2,14,43
1.9851249535416384,3,14,43
1.9851249535416384,4,14,43
1.9851249535416384,5,14,43
1.9851249535416384,6,14,43
1.9851249535416384,7,14,43
1.9851249535416384,8,14,43
1.9851249535416384,9,14,43
1.9851249535416384,10,14,43
1.9851249535416384,11,14,43
1.9851249535416384,12,14,43
1.9851249535416384,13,14,43
1.9851249535416384,14,15,43
1.9851249535416384,14,23,43
1.9851249535416384,14,24,43
1.9851249535416384,14,25,43
1.9851249535416384,14,26,43
1.9851249535416384,14,27,43
1.9851249535416384,14,28,43
1.9851249535416384,14,29,43
1.9851249535416384,14,30,43
1.9851249535416384,14,31,43
1.9851249535416384,14,32,43
1.9851249535416384,14,33,43
1.9851249535416384,14,35,43
1.9851249535416384,14,37,43
1.9851249535416384,14,39,43
1.9851249535416384,14,43,44
1.9851249535416384,14,43,45
1.9851249535416384,14,43,46
1.9851249535416384,14,43,47
1.9851249535416384,14,43,48
1.9851249535416384,14,43,49
1.985133885364337,6,28
1.985133885364337,0,6,28
1.985133885364337,1,6,28
1.985133885364337,2,6,28
1.985133885364337,3,6,28
1.985133885364337,5,6,28
1.985133885364337,6,8,28
1.985133885364337,6,9,28
1.985133885364337,6,10,28
1.985133885364337,6,11,28
1.985133885364337,6,12,28
1.985133885364337,6,13,28
1.985133885364337,6,14,28
1.985133885364337,6,15,28
1.985133885364337,6,16,28
1.985133885364337,6,17,28
1.985133885364337,6,18,28
1.985133885364337,6,19,28
1.985133885364337,6,20,28
1.985133885364337,6,21,28
1.985133885364337,6,22,28
1.985133885364337,6,23,28
1.985133885364337,6,24,28
1.985133885364337,6,25,28
1.985133885364337,6,26,28
1.985133885364337,6,28,31
1.985133885364337,6,28,33
1.985133885364337,6,28,35
1.985133885364337,6,28,36
1.985133885364337,6,28,37
1.985133885364337,6,28,38
1.985133885364337,6,28,39
1.985133885364337,6,28,40
1.985133885364337,6,28,41
1.985133885364337,6,28,42
1.985133885364337,6,28,43
1.985133885364337,6,28,44
1.985133885364337,6,28,45
1.985133885364337,6,28,46
1.985133885364337,6,28,47
1.985133885364337,6,28,48
1.985133885364337,6,28,49
1.9851935917256767,14,36
1.9851935917256767,0,14,36
1.9851935917256767,1,14,36
1.9851935917256767,2,14,36
1.9851935917256767,3,14,36
1.9851935917256767,4,14,36
1.9851935917256767,5,14,36
1.9851935917256767,6,14,36
1.9851935917256767,7,14,36
1.9851935917256767,8,14,36
1.9851935917256767,9,14,36
1.9851935917256767,11,14,36
1.9851935917256767,12,14,36
1.9851935917256767,13,14,36
1.9851935917256767,14,15,36
1.9851935917256767,14,16,36
1.9851935917256767,14,17,36
1.9851935917256767,14,18,36
1.9851935917256767,14,19,36
1.9851935917256767,14,20,36
1.9851935917256767,14,21,36
1.9851935917256767,14,22,36
1.9851935917256767,14,23,36
1.9851935917256767,14,24,36
1.9851935917256767,14,25,36
1.9851935917256767,14,26,36
1.9851935917256767,14,27,36
1.9851935917256767,14,28,36
1.9851935917256767,14,29,36
1.9851935917256767,14,30,36
1.9851935917256767,14,31,36
1.9851935917256767,14,32,36
1.9851935917256767,14,33,36
1.9851935917256767,14,35,36
1.9851935917256767,14,36,37
1.9851935917256767,14,36,39
1.9851935917256767,14,36,43
1.9851935917256767,14,36,44
1.9851935917256767,14,36,45
1.9851935917256767,14,36,46
1.9851935917256767,14,36,47
1.9851935917256767,14,36,48
1.9851935917256767,14,36,49
1.9856221206264626,8,33
1.9856221206264626,0,8,33
1.9856221206264626,1,8,33
1.9856221206264626,2,8,33
1.9856221206264626,3,8,33
1.9856221206264626,4,8,33
1.9856221206264626,5,8,33
1.9856221206264626,6,8,33
1.9856221206264626,8,9,33
1.9856221206264626,8,11,33
1.9856221206264626,8,12,33
1.9856221206264626,8,13,33
1.9856221206264626,8,14,33
1.9856221206264626,8,15,33
1.9856221206264626,8,16,33
1.9856221206264626,8,17,33
1.9856221206264626,8,18,33
1.9856221206264626,8,19,33
1.9856221206264626,8,20,33
1.9856221206264626,8,21,33
1.9856221206264626,8,22,33
1.9856221206264626,8,23,33
1.9856221206264626,8,24,33
1.9856221206264626,8,25,33
1.9856221206264626,8,26,33
1.9856221206264626,8,27,33
1.9856221206264626,8,28,33
1.9856221206264626,8,31,33
1.9856221206264626,8,33,35
1.9856221206264626,8,33,36
1.9856221206264626,8,33,37
1.9856221206264626,8,33,38
1.9856221206264626,8,33,39
1.9856221206264626,8,33,40
1.9856221206264626,8,33,41
1.9856221206264626,8,33,42
1.9856221206264626,8,33,43
1.9856221206264626,8,33,44
1.9856221206264626,8,33,45
1.9856221206264626,8,33,46
1.9856221206264626,8,33,47
1.9856221206264626,8,33,48
1.9856221206264626,8,33,49
1.986279302653625,27,47
1.986279302653625,0,27,47
1.986279302653625,1,27,47
1.986279302653625,3,27,47
1.986279302653625,8,27,47
1.986279302653625,9,27,47
1.986279302653625,10,27,47
1.986279302653625,11,27,47
1.986279302653625,12,27,47
1.986279302653625,13,27,47
1.986279302653625,14,27,47
1.986279302653625,15,27,47
1.986279302653625,16,27,47
1.986279302653625,17,27,47
1.986279302653625,18,27,47
1.986279302653625,19,27,47
1.986279302653625,25,27,47
1.986279302653625,27,28,47
1.986279302653625,27,29,47
1.986279302653625,27,30,47
1.986279302653625,27,31,47
1.986279302653625,27,32,47
1.986279302653625,27,33,47
1.986279302653625,27,34,47
1.986279302653625,27,35,47
1.986279302653625,27,36,47
1.986279302653625,27,37,47
1.986279302653625,27,38,47
1.986279302653625,27,39,47
1.986279302653625,27,40,47
1.986279302653625,27,41,47
1.986279302653625,27,42,47
1.986279302653625,27,43,47
1.986279302653625,27,44,47
1.986279302653625,27,45,47
1.986279302653625,27,46,47
1.986279302653625,27,47,48
1.987330704011257,26,49
1.987330704011257,0,26,49
1.987330704011257,1,26,49
1.987330704011257,3,26,49
1.987330704011257,5,26,49
1.987330704011257,6,26,49
1.987330704011257,7,26,49
1.987330704011257,8,26,49
1.987330704011257,9,26,49
1.987330704011257,10,26,49
1.987330704011257,11,26,49
1.987330704011257,12,26,49
1.987330704011257,13,26,49
1.987330704011257,14,26,49
1.987330704011257,15,26,49
1.987330704011257,16,26,49
1.987330704011257,17,26,49
1.987330704011257,18,26,49
1.987330704011257,19,26,49
1.987330704011257,20,26,49
1.987330704011257,21,26,49
1.987330704011257,22,26,49
1.987330704011257,23,26,49
1.987330704011257,25,26,49
1.987330704011257,26,28,49
1.987330704011257,26,29,49
1.987330704011257,26,30,49
1.987330704011257,26,31,49
1.987330704011257,26,32,49
1.987330704011257,26,33,49
1.987330704011257,26,34,49
1.987330704011257,26,35,49
1.987330704011257,26,36,49
1.987330704011257,26,37,49
1.987330704011257,26,38,49
1.987330704011257,26,39,49
1.987330704011257,26,40,49
1.987330704011257,26,41,49
1.987330704011257,26,42,49
1.987330704011257,26,43,49
1.987330704011257,26,44,49
1.987330704011257,26,45,49
1.987330704011257,26,46,49
1.987330704011257,26,48,49
1.9883765265516835,22,48
1.9883765265516835,0,22,48
1.9883765265516835,1,22,48
1.9883765265516835,2,22,48
1.9883765265516835,3,22,48
1.9883765265516835,4,22,48
1.9883765265516835,5,22,48
1.9883765265516835,6,22,48
1.9883765265516835,7,22,48
1.9883765265516835,8,22,48
1.9883765265516835,9,22,48
1.9883765265516835,10,22,48
1.9883765265516835,11,22,48
1.9883765265516835,12,22,48
1.9883765265516835,13,22,48
1.9883765265516835,14,22,48
1.9883765265516835,15,22,48
1.9883765265516835,16,22,48
1.9883765265516835,17,22,48
1.9883765265516835,18,22,48
1.9883765265516835,19,22,48
1.9883765265516835,20,22,48
1.9883765265516835,21,22,48
1.9883765265516835,22,23,48
1.9883765265516835,22,25,48
1.9883765265516835,22,26,48
1.9883765265516835,22,27,48
1.9883765265516835,22,28,48
1.9883765265516835,22,29,48
1.9883765265516835,22,30,48
1.9883765265516835,22,31,48
1.9883765265516835,22,32,48
1.9883765265516835,22,33,48
1.9883765265516835,22,34,48
1.9883765265516835,22,35,48
1.9883765265516835,22,36,48
1.9883765265516835,22,37,48
1.9883765265516835,22,38,48
1.9883765265516835,22,39,48
1.9883765265516835,22,40,48
1.9883765265516835,22,41,48
1.9883765265516835,22,42,48
1.9883765265516835,22,48,49
1.9892502638936076,20,45
1.9892502638936076,0,20,45
1.9892502638936076,1,20,45
1.9892502638936076,2,20,45
1.9892502638936076,3,20,45
1.9892502638936076,4,20,45
1.9892502638936076,5,20,45
1.9892502638936076,6,20,45
1.9892502638936076,7,20,45
1.9892502638936076,8,20,45
1.9892502638936076,9,20,45
1.9892502638936076,10,20,45
1.9892502638936076,11,20,45
1.9892502638936076,12,20,45
1.9892502638936076,13,20,45
1.9892502638936076,14,20,45
1.9892502638936076,15,20,45
1.9892502638936076,16,20,45
1.9892502638936076,18,20,45
1.9892502638936076,19,20,45
1.9892502638936076,20,23,45
1.9892502638936076,20,25,45
1.9892502638936076,20,26,45
1.9892502638936076,20,27,45
1.9892502638936076,20,28,45
1.9892502638936076,20,29,45
1.9892502638936076,20,30,45
1.9892502638936076,20,31,45
1.9892502638936076,20,32,45
1.9892502638936076,20,33,45
1.9892502638936076,20,34,45
1.9892502638936076,20,35,45
1.9892502638936076,20,36,45
1.9892502638936076,20,37,45
1.9892502638936076,20,38,45
1.9892502638936076,20,39,45
1.9892502638936076,20,40,45
1.9892502638936076,20,41,45
1.9892502638936076,20,42,45
1.9892502638936076,20,45,48
1.9892502638936076,20,45,49
1.9929628842001026,10,37
1.9929628842001026,0,10,37
1.9929628842001026,1,10,37
1.9929628842001026,2,10,37
1.9929628842001026,3,10,37
1.9929628842001026,4,10,37
1.9929628842001026,5,10,37
1.9929628842001026,6,10,37
1.9929628842001026,7,10,37
1.9929628842001026,8,10,37
1.9929628842001026,9,10,37
1.9929628842001026,10,11,37
1.9929628842001026,10,12,37
1.9929628842001026,10,13,37
1.9929628842001026,10,14,37
1.9929628842001026,10,15,37
1.9929628842001026,10,16,37
1.9929628842001026,10,17,37
1.9929628842001026,10,18,37
1.9929628842001026,10,19,37
1.9929628842001026,10,20,37
1.9929628842001026,10,21,37
1.9929628842001026,10,22,37
1.9929628842001026,10,23,37
1.9929628842001026,10,24,37
1.9929628842001026,10,25,37
1.9929628842001026,10,26,37
1.9929628842001026,10,27,37
1.9929628842001026,10,28,37
1.9929628842001026,10,30,37
1.9929628842001026,10,31,37
1.9929628842001026,10,37,39
1.9929628842001026,10,37,40
1.9929628842001026,10,37,41
1.9929628842001026,10,37,42
1.9929628842001026,10,37,43
1.9929628842001026,10,37,44
1.9929628842001026,10,37,45
1.9929628842001026,10,37,46
1.9929628842001026,10,37,47
1.9929628842001026,10,37,48
1.9929628842001026,10,37,49
1.993177008009026,5,27
1.993177008009026,0,5,27
1.993177008009026,1,5,27
1.993177008009026,3,5,27
1.993177008009026,5,8,27
1.993177008009026,5,9,27
1.993177008009026,5,10,27
1.993177008009026,5,11,27
1.993177008009026,5,12,27
1.993177008009026,5,13,27
1.993177008009026,5,14,27
1.993177008009026,5,15,27
1.993177008009026,5,16,27
1.993177008009026,5,17,27
1.993177008009026,5,18,27
1.993177008009026,5,19,27
1.993177008009026,5,20,27
1.993177008009026,5,21,27
1.993177008009026,5,22,27
1.993177008009026,5,23,27
1.993177008009026,5,24,27
1.993177008009026,5,25,27
1.993177008009026,5,26,27
1.993177008009026,5,27,28
1.993177008009026,5,27,30
1.993177008009026,5,27,31
1.993177008009026,5,27,32
1.993177008009026,5,27,33
1.993177008009026,5,27,34
1.993177008009026,5,27,35
1.993177008009026,5,27,36
1.993177008009026,5,27,37
1.993177008009026,5,27,38
1.993177008009026,5,27,39
1.993177008009026,5,27,40
1.993177008009026,5,27,41
1.993177008009026,5,27,42
1.993177008009026,5,27,43
1.993177008009026,5,27,44
1.993177008009026,5,27,45
1.993177008009026,5,27,46
1.993177008009026,5,27,47
1.993177008009026,5,27,48
1.9938762604724416,4,30
1.9938762604724416,0,4,30
1.9938762604724416,1,4,30
1.9938762604724416,2,4,30
1.9938762604724416,3,4,30
1.9938762604724416,4,5,30
1.9938762604724416,4,9,30
1.9938762604724416,4,10,30
1.9938762604724416,4,11,30
1.9938762604724416,4,12,30
1.9938762604724416,4,13,30
1.9938762604724416,4,14,30
1.9938762604724416,4,15,30
1.9938762604724416,4,16,30
1.9938762604724416,4,17,30
1.9938762604724416,4,18,30
1.9938762604724416,4,19,30
1.9938762604724416,4,20,30
1.9938762604724416,4,21,30
1.9938762604724416,4,22,30
1.9938762604724416,4,23,30
1.9938762604724416,4,25,30
1.9938762604724416,4,30,31
1.9938762604724416,4,30,32
1.9938762604724416,4,30,33
1.9938762604724416,4,30,34
1.9938762604724416,4,30,35
1.9938762604724416,4,30,36
1.9938762604724416,4,30,37
1.9938762604724416,4,30,38
1.9938762604724416,4,30,39
1.9938762604724416,4,30,40
1.9938762604724416,4,30,41
1.9938762604724416,4,30,42
1.9938762604724416,4,30,43
1.9938762604724416,4,30,44
1.9938762604724416,4,30,45
1.9938762604724416,4,30,46
1.9938762604724416,4,30,47
1.9938762604724416,4,30,48
1.9938762604724416,4,30,49
1.9964108767772086,18,43
1.9964108767772086,0,18,43
1.9964108767772086,1,18,43
1.9964108767772086,2,18,43
1.9964108767772086,3,18,43
1.9964108767772086,4,18,43
1.9964108767772086,5,18,43
1.9964108767772086,6,18,43
1.9964108767772086,7,18,43
1.9964108767772086,8,18,43
1.9964108767772086,9,18,43
1.9964108767772086,10,18,43
1.9964108767772086,11,18,43
1.9964108767772086,12,18,43
1.9964108767772086,13,18,43
1.9964108767772086,14,18,43
1.9964108767772086,15,18,43
1.9964108767772086,18,23,43
1.9964108767772086,18,24,43
1.9964108767772086,18,25,43
1.9964108767772086,18,26,43
1.9964108767772086,18,27,43
1.9964108767772086,18,28,43
1.9964108767772086,18,29,43
1.9964108767772086,18,30,43
1.9964108767772086,18,31,43
1.9964108767772086,18,32,43
1.9964108767772086,18,33,43
1.9964108767772086,18,34,43
1.9964108767772086,18,35,43
1.9964108767772086,18,36,43
1.9964108767772086,18,37,43
1.9964108767772086,18,38,43
1.9964108767772086,18,39,43
1.9964108767772086,18,40,43
1.9964108767772086,18,41,43
1.9964108767772086,18,43,45
1.9964108767772086,18,43,46
1.9964108767772086,18,43,47
1.9964108767772086,18,43,48
1.9964108767772086,18,43,49
1.9964826462063667,20,47
1.9964826462063667,0,20,47
1.9964826462063667,1,20,47
1.9964826462063667,2,20,47
1.9964826462063667,3,20,47
1.9964826462063667,4,20,47
1.9964826462063667,5,20,47
1.9964826462063667,6,20,47
1.9964826462063667,7,20,47
1.9964826462063667,8,20,47
1.9964826462063667,9,20,47
1.9964826462063667,10,20,47
1.9964826462063667,11,20,47
1.9964826462063667,12,20,47
1.9964826462063667,13,20,47
1.9964826462063667,14,20,47
1.9964826462063667,15,20,47
1.9964826462063667,16,20,47
1.9964826462063667,17,20,47
1.9964826462063667,18,20,47
1.9964826462063667,19,20,47
1.9964826462063667,20,25,47
1.9964826462063667,20,27,47
1.9964826462063667,20,28,47
1.9964826462063667,20,29,47
1.9964826462063667,20,30,47
1.9964826462063667,20,31,47
1.9964826462063667,20,32,47
1.9964826462063667,20,33,47
1.9964826462063667,20,34,47
1.9964826462063667,20,35,47
1.9964826462063667,20,36,47
1.9964826462063667,20,37,47
1.9964826462063667,20,38,47
1.9964826462063667,20,39,47
1.9964826462063667,20,40,47
1.9964826462063667,20,41,47
1.9964826462063667,20,42,47
1.9964826462063667,20,45,47
1.9964826462063667,20,47,48
1.9964826462063667,20,47,49
1.9969895997062714,26,47
1.9969895997062714,0,26,47
1.9969895997062714,1,26,47
1.9969895997062714,3,26,47
1.9969895997062714,5,26,47
1.9969895997062714,6,26,47
1.9969895997062714,7,26,47
1.9969895997062714,8,26,47
1.9969895997062714,9,26,47
1.9969895997062714,10,26,47
1.9969895997062714,11,26,47
1.9969895997062714,12,26,47
1.9969895997062714,13,26,47
1.9969895997062714,14,26,47
1.9969895997062714,15,26,47
1.9969895997062714,16,26,47
1.9969895997062714,17,26,47
1.9969895997062714,18,26,47
1.9969895997062714,19,26,47
1.9969895997062714,20,26,47
1.9969895997062714,25,26,47
1.9969895997062714,26,27,47
1.9969895997062714,26,28,47
1.9969895997062714,26,29,47
1.9969895997062714,26,30,47
1.9969895997062714,26,31,47
1.9969895997062714,26,32,47
1.9969895997062714,26,33,47
1.9969895997062714,26,34,47
1.9969895997062714,26,35,47
1.9969895997062714,26,36,47
1.9969895997062714,26,37,47
1.9969895997062714,26,38,47
1.9969895997062714,26,39,47
1.9969895997062714,26,40,47
1.9969895997062714,26,41,47
1.9969895997062714,26,42,47
1.9969895997062714,26,43,47
1.9969895997062714,26,44,47
1.9969895997062714,26,45,47
1.9969895997062714,26,46,47
1.9969895997062714,26,47,48
1.9969895997062714,26,47,49
1.9972921094255862,22,43
1.9972921094255862,0,22,43
1.9972921094255862,1,22,43
1.9972921094255862,2,22,43
1.9972921094255862,3,22,43
1.9972921094255862,4,22,43
1.9972921094255862,5,22,43
1.9972921094255862,6,22,43
1.9972921094255862,7,22,43
1.9972921094255862,8,22,43
1.9972921094255862,9,22,43
1.9972921094255862,10,22,43
1.9972921094255862,11,22,43
1.9972921094255862,12,22,43
1.9972921094255862,13,22,43
1.9972921094255862,14,22,43
1.9972921094255862,15,22,43
1.9972921094255862,18,22,43
1.9972921094255862,22,23,43
1.9972921094255862,22,24,43
1.9972921094255862,22,25,43
1.9972921094255862,22,26,43
1.9972921094255862,22,27,43
1.9972921094255862,22,28,43
1.9972921094255862,22,29,43
1.9972921094255862,22,30,43
1.9972921094255862,22,31,43
1.9972921094255862,22,32,43
1.9972921094255862,22,33,43
1.9972921094255862,22,34,43
1.9972921094255862,22,35,43
1.9972921094255862,22,36,43
1.9972921094255862,22,37,43
1.9972921094255862,22,38,43
1.9972921094255862,22,39,43
1.9972921094255862,22,40,43
1.9972921094255862,22,41,43
1.9972921094255862,22,42,43
1.9972921094255862,22,43,48
1.9972921094255862,22,43,49
1.9983567872928865,18,44
1.9983567872928865,0,18,44
1.9983567872928865,1,18,44
1.9983567872928865,2,18,44
1.9983567872928865,3,18,44
1.9983567872928865,4,18,44
1.9983567872928865,5,18,44
1.9983567872928865,6,18,44
1.9983567872928865,7,18,44
1.9983567872928865,8,18,44
1.9983567872928865,9,18,44
1.9983567872928865,10,18,44
1.9983567872928865,11,18,44
1.9983567872928865,12,18,44
1.9983567872928865,13,18,44
1.9983567872928865,14,18,44
1.9983567872928865,15,18,44
1.9983567872928865,18,23,44
1.9983567872928865,18,25,44
1.9983567872928865,18,26,44
1.9983567872928865,18,27,44
1.9983567872928865,18,28,44
1.9983567872928865,18,29,44
1.9983567872928865,18,30,44
1.9983567872928865,18,31,44
1.9983567872928865,18,32,44
1.9983567872928865,18,33,44
1.9983567872928865,18,34,44
1.9983567872928865,18,35,44
1.9983567872928865,18,36,44
1.9983567872928865,18,37,44
1.9983567872928865,18,38,44
1.9983567872928865,18,39,44
1.9983567872928865,18,40,44
1.9983567872928865,18,41,44
1.9983567872928865,18,43,44
1.9983567872928865,18,44,45
1.9983567872928865,18,44,46
1.9983567872928865,18,44,47
1.9983567872928865,18,44,48
1.9983567872928865,18,44,49
2.000233017761241,4,26
2.000233017761241,0,4,26
2.000233017761241,1,4,26
2.000233017761241,3,4,26
2.000233017761241,4,5,26
2.000233017761241,4,6,26
2.000233017761241,4,7,26
2.000233017761241,4,8,26
2.000233017761241,4,9,26
2.000233017761241,4,10,26
2.000233017761241,4,11,26
2.000233017761241,4,12,26
2.000233017761241,4,13,26
2.000233017761241,4,14,26
2.000233017761241,4,15,26
2.000233017761241,4,16,26
2.000233017761241,4,17,26
2.000233017761241,4,18,26
2.000233017761241,4,19,26
2.000233017761241,4,20,26
2.000233017761241,4,21,26
2.000233017761241,4,22,26
2.000233017761241,4,23,26
2.000233017761241,4,25,26
2.000233017761241,4,26,30
2.000233017761241,4,26,31
2.000233017761241,4,26,32
2.000233017761241,4,26,33
2.000233017761241,4,26,34
2.000233017761241,4,26,35
2.000233017761241,4,26,36
2.000233017761241,4,26,37
2.000233017761241,4,26,38
2.000233017761241,4,26,39
2.000233017761241,4,26,40
2.000233017761241,4,26,41
2.000233017761241,4,26,42
2.000233017761241,4,26,43
2.000233017761241,4,26,44
2.000233017761241,4,26,45
2.000233017761241,4,26,46
2.000233017761241,4,26,47
2.000233017761241,4,26,48
2.000233017761241,4,26,49
2.0013350807380252,27,49
2.0013350807380252,0,27,49
2.0013350807380252,1,27,49
2.0013350807380252,3,27,49
2.0013350807380252,5,27,49
2.0013350807380252,8,27,49
2.0013350807380252,9,27,49
2.0013350807380252,10,27,49
2.0013350807380252,11,27,49
2.0013350807380252,12,27,49
2.0013350807380252,13,27,49
2.0013350807380252,14,27,49
2.0013350807380252,15,27,49
2.0013350807380252,16,27,49
2.0013350807380252,17,27,49
2.0013350807380252,18,27,49
2.0013350807380252,19,27,49
2.0013350807380252,20,27,49
2.0013350807380252,21,27,49
2.0013350807380252,22,27,49
2.0013350807380252,23,27,49
2.0013350807380252,25,27,49
2.0013350807380252,26,27,49
2.0013350807380252,27,28,49
2.0013350807380252,27,29,49
2.0013350807380252,27,30,49
2.0013350807380252,27,31,49
2.0013350807380252,27,32,49
2.0013350807380252,27,33,49
2.0013350807380252,27,34,49
2.0013350807380252,27,35,49
2.0013350807380252,27,36,49
2.0013350807380252,27,37,49
2.0013350807380252,27,38,49
2.0013350807380252,27,39,49
2.0013350807380252,27,40,49
2.0013350807380252,27,41,49
2.0013350807380252,27,42,49
2.0013350807380252,27,43,49
2.0013350807380252,27,44,49
2.0013350807380252,27,45,49
2.0013350807380252,27,46,49
2.0013350807380252,27,47,49
2.0013350807380252,27,48,49
2.0015733775936657,20,43
2.0015733775936657,0,20,43
2.0015733775936657,1,20,43
2.0015733775936657,2,20,43
2.0015733775936657,3,20,43
2.0015733775936657,4,20,43
2.0015733775936657,5,20,43
2.0015733775936657,6,20,43
2.0015733775936657,7,20,43
2.0015733775936657,8,20,43
2.0015733775936657,9,20,43
2.0015733775936657,10,20,43
2.0015733775936657,11,20,43
2.0015733775936657,12,20,43
2.0015733775936657,13,20,43
2.0015733775936657,14,20,43
2.0015733775936657,15,20,43
2.0015733775936657,18,20,43
2.0015733775936657,20,22,43
2.0015733775936657,20,23,43
2.0015733775936657,20,24,43
2.0015733775936657,20,25,43
2.0015733775936657,20,26,43
2.0015733775936657,20,27,43
2.0015733775936657,20,28,43
2.0015733775936657,20,29,43
2.0015733775936657,20,30,43
2.0015733775936657,20,31,43
2.0015733775936657,20,32,43
2.0015733775936657,20,33,43
2.0015733775936657,20,34,43
2.0015733775936657,20,35,43
2.0015733775936657,20,36,43
2.0015733775936657,20,37,43
2.0015733775936657,20,38,43
2.0015733775936657,20,39,43
2.0015733775936657,20,40,43
2.0015733775936657,20,41,43
2.0015733775936657,20,42,43
2.0015733775936657,20,43,45
2.0015733775936657,20,43,47
2.0015733775936657,20,43,48
2.0015733775936657,20,43,49
2.001621492875453,18,42
2.001621492875453,0,18,42
2.001621492875453,1,18,42
2.001621492875453,2,18,42
2.001621492875453,3,18,42
2.001621492875453,4,18,42
2.001621492875453,5,18,42
2.001621492875453,6,18,42
2.001621492875453,7,18,42
2.001621492875453,8,18,42
2.001621492875453,9,18,42
2.001621492875453,10,18,42
2.001621492875453,11,18,42
2.001621492875453,12,18,42
2.001621492875453,13,18,42
2.001621492875453,18,20,42
2.001621492875453,18,22,42
2.001621492875453,18,23,42
2.001621492875453,18,24,42
2.001621492875453,18,25,42
2.001621492875453,18,26,42
2.001621492875453,18,27,42
2.001621492875453,18,28,42
2.001621492875453,18,29,42
2.001621492875453,18,30,42
2.001621492875453,18,31,42
2.001621492875453,18,32,42
2.001621492875453,18,33,42
2.001621492875453,18,34,42
2.001621492875453,18,35,42
2.001621492875453,18,36,42
2.001621492875453,18,37,42
2.001621492875453,18,38,42
2.001621492875453,18,39,42
2.001621492875453,18,40,42
2.001621492875453,18,41,42
2.001621492875453,18,42,43
2.001621492875453,18,42,44
2.001621492875453,18,42,45
2.001621492875453,18,42,46
2.001621492875453,18,42,47
2.001621492875453,18,42,48
2.001621492875453,18,42,49
2.0018219926332503,4,28
2.0018219926332503,0,4,28
2.0018219926332503,1,4,28
2.0018219926332503,2,4,28
2.0018219926332503,3,4,28
2.0018219926332503,4,5,28
2.0018219926332503,4,6,28
2.0018219926332503,4,8,28
2.0018219926332503,4,9,28
2.0018219926332503,4,10,28
2.0018219926332503,4,11,28
2.0018219926332503,4,12,28
2.0018219926332503,4,13,28
2.0018219926332503,4,14,28
2.0018219926332503,4,15,28
2.0018219926332503,4,16,28
2.0018219926332503,4,17,28
2.0018219926332503,4,18,28
2.0018219926332503,4,19,28
2.0018219926332503,4,20,28
2.0018219926332503,4,21,28
2.0018219926332503,4,22,28
2.0018219926332503,4,23,28
2.0018219926332503,4,25,28
2.0018219926332503,4,26,28
2.0018219926332503,4,28,30
2.0018219926332503,4,28,31
2.0018219926332503,4,28,32
2.0018219926332503,4,28,33
2.0018219926332503,4,28,34
2.0018219926332503,4,28,35
2.0018219926332503,4,28,36
2.0018219926332503,4,28,37
2.0018219926332503,4,28,38
2.0018219926332503,4,28,39
2.0018219926332503,4,28,40
2.0018219926332503,4,28,41
2.0018219926332503,4,28,42
2.0018219926332503,4,28,43
2.0018219926332503,4,28,44
2.0018219926332503,4,28,45
2.0018219926332503,4,28,46
2.0018219926332503,4,28,47
2.0018219926332503,4,28,48
2.0018219926332503,4,28,49
2.0033626320037135,14,41
2.0033626320037135,0,14,41
2.0033626320037135,1,14,41
2.0033626320037135,2,14,41
2.0033626320037135,3,14,41
2.0033626320037135,4,14,41
2.0033626320037135,5,14,41
2.0033626320037135,6,14,41
2.0033626320037135,7,14,41
2.0033626320037135,8,14,41
2.0033626320037135,9,14,41
2.0033626320037135,10,14,41
2.0033626320037135,11,14,41
2.0033626320037135,12,14,41
2.0033626320037135,13,14,41
2.0033626320037135,14,15,41
2.0033626320037135,14,18,41
2.0033626320037135,14,19,41
2.0033626320037135,14,20,41
2.0033626320037135,14,21,41
2.0033626320037135,14,22,41
2.0033626320037135,14,23,41
2.0033626320037135,14,24,41
2.0033626320037135,14,25,41
2.0033626320037135,14,26,41
2.0033626320037135,14,27,41
2.0033626320037135,14,28,41
2.0033626320037135,14,29,41
2.0033626320037135,14,30,41
2.0033626320037135,14,31,41
2.0033626320037135,14,32,41
2.0033626320037135,14,33,41
2.0033626320037135,14,35,41
2.0033626320037135,14,36,41
2.0033626320037135,14,37,41
2.0033626320037135,14,39,41
2.0033626320037135,14,41,43
2.0033626320037135,14,41,44
2.0033626320037135,14,41,45
2.0033626320037135,14,41,46
2.0033626320037135,14,41,47
2.0033626320037135,14,41,48
2.0033626320037135,14,41,49
2.0037051875884018,15,42
2.0037051875884018,0,15,42
2.0037051875884018,1,15,42
2.0037051875884018,2,15,42
2.0037051875884018,3,15,42
2.0037051875884018,4,15,42
2.0037051875884018,5,15,42
2.0037051875884018,6,15,42
2.0037051875884018,7,15,42
2.0037051875884018,8,15,42
2.0037051875884018,9,15,42
2.0037051875884018,10,15,42
2.0037051875884018,11,15,42
2.0037051875884018,12,15,42
2.0037051875884018,13,15,42
2.0037051875884018,15,18,42
2.0037051875884018,15,20,42
2.0037051875884018,15,22,42
2.0037051875884018,15,23,42
2.0037051875884018,15,24,42
2.0037051875884018,15,25,42
2.0037051875884018,15,26,42
2.0037051875884018,15,27,42
2.0037051875884018,15,28,42
2.0037051875884018,15,29,42
2.0037051875884018,15,30,42
2.0037051875884018,15,31,42
2.0037051875884018,15,32,42
2.0037051875884018,15,33,42
2.0037051875884018,15,34,42
2.0037051875884018,15,35,42
2.0037051875884018,15,36,42
2.0037051875884018,15,37,42
2.0037051875884018,15,38,42
2.0037051875884018,15,39,42
2.0037051875884018,15,40,42
2.0037051875884018,15,41,42
2.0037051875884018,15,42,43
2.0037051875884018,15,42,44
2.0037051875884018,15,42,45
2.0037051875884018,15,42,46
2.0037051875884018,15,42,47
2.0037051875884018,15,42,48
2.0037051875884018,15,42,49
2.0049117232835054,19,42
2.0049117232835054,0,19,42
2.0049117232835054,1,19,42
2.0049117232835054,2,19,42
2.0049117232835054,3,19,42
2.0049117232835054,4,19,42
2.0049117232835054,5,19,42
2.0049117232835054,6,19,42
2.0049117232835054,7,19,42
2.0049117232835054,8,19,42
2.0049117232835054,9,19,42
2.0049117232835054,10,19,42
2.0049117232835054,11,19,42
2.0049117232835054,12,19,42
2.0049117232835054,13,19,42
2.0049117232835054,15,19,42
2.0049117232835054,18,19,42
2.0049117232835054,19,20,42
2.0049117232835054,19,22,42
2.0049117232835054,19,23,42
2.0049117232835054,19,24,42
2.0049117232835054,19,25,42
2.0049117232835054,19,26,42
2.0049117232835054,19,27,42
2.0049117232835054,19,28,42
2.0049117232835054,19,29,42
2.0049117232835054,19,30,42
2.0049117232835054,19,31,42
2.0049117232835054,19,32,42
2.0049117232835054,19,33,42
2.0049117232835054,19,34,42
2.0049117232835054,19,35,42
2.0049117232835054,19,36,42
2.0049117232835054,19,37,42
2.0049117232835054,19,38,42
2.0049117232835054,19,39,42
2.0049117232835054,19,40,42
2.0049117232835054,19,41,42
2.0049117232835054,19,42,45
2.0049117232835054,19,42,47
2.0049117232835054,19,42,48
2.0049117232835054,19,42,49
2.0052671065571186,7,28
2.0052671065571186,0,7,28
2.0052671065571186,1,7,28
2.0052671065571186,2,7,28
2.0052671065571186,3,7,28
2.0052671065571186,4,7,28
2.0052671065571186,5,7,28
2.0052671065571186,6,7,28
2.0052671065571186,7,8,28
2.0052671065571186,7,9,28
2.0052671065571186,7,10,28
2.0052671065571186,7,11,28
2.0052671065571186,7,12,28
2.0052671065571186,7,13,28
2.0052671065571186,7,14,28
2.0052671065571186,7,15,28
2.0052671065571186,7,16,28
2.0052671065571186,7,17,28
2.0052671065571186,7,18,28
2.0052671065571186,7,19,28
2.0052671065571186,7,20,28
2.0052671065571186,7,21,28
2.0052671065571186,7,22,28
2.0052671065571186,7,23,28
2.0052671065571186,7,24,28
2.0052671065571186,7,25,28
2.0052671065571186,7,26,28
2.0052671065571186,7,28,36
2.0052671065571186,7,28,37
2.0052671065571186,7,28,38
2.0052671065571186,7,28,39
2.0052671065571186,7,28,40
2.0052671065571186,7,28,41
2.0052671065571186,7,28,42
2.0052671065571186,7,28,43
2.0052671065571186,7,28,44
2.0052671065571186,7,28,45
2.0052671065571186,7,28,46
2.0052671065571186,7,28,47
2.0052671065571186,7,28,48
2.0052671065571186,7,28,49
2.0060212810969933,17,45
2.0060212810969933,0,17,45
2.0060212810969933,1,17,45
2.0060212810969933,2,17,45
2.0060212810969933,3,17,45
2.0060212810969933,4,17,45
2.0060212810969933,5,17,45
2.0060212810969933,6,17,45
2.0060212810969933,7,17,45
2.0060212810969933,8,17,45
2.0060212810969933,9,17,45
2.0060212810969933,10,17,45
2.0060212810969933,11,17,45
2.0060212810969933,12,17,45
2.0060212810969933,13,17,45
2.0060212810969933,14,17,45
2.0060212810969933,15,17,45
2.0060212810969933,16,17,45
2.0060212810969933,17,18,45
2.0060212810969933,17,19,45
2.0060212810969933,17,20,45
2.0060212810969933,17,23,45
2.0060212810969933,17,25,45
2.0060212810969933,17,26,45
2.0060212810969933,17,27,45
2.0060212810969933,17,28,45
2.0060212810969933,17,29,45
2.0060212810969933,17,30,45
2.0060212810969933,17,31,45
2.0060212810969933,17,32,45
2.0060212810969933,17,33,45
2.0060212810969933,17,34,45
2.0060212810969933,17,35,45
2.0060212810969933,17,36,45
2.0060212810969933,17,37,45
2.0060212810969933,17,38,45
2.0060212810969933,17,39,45
2.0060212810969933,17,45,47
2.0060212810969933,17,45,48
2.0060212810969933,17,45,49
2.0072635776311722,8,30
2.0072635776311722,0,8,30
2.0072635776311722,1,8,30
2.0072635776311722,2,8,30
2.0072635776311722,3,8,30
2.0072635776311722,4,8,30
2.0072635776311722,5,8,30
2.0072635776311722,8,9,30
2.0072635776311722,8,10,30
2.0072635776311722,8,11,30
2.0072635776311722,8,12,30
2.0072635776311722,8,13,30
2.0072635776311722,8,14,30
2.0072635776311722,8,15,30
2.0072635776311722,8,16,30
2.0072635776311722,8,17,30
2.0072635776311722,8,18,30
2.0072635776311722,8,19,30
2.0072635776311722,8,20,30
2.0072635776311722,8,21,30
2.0072635776311722,8,22,30
2.0072635776311722,8,23,30
2.0072635776311722,8,24,30
2.0072635776311722,8,25,30
2.0072635776311722,8,26,30
2.0072635776311722,8,27,30
2.0072635776311722,8,28,30
2.0072635776311722,8,30,31
2.0072635776311722,8,30,33
2.0072635776311722,8,30,35
2.0072635776311722,8,30,36
2.0072635776311722,8,30,37
2.0072635776311722,8,30,38
2.0072635776311722,8,30,39
2.0072635776311722,8,30,40
2.0072635776311722,8,30,41
2.0072635776311722,8,30,42
2.0072635776311722,8,30,43
2.0072635776311722,8,30,44
2.0072635776311722,8,30,45
2.0072635776311722,8,30,46
2.0072635776311722,8,30,47
2.0072635776311722,8,30,48
2.0072635776311722,8,30,49
2.0084083518418576,21,42
2.0084083518418576,0,21,42
2.0084083518418576,1,21,42
2.0084083518418576,2,21,42
2.0084083518418576,3,21,42
2.0084083518418576,4,21,42
2.0084083518418576,5,21,42
2.0084083518418576,6,21,42
2.0084083518418576,7,21,42
2.0084083518418576,8,21,42
2.0084083518418576,9,21,42
2.0084083518418576,10,21,42
2.0084083518418576,11,21,42
2.0084083518418576,12,21,42
2.0084083518418576,13,21,42
2.0084083518418576,15,21,42
2.0084083518418576,18,21,42
2.0084083518418576,19,21,42
2.0084083518418576,20,21,42
2.0084083518418576,21,22,42
2.0084083518418576,21,23,42
2.0084083518418576,21,24,42
2.0084083518418576,21,25,42
2.0084083518418576,21,26,42
2.0084083518418576,21,27,42
2.0084083518418576,21,28,42
2.0084083518418576,21,29,42
2.0084083518418576,21,30,42
2.0084083518418576,21,31,42
2.0084083518418576,21,32,42
2.0084083518418576,21,33,42
2.0084083518418576,21,34,42
2.0084083518418576,21,35,42
2.0084083518418576,21,36,42
2.0084083518418576,21,37,42
2.0084083518418576,21,38,42
2.0084083518418576,21,39,42
2.0084083518418576,21,40,42
2.0084083518418576,21,41,42
2.0084083518418576,21,42,48
2.0084083518418576,21,42,49
2.0113615737334007,19,43
2.0113615737334007,0,19,43
2.0113615737334007,1,19,43
2.0113615737334007,2,19,43
2.0113615737334007,3,19,43
2.0113615737334007,4,19,43
2.0113615737334007,5,19,43
2.0113615737334007,6,19,43
2.0113615737334007,7,19,43
2.0113615737334007,8,19,43
2.0113615737334007,9,19,43
2.0113615737334007,10,19,43
2.0113615737334007,11,19,43
2.0113615737334007,12,19,43
2.0113615737334007,13,19,43
2.0113615737334007,14,19,43
2.0113615737334007,15,19,43
2.0113615737334007,18,19,43
2.0113615737334007,19,20,43
2.0113615737334007,19,22,43
2.0113615737334007,19,23,43
2.0113615737334007,19,24,43
2.0113615737334007,19,25,43
2.0113615737334007,19,26,43
2.0113615737334007,19,27,43
2.0113615737334007,19,28,43
2.0113615737334007,19,29,43
2.0113615737334007,19,30,43
2.0113615737334007,19,31,43
2.0113615737334007,19,32,43
2.0113615737334007,19,33,43
2.0113615737334007,19,34,43
2.0113615737334007,19,35,43
2.0113615737334007,19,36,43
2.0113615737334007,19,37,43
2.0113615737334007,19,38,43
2.0113615737334007,19,39,43
2.0113615737334007,19,40,43
2.0113615737334007,19,41,43
2.0113615737334007,19,42,43
2.0113615737334007,19,43,45
2.0113615737334007,19,43,47
2.0113615737334007,19,43,48
2.0113615737334007,19,43,49
2.0116635698997576,16,40
2.0116635698997576,0,16,40
2.0116635698997576,1,16,40
2.0116635698997576,2,16,40
2.0116635698997576,3,16,40
2.0116635698997576,4,16,40
2.0116635698997576,5,16,40
2.0116635698997576,6,16,40
2.0116635698997576,7,16,40
2.0116635698997576,8,16,40
2.0116635698997576,9,16,40
2.0116635698997576,10,16,40
2.0116635698997576,11,16,40
2.0116635698997576,12,16,40
2.0116635698997576,13,16,40
2.0116635698997576,15,16,40
2.0116635698997576,16,18,40
2.0116635698997576,16,19,40
2.0116635698997576,16,20,40
2.0116635698997576,16,21,40
2.0116635698997576,16,22,40
2.0116635698997576,16,23,40
2.0116635698997576,16,24,40
2.0116635698997576,16,25,40
2.0116635698997576,16,26,40
2.0116635698997576,16,27,40
2.0116635698997576,16,28,40
2.0116635698997576,16,29,40
2.0116635698997576,16,30,40
2.0116635698997576,16,31,40
2.0116635698997576,16,32,40
2.0116635698997576,16,33,40
2.0116635698997576,16,34,40
2.0116635698997576,16,35,40
2.0116635698997576,16,36,40
2.0116635698997576,16,37,40
2.0116635698997576,16,38,40
2.0116635698997576,16,39,40
2.0116635698997576,16,40,45
2.0116635698997576,16,40,46
2.0116635698997576,16,40,47
2.0116635698997576,16,40,48
2.0116635698997576,16,40,49
2.0116718489862433,10,33
2.0116718489862433,0,10,33
2.0116718489862433,1,10,33
2.0116718489862433,2,10,33
2.0116718489862433,3,10,33
2.0116718489862433,4,10,33
2.0116718489862433,5,10,33
2.0116718489862433,6,10,33
2.0116718489862433,8,10,33
2.0116718489862433,9,10,33
2.0116718489862433,10,11,33
2.0116718489862433,10,12,33
2.0116718489862433,10,13,33
2.0116718489862433,10,14,33
2.0116718489862433,10,15,33
2.0116718489862433,10,16,33
2.0116718489862433,10,17,33
2.0116718489862433,10,18,33
2.0116718489862433,10,19,33
2.0116718489862433,10,20,33
2.0116718489862433,10,21,33
2.0116718489862433,10,22,33
2.0116718489862433,10,23,33
2.0116718489862433,10,24,33
2.0116718489862433,10,25,33
2.0116718489862433,10,26,33
2.0116718489862433,10,27,33
2.0116718489862433,10,28,33
2.0116718489862433,10,30,33
2.0116718489862433,10,31,33
2.0116718489862433,10,33,37
2.0116718489862433,10,33,39
2.0116718489862433,10,33,40
2.0116718489862433,10,33,41
2.0116718489862433,10,33,42
2.0116718489862433,10,33,43
2.0116718489862433,10,33,44
2.0116718489862433,10,33,45
2.0116718489862433,10,33,46
2.0116718489862433,10,33,47
2.0116718489862433,10,33,48
2.0116718489862433,10,33,49
2.0118078246933924,10,36
2.0118078246933924,0,10,36
2.0118078246933924,1,10,36
2.0118078246933924,2,10,36
2.0118078246933924,3,10,36
2.0118078246933924,4,10,36
2.0118078246933924,5,10,36
2.0118078246933924,6,10,36
2.0118078246933924,7,10,36
2.0118078246933924,8,10,36
2.0118078246933924,9,10,36
2.0118078246933924,10,11,36
2.0118078246933924,10,12,36
2.0118078246933924,10,13,36
2.0118078246933924,10,14,36
2.0118078246933924,10,15,36
2.0118078246933924,10,16,36
2.0118078246933924,10,17,36
2.0118078246933924,10,18,36
2.0118078246933924,10,19,36
2.0118078246933924,10,20,36
2.0118078246933924,10,21,36
2.0118078246933924,10,22,36
2.0118078246933924,10,23,36
2.0118078246933924,10,24,36
2.0118078246933924,10,25,36
2.0118078246933924,10,26,36
2.0118078246933924,10,27,36
2.0118078246933924,10,28,36
2.0118078246933924,10,30,36
2.0118078246933924,10,31,36
2.0118078246933924,10,33,36
2.0118078246933924,10,36,37
2.0118078246933924,10,36,39
2.0118078246933924,10,36,40
2.0118078246933924,10,36,41
2.0118078246933924,10,36,42
2.0118078246933924,10,36,43
2.0118078246933924,10,36,44
2.0118078246933924,10,36,45
2.0118078246933924,10,36,46
2.0118078246933924,10,36,47
2.0118078246933924,10,36,48
2.0118078246933924,10,36,49
2.01190076093996,10,38
2.01190076093996,0,10,38
2.01190076093996,1,10,38
2.01190076093996,2,10,38
2.01190076093996,3,10,38
2.01190076093996,4,10,38
2.01190076093996,5,10,38
2.01190076093996,6,10,38
2.01190076093996,7,10,38
2.01190076093996,8,10,38
2.01190076093996,9,10,38
2.01190076093996,10,11,38
2.01190076093996,10,12,38
2.01190076093996,10,13,38
2.01190076093996,10,15,38
2.01190076093996,10,16,38
2.01190076093996,10,17,38
2.01190076093996,10,18,38
2.01190076093996,10,19,38
2.01190076093996,10,20,38
2.01190076093996,10,21,38
2.01190076093996,10,22,38
2.01190076093996,10,23,38
2.01190076093996,10,24,38
2.01190076093996,10,25,38
2.01190076093996,10,26,38
2.01190076093996,10,27,38
2.01190076093996,10,28,38
2.01190076093996,10,30,38
2.01190076093996,10,31,38
2.01190076093996,10,33,38
2.01190076093996,10,36,38
2.01190076093996,10,37,38
2.01190076093996,10,38,39
2.01190076093996,10,38,40
2.01190076093996,10,38,41
2.01190076093996,10,38,42
2.01190076093996,10,38,43
2.01190076093996,10,38,44
2.01190076093996,10,38,45
2.01190076093996,10,38,46
2.01190076093996,10,38,47
2.01190076093996,10,38,48
2.01190076093996,10,38,49
2.0125167963088177,22,45
2.0125167963088177,0,22,45
2.0125167963088177,1,22,45
2.0125167963088177,2,22,45
2.0125167963088177,3,22,45
2.0125167963088177,4,22,45
2.0125167963088177,5,22,45
2.0125167963088177,6,22,45
2.0125167963088177,7,22,45
2.0125167963088177,8,22,45
2.0125167963088177,9,22,45
2.0125167963088177,10,22,45
2.0125167963088177,11,22,45
2.0125167963088177,12,22,45
2.0125167963088177,13,22,45
2.0125167963088177,14,22,45
2.0125167963088177,15,22,45
2.0125167963088177,16,22,45
2.0125167963088177,17,22,45
2.0125167963088177,18,22,45
2.0125167963088177,19,22,45
2.0125167963088177,20,22,45
2.0125167963088177,22,23,45
2.0125167963088177,22,25,45
2.0125167963088177,22,26,45
2.0125167963088177,22,27,45
2.0125167963088177,22,28,45
2.0125167963088177,22,29,45
2.0125167963088177,22,30,45
2.0125167963088177,22,31,45
2.0125167963088177,22,32,45
2.0125167963088177,22,33,45
2.0125167963088177,22,34,45
2.0125167963088177,22,35,45
2.0125167963088177,22,36,45
2.0125167963088177,22,37,45
2.0125167963088177,22,38,45
2.0125167963088177,22,39,45
2.0125167963088177,22,40,45
2.0125167963088177,22,41,45
2.0125167963088177,22,42,45
2.0125167963088177,22,43,45
2.0125167963088177,22,45,48
2.0125167963088177,22,45,49
2.0141235818768504,14,38
2.0141235818768504,0,14,38
2.0141235818768504,1,14,38
2.0141235818768504,2,14,38
2.0141235818768504,3,14,38
2.0141235818768504,4,14,38
2.0141235818768504,5,14,38
2.0141235818768504,6,14,38
2.0141235818768504,7,14,38
2.0141235818768504,8,14,38
2.0141235818768504,9,14,38
2.0141235818768504,10,14,38
2.0141235818768504,11,14,38
2.0141235818768504,12,14,38
2.0141235818768504,13,14,38
2.0141235818768504,14,15,38
2.0141235818768504,14,16,38
2.0141235818768504,14,17,38
2.0141235818768504,14,18,38
2.0141235818768504,14,19,38
2.0141235818768504,14,20,38
2.0141235818768504,14,21,38
2.0141235818768504,14,22,38
2.0141235818768504,14,23,38
2.0141235818768504,14,24,38
2.0141235818768504,14,25,38
2.0141235818768504,14,26,38
2.0141235818768504,14,27,38
2.0141235818768504,14,28,38
2.0141235818768504,14,29,38
2.0141235818768504,14,30,38
2.0141235818768504,14,31,38
2.0141235818768504,14,32,38
2.0141235818768504,14,33,38
2.0141235818768504,14,35,38
2.0141235818768504,14,36,38
2.0141235818768504,14,37,38
2.0141235818768504,14,38,39
2.0141235818768504,14,38,41
2.0141235818768504,14,38,43
2.0141235818768504,14,38,44
2.0141235818768504,14,38,45
2.0141235818768504,14,38,46
2.0141235818768504,14,38,47
2.0141235818768504,14,38,48
2.0141235818768504,14,38,49
2.0141964869550426,2,26
2.0141964869550426,0,2,26
2.0141964869550426,1,2,26
2.0141964869550426,2,3,26
2.0141964869550426,2,4,26
2.0141964869550426,2,5,26
2.0141964869550426,2,6,26
2.0141964869550426,2,7,26
2.0141964869550426,2,8,26
2.0141964869550426,2,9,26
2.0141964869550426,2,10,26
2.0141964869550426,2,11,26
2.0141964869550426,2,12,26
2.0141964869550426,2,13,26
2.0141964869550426,2,14,26
2.0141964869550426,2,15,26
2.0141964869550426,2,16,26
2.0141964869550426,2,17,26
2.0141964869550426,2,18,26
2.0141964869550426,2,19,26
2.0141964869550426,2,20,26
2.0141964869550426,2,21,26
2.0141964869550426,2,22,26
2.0141964869550426,2,23,26
2.0141964869550426,2,25,26
2.0141964869550426,2,26,28
2.0141964869550426,2,26,30
2.0141964869550426,2,26,31
2.0141964869550426,2,26,32
2.0141964869550426,2,26,33
2.0141964869550426,2,26,34
2.0141964869550426,2,26,35
2.0141964869550426,2,26,36
2.0141964869550426,2,26,37
2.0141964869550426,2,26,38
2.0141964869550426,2,26,39
2.0141964869550426,2,26,40
2.0141964869550426,2,26,41
2.0141964869550426,2,26,42
2.0141964869550426,2,26,43
2.0141964869550426,2,26,44
2.0141964869550426,2,26,45
2.0141964869550426,2,26,46
2.0141964869550426,2,26,47
2.0141964869550426,2,26,48
2.0141964869550426,2,26,49
2.0158838502935454,14,40
2.0158838502935454,0,14,40
2.0158838502935454,1,14,40
2.0158838502935454,2,14,40
2.0158838502935454,3,14,40
2.0158838502935454,4,14,40
2.0158838502935454,5,14,40
2.0158838502935454,6,14,40
2.0158838502935454,7,14,40
2.0158838502935454,8,14,40
2.0158838502935454,9,14,40
2.0158838502935454,10,14,40
2.0158838502935454,11,14,40
2.0158838502935454,12,14,40
2.0158838502935454,13,14,40
2.0158838502935454,14,15,40
2.0158838502935454,14,16,40
2.0158838502935454,14,18,40
2.0158838502935454,14,19,40
2.0158838502935454,14,20,40
2.0158838502935454,14,21,40
2.0158838502935454,14,22,40
2.0158838502935454,14,23,40
2.0158838502935454,14,24,40
2.0158838502935454,14,25,40
2.0158838502935454,14,26,40
2.0158838502935454,14,27,40
2.0158838502935454,14,28,40
2.0158838502935454,14,29,40
2.0158838502935454,14,30,40
2.0158838502935454,14,31,40
2.0158838502935454,14,32,40
2.0158838502935454,14,33,40
2.0158838502935454,14,35,40
2.0158838502935454,14,36,40
2.0158838502935454,14,37,40
2.0158838502935454,14,38,40
2.0158838502935454,14,39,40
2.0158838502935454,14,40,41
2.0158838502935454,14,40,43
2.0158838502935454,14,40,44
2.0158838502935454,14,40,45
2.0158838502935454,14,40,46
2.0158838502935454,14,40,47
2.0158838502935454,14,40,48
2.0158838502935454,14,40,49
2.0159800281439257,19,46
2.0159800281439257,0,19,46
2.0159800281439257,1,19,46
2.0159800281439257,2,19,46
2.0159800281439257,3,19,46
2.0159800281439257,4,19,46
2.0159800281439257,5,19,46
2.0159800281439257,6,19,46
2.0159800281439257,7,19,46
2.0159800281439257,8,19,46
2.0159800281439257,9,19,46
2.0159800281439257,10,19,46
2.0159800281439257,11,19,46
2.0159800281439257,12,19,46
2.0159800281439257,13,19,46
2.0159800281439257,14,19,46
2.0159800281439257,15,19,46
2.0159800281439257,16,19,46
2.0159800281439257,18,19,46
2.0159800281439257,19,25,46
2.0159800281439257,19,26,46
2.0159800281439257,19,27,46
2.0159800281439257,19,28,46
2.0159800281439257,19,29,46
2.0159800281439257,19,30,46
2.0159800281439257,19,31,46
2.0159800281439257,19,32,46
2.0159800281439257,19,33,46
2.0159800281439257,19,34,46
2.0159800281439257,19,35,46
2.0159800281439257,19,36,46
2.0159800281439257,19,37,46
2.0159800281439257,19,38,46
2.0159800281439257,19,39,46
2.0159800281439257,19,40,46
2.0159800281439257,19,41,46
2.0159800281439257,19,42,46
2.0159800281439257,19,43,46
2.0159800281439257,19,45,46
2.0159800281439257,19,46,47
2.0159800281439257,19,46,48
2.0159800281439257,19,46,49
2.017898667229452,7,31
2.017898667229452,0,7,31
2.017898667229452,1,7,31
2.017898667229452,2,7,31
2.017898667229452,3,7,31
2.017898667229452,4,7,31
2.017898667229452,5,7,31
2.017898667229452,6,7,31
2.017898667229452,7,8,31
2.017898667229452,7,9,31
2.017898667229452,7,10,31
2.017898667229452,7,11,31
2.017898667229452,7,12,31
2.017898667229452,7,13,31
2.017898667229452,7,14,31
2.017898667229452,7,15,31
2.017898667229452,7,16,31
2.017898667229452,7,17,31
2.017898667229452,7,18,31
2.017898667229452,7,19,31
2.017898667229452,7,20,31
2.017898667229452,7,21,31
2.017898667229452,7,22,31
2.017898667229452,7,23,31
2.017898667229452,7,24,31
2.017898667229452,7,25,31
2.017898667229452,7,26,31
2.017898667229452,7,28,31
2.017898667229452,7,31,36
2.017898667229452,7,31,37
2.017898667229452,7,31,38
2.017898667229452,7,31,39
2.017898667229452,7,31,40
2.017898667229452,7,31,41
2.017898667229452,7,31,42
2.017898667229452,7,31,43
2.017898667229452,7,31,44
2.017898667229452,7,31,45
2.017898667229452,7,31,46
2.017898667229452,7,31,47
2.017898667229452,7,31,48
2.017898667229452,7,31,49
2.018038732737767,20,44
2.018038732737767,0,20,44
2.018038732737767,1,20,44
2.018038732737767,2,20,44
2.018038732737767,3,20,44
2.018038732737767,4,20,44
2.018038732737767,5,20,44
2.018038732737767,6,20,44
2.018038732737767,7,20,44
2.018038732737767,8,20,44
2.018038732737767,9,20,44
2.018038732737767,10,20,44
2.018038732737767,11,20,44
2.018038732737767,12,20,44
2.018038732737767,13,20,44
2.018038732737767,14,20,44
2.018038732737767,15,20,44
2.018038732737767,18,20,44
2.018038732737767,20,23,44
2.018038732737767,20,25,44
2.018038732737767,20,26,44
2.018038732737767,20,27,44
2.018038732737767,20,28,44
2.018038732737767,20,29,44
2.018038732737767,20,30,44
2.018038732737767,20,31,44
2.018038732737767,20,32,44
2.018038732737767,20,33,44
2.018038732737767,20,34,44
2.018038732737767,20,35,44
2.018038732737767,20,36,44
2.018038732737767,20,37,44
2.018038732737767,20,38,44
2.018038732737767,20,39,44
2.018038732737767,20,40,44
2.018038732737767,20,41,44
2.018038732737767,20,42,44
2.018038732737767,20,43,44
2.018038732737767,20,44,45
2.018038732737767,20,44,47
2.018038732737767,20,44,48
2.018038732737767,20,44,49
2.0190459781989887,2,29
2.0190459781989887,0,2,29
2.0190459781989887,1,2,29
2.0190459781989887,2,3,29
2.0190459781989887,2,9,29
2.0190459781989887,2,11,29
2.0190459781989887,2,12,29
2.0190459781989887,2,13,29
2.0190459781989887,2,14,29
2.0190459781989887,2,15,29
2.0190459781989887,2,16,29
2.0190459781989887,2,17,29
2.0190459781989887,2,18,29
2.0190459781989887,2,19,29
2.0190459781989887,2,20,29
2.0190459781989887,2,21,29
2.0190459781989887,2,22,29
2.0190459781989887,2,23,29
2.0190459781989887,2,25,29
2.0190459781989887,2,26,29
2.0190459781989887,2,28,29
2.0190459781989887,2,29,30
2.0190459781989887,2,29,31
2.0190459781989887,2,29,32
2.0190459781989887,2,29,33
2.0190459781989887,2,29,34
2.0190459781989887,2,29,35
2.0190459781989887,2,29,36
2.0190459781989887,2,29,37
2.0190459781989887,2,29,38
2.0190459781989887,2,29,39
2.0190459781989887,2,29,40
2.0190459781989887,2,29,41
2.0190459781989887,2,29,42
2.0190459781989887,2,29,43
2.0190459781989887,2,29,44
2.0190459781989887,2,29,45
2.0190459781989887,2,29,46
2.0190459781989887,2,29,47
2.0190459781989887,2,29,48
2.0190459781989887,2,29,49
2.0191324073492436,6,30
2.0191324073492436,0,6,30
2.0191324073492436,1,6,30
2.0191324073492436,2,6,30
2.0191324073492436,3,6,30
2.0191324073492436,4,6,30
2.0191324073492436,5,6,30
2.0191324073492436,6,8,30
2.0191324073492436,6,9,30
2.0191324073492436,6,10,30
2.0191324073492436,6,11,30
2.0191324073492436,6,12,30
2.0191324073492436,6,13,30
2.0191324073492436,6,14,30
2.0191324073492436,6,15,30
2.0191324073492436,6,16,30
2.0191324073492436,6,17,30
2.0191324073492436,6,18,30
2.0191324073492436,6,19,30
2.0191324073492436,6,20,30
2.0191324073492436,6,21,30
2.0191324073492436,6,22,30
2.0191324073492436,6,23,30
2.0191324073492436,6,24,30
2.0191324073492436,6,25,30
2.0191324073492436,6,26,30
2.0191324073492436,6,28,30
2.0191324073492436,6,30,31
2.0191324073492436,6,30,33
2.0191324073492436,6,30,35
2.0191324073492436,6,30,36
2.0191324073492436,6,30,37
2.0191324073492436,6,30,38
2.0191324073492436,6,30,39
2.0191324073492436,6,30,40
2.0191324073492436,6,30,41
2.0191324073492436,6,30,42
2.0191324073492436,6,30,43
2.0191324073492436,6,30,44
2.0191324073492436,6,30,45
2.0191324073492436,6,30,46
2.0191324073492436,6,30,47
2.0191324073492436,6,30,48
2.0191324073492436,6,30,49
2.0199732274727857,24,44
2.0199732274727857,1,24,44
2.0199732274727857,3,24,44
2.0199732274727857,5,24,44
2.0199732274727857,6,24,44
2.0199732274727857,7,24,44
2.0199732274727857,8,24,44
2.0199732274727857,9,24,44
2.0199732274727857,10,24,44
2.0199732274727857,11,24,44
2.0199732274727857,12,24,44
2.0199732274727857,13,24,44
2.0199732274727857,14,24,44
2.0199732274727857,15,24,44
2.0199732274727857,18,24,44
2.0199732274727857,20,24,44
2.0199732274727857,23,24,44
2.0199732274727857,24,25,44
2.0199732274727857,24,26,44
2.0199732274727857,24,27,44
2.0199732274727857,24,28,44
2.0199732274727857,24,29,44
2.0199732274727857,24,30,44
2.0199732274727857,24,31,44
2.0199732274727857,24,32,44
2.0199732274727857,24,33,44
2.0199732274727857,24,34,44
2.0199732274727857,24,35,44
2.0199732274727857,24,36,44
2.0199732274727857,24,37,44
2.0199732274727857,24,38,44
2.0199732274727857,24,39,44
2.0199732274727857,24,40,44
2.0199732274727857,24,41,44
2.0199732274727857,24,42,44
2.0199732274727857,24,43,44
2.0200937358145628,16,44
2.0200937358145628,0,16,44
2.0200937358145628,1,16,44
2.0200937358145628,2,16,44
2.0200937358145628,3,16,44
2.0200937358145628,4,16,44
2.0200937358145628,5,16,44
2.0200937358145628,6,16,44
2.0200937358145628,7,16,44
2.0200937358145628,8,16,44
2.0200937358145628,9,16,44
2.0200937358145628,10,16,44
2.0200937358145628,11,16,44
2.0200937358145628,12,16,44
2.0200937358145628,13,16,44
2.0200937358145628,14,16,44
2.0200937358145628,15,16,44
2.0200937358145628,16,18,44
2.0200937358145628,16,20,44
2.0200937358145628,16,23,44
2.0200937358145628,16,24,44
2.0200937358145628,16,25,44
2.0200937358145628,16,26,44
2.0200937358145628,16,27,44
2.0200937358145628,16,28,44
2.0200937358145628,16,29,44
2.0200937358145628,16,30,44
2.0200937358145628,16,31,44
2.0200937358145628,16,32,44
2.0200937358145628,16,33,44
2.0200937358145628,16,34,44
2.0200937358145628,16,35,44
2.0200937358145628,16,36,44
2.0200937358145628,16,37,44
2.0200937358145628,16,38,44
2.0200937358145628,16,39,44
2.0200937358145628,16,40,44
2.0200937358145628,16,44,45
2.0200937358145628,16,44,46
2.0200937358145628,16,44,47
2.0200937358145628,16,44,48
2.0200937358145628,16,44,49
2.02021312802662,16,41
2.02021312802662,0,16,41
2.02021312802662,1,16,41
2.02021312802662,2,16,41
2.02021312802662,3,16,41
2.02021312802662,4,16,41
2.02021312802662,5,16,41
2.02021312802662,6,16,41
2.02021312802662,7,16,41
2.02021312802662,8,16,41
2.02021312802662,9,16,41
2.02021312802662,10,16,41
2.02021312802662,11,16,41
2.02021312802662,12,16,41
2.02021312802662,13,16,41
2.02021312802662,14,16,41
2.02021312802662,15,16,41
2.02021312802662,16,18,41
2.02021312802662,16,19,41
2.02021312802662,16,20,41
2.02021312802662,16,21,41
2.02021312802662,16,22,41
2.02021312802662,16,23,41
2.02021312802662,16,24,41
2.02021312802662,16,25,41
2.02021312802662,16,26,41
2.02021312802662,16,27,41
2.02021312802662,16,28,41
2.02021312802662,16,29,41
2.02021312802662,16,30,41
2.02021312802662,16,31,41
2.02021312802662,16,32,41
2.02021312802662,16,33,41
2.02021312802662,16,34,41
2.02021312802662,16,35,41
2.02021312802662,16,36,41
2.02021312802662,16,37,41
2.02021312802662,16,38,41
2.02021312802662,16,39,41
2.02021312802662,16,40,41
2.02021312802662,16,41,44
2.02021312802662,16,41,45
2.02021312802662,16,41,46
2.02021312802662,16,41,47
2.02021312802662,16,41,48
2.02021312802662,16,41,49
2.0210466545102843,19,44
2.0210466545102843,0,19,44
2.0210466545102843,1,19,44
2.0210466545102843,2,19,44
2.0210466545102843,3,19,44
2.0210466545102843,4,19,44
2.0210466545102843,5,19,44
2.0210466545102843,6,19,44
2.0210466545102843,7,19,44
2.0210466545102843,8,19,44
2.0210466545102843,9,19,44
2.0210466545102843,10,19,44
2.0210466545102843,11,19,44
2.0210466545102843,12,19,44
2.0210466545102843,13,19,44
2.0210466545102843,14,19,44
2.0210466545102843,15,19,44
2.0210466545102843,16,19,44
2.0210466545102843,18,19,44
2.0210466545102843,19,20,44
2.0210466545102843,19,23,44
2.0210466545102843,19,24,44
2.0210466545102843,19,25,44
2.0210466545102843,19,26,44
2.0210466545102843,19,27,44
2.0210466545102843,19,28,44
2.0210466545102843,19,29,44
2.0210466545102843,19,30,44
2.0210466545102843,19,31,44
2.0210466545102843,19,32,44
2.0210466545102843,19,33,44
2.0210466545102843,19,34,44
2.0210466545102843,19,35,44
2.0210466545102843,19,36,44
2.0210466545102843,19,37,44
2.0210466545102843,19,38,44
2.0210466545102843,19,39,44
2.0210466545102843,19,40,44
2.0210466545102843,19,41,44
2.0210466545102843,19,42,44
2.0210466545102843,19,43,44
2.0210466545102843,19,44,45
2.0210466545102843,19,44,46
2.0210466545102843,19,44,47
2.0210466545102843,19,44,48
2.0210466545102843,19,44,49
2.0223204396959624,6,32
2.0223204396959624,0,6,32
2.0223204396959624,1,6,32
2.0223204396959624,2,6,32
2.0223204396959624,3,6,32
2.0223204396959624,4,6,32
2.0223204396959624,5,6,32
2.0223204396959624,6,9,32
2.0223204396959624,6,11,32
2.0223204396959624,6,12,32
2.0223204396959624,6,13,32
2.0223204396959624,6,14,32
2.0223204396959624,6,15,32
2.0223204396959624,6,16,32
2.0223204396959624,6,17,32
2.0223204396959624,6,18,32
2.0223204396959624,6,19,32
2.0223204396959624,6,20,32
2.0223204396959624,6,21,32
2.0223204396959624,6,22,32
2.0223204396959624,6,23,32
2.0223204396959624,6,24,32
2.0223204396959624,6,25,32
2.0223204396959624,6,26,32
2.0223204396959624,6,28,32
2.0223204396959624,6,30,32
2.0223204396959624,6,31,32
2.0223204396959624,6,32,33
2.0223204396959624,6,32,35
2.0223204396959624,6,32,36
2.0223204396959624,6,32,37
2.0223204396959624,6,32,38
2.0223204396959624,6,32,39
2.0223204396959624,6,32,40
2.0223204396959624,6,32,41
2.0223204396959624,6,32,42
2.0223204396959624,6,32,43
2.0223204396959624,6,32,44
2.0223204396959624,6,32,45
2.0223204396959624,6,32,46
2.0223204396959624,6,32,47
2.0223204396959624,6,32,48
2.0223204396959624,6,32,49
2.0230448927531506,17,46
2.0230448927531506,0,17,46
2.0230448927531506,1,17,46
2.0230448927531506,2,17,46
2.0230448927531506,3,17,46
2.0230448927531506,4,17,46
2.0230448927531506,5,17,46
2.0230448927531506,6,17,46
2.0230448927531506,7,17,46
2.0230448927531506,8,17,46
2.0230448927531506,9,17,46
2.0230448927531506,10,17,46
2.0230448927531506,11,17,46
2.0230448927531506,12,17,46
2.0230448927531506,13,17,46
2.0230448927531506,14,17,46
2.0230448927531506,15,17,46
2.0230448927531506,16,17,46
2.0230448927531506,17,18,46
2.0230448927531506,17,19,46
2.0230448927531506,17,25,46
2.0230448927531506,17,26,46
2.0230448927531506,17,27,46
2.0230448927531506,17,28,46
2.0230448927531506,17,29,46
2.0230448927531506,17,30,46
2.0230448927531506,17,31,46
2.0230448927531506,17,32,46
2.0230448927531506,17,33,46
2.0230448927531506,17,34,46
2.0230448927531506,17,35,46
2.0230448927531506,17,36,46
2.0230448927531506,17,37,46
2.0230448927531506,17,38,46
2.0230448927531506,17,39,46
2.0230448927531506,17,45,46
2.0230448927531506,17,46,47
2.0230448927531506,17,46,48
2.0230448927531506,17,46,49
2.0230891498954695,6,27
2.0230891498954695,0,6,27
2.0230891498954695,1,6,27
2.0230891498954695,3,6,27
2.0230891498954695,5,6,27
2.0230891498954695,6,8,27
2.0230891498954695,6,9,27
2.0230891498954695,6,10,27
2.0230891498954695,6,11,27
2.0230891498954695,6,12,27
2.0230891498954695,6,13,27
2.0230891498954695,6,14,27
2.0230891498954695,6,15,27
2.0230891498954695,6,16,27
2.0230891498954695,6,17,27
2.0230891498954695,6,18,27
2.0230891498954695,6,19,27
2.0230891498954695,6,20,27
2.0230891498954695,6,21,27
2.0230891498954695,6,22,27
2.0230891498954695,6,23,27
2.0230891498954695,6,24,27
2.0230891498954695,6,25,27
2.0230891498954695,6,26,27
2.0230891498954695,6,27,28
2.0230891498954695,6,27,30
2.0230891498954695,6,27,31
2.0230891498954695,6,27,32
2.0230891498954695,6,27,33
2.0230891498954695,6,27,35
2.0230891498954695,6,27,36
2.0230891498954695,6,27,37
2.0230891498954695,6,27,38
2.0230891498954695,6,27,39
2.0230891498954695,6,27,40
2.0230891498954695,6,27,41
2.0230891498954695,6,27,42
2.0230891498954695,6,27,43
2.0230891498954695,6,27,44
2.0230891498954695,6,27,45
2.0230891498954695,6,27,46
2.0230891498954695,6,27,47
2.0230891498954695,6,27,48
2.0230891498954695,6,27,49
2.0246958824568,7,35
2.0246958824568,0,7,35
2.0246958824568,1,7,35
2.0246958824568,2,7,35
2.0246958824568,3,7,35
2.0246958824568,4,7,35
2.0246958824568,5,7,35
2.0246958824568,6,7,35
2.0246958824568,7,8,35
2.0246958824568,7,9,35
2.0246958824568,7,11,35
2.0246958824568,7,12,35
2.0246958824568,7,13,35
2.0246958824568,7,14,35
2.0246958824568,7,15,35
2.0246958824568,7,16,35
2.0246958824568,7,17,35
2.0246958824568,7,18,35
2.0246958824568,7,19,35
2.0246958824568,7,20,35
2.0246958824568,7,21,35
2.0246958824568,7,22,35
2.0246958824568,7,23,35
2.0246958824568,7,24,35
2.0246958824568,7,25,35
2.0246958824568,7,26,35
2.0246958824568,7,28,35
2.0246958824568,7,31,35
2.0246958824568,7,35,36
2.0246958824568,7,35,37
2.0246958824568,7,35,38
2.0246958824568,7,35,39
2.0246958824568,7,35,40
2.0246958824568,7,35,41
2.0246958824568,7,35,42
2.0246958824568,7,35,43
2.0246958824568,7,35,44
2.0246958824568,7,35,45
2.0246958824568,7,35,46
2.0246958824568,7,35,47
2.0246958824568,7,35,48
2.0246958824568,7,35,49
2.025101128464535,22,44
2.025101128464535,0,22,44
2.025101128464535,1,22,44
2.025101128464535,2,22,44
2.025101128464535,3,22,44
2.025101128464535,4,22,44
2.025101128464535,5,22,44
2.025101128464535,6,22,44
2.025101128464535,7,22,44
2.025101128464535,8,22,44
2.025101128464535,9,22,44
2.025101128464535,10,22,44
2.025101128464535,11,22,44
2.025101128464535,12,22,44
2.025101128464535,13,22,44
2.025101128464535,14,22,44
2.025101128464535,15,22,44
2.025101128464535,16,22,44
2.025101128464535,18,22,44
2.025101128464535,19,22,44
2.025101128464535,20,22,44
2.025101128464535,22,23,44
2.025101128464535,22,24,44
2.025101128464535,22,25,44
2.025101128464535,22,26,44
2.025101128464535,22,27,44
2.025101128464535,22,28,44
2.025101128464535,22,29,44
2.025101128464535,22,30,44
2.025101128464535,22,31,44
2.025101128464535,22,32,44
2.025101128464535,22,33,44
2.025101128464535,22,34,44
2.025101128464535,22,35,44
2.025101128464535,22,36,44
2.025101128464535,22,37,44
2.025101128464535,22,38,44
2.025101128464535,22,39,44
2.025101128464535,22,40,44
2.025101128464535,22,41,44
2.025101128464535,22,42,44
2.025101128464535,22,43,44
2.025101128464535,22,44,45
2.025101128464535,22,44,48
2.025101128464535,22,44,49
2.0272523285300164,8,32
2.0272523285300164,0,8,32
2.0272523285300164,1,8,32
2.0272523285300164,2,8,32
2.0272523285300164,3,8,32
2.0272523285300164,4,8,32
2.0272523285300164,5,8,32
2.0272523285300164,6,8,32
2.0272523285300164,8,9,32
2.0272523285300164,8,11,32
2.0272523285300164,8,12,32
2.0272523285300164,8,13,32
2.0272523285300164,8,14,32
2.0272523285300164,8,15,32
2.0272523285300164,8,16,32
2.0272523285300164,8,17,32
2.0272523285300164,8,18,32
2.0272523285300164,8,19,32
2.0272523285300164,8,20,32
2.0272523285300164,8,21,32
2.0272523285300164,8,22,32
2.0272523285300164,8,23,32
2.0272523285300164,8,24,32
2.0272523285300164,8,25,32
2.0272523285300164,8,26,32
2.0272523285300164,8,27,32
2.0272523285300164,8,28,32
2.0272523285300164,8,30,32
2.0272523285300164,8,31,32
2.0272523285300164,8,32,33
2.0272523285300164,8,32,35
2.0272523285300164,8,32,36
2.0272523285300164,8,32,37
2.0272523285300164,8,32,38
2.0272523285300164,8,32,39
2.0272523285300164,8,32,40
2.0272523285300164,8,32,41
2.0272523285300164,8,32,42
2.0272523285300164,8,32,43
2.0272523285300164,8,32,44
2.0272523285300164,8,32,45
2.0272523285300164,8,32,46
2.0272523285300164,8,32,47
2.0272523285300164,8,32,48
2.0272523285300164,8,32,49
2.0288212710651385,21,45
2.0288212710651385,0,21,45
2.0288212710651385,1,21,45
2.0288212710651385,2,21,45
2.0288212710651385,3,21,45
2.0288212710651385,4,21,45
2.0288212710651385,5,21,45
2.0288212710651385,6,21,45
2.0288212710651385,7,21,45
2.0288212710651385,8,21,45
2.0288212710651385,9,21,45
2.0288212710651385,10,21,45
2.0288212710651385,11,21,45
2.0288212710651385,12,21,45
2.0288212710651385,13,21,45
2.0288212710651385,14,21,45
2.0288212710651385,15,21,45
2.0288212710651385,16,21,45
2.0288212710651385,17,21,45
2.0288212710651385,18,21,45
2.0288212710651385,19,21,45
2.0288212710651385,20,21,45
2.0288212710651385,21,22,45
2.0288212710651385,21,23,45
2.0288212710651385,21,25,45
2.0288212710651385,21,26,45
2.0288212710651385,21,27,45
2.0288212710651385,21,28,45
2.0288212710651385,21,29,45
2.0288212710651385,21,30,45
2.0288212710651385,21,31,45
2.0288212710651385,21,32,45
2.0288212710651385,21,33,45
2.0288212710651385,21,34,45
2.0288212710651385,21,35,45
2.0288212710651385,21,36,45
2.0288212710651385,21,37,45
2.0288212710651385,21,38,45
2.0288212710651385,21,39,45
2.0288212710651385,21,40,45
2.0288212710651385,21,41,45
2.0288212710651385,21,42,45
2.0288212710651385,21,45,48
2.0288212710651385,21,45,49
2.0294533712846525,20,46
2.0294533712846525,0,20,46
2.0294533712846525,1,20,46
2.0294533712846525,2,20,46
2.0294533712846525,3,20,46
2.0294533712846525,4,20,46
2.0294533712846525,5,20,46
2.0294533712846525,6,20,46
2.0294533712846525,7,20,46
2.0294533712846525,8,20,46
2.0294533712846525,9,20,46
2.0294533712846525,10,20,46
2.0294533712846525,11,20,46
2.0294533712846525,12,20,46
2.0294533712846525,13,20,46
2.0294533712846525,14,20,46
2.0294533712846525,15,20,46
2.0294533712846525,16,20,46
2.0294533712846525,17,20,46
2.0294533712846525,18,20,46
2.0294533712846525,19,20,46
2.0294533712846525,20,25,46
2.0294533712846525,20,26,46
2.0294533712846525,20,27,46
2.0294533712846525,20,28,46
2.0294533712846525,20,29,46
2.0294533712846525,20,30,46
2.0294533712846525,20,31,46
2.0294533712846525,20,32,46
2.0294533712846525,20,33,46
2.0294533712846525,20,34,46
2.0294533712846525,20,35,46
2.0294533712846525,20,36,46
2.0294533712846525,20,37,46
2.0294533712846525,20,38,46
2.0294533712846525,20,39,46
2.0294533712846525,20,40,46
2.0294533712846525,20,41,46
2.0294533712846525,20,42,46
2.0294533712846525,20,43,46
2.0294533712846525,20,44,46
2.0294533712846525,20,45,46
2.0294533712846525,20,46,47
2.0294533712846525,20,46,48
2.0294533712846525,20,46,49
2.0306866372872086,23,46
2.0306866372872086,0,23,46
2.0306866372872086,1,23,46
2.0306866372872086,2,23,46
2.0306866372872086,3,23,46
2.0306866372872086,4,23,46
2.0306866372872086,5,23,46
2.0306866372872086,6,23,46
2.0306866372872086,7,23,46
2.0306866372872086,8,23,46
2.0306866372872086,9,23,46
2.0306866372872086,10,23,46
2.0306866372872086,11,23,46
2.0306866372872086,12,23,46
2.0306866372872086,13,23,46
2.0306866372872086,14,23,46
2.0306866372872086,15,23,46
2.0306866372872086,16,23,46
2.0306866372872086,17,23,46
2.0306866372872086,18,23,46
2.0306866372872086,19,23,46
2.0306866372872086,20,23,46
2.0306866372872086,23,25,46
2.0306866372872086,23,26,46
2.0306866372872086,23,27,46
2.0306866372872086,23,28,46
2.0306866372872086,23,29,46
2.0306866372872086,23,30,46
2.0306866372872086,23,31,46
2.0306866372872086,23,32,46
2.0306866372872086,23,33,46
2.0306866372872086,23,34,46
2.0306866372872086,23,35,46
2.0306866372872086,23,36,46
2.0306866372872086,23,37,46
2.0306866372872086,23,38,46
2.0306866372872086,23,39,46
2.0306866372872086,23,40,46
2.0306866372872086,23,41,46
2.0306866372872086,23,42,46
2.0306866372872086,23,43,46
2.0306866372872086,23,44,46
2.0306866372872086,23,45,46
2.0306866372872086,23,46,48
2.0306866372872086,23,46,49
2.0307897720578594,16,43
2.0307897720578594,0,16,43
2.0307897720578594,1,16,43
2.0307897720578594,2,16,43
2.0307897720578594,3,16,43
2.0307897720578594,4,16,43
2.0307897720578594,5,16,43
2.0307897720578594,6,16,43
2.0307897720578594,7,16,43
2.0307897720578594,8,16,43
2.0307897720578594,9,16,43
2.0307897720578594,10,16,43
2.0307897720578594,11,16,43
2.0307897720578594,12,16,43
2.0307897720578594,13,16,43
2.0307897720578594,14,16,43
2.0307897720578594,15,16,43
2.0307897720578594,16,18,43
2.0307897720578594,16,19,43
2.0307897720578594,16,20,43
2.0307897720578594,16,22,43
2.0307897720578594,16,23,43
2.0307897720578594,16,24,43
2.0307897720578594,16,25,43
2.0307897720578594,16,26,43
2.0307897720578594,16,27,43
2.0307897720578594,16,28,43
2.0307897720578594,16,29,43
2.0307897720578594,16,30,43
2.0307897720578594,16,31,43
2.0307897720578594,16,32,43
2.0307897720578594,16,33,43
2.0307897720578594,16,34,43
2.0307897720578594,16,35,43
2.0307897720578594,16,36,43
2.0307897720578594,16,37,43
2.0307897720578594,16,38,43
2.0307897720578594,16,39,43
2.0307897720578594,16,40,43
2.0307897720578594,16,41,43
2.0307897720578594,16,43,44
2.0307897720578594,16,43,45
2.0307897720578594,16,43,46
2.0307897720578594,16,43,47
2.0307897720578594,16,43,48
2.0307897720578594,16,43,49
2.031059308486437,14,42
2.031059308486437,0,14,42
2.031059308486437,1,14,42
2.031059308486437,2,14,42
2.031059308486437,3,14,42
2.031059308486437,4,14,42
2.031059308486437,5,14,42
2.031059308486437,6,14,42
2.031059308486437,7,14,42
2.031059308486437,8,14,42
2.031059308486437,9,14,42
2.031059308486437,10,14,42
2.031059308486437,11,14,42
2.031059308486437,12,14,42
2.031059308486437,13,14,42
2.031059308486437,14,15,42
2.031059308486437,14,18,42
2.031059308486437,14,19,42
2.031059308486437,14,20,42
2.031059308486437,14,21,42
2.031059308486437,14,22,42
2.031059308486437,14,23,42
2.031059308486437,14,24,42
2.031059308486437,14,25,42
2.031059308486437,14,26,42
2.031059308486437,14,27,42
2.031059308486437,14,28,42
2.031059308486437,14,29,42
2.031059308486437,14,30,42
2.031059308486437,14,31,42
2.031059308486437,14,32,42
2.031059308486437,14,33,42
2.031059308486437,14,35,42
2.031059308486437,14,36,42
2.031059308486437,14,37,42
2.031059308486437,14,38,42
2.031059308486437,14,39,42
2.031059308486437,14,40,42
2.031059308486437,14,41,42
2.031059308486437,14,42,43
2.031059308486437,14,42,44
2.031059308486437,14,42,45
2.031059308486437,14,42,46
2.031059308486437,14,42,47
2.031059308486437,14,42,48
2.031059308486437,14,42,49
2.031394841785532,24,45
2.031394841785532,1,24,45
2.031394841785532,3,24,45
2.031394841785532,5,24,45
2.031394841785532,6,24,45
2.031394841785532,7,24,45
2.031394841785532,8,24,45
2.031394841785532,9,24,45
2.031394841785532,10,24,45
2.031394841785532,11,24,45
2.031394841785532,12,24,45
2.031394841785532,13,24,45
2.031394841785532,14,24,45
2.031394841785532,15,24,45
2.031394841785532,16,24,45
2.031394841785532,17,24,45
2.031394841785532,18,24,45
2.031394841785532,19,24,45
2.031394841785532,20,24,45
2.031394841785532,21,24,45
2.031394841785532,22,24,45
2.031394841785532,23,24,45
2.031394841785532,24,25,45
2.031394841785532,24,26,45
2.031394841785532,24,27,45
2.031394841785532,24,28,45
2.031394841785532,24,29,45
2.031394841785532,24,30,45
2.031394841785532,24,31,45
2.031394841785532,24,32,45
2.031394841785532,24,33,45
2.031394841785532,24,34,45
2.031394841785532,24,35,45
2.031394841785532,24,36,45
2.031394841785532,24,37,45
2.031394841785532,24,38,45
2.031394841785532,24,39,45
2.031394841785532,24,40,45
2.031394841785532,24,41,45
2.031394841785532,24,42,45
2.031394841785532,24,43,45
2.031394841785532,24,44,45
2.0314022791778434,21,43
2.0314022791778434,0,21,43
2.0314022791778434,1,21,43
2.0314022791778434,2,21,43
2.0314022791778434,3,21,43
2.0314022791778434,4,21,43
2.0314022791778434,5,21,43
2.0314022791778434,6,21,43
2.0314022791778434,7,21,43
2.0314022791778434,8,21,43
2.0314022791778434,9,21,43
2.0314022791778434,10,21,43
2.0314022791778434,11,21,43
2.0314022791778434,12,21,43
2.0314022791778434,13,21,43
2.0314022791778434,14,21,43
2.0314022791778434,15,21,43
2.0314022791778434,16,21,43
2.0314022791778434,18,21,43
2.0314022791778434,19,21,43
2.0314022791778434,20,21,43
2.0314022791778434,21,22,43
2.0314022791778434,21,23,43
2.0314022791778434,21,24,43
2.0314022791778434,21,25,43
2.0314022791778434,21,26,43
2.0314022791778434,21,27,43
2.0314022791778434,21,28,43
2.0314022791778434,21,29,43
2.0314022791778434,21,30,43
2.0314022791778434,21,31,43
2.0314022791778434,21,32,43
2.0314022791778434,21,33,43
2.0314022791778434,21,34,43
2.0314022791778434,21,35,43
2.0314022791778434,21,36,43
2.0314022791778434,21,37,43
2.0314022791778434,21,38,43
2.0314022791778434,21,39,43
2.0314022791778434,21,40,43
2.0314022791778434,21,41,43
2.0314022791778434,21,42,43
2.0314022791778434,21,43,45
2.0314022791778434,21,43,48
2.0314022791778434,21,43,49
2.0314959727029898,4,24
2.0314959727029898,1,4,24
2.0314959727029898,3,4,24
2.0314959727029898,4,5,24
2.0314959727029898,4,6,24
2.0314959727029898,4,7,24
2.0314959727029898,4,8,24
2.0314959727029898,4,9,24
2.0314959727029898,4,10,24
2.0314959727029898,4,11,24
2.0314959727029898,4,12,24
2.0314959727029898,4,13,24
2.0314959727029898,4,14,24
2.0314959727029898,4,15,24
2.0314959727029898,4,16,24
2.0314959727029898,4,17,24
2.0314959727029898,4,18,24
2.0314959727029898,4,19,24
2.0314959727029898,4,20,24
2.0314959727029898,4,21,24
2.0314959727029898,4,22,24
2.0314959727029898,4,23,24
2.0314959727029898,4,24,25
2.0314959727029898,4,24,26
2.0314959727029898,4,24,28
2.0314959727029898,4,24,30
2.0314959727029898,4,24,31
2.0314959727029898,4,24,32
2.0314959727029898,4,24,33
2.0314959727029898,4,24,34
2.0314959727029898,4,24,35
2.0314959727029898,4,24,36
2.0314959727029898,4,24,37
2.0314959727029898,4,24,38
2.0314959727029898,4,24,39
2.0314959727029898,4,24,40
2.0314959727029898,4,24,41
2.0314959727029898,4,24,42
2.0314959727029898,4,24,43
2.0314959727029898,4,24,44
2.0314959727029898,4,24,45
2.0320413741653764,0,24
2.0320413741653764,0,1,24
2.0320413741653764,0,3,24
2.0320413741653764,0,4,24
2.0320413741653764,0,5,24
2.0320413741653764,0,6,24
2.0320413741653764,0,7,24
2.0320413741653764,0,8,24
2.0320413741653764,0,9,24
2.0320413741653764,0,10,24
2.0320413741653764,0,11,24
2.0320413741653764,0,12,24
2.0320413741653764,0,13,24
2.0320413741653764,0,14,24
2.0320413741653764,0,15,24
2.0320413741653764,0,16,24
2.0320413741653764,0,17,24
2.0320413741653764,0,18,24
2.0320413741653764,0,19,24
2.0320413741653764,0,20,24
2.0320413741653764,0,21,24
2.0320413741653764,0,22,24
2.0320413741653764,0,23,24
2.0320413741653764,0,24,25
2.0320413741653764,0,24,26
2.0320413741653764,0,24,27
2.0320413741653764,0,24,28
2.0320413741653764,0,24,29
2.0320413741653764,0,24,30
2.0320413741653764,0,24,31
2.0320413741653764,0,24,32
2.0320413741653764,0,24,33
2.0320413741653764,0,24,34
2.0320413741653764,0,24,35
2.0320413741653764,0,24,36
2.0320413741653764,0,24,37
2.0320413741653764,0,24,38
2.0320413741653764,0,24,39
2.0320413741653764,0,24,40
2.0320413741653764,0,24,41
2.0320413741653764,0,24,42
2.0320413741653764,0,24,43
2.0320413741653764,0,24,44
2.0320413741653764,0,24,45
2.032373205227046,17,40
2.032373205227046,0,17,40
2.032373205227046,1,17,40
2.032373205227046,2,17,40
2.032373205227046,3,17,40
2.032373205227046,4,17,40
2.032373205227046,5,17,40
2.032373205227046,6,17,40
2.032373205227046,7,17,40
2.032373205227046,8,17,40
2.032373205227046,9,17,40
2.032373205227046,10,17,40
2.032373205227046,11,17,40
2.032373205227046,12,17,40
2.032373205227046,13,17,40
2.032373205227046,14,17,40
2.032373205227046,15,17,40
2.032373205227046,16,17,40
2.032373205227046,17,18,40
2.032373205227046,17,19,40
2.032373205227046,17,20,40
2.032373205227046,17,21,40
2.032373205227046,17,22,40
2.032373205227046,17,23,40
2.032373205227046,17,24,40
2.032373205227046,17,25,40
2.032373205227046,17,26,40
2.032373205227046,17,27,40
2.032373205227046,17,28,40
2.032373205227046,17,29,40
2.032373205227046,17,30,40
2.032373205227046,17,31,40
2.032373205227046,17,32,40
2.032373205227046,17,33,40
2.032373205227046,17,34,40
2.032373205227046,17,35,40
2.032373205227046,17,36,40
2.032373205227046,17,37,40
2.032373205227046,17,38,40
2.032373205227046,17,39,40
2.032373205227046,17,40,45
2.032373205227046,17,40,46
2.032373205227046,17,40,47
2.032373205227046,17,40,48
2.032373205227046,17,40,49
2.0358961579482138,7,27
2.0358961579482138,0,7,27
2.0358961579482138,1,7,27
2.0358961579482138,3,7,27
2.0358961579482138,5,7,27
2.0358961579482138,6,7,27
2.0358961579482138,7,8,27
2.0358961579482138,7,9,27
2.0358961579482138,7,10,27
2.0358961579482138,7,11,27
2.0358961579482138,7,12,27
2.0358961579482138,7,13,27
2.0358961579482138,7,14,27
2.0358961579482138,7,15,27
2.0358961579482138,7,16,27
2.0358961579482138,7,17,27
2.0358961579482138,7,18,27
2.0358961579482138,7,19,27
2.0358961579482138,7,20,27
2.0358961579482138,7,21,27
2.0358961579482138,7,22,27
2.0358961579482138,7,23,27
2.0358961579482138,7,24,27
2.0358961579482138,7,25,27
2.0358961579482138,7,26,27
2.0358961579482138,7,27,28
2.0358961579482138,7,27,31
2.0358961579482138,7,27,35
2.0358961579482138,7,27,36
2.0358961579482138,7,27,37
2.0358961579482138,7,27,38
2.0358961579482138,7,27,39
2.0358961579482138,7,27,40
2.0358961579482138,7,27,41
2.0358961579482138,7,27,42
2.0358961579482138,7,27,43
2.0358961579482138,7,27,44
2.0358961579482138,7,27,45
2.0358961579482138,7,27,46
2.0358961579482138,7,27,47
2.0358961579482138,7,27,48
2.0358961579482138,7,27,49
2.036646924292838,23,47
2.036646924292838,0,23,47
2.036646924292838,1,23,47
2.036646924292838,2,23,47
2.036646924292838,3,23,47
2.036646924292838,4,23,47
2.036646924292838,5,23,47
2.036646924292838,6,23,47
2.036646924292838,7,23,47
2.036646924292838,8,23,47
2.036646924292838,9,23,47
2.036646924292838,10,23,47
2.036646924292838,11,23,47
2.036646924292838,12,23,47
2.036646924292838,13,23,47
2.036646924292838,14,23,47
2.036646924292838,15,23,47
2.036646924292838,16,23,47
2.036646924292838,17,23,47
2.036646924292838,18,23,47
2.036646924292838,19,23,47
2.036646924292838,20,23,47
2.036646924292838,23,25,47
2.036646924292838,23,26,47
2.036646924292838,23,27,47
2.036646924292838,23,28,47
2.036646924292838,23,29,47
2.036646924292838,23,30,47
2.036646924292838,23,31,47
2.036646924292838,23,32,47
2.036646924292838,23,33,47
2.036646924292838,23,34,47
2.036646924292838,23,35,47
2.036646924292838,23,36,47
2.036646924292838,23,37,47
2.036646924292838,23,38,47
2.036646924292838,23,39,47
2.036646924292838,23,40,47
2.036646924292838,23,41,47
2.036646924292838,23,42,47
2.036646924292838,23,43,47
2.036646924292838,23,44,47
2.036646924292838,23,45,47
2.036646924292838,23,46,47
2.036646924292838,23,47,48
2.036646924292838,23,47,49
2.037063073447749,10,32
2.037063073447749,0,10,32
2.037063073447749,1,10,32
2.037063073447749,2,10,32
2.037063073447749,3,10,32
2.037063073447749,4,10,32
2.037063073447749,5,10,32
2.037063073447749,6,10,32
2.037063073447749,8,10,32
2.037063073447749,9,10,32
2.037063073447749,10,11,32
2.037063073447749,10,12,32
2.037063073447749,10,13,32
2.037063073447749,10,14,32
2.037063073447749,10,15,32
2.037063073447749,10,16,32
2.037063073447749,10,17,32
2.037063073447749,10,18,32
2.037063073447749,10,19,32
2.037063073447749,10,20,32
2.037063073447749,10,21,32
2.037063073447749,10,22,32
2.037063073447749,10,23,32
2.037063073447749,10,24,32
2.037063073447749,10,25,32
2.037063073447749,10,26,32
2.037063073447749,10,27,32
2.037063073447749,10,28,32
2.037063073447749,10,30,32
2.037063073447749,10,31,32
2.037063073447749,10,32,33
2.037063073447749,10,32,36
2.037063073447749,10,32,37
2.037063073447749,10,32,38
2.037063073447749,10,32,39
2.037063073447749,10,32,40
2.037063073447749,10,32,41
2.037063073447749,10,32,42
2.037063073447749,10,32,43
2.037063073447749,10,32,44
2.037063073447749,10,32,45
2.037063073447749,10,32,46
2.037063073447749,10,32,47
2.037063073447749,10,32,48
2.037063073447749,10,32,49
2.03730662706574,2,27
2.03730662706574,0,2,27
2.03730662706574,1,2,27
2.03730662706574,2,3,27
2.03730662706574,2,5,27
2.03730662706574,2,6,27
2.03730662706574,2,7,27
2.03730662706574,2,8,27
2.03730662706574,2,9,27
2.03730662706574,2,10,27
2.03730662706574,2,11,27
2.03730662706574,2,12,27
2.03730662706574,2,13,27
2.03730662706574,2,14,27
2.03730662706574,2,15,27
2.03730662706574,2,16,27
2.03730662706574,2,17,27
2.03730662706574,2,18,27
2.03730662706574,2,19,27
2.03730662706574,2,20,27
2.03730662706574,2,21,27
2.03730662706574,2,22,27
2.03730662706574,2,23,27
2.03730662706574,2,25,27
2.03730662706574,2,26,27
2.03730662706574,2,27,28
2.03730662706574,2,27,29
2.03730662706574,2,27,30
2.03730662706574,2,27,31
2.03730662706574,2,27,32
2.03730662706574,2,27,33
2.03730662706574,2,27,34
2.03730662706574,2,27,35
2.03730662706574,2,27,36
2.03730662706574,2,27,37
2.03730662706574,2,27,38
2.03730662706574,2,27,39
2.03730662706574,2,27,40
2.03730662706574,2,27,41
2.03730662706574,2,27,42
2.03730662706574,2,27,43
2.03730662706574,2,27,44
2.03730662706574,2,27,45
2.03730662706574,2,27,46
2.03730662706574,2,27,47
2.03730662706574,2,27,48
2.03730662706574,2,27,49
2.0375167623665,9,34
2.0375167623665,0,9,34
2.0375167623665,1,9,34
2.0375167623665,2,9,34
2.0375167623665,3,9,34
2.0375167623665,4,9,34
2.0375167623665,5,9,34
2.0375167623665,9,13,34
2.0375167623665,9,15,34
2.0375167623665,9,16,34
2.0375167623665,9,17,34
2.0375167623665,9,18,34
2.0375167623665,9,19,34
2.0375167623665,9,20,34
2.0375167623665,9,21,34
2.0375167623665,9,22,34
2.0375167623665,9,23,34
2.0375167623665,9,24,34
2.0375167623665,9,25,34
2.0375167623665,9,26,34
2.0375167623665,9,27,34
2.0375167623665,9,28,34
2.0375167623665,9,29,34
2.0375167623665,9,30,34
2.0375167623665,9,31,34
2.0375167623665,9,32,34
2.0375167623665,9,33,34
2.0375167623665,9,34,35
2.0375167623665,9,34,36
2.0375167623665,9,34,37
2.0375167623665,9,34,38
2.0375167623665,9,34,39
2.0375167623665,9,34,40
2.0375167623665,9,34,41
2.0375167623665,9,34,42
2.0375167623665,9,34,43
2.0375167623665,9,34,44
2.0375167623665,9,34,45
2.0375167623665,9,34,46
2.0375167623665,9,34,47
2.0375167623665,9,34,48
2.0375167623665,9,34,49
2.0378299530307613,7,33
2.0378299530307613,0,7,33
2.0378299530307613,1,7,33
2.0378299530307613,2,7,33
2.0378299530307613,3,7,33
2.0378299530307613,4,7,33
2.0378299530307613,5,7,33
2.0378299530307613,6,7,33
2.0378299530307613,7,8,33
2.0378299530307613,7,9,33
2.0378299530307613,7,10,33
2.0378299530307613,7,11,33
2.0378299530307613,7,12,33
2.0378299530307613,7,13,33
2.0378299530307613,7,14,33
2.0378299530307613,7,15,33
2.0378299530307613,7,16,33
2.0378299530307613,7,17,33
2.0378299530307613,7,18,33
2.0378299530307613,7,19,33
2.0378299530307613,7,20,33
2.0378299530307613,7,21,33
2.0378299530307613,7,22,33
2.0378299530307613,7,23,33
2.0378299530307613,7,24,33
2.0378299530307613,7,25,33
2.0378299530307613,7,26,33
2.0378299530307613,7,27,33
2.0378299530307613,7,28,33
2.0378299530307613,7,31,33
2.0378299530307613,7,33,35
2.0378299530307613,7,33,36
2.0378299530307613,7,33,37
2.0378299530307613,7,33,38
2.0378299530307613,7,33,39
2.0378299530307613,7,33,40
2.0378299530307613,7,33,41
2.0378299530307613,7,33,42
2.0378299530307613,7,33,43
2.0378299530307613,7,33,44
2.0378299530307613,7,33,45
2.0378299530307613,7,33,46
2.0378299530307613,7,33,47
2.0378299530307613,7,33,48
2.0378299530307613,7,33,49
2.043330568198327,14,34
2.043330568198327,0,14,34
2.043330568198327,1,14,34
2.043330568198327,2,14,34
2.043330568198327,3,14,34
2.043330568198327,4,14,34
2.043330568198327,5,14,34
2.043330568198327,9,14,34
2.043330568198327,13,14,34
2.043330568198327,14,15,34
2.043330568198327,14,16,34
2.043330568198327,14,17,34
2.043330568198327,14,18,34
2.043330568198327,14,19,34
2.043330568198327,14,20,34
2.043330568198327,14,21,34
2.043330568198327,14,22,34
2.043330568198327,14,23,34
2.043330568198327,14,24,34
2.043330568198327,14,25,34
2.043330568198327,14,26,34
2.043330568198327,14,27,34
2.043330568198327,14,28,34
2.043330568198327,14,29,34
2.043330568198327,14,30,34
2.043330568198327,14,31,34
2.043330568198327,14,32,34
2.043330568198327,14,33,34
2.043330568198327,14,34,35
2.043330568198327,14,34,36
2.043330568198327,14,34,37
2.043330568198327,14,34,38
2.043330568198327,14,34,39
2.043330568198327,14,34,40
2.043330568198327,14,34,41
2.043330568198327,14,34,42
2.043330568198327,14,34,43
2.043330568198327,14,34,44
2.043330568198327,14,34,45
2.043330568198327,14,34,46
2.043330568198327,14,34,47
2.043330568198327,14,34,48
2.043330568198327,14,34,49
2.045227516836662,12,34
2.045227516836662,0,12,34
2.045227516836662,1,12,34
2.045227516836662,2,12,34
2.045227516836662,3,12,34
2.045227516836662,4,12,34
2.045227516836662,5,12,34
2.045227516836662,9,12,34
2.045227516836662,12,13,34
2.045227516836662,12,14,34
2.045227516836662,12,15,34
2.045227516836662,12,16,34
2.045227516836662,12,17,34
2.045227516836662,12,18,34
2.045227516836662,12,19,34
2.045227516836662,12,20,34
2.045227516836662,12,21,34
2.045227516836662,12,22,34
2.045227516836662,12,23,34
2.045227516836662,12,24,34
2.045227516836662,12,25,34
2.045227516836662,12,26,34
2.045227516836662,12,27,34
2.045227516836662,12,28,34
2.045227516836662,12,29,34
2.045227516836662,12,30,34
2.045227516836662,12,31,34
2.045227516836662,12,32,34
2.045227516836662,12,33,34
2.045227516836662,12,34,35
2.045227516836662,12,34,36
2.045227516836662,12,34,37
2.045227516836662,12,34,38
2.045227516836662,12,34,39
2.045227516836662,12,34,40
2.045227516836662,12,34,41
2.045227516836662,12,34,42
2.045227516836662,12,34,43
2.045227516836662,12,34,44
2.045227516836662,12,34,45
2.045227516836662,12,34,46
2.045227516836662,12,34,47
2.045227516836662,12,34,48
2.045227516836662,12,34,49
2.047713610561266,21,47
2.047713610561266,0,21,47
2.047713610561266,1,21,47
2.047713610561266,2,21,47
2.047713610561266,3,21,47
2.047713610561266,4,21,47
2.047713610561266,5,21,47
2.047713610561266,6,21,47
2.047713610561266,7,21,47
2.047713610561266,8,21,47
2.047713610561266,9,21,47
2.047713610561266,10,21,47
2.047713610561266,11,21,47
2.047713610561266,12,21,47
2.047713610561266,13,21,47
2.047713610561266,14,21,47
2.047713610561266,15,21,47
2.047713610561266,16,21,47
2.047713610561266,17,21,47
2.047713610561266,18,21,47
2.047713610561266,19,21,47
2.047713610561266,20,21,47
2.047713610561266,21,23,47
2.047713610561266,21,25,47
2.047713610561266,21,26,47
2.047713610561266,21,27,47
2.047713610561266,21,28,47
2.047713610561266,21,29,47
2.047713610561266,21,30,47
2.047713610561266,21,31,47
2.047713610561266,21,32,47
2.047713610561266,21,33,47
2.047713610561266,21,34,47
2.047713610561266,21,35,47
2.047713610561266,21,36,47
2.047713610561266,21,37,47
2.047713610561266,21,38,47
2.047713610561266,21,39,47
2.047713610561266,21,40,47
2.047713610561266,21,41,47
2.047713610561266,21,42,47
2.047713610561266,21,43,47
2.047713610561266,21,45,47
2.047713610561266,21,47,48
2.047713610561266,21,47,49
2.0488317842583874,17,41
2.0488317842583874,0,17,41
2.0488317842583874,1,17,41
2.0488317842583874,2,17,41
2.0488317842583874,3,17,41
2.0488317842583874,4,17,41
2.0488317842583874,5,17,41
2.0488317842583874,6,17,41
2.0488317842583874,7,17,41
2.0488317842583874,8,17,41
2.0488317842583874,9,17,41
2.0488317842583874,10,17,41
2.0488317842583874,11,17,41
2.0488317842583874,12,17,41
2.0488317842583874,13,17,41
2.0488317842583874,14,17,41
2.0488317842583874,15,17,41
2.0488317842583874,16,17,41
2.0488317842583874,17,18,41
2.0488317842583874,17,19,41
2.0488317842583874,17,20,41
2.0488317842583874,17,21,41
2.0488317842583874,17,22,41
2.0488317842583874,17,23,41
2.0488317842583874,17,24,41
2.0488317842583874,17,25,41
2.0488317842583874,17,26,41
2.0488317842583874,17,27,41
2.0488317842583874,17,28,41
2.0488317842583874,17,29,41
2.0488317842583874,17,30,41
2.0488317842583874,17,31,41
2.0488317842583874,17,32,41
2.0488317842583874,17,33,41
2.0488317842583874,17,34,41
2.0488317842583874,17,35,41
2.0488317842583874,17,36,41
2.0488317842583874,17,37,41
2.0488317842583874,17,38,41
2.0488317842583874,17,39,41
2.0488317842583874,17,40,41
2.0488317842583874,17,41,45
2.0488317842583874,17,41,46
2.0488317842583874,17,41,47
2.0488317842583874,17,41,48
2.0488317842583874,17,41,49
2.050912040966267,4,27
2.050912040966267,0,4,27
2.050912040966267,1,4,27
2.050912040966267,2,4,27
2.050912040966267,3,4,27
2.050912040966267,4,5,27
2.050912040966267,4,6,27
2.050912040966267,4,7,27
2.050912040966267,4,8,27
2.050912040966267,4,9,27
2.050912040966267,4,10,27
2.050912040966267,4,11,27
2.050912040966267,4,12,27
2.050912040966267,4,13,27
2.050912040966267,4,14,27
2.050912040966267,4,15,27
2.050912040966267,4,16,27
2.050912040966267,4,17,27
2.050912040966267,4,18,27
2.050912040966267,4,19,27
2.050912040966267,4,20,27
2.050912040966267,4,21,27
2.050912040966267,4,22,27
2.050912040966267,4,23,27
2.050912040966267,4,24,27
2.050912040966267,4,25,27
2.050912040966267,4,26,27
2.050912040966267,4,27,28
2.050912040966267,4,27,30
2.050912040966267,4,27,31
2.050912040966267,4,27,32
2.050912040966267,4,27,33
2.050912040966267,4,27,34
2.050912040966267,4,27,35
2.050912040966267,4,27,36
2.050912040966267,4,27,37
2.050912040966267,4,27,38
2.050912040966267,4,27,39
2.050912040966267,4,27,40
2.050912040966267,4,27,41
2.050912040966267,4,27,42
2.050912040966267,4,27,43
2.050912040966267,4,27,44
2.050912040966267,4,27,45
2.050912040966267,4,27,46
2.050912040966267,4,27,47
2.050912040966267,4,27,48
2.050912040966267,4,27,49
2.0519635405437535,21,44
2.0519635405437535,0,21,44
2.0519635405437535,1,21,44
2.0519635405437535,2,21,44
2.0519635405437535,3,21,44
2.0519635405437535,4,21,44
2.0519635405437535,5,21,44
2.0519635405437535,6,21,44
2.0519635405437535,7,21,44
2.0519635405437535,8,21,44
2.0519635405437535,9,21,44
2.0519635405437535,10,21,44
2.0519635405437535,11,21,44
2.0519635405437535,12,21,44
2.0519635405437535,13,21,44
2.0519635405437535,14,21,44
2.0519635405437535,15,21,44
2.0519635405437535,16,21,44
2.0519635405437535,18,21,44
2.0519635405437535,19,21,44
2.0519635405437535,20,21,44
2.0519635405437535,21,22,44
2.0519635405437535,21,23,44
2.0519635405437535,21,24,44
2.0519635405437535,21,25,44
2.0519635405437535,21,26,44
2.0519635405437535,21,27,44
2.0519635405437535,21,28,44
2.0519635405437535,21,29,44
2.0519635405437535,21,30,44
2.0519635405437535,21,31,44
2.0519635405437535,21,32,44
2.0519635405437535,21,33,44
2.0519635405437535,21,34,44
2.0519635405437535,21,35,44
2.0519635405437535,21,36,44
2.0519635405437535,21,37,44
2.0519635405437535,21,38,44
2.0519635405437535,21,39,44
2.0519635405437535,21,40,44
2.0519635405437535,21,41,44
2.0519635405437535,21,42,44
2.0519635405437535,21,43,44
2.0519635405437535,21,44,45
2.0519635405437535,21,44,47
2.0519635405437535,21,44,48
2.0519635405437535,21,44,49
2.0536506266908776,5,29
2.0536506266908776,0,5,29
2.0536506266908776,1,5,29
2.0536506266908776,2,5,29
2.0536506266908776,3,5,29
2.0536506266908776,5,9,29
2.0536506266908776,5,11,29
2.0536506266908776,5,12,29
2.0536506266908776,5,13,29
2.0536506266908776,5,14,29
2.0536506266908776,5,15,29
2.0536506266908776,5,16,29
2.0536506266908776,5,17,29
2.0536506266908776,5,18,29
2.0536506266908776,5,19,29
2.0536506266908776,5,20,29
2.0536506266908776,5,21,29
2.0536506266908776,5,22,29
2.0536506266908776,5,23,29
2.0536506266908776,5,24,29
2.0536506266908776,5,25,29
2.0536506266908776,5,26,29
2.0536506266908776,5,27,29
2.0536506266908776,5,28,29
2.0536506266908776,5,29,30
2.0536506266908776,5,29,31
2.0536506266908776,5,29,32
2.0536506266908776,5,29,33
2.0536506266908776,5,29,34
2.0536506266908776,5,29,35
2.0536506266908776,5,29,36
2.0536506266908776,5,29,37
2.0536506266908776,5,29,38
2.0536506266908776,5,29,39
2.0536506266908776,5,29,40
2.0536506266908776,5,29,41
2.0536506266908776,5,29,42
2.0536506266908776,5,29,43
2.0536506266908776,5,29,44
2.0536506266908776,5,29,45
2.0536506266908776,5,29,46
2.0536506266908776,5,29,47
2.0536506266908776,5,29,48
2.0536506266908776,5,29,49
2.0545303282937346,16,42
2.0545303282937346,0,16,42
2.0545303282937346,1,16,42
2.0545303282937346,2,16,42
2.0545303282937346,3,16,42
2.0545303282937346,4,16,42
2.0545303282937346,5,16,42
2.0545303282937346,6,16,42
2.0545303282937346,7,16,42
2.0545303282937346,8,16,42
2.0545303282937346,9,16,42
2.0545303282937346,10,16,42
2.0545303282937346,11,16,42
2.0545303282937346,12,16,42
2.0545303282937346,13,16,42
2.0545303282937346,14,16,42
2.0545303282937346,15,16,42
2.0545303282937346,16,18,42
2.0545303282937346,16,19,42
2.0545303282937346,16,20,42
2.0545303282937346,16,21,42
2.0545303282937346,16,22,42
2.0545303282937346,16,23,42
2.0545303282937346,16,24,42
2.0545303282937346,16,25,42
2.0545303282937346,16,26,42
2.0545303282937346,16,27,42
2.0545303282937346,16,28,42
2.0545303282937346,16,29,42
2.0545303282937346,16,30,42
2.0545303282937346,16,31,42
2.0545303282937346,16,32,42
2.0545303282937346,16,33,42
2.0545303282937346,16,34,42
2.0545303282937346,16,35,42
2.0545303282937346,16,36,42
2.0545303282937346,16,37,42
2.0545303282937346,16,38,42
2.0545303282937346,16,39,42
2.0545303282937346,16,40,42
2.0545303282937346,16,41,42
2.0545303282937346,16,42,43
2.0545303282937346,16,42,44
2.0545303282937346,16,42,45
2.0545303282937346,16,42,46
2.0545303282937346,16,42,47
2.0545303282937346,16,42,48
2.0545303282937346,16,42,49
2.0545664579276233,22,47
2.0545664579276233,0,22,47
2.0545664579276233,1,22,47
2.0545664579276233,2,22,47
2.0545664579276233,3,22,47
2.0545664579276233,4,22,47
2.0545664579276233,5,22,47
2.0545664579276233,6,22,47
2.0545664579276233,7,22,47
2.0545664579276233,8,22,47
2.0545664579276233,9,22,47
2.0545664579276233,10,22,47
2.0545664579276233,11,22,47
2.0545664579276233,12,22,47
2.0545664579276233,13,22,47
2.0545664579276233,14,22,47
2.0545664579276233,15,22,47
2.0545664579276233,16,22,47
2.0545664579276233,17,22,47
2.0545664579276233,18,22,47
2.0545664579276233,19,22,47
2.0545664579276233,20,22,47
2.0545664579276233,21,22,47
2.0545664579276233,22,23,47
2.0545664579276233,22,25,47
2.0545664579276233,22,26,47
2.0545664579276233,22,27,47
2.0545664579276233,22,28,47
2.0545664579276233,22,29,47
2.0545664579276233,22,30,47
2.0545664579276233,22,31,47
2.0545664579276233,22,32,47
2.0545664579276233,22,33,47
2.0545664579276233,22,34,47
2.0545664579276233,22,35,47
2.0545664579276233,22,36,47
2.0545664579276233,22,37,47
2.0545664579276233,22,38,47
2.0545664579276233,22,39,47
2.0545664579276233,22,40,47
2.0545664579276233,22,41,47
2.0545664579276233,22,42,47
2.0545664579276233,22,43,47
2.0545664579276233,22,44,47
2.0545664579276233,22,45,47
2.0545664579276233,22,47,48
2.0545664579276233,22,47,49
2.0562953526008205,10,35
2.0562953526008205,0,10,35
2.0562953526008205,1,10,35
2.0562953526008205,2,10,35
2.0562953526008205,3,10,35
2.0562953526008205,4,10,35
2.0562953526008205,5,10,35
2.0562953526008205,6,10,35
2.0562953526008205,7,10,35
2.0562953526008205,8,10,35
2.0562953526008205,9,10,35
2.0562953526008205,10,11,35
2.0562953526008205,10,12,35
2.0562953526008205,10,13,35
2.0562953526008205,10,14,35
2.0562953526008205,10,15,35
2.0562953526008205,10,16,35
2.0562953526008205,10,17,35
2.0562953526008205,10,18,35
2.0562953526008205,10,19,35
2.0562953526008205,10,20,35
2.0562953526008205,10,21,35
2.0562953526008205,10,22,35
2.0562953526008205,10,23,35
2.0562953526008205,10,24,35
2.0562953526008205,10,25,35
2.0562953526008205,10,26,35
2.0562953526008205,10,27,35
2.0562953526008205,10,28,35
2.0562953526008205,10,30,35
2.0562953526008205,10,31,35
2.0562953526008205,10,32,35
2.0562953526008205,10,33,35
2.0562953526008205,10,35,36
2.0562953526008205,10,35,37
2.0562953526008205,10,35,38
2.0562953526008205,10,35,39
2.0562953526008205,10,35,40
2.0562953526008205,10,35,41
2.0562953526008205,10,35,42
2.0562953526008205,10,35,43
2.0562953526008205,10,35,44
2.0562953526008205,10,35,45
2.0562953526008205,10,35,46
2.0562953526008205,10,35,47
2.0562953526008205,10,35,48
2.0562953526008205,10,35,49
2.0563285784914633,11,34
2.0563285784914633,0,11,34
2.0563285784914633,1,11,34
2.0563285784914633,2,11,34
2.0563285784914633,3,11,34
2.0563285784914633,4,11,34
2.0563285784914633,5,11,34
2.0563285784914633,9,11,34
2.0563285784914633,11,12,34
2.0563285784914633,11,13,34
2.0563285784914633,11,14,34
2.0563285784914633,11,15,34
2.0563285784914633,11,16,34
2.0563285784914633,11,17,34
2.0563285784914633,11,18,34
2.0563285784914633,11,19,34
2.0563285784914633,11,20,34
2.0563285784914633,11,21,34
2.0563285784914633,11,22,34
2.0563285784914633,11,23,34
2.0563285784914633,11,24,34
2.0563285784914633,11,25,34
2.0563285784914633,11,26,34
2.0563285784914633,11,27,34
2.0563285784914633,11,28,34
2.0563285784914633,11,29,34
2.0563285784914633,11,30,34
2.0563285784914633,11,31,34
2.0563285784914633,11,32,34
2.0563285784914633,11,33,34
2.0563285784914633,11,34,35
2.0563285784914633,11,34,36
2.0563285784914633,11,34,37
2.0563285784914633,11,34,38
2.0563285784914633,11,34,39
2.0563285784914633,11,34,40
2.0563285784914633,11,34,41
2.0563285784914633,11,34,42
2.0563285784914633,11,34,43
2.0563285784914633,11,34,44
2.0563285784914633,11,34,45
2.0563285784914633,11,34,46
2.0563285784914633,11,34,47
2.0563285784914633,11,34,48
2.0563285784914633,11,34,49
2.058403870719745,10,29
2.058403870719745,0,10,29
2.058403870719745,1,10,29
2.058403870719745,2,10,29
2.058403870719745,3,10,29
2.058403870719745,5,10,29
2.058403870719745,9,10,29
2.058403870719745,10,11,29
2.058403870719745,10,12,29
2.058403870719745,10,13,29
2.058403870719745,10,14,29
2.058403870719745,10,15,29
2.058403870719745,10,16,29
2.058403870719745,10,17,29
2.058403870719745,10,18,29
2.058403870719745,10,19,29
2.058403870719745,10,20,29
2.058403870719745,10,21,29
2.058403870719745,10,22,29
2.058403870719745,10,23,29
2.058403870719745,10,24,29
2.058403870719745,10,25,29
2.058403870719745,10,26,29
2.058403870719745,10,27,29
2.058403870719745,10,28,29
2.058403870719745,10,29,30
2.058403870719745,10,29,31
2.058403870719745,10,29,32
2.058403870719745,10,29,33
2.058403870719745,10,29,35
2.058403870719745,10,29,36
2.058403870719745,10,29,37
2.058403870719745,10,29,38
2.058403870719745,10,29,39
2.058403870719745,10,29,40
2.058403870719745,10,29,41
2.058403870719745,10,29,42
2.058403870719745,10,29,43
2.058403870719745,10,29,44
2.058403870719745,10,29,45
2.058403870719745,10,29,46
2.058403870719745,10,29,47
2.058403870719745,10,29,48
2.058403870719745,10,29,49
2.0589770962377885,6,34
2.0589770962377885,0,6,34
2.0589770962377885,1,6,34
2.0589770962377885,2,6,34
2.0589770962377885,3,6,34
2.0589770962377885,4,6,34
2.0589770962377885,5,6,34
2.0589770962377885,6,9,34
2.0589770962377885,6,11,34
2.0589770962377885,6,12,34
2.0589770962377885,6,13,34
2.0589770962377885,6,14,34
2.0589770962377885,6,15,34
2.0589770962377885,6,16,34
2.0589770962377885,6,17,34
2.0589770962377885,6,18,34
2.0589770962377885,6,19,34
2.0589770962377885,6,20,34
2.0589770962377885,6,21,34
2.0589770962377885,6,22,34
2.0589770962377885,6,23,34
2.0589770962377885,6,24,34
2.0589770962377885,6,25,34
2.0589770962377885,6,26,34
2.0589770962377885,6,27,34
2.0589770962377885,6,28,34
2.0589770962377885,6,30,34
2.0589770962377885,6,31,34
2.0589770962377885,6,32,34
2.0589770962377885,6,33,34
2.0589770962377885,6,34,35
2.0589770962377885,6,34,36
2.0589770962377885,6,34,37
2.0589770962377885,6,34,38
2.0589770962377885,6,34,39
2.0589770962377885,6,34,40
2.0589770962377885,6,34,41
2.0589770962377885,6,34,42
2.0589770962377885,6,34,43
2.0589770962377885,6,34,44
2.0589770962377885,6,34,45
2.0589770962377885,6,34,46
2.0589770962377885,6,34,47
2.0589770962377885,6,34,48
2.0589770962377885,6,34,49
2.0640039578045197,22,46
2.0640039578045197,0,22,46
2.0640039578045197,1,22,46
2.0640039578045197,2,22,46
2.0640039578045197,3,22,46
2.0640039578045197,4,22,46
2.0640039578045197,5,22,46
2.0640039578045197,6,22,46
2.0640039578045197,7,22,46
2.0640039578045197,8,22,46
2.0640039578045197,9,22,46
2.0640039578045197,10,22,46
2.0640039578045197,11,22,46
2.0640039578045197,12,22,46
2.0640039578045197,13,22,46
2.0640039578045197,14,22,46
2.0640039578045197,15,22,46
2.0640039578045197,16,22,46
2.0640039578045197,17,22,46
2.0640039578045197,18,22,46
2.0640039578045197,19,22,46
2.0640039578045197,20,22,46
2.0640039578045197,22,23,46
2.0640039578045197,22,25,46
2.0640039578045197,22,26,46
2.0640039578045197,22,27,46
2.0640039578045197,22,28,46
2.0640039578045197,22,29,46
2.0640039578045197,22,30,46
2.0640039578045197,22,31,46
2.0640039578045197,22,32,46
2.0640039578045197,22,33,46
2.0640039578045197,22,34,46
2.0640039578045197,22,35,46
2.0640039578045197,22,36,46
2.0640039578045197,22,37,46
2.0640039578045197,22,38,46
2.0640039578045197,22,39,46
2.0640039578045197,22,40,46
2.0640039578045197,22,41,46
2.0640039578045197,22,42,46
2.0640039578045197,22,43,46
2.0640039578045197,22,44,46
2.0640039578045197,22,45,46
2.0640039578045197,22,46,47
2.0640039578045197,22,46,48
2.0640039578045197,22,46,49
2.0646288528946646,24,48
2.0646288528946646,0,24,48
2.0646288528946646,1,24,48
2.0646288528946646,3,24,48
2.0646288528946646,4,24,48
2.0646288528946646,5,24,48
2.0646288528946646,6,24,48
2.0646288528946646,7,24,48
2.0646288528946646,8,24,48
2.0646288528946646,9,24,48
2.0646288528946646,10,24,48
2.0646288528946646,11,24,48
2.0646288528946646,12,24,48
2.0646288528946646,13,24,48
2.0646288528946646,14,24,48
2.0646288528946646,15,24,48
2.0646288528946646,16,24,48
2.0646288528946646,17,24,48
2.0646288528946646,18,24,48
2.0646288528946646,19,24,48
2.0646288528946646,20,24,48
2.0646288528946646,21,24,48
2.0646288528946646,22,24,48
2.0646288528946646,23,24,48
2.0646288528946646,24,25,48
2.0646288528946646,24,26,48
2.0646288528946646,24,27,48
2.0646288528946646,24,28,48
2.0646288528946646,24,29,48
2.0646288528946646,24,30,48
2.0646288528946646,24,31,48
2.0646288528946646,24,32,48
2.0646288528946646,24,33,48
2.0646288528946646,24,34,48
2.0646288528946646,24,35,48
2.0646288528946646,24,36,48
2.0646288528946646,24,37,48
2.0646288528946646,24,38,48
2.0646288528946646,24,39,48
2.0646288528946646,24,40,48
2.0646288528946646,24,41,48
2.0646288528946646,24,42,48
2.0646288528946646,24,43,48
2.0646288528946646,24,44,48
2.0646288528946646,24,45,48
2.064723590654947,17,44
2.064723590654947,0,17,44
2.064723590654947,1,17,44
2.064723590654947,2,17,44
2.064723590654947,3,17,44
2.064723590654947,4,17,44
2.064723590654947,5,17,44
2.064723590654947,6,17,44
2.064723590654947,7,17,44
2.064723590654947,8,17,44
2.064723590654947,9,17,44
2.064723590654947,10,17,44
2.064723590654947,11,17,44
2.064723590654947,12,17,44
2.064723590654947,13,17,44
2.064723590654947,14,17,44
2.064723590654947,15,17,44
2.064723590654947,16,17,44
2.064723590654947,17,18,44
2.064723590654947,17,19,44
2.064723590654947,17,20,44
2.064723590654947,17,21,44
2.064723590654947,17,22,44
2.064723590654947,17,23,44
2.064723590654947,17,24,44
2.064723590654947,17,25,44
2.064723590654947,17,26,44
2.064723590654947,17,27,44
2.064723590654947,17,28,44
2.064723590654947,17,29,44
2.064723590654947,17,30,44
2.064723590654947,17,31,44
2.064723590654947,17,32,44
2.064723590654947,17,33,44
2.064723590654947,17,34,44
2.064723590654947,17,35,44
2.064723590654947,17,36,44
2.064723590654947,17,37,44
2.064723590654947,17,38,44
2.064723590654947,17,39,44
2.064723590654947,17,40,44
2.064723590654947,17,41,44
2.064723590654947,17,44,45
2.064723590654947,17,44,46
2.064723590654947,17,44,47
2.064723590654947,17,44,48
2.064723590654947,17,44,49
2.0647288726747206,7,30
2.0647288726747206,0,7,30
2.0647288726747206,1,7,30
2.0647288726747206,2,7,30
2.0647288726747206,3,7,30
2.0647288726747206,4,7,30
2.0647288726747206,5,7,30
2.0647288726747206,6,7,30
2.0647288726747206,7,8,30
2.0647288726747206,7,9,30
2.0647288726747206,7,10,30
2.0647288726747206,7,11,30
2.0647288726747206,7,12,30
2.0647288726747206,7,13,30
2.0647288726747206,7,14,30
2.0647288726747206,7,15,30
2.0647288726747206,7,16,30
2.0647288726747206,7,17,30
2.0647288726747206,7,18,30
2.0647288726747206,7,19,30
2.0647288726747206,7,20,30
2.0647288726747206,7,21,30
2.0647288726747206,7,22,30
2.0647288726747206,7,23,30
2.0647288726747206,7,24,30
2.0647288726747206,7,25,30
2.0647288726747206,7,26,30
2.0647288726747206,7,27,30
2.0647288726747206,7,28,30
2.0647288726747206,7,30,31
2.0647288726747206,7,30,33
2.0647288726747206,7,30,35
2.0647288726747206,7,30,36
2.0647288726747206,7,30,37
2.0647288726747206,7,30,38
2.0647288726747206,7,30,39
2.0647288726747206,7,30,40
2.0647288726747206,7,30,41
2.0647288726747206,7,30,42
2.0647288726747206,7,30,43
2.0647288726747206,7,30,44
2.0647288726747206,7,30,45
2.0647288726747206,7,30,46
2.0647288726747206,7,30,47
2.0647288726747206,7,30,48
2.0647288726747206,7,30,49
2.069954114393755,17,43
2.069954114393755,0,17,43
2.069954114393755,1,17,43
2.069954114393755,2,17,43
2.069954114393755,3,17,43
2.069954114393755,4,17,43
2.069954114393755,5,17,43
2.069954114393755,6,17,43
2.069954114393755,7,17,43
2.069954114393755,8,17,43
2.069954114393755,9,17,43
2.069954114393755,10,17,43
2.069954114393755,11,17,43
2.069954114393755,12,17,43
2.069954114393755,13,17,43
2.069954114393755,14,17,43
2.069954114393755,15,17,43
2.069954114393755,16,17,43
2.069954114393755,17,18,43
2.069954114393755,17,19,43
2.069954114393755,17,20,43
2.069954114393755,17,21,43
2.069954114393755,17,22,43
2.069954114393755,17,23,43
2.069954114393755,17,24,43
2.069954114393755,17,25,43
2.069954114393755,17,26,43
2.069954114393755,17,27,43
2.069954114393755,17,28,43
2.069954114393755,17,29,43
2.069954114393755,17,30,43
2.069954114393755,17,31,43
2.069954114393755,17,32,43
2.069954114393755,17,33,43
2.069954114393755,17,34,43
2.069954114393755,17,35,43
2.069954114393755,17,36,43
2.069954114393755,17,37,43
2.069954114393755,17,38,43
2.069954114393755,17,39,43
2.069954114393755,17,40,43
2.069954114393755,17,41,43
2.069954114393755,17,43,44
2.069954114393755,17,43,45
2.069954114393755,17,43,46
2.069954114393755,17,43,47
2.069954114393755,17,43,48
2.069954114393755,17,43,49
2.07293683441064,21,46
2.07293683441064,0,21,46
2.07293683441064,1,21,46
2.07293683441064,2,21,46
2.07293683441064,3,21,46
2.07293683441064,4,21,46
2.07293683441064,5,21,46
2.07293683441064,6,21,46
2.07293683441064,7,21,46
2.07293683441064,8,21,46
2.07293683441064,9,21,46
2.07293683441064,10,21,46
2.07293683441064,11,21,46
2.07293683441064,12,21,46
2.07293683441064,13,21,46
2.07293683441064,14,21,46
2.07293683441064,15,21,46
2.07293683441064,16,21,46
2.07293683441064,17,21,46
2.07293683441064,18,21,46
2.07293683441064,19,21,46
2.07293683441064,20,21,46
2.07293683441064,21,22,46
2.07293683441064,21,23,46
2.07293683441064,21,25,46
2.07293683441064,21,26,46
2.07293683441064,21,27,46
2.07293683441064,21,28,46
2.07293683441064,21,29,46
2.07293683441064,21,30,46
2.07293683441064,21,31,46
2.07293683441064,21,32,46
2.07293683441064,21,33,46
2.07293683441064,21,34,46
2.07293683441064,21,35,46
2.07293683441064,21,36,46
2.07293683441064,21,37,46
2.07293683441064,21,38,46
2.07293683441064,21,39,46
2.07293683441064,21,40,46
2.07293683441064,21,41,46
2.07293683441064,21,42,46
2.07293683441064,21,43,46
2.07293683441064,21,44,46
2.07293683441064,21,45,46
2.07293683441064,21,46,47
2.07293683441064,21,46,48
2.07293683441064,21,46,49
2.0778071341519695,24,49
2.0778071341519695,0,24,49
2.0778071341519695,1,24,49
2.0778071341519695,3,24,49
2.0778071341519695,4,24,49
2.0778071341519695,5,24,49
2.0778071341519695,6,24,49
2.0778071341519695,7,24,49
2.0778071341519695,8,24,49
2.0778071341519695,9,24,49
2.0778071341519695,10,24,49
2.0778071341519695,11,24,49
2.0778071341519695,12,24,49
2.0778071341519695,13,24,49
2.0778071341519695,14,24,49
2.0778071341519695,15,24,49
2.0778071341519695,16,24,49
2.0778071341519695,17,24,49
2.0778071341519695,18,24,49
2.0778071341519695,19,24,49
2.0778071341519695,20,24,49
2.0778071341519695,21,24,49
2.0778071341519695,22,24,49
2.0778071341519695,23,24,49
2.0778071341519695,24,25,49
2.0778071341519695,24,26,49
2.0778071341519695,24,27,49
2.0778071341519695,24,28,49
2.0778071341519695,24,29,49
2.0778071341519695,24,30,49
2.0778071341519695,24,31,49
2.0778071341519695,24,32,49
2.0778071341519695,24,33,49
2.0778071341519695,24,34,49
2.0778071341519695,24,35,49
2.0778071341519695,24,36,49
2.0778071341519695,24,37,49
2.0778071341519695,24,38,49
2.0778071341519695,24,39,49
2.0778071341519695,24,40,49
2.0778071341519695,24,41,49
2.0778071341519695,24,42,49
2.0778071341519695,24,43,49
2.0778071341519695,24,44,49
2.0778071341519695,24,45,49
2.0778071341519695,24,48,49
2.0811967125293163,7,32
2.0811967125293163,0,7,32
2.0811967125293163,1,7,32
2.0811967125293163,2,7,32
2.0811967125293163,3,7,32
2.0811967125293163,4,7,32
2.0811967125293163,5,7,32
2.0811967125293163,6,7,32
2.0811967125293163,7,8,32
2.0811967125293163,7,9,32
2.0811967125293163,7,10,32
2.0811967125293163,7,11,32
2.0811967125293163,7,12,32
2.0811967125293163,7,13,32
2.0811967125293163,7,14,32
2.0811967125293163,7,15,32
2.0811967125293163,7,16,32
2.0811967125293163,7,17,32
2.0811967125293163,7,18,32
2.0811967125293163,7,19,32
2.0811967125293163,7,20,32
2.0811967125293163,7,21,32
2.0811967125293163,7,22,32
2.0811967125293163,7,23,32
2.0811967125293163,7,24,32
2.0811967125293163,7,25,32
2.0811967125293163,7,26,32
2.0811967125293163,7,27,32
2.0811967125293163,7,28,32
2.0811967125293163,7,30,32
2.0811967125293163,7,31,32
2.0811967125293163,7,32,33
2.0811967125293163,7,32,35
2.0811967125293163,7,32,36
2.0811967125293163,7,32,37
2.0811967125293163,7,32,38
2.0811967125293163,7,32,39
2.0811967125293163,7,32,40
2.0811967125293163,7,32,41
2.0811967125293163,7,32,42
2.0811967125293163,7,32,43
2.0811967125293163,7,32,44
2.0811967125293163,7,32,45
2.0811967125293163,7,32,46
2.0811967125293163,7,32,47
2.0811967125293163,7,32,48
2.0811967125293163,7,32,49
2.08543704750048,17,42
2.08543704750048,0,17,42
2.08543704750048,1,17,42
2.08543704750048,2,17,42
2.08543704750048,3,17,42
2.08543704750048,4,17,42
2.08543704750048,5,17,42
2.08543704750048,6,17,42
2.08543704750048,7,17,42
2.08543704750048,8,17,42
2.08543704750048,9,17,42
2.08543704750048,10,17,42
2.08543704750048,11,17,42
2.08543704750048,12,17,42
2.08543704750048,13,17,42
2.08543704750048,14,17,42
2.08543704750048,15,17,42
2.08543704750048,16,17,42
2.08543704750048,17,18,42
2.08543704750048,17,19,42
2.08543704750048,17,20,42
2.08543704750048,17,21,42
2.08543704750048,17,22,42
2.08543704750048,17,23,42
2.08543704750048,17,24,42
2.08543704750048,17,25,42
2.08543704750048,17,26,42
2.08543704750048,17,27,42
2.08543704750048,17,28,42
2.08543704750048,17,29,42
2.08543704750048,17,30,42
2.08543704750048,17,31,42
2.08543704750048,17,32,42
2.08543704750048,17,33,42
2.08543704750048,17,34,42
2.08543704750048,17,35,42
2.08543704750048,17,36,42
2.08543704750048,17,37,42
2.08543704750048,17,38,42
2.08543704750048,17,39,42
2.08543704750048,17,40,42
2.08543704750048,17,41,42
2.08543704750048,17,42,43
2.08543704750048,17,42,44
2.08543704750048,17,42,45
2.08543704750048,17,42,46
2.08543704750048,17,42,47
2.08543704750048,17,42,48
2.08543704750048,17,42,49
2.0893121159828723,8,34
2.0893121159828723,0,8,34
2.0893121159828723,1,8,34
2.0893121159828723,2,8,34
2.0893121159828723,3,8,34
2.0893121159828723,4,8,34
2.0893121159828723,5,8,34
2.0893121159828723,6,8,34
2.0893121159828723,8,9,34
2.0893121159828723,8,11,34
2.0893121159828723,8,12,34
2.0893121159828723,8,13,34
2.0893121159828723,8,14,34
2.0893121159828723,8,15,34
2.0893121159828723,8,16,34
2.0893121159828723,8,17,34
2.0893121159828723,8,18,34
2.0893121159828723,8,19,34
2.0893121159828723,8,20,34
2.0893121159828723,8,21,34
2.0893121159828723,8,22,34
2.0893121159828723,8,23,34
2.0893121159828723,8,24,34
2.0893121159828723,8,25,34
2.0893121159828723,8,26,34
2.0893121159828723,8,27,34
2.0893121159828723,8,28,34
2.0893121159828723,8,30,34
2.0893121159828723,8,31,34
2.0893121159828723,8,32,34
2.0893121159828723,8,33,34
2.0893121159828723,8,34,35
2.0893121159828723,8,34,36
2.0893121159828723,8,34,37
2.0893121159828723,8,34,38
2.0893121159828723,8,34,39
2.0893121159828723,8,34,40
2.0893121159828723,8,34,41
2.0893121159828723,8,34,42
2.0893121159828723,8,34,43
2.0893121159828723,8,34,44
2.0893121159828723,8,34,45
2.0893121159828723,8,34,46
2.0893121159828723,8,34,47
2.0893121159828723,8,34,48
2.0893121159828723,8,34,49
2.090363918120214,2,24
2.090363918120214,0,2,24
2.090363918120214,1,2,24
2.090363918120214,2,3,24
2.090363918120214,2,4,24
2.090363918120214,2,5,24
2.090363918120214,2,6,24
2.090363918120214,2,7,24
2.090363918120214,2,8,24
2.090363918120214,2,9,24
2.090363918120214,2,10,24
2.090363918120214,2,11,24
2.090363918120214,2,12,24
2.090363918120214,2,13,24
2.090363918120214,2,14,24
2.090363918120214,2,15,24
2.090363918120214,2,16,24
2.090363918120214,2,17,24
2.090363918120214,2,18,24
2.090363918120214,2,19,24
2.090363918120214,2,20,24
2.090363918120214,2,21,24
2.090363918120214,2,22,24
2.090363918120214,2,23,24
2.090363918120214,2,24,25
2.090363918120214,2,24,26
2.090363918120214,2,24,27
2.090363918120214,2,24,28
2.090363918120214,2,24,29
2.090363918120214,2,24,30
2.090363918120214,2,24,31
2.090363918120214,2,24,32
2.090363918120214,2,24,33
2.090363918120214,2,24,34
2.090363918120214,2,24,35
2.090363918120214,2,24,36
2.090363918120214,2,24,37
2.090363918120214,2,24,38
2.090363918120214,2,24,39
2.090363918120214,2,24,40
2.090363918120214,2,24,41
2.090363918120214,2,24,42
2.090363918120214,2,24,43
2.090363918120214,2,24,44
2.090363918120214,2,24,45
2.090363918120214,2,24,48
2.090363918120214,2,24,49
2.098300725089581,24,46
2.098300725089581,0,24,46
2.098300725089581,1,24,46
2.098300725089581,2,24,46
2.098300725089581,3,24,46
2.098300725089581,4,24,46
2.098300725089581,5,24,46
2.098300725089581,6,24,46
2.098300725089581,7,24,46
2.098300725089581,8,24,46
2.098300725089581,9,24,46
2.098300725089581,10,24,46
2.098300725089581,11,24,46
2.098300725089581,12,24,46
2.098300725089581,13,24,46
2.098300725089581,14,24,46
2.098300725089581,15,24,46
2.098300725089581,16,24,46
2.098300725089581,17,24,46
2.098300725089581,18,24,46
2.098300725089581,19,24,46
2.098300725089581,20,24,46
2.098300725089581,21,24,46
2.098300725089581,22,24,46
2.098300725089581,23,24,46
2.098300725089581,24,25,46
2.098300725089581,24,26,46
2.098300725089581,24,27,46
2.098300725089581,24,28,46
2.098300725089581,24,29,46
2.098300725089581,24,30,46
2.098300725089581,24,31,46
2.098300725089581,24,32,46
2.098300725089581,24,33,46
2.098300725089581,24,34,46
2.098300725089581,24,35,46
2.098300725089581,24,36,46
2.098300725089581,24,37,46
2.098300725089581,24,38,46
2.098300725089581,24,39,46
2.098300725089581,24,40,46
2.098300725089581,24,41,46
2.098300725089581,24,42,46
2.098300725089581,24,43,46
2.098300725089581,24,44,46
2.098300725089581,24,45,46
2.098300725089581,24,46,48
2.098300725089581,24,46,49
2.0994133867401894,8,29
2.0994133867401894,0,8,29
2.0994133867401894,1,8,29
2.0994133867401894,2,8,29
2.0994133867401894,3,8,29
2.0994133867401894,5,8,29
2.0994133867401894,8,9,29
2.0994133867401894,8,10,29
2.0994133867401894,8,11,29
2.0994133867401894,8,12,29
2.0994133867401894,8,13,29
2.0994133867401894,8,14,29
2.0994133867401894,8,15,29
2.0994133867401894,8,16,29
2.0994133867401894,8,17,29
2.0994133867401894,8,18,29
2.0994133867401894,8,19,29
2.0994133867401894,8,20,29
2.0994133867401894,8,21,29
2.0994133867401894,8,22,29
2.0994133867401894,8,23,29
2.0994133867401894,8,24,29
2.0994133867401894,8,25,29
2.0994133867401894,8,26,29
2.0994133867401894,8,27,29
2.0994133867401894,8,28,29
2.0994133867401894,8,29,30
2.0994133867401894,8,29,31
2.0994133867401894,8,29,32
2.0994133867401894,8,29,33
2.0994133867401894,8,29,34
2.0994133867401894,8,29,35
2.0994133867401894,8,29,36
2.0994133867401894,8,29,37
2.0994133867401894,8,29,38
2.0994133867401894,8,29,39
2.0994133867401894,8,29,40
2.0994133867401894,8,29,41
2.0994133867401894,8,29,42
2.0994133867401894,8,29,43
2.0994133867401894,8,29,44
2.0994133867401894,8,29,45
2.0994133867401894,8,29,46
2.0994133867401894,8,29,47
2.0994133867401894,8,29,48
2.0994133867401894,8,29,49
2.100916158334504,4,29
2.100916158334504,0,4,29
2.100916158334504,1,4,29
2.100916158334504,2,4,29
2.100916158334504,3,4,29
2.100916158334504,4,5,29
2.100916158334504,4,8,29
2.100916158334504,4,9,29
2.100916158334504,4,10,29
2.100916158334504,4,11,29
2.100916158334504,4,12,29
2.100916158334504,4,13,29
2.100916158334504,4,14,29
2.100916158334504,4,15,29
2.100916158334504,4,16,29
2.100916158334504,4,17,29
2.100916158334504,4,18,29
2.100916158334504,4,19,29
2.100916158334504,4,20,29
2.100916158334504,4,21,29
2.100916158334504,4,22,29
2.100916158334504,4,23,29
2.100916158334504,4,24,29
2.100916158334504,4,25,29
2.100916158334504,4,26,29
2.100916158334504,4,27,29
2.100916158334504,4,28,29
2.100916158334504,4,29,30
2.100916158334504,4,29,31
2.100916158334504,4,29,32
2.100916158334504,4,29,33
2.100916158334504,4,29,34
2.100916158334504,4,29,35
2.100916158334504,4,29,36
2.100916158334504,4,29,37
2.100916158334504,4,29,38
2.100916158334504,4,29,39
2.100916158334504,4,29,40
2.100916158334504,4,29,41
2.100916158334504,4,29,42
2.100916158334504,4,29,43
2.100916158334504,4,29,44
2.100916158334504,4,29,45
2.100916158334504,4,29,46
2.100916158334504,4,29,47
2.100916158334504,4,29,48
2.100916158334504,4,29,49
2.118111435162299,6,29
2.118111435162299,0,6,29
2.118111435162299,1,6,29
2.118111435162299,2,6,29
2.118111435162299,3,6,29
2.118111435162299,4,6,29
2.118111435162299,5,6,29
2.118111435162299,6,8,29
2.118111435162299,6,9,29
2.118111435162299,6,10,29
2.118111435162299,6,11,29
2.118111435162299,6,12,29
2.118111435162299,6,13,29
2.118111435162299,6,14,29
2.118111435162299,6,15,29
2.118111435162299,6,16,29
2.118111435162299,6,17,29
2.118111435162299,6,18,29
2.118111435162299,6,19,29
2.118111435162299,6,20,29
2.118111435162299,6,21,29
2.118111435162299,6,22,29
2.118111435162299,6,23,29
2.118111435162299,6,24,29
2.118111435162299,6,25,29
2.118111435162299,6,26,29
2.118111435162299,6,27,29
2.118111435162299,6,28,29
2.118111435162299,6,29,30
2.118111435162299,6,29,31
2.118111435162299,6,29,32
2.118111435162299,6,29,33
2.118111435162299,6,29,34
2.118111435162299,6,29,35
2.118111435162299,6,29,36
2.118111435162299,6,29,37
2.118111435162299,6,29,38
2.118111435162299,6,29,39
2.118111435162299,6,29,40
2.118111435162299,6,29,41
2.118111435162299,6,29,42
2.118111435162299,6,29,43
2.118111435162299,6,29,44
2.118111435162299,6,29,45
2.118111435162299,6,29,46
2.118111435162299,6,29,47
2.118111435162299,6,29,48
2.118111435162299,6,29,49
2.123183141447538,24,47
2.123183141447538,0,24,47
2.123183141447538,1,24,47
2.123183141447538,2,24,47
2.123183141447538,3,24,47
2.123183141447538,4,24,47
2.123183141447538,5,24,47
2.123183141447538,6,24,47
2.123183141447538,7,24,47
2.123183141447538,8,24,47
2.123183141447538,9,24,47
2.123183141447538,10,24,47
2.123183141447538,11,24,47
2.123183141447538,12,24,47
2.123183141447538,13,24,47
2.123183141447538,14,24,47
2.123183141447538,15,24,47
2.123183141447538,16,24,47
2.123183141447538,17,24,47
2.123183141447538,18,24,47
2.123183141447538,19,24,47
2.123183141447538,20,24,47
2.123183141447538,21,24,47
2.123183141447538,22,24,47
2.123183141447538,23,24,47
2.123183141447538,24,25,47
2.123183141447538,24,26,47
2.123183141447538,24,27,47
2.123183141447538,24,28,47
2.123183141447538,24,29,47
2.123183141447538,24,30,47
2.123183141447538,24,31,47
2.123183141447538,24,32,47
2.123183141447538,24,33,47
2.123183141447538,24,34,47
2.123183141447538,24,35,47
2.123183141447538,24,36,47
2.123183141447538,24,37,47
2.123183141447538,24,38,47
2.123183141447538,24,39,47
2.123183141447538,24,40,47
2.123183141447538,24,41,47
2.123183141447538,24,42,47
2.123183141447538,24,43,47
2.123183141447538,24,44,47
2.123183141447538,24,45,47
2.123183141447538,24,46,47
2.123183141447538,24,47,48
2.123183141447538,24,47,49
2.1370621435415496,7,34
2.1370621435415496,0,7,34
2.1370621435415496,1,7,34
2.1370621435415496,2,7,34
2.1370621435415496,3,7,34
2.1370621435415496,4,7,34
2.1370621435415496,5,7,34
2.1370621435415496,6,7,34
2.1370621435415496,7,8,34
2.1370621435415496,7,9,34
2.1370621435415496,7,11,34
2.1370621435415496,7,12,34
2.1370621435415496,7,13,34
2.1370621435415496,7,14,34
2.1370621435415496,7,15,34
2.1370621435415496,7,16,34
2.1370621435415496,7,17,34
2.1370621435415496,7,18,34
2.1370621435415496,7,19,34
2.1370621435415496,7,20,34
2.1370621435415496,7,21,34
2.1370621435415496,7,22,34
2.1370621435415496,7,23,34
2.1370621435415496,7,24,34
2.1370621435415496,7,25,34
2.1370621435415496,7,26,34
2.1370621435415496,7,27,34
2.1370621435415496,7,28,34
2.1370621435415496,7,30,34
2.1370621435415496,7,31,34
2.1370621435415496,7,32,34
2.1370621435415496,7,33,34
2.1370621435415496,7,34,35
2.1370621435415496,7,34,36
2.1370621435415496,7,34,37
2.1370621435415496,7,34,38
2.1370621435415496,7,34,39
2.1370621435415496,7,34,40
2.1370621435415496,7,34,41
2.1370621435415496,7,34,42
2.1370621435415496,7,34,43
2.1370621435415496,7,34,44
2.1370621435415496,7,34,45
2.1370621435415496,7,34,46
2.1370621435415496,7,34,47
2.1370621435415496,7,34,48
2.1370621435415496,7,34,49
2.1495904587597625,10,34
2.1495904587597625,0,10,34
2.1495904587597625,1,10,34
2.1495904587597625,2,10,34
2.1495904587597625,3,10,34
2.1495904587597625,4,10,34
2.1495904587597625,5,10,34
2.1495904587597625,6,10,34
2.1495904587597625,7,10,34
2.1495904587597625,8,10,34
2.1495904587597625,9,10,34
2.1495904587597625,10,11,34
2.1495904587597625,10,12,34
2.1495904587597625,10,13,34
2.1495904587597625,10,14,34
2.1495904587597625,10,15,34
2.1495904587597625,10,16,34
2.1495904587597625,10,17,34
2.1495904587597625,10,18,34
2.1495904587597625,10,19,34
2.1495904587597625,10,20,34
2.1495904587597625,10,21,34
2.1495904587597625,10,22,34
2.1495904587597625,10,23,34
2.1495904587597625,10,24,34
2.1495904587597625,10,25,34
2.1495904587597625,10,26,34
2.1495904587597625,10,27,34
2.1495904587597625,10,28,34
2.1495904587597625,10,29,34
2.1495904587597625,10,30,34
2.1495904587597625,10,31,34
2.1495904587597625,10,32,34
2.1495904587597625,10,33,34
2.1495904587597625,10,34,35
2.1495904587597625,10,34,36
2.1495904587597625,10,34,37
2.1495904587597625,10,34,38
2.1495904587597625,10,34,39
2.1495904587597625,10,34,40
2.1495904587597625,10,34,41
2.1495904587597625,10,34,42
2.1495904587597625,10,34,43
2.1495904587597625,10,34,44
2.1495904587597625,10,34,45
2.1495904587597625,10,34,46
2.1495904587597625,10,34,47
2.1495904587597625,10,34,48
2.1495904587597625,10,34,49
2.1582303195851202,7,29
2.1582303195851202,0,7,29
2.1582303195851202,1,7,29
2.1582303195851202,2,7,29
2.1582303195851202,3,7,29
2.1582303195851202,4,7,29
2.1582303195851202,5,7,29
2.1582303195851202,6,7,29
2.1582303195851202,7,8,29
2.1582303195851202,7,9,29
2.1582303195851202,7,10,29
2.1582303195851202,7,11,29
2.1582303195851202,7,12,29
2.1582303195851202,7,13,29
2.1582303195851202,7,14,29
2.1582303195851202,7,15,29
2.1582303195851202,7,16,29
2.1582303195851202,7,17,29
2.1582303195851202,7,18,29
2.1582303195851202,7,19,29
2.1582303195851202,7,20,29
2.1582303195851202,7,21,29
2.1582303195851202,7,22,29
2.1582303195851202,7,23,29
2.1582303195851202,7,24,29
2.1582303195851202,7,25,29
2.1582303195851202,7,26,29
2.1582303195851202,7,27,29
2.1582303195851202,7,28,29
2.1582303195851202,7,29,30
2.1582303195851202,7,29,31
2.1582303195851202,7,29,32
2.1582303195851202,7,29,33
2.1582303195851202,7,29,34
2.1582303195851202,7,29,35
2.1582303195851202,7,29,36
2.1582303195851202,7,29,37
2.1582303195851202,7,29,38
2.1582303195851202,7,29,39
2.1582303195851202,7,29,40
2.1582303195851202,7,29,41
2.1582303195851202,7,29,42
2.1582303195851202,7,29,43
2.1582303195851202,7,29,44
2.1582303195851202,7,29,45
2.1582303195851202,7,29,46
2.1582303195851202,7,29,47
2.1582303195851202,7,29,48
2.1582303195851202,7,29,49
