0,0
0,1
0,2
0,3
0,4
0,5
0,6
0,7
0,8
0,9
0,10
0,11
0,12
0,13
0,14
0,15
0,16
0,17
0,18
0,19
0,20
0,21
0,22
0,23
0,24
0,25
0,26
0,27
0,28
0,29
0,30
0,31
0,32
0,33
0,34
0,35
0,36
0,37
0,38
0,39
0,40
0,41
0,42
0,43
0,44
0,45
0,46
0,47
0,48
0,49
0,50
0,51
0,52
0,53
0,54
0,55
0,56
0,57
0,58
0,59
0,60
0,61
0,62
0,63
0,64
0,65
0,66
0,67
0,68
0,69
0,70
0,71
0,72
0,73
0,74
0,75
0,76
0,77
0,78
0,79
0,80
0,81
0,82
0,83
0,84
0,85
0,86
0,87
0,88
0,89
0,90
0,91
0,92
0,93
0,94
0,95
0,96
0,97
0,98
0,99
0.015036731548961724,4,71
0.025871983453780317,3,72
0.029927797212434652,39,40
0.03288986646312039,76,77
0.036216740821860154,8,9
0.036333346323671474,66,67
0.038041111148258346,46,79
0.038593160476430084,38,39
0.0395264617881663,12,13
0.04159436539270995,32,33
0.043466527281980145,60,61
0.04508801721791091,4,72
0.045878291508676686,88,89
0.04704635175760297,3,73
0.04716705099033686,22,23
0.047452555255212275,56,57
0.048003822740223336,72,73
0.048974957547298095,98,99
0.04942695315217245,3,72,73
0.05059912801987483,47,78
0.05278899976306048,16,17
0.05293219705400876,36,37
0.05303370818148556,43,44
0.053141864610126856,68,69
0.05398166243738224,47,48
0.0541973316679815,28,29
0.054248842330165685,90,91
0.054272308983426866,52,53
0.05446256147182985,50,99
0.05512318564858242,83,84
0.05527437145803261,46,78
0.05545293159545487,64,65
0.05569590191644105,1,2
0.05717976428934608,71,72
0.05717976428934608,4,71,72
0.05740708571089971,5,71
0.05755689409147962,79,80
0.058358679237942794,34,35
0.05857842249122899,58,59
0.05876621953984196,18,19
0.05879617198554276,20,21
0.05954174034751124,95,96
0.05994530139165632,19,20
0.060270920894354624,51,52
0.06061475479157746,45,46
0.060636096728015954,2,3
0.06098198326702971,92,93
0.061103807527409654,81,82
0.06122192566322806,47,79
0.06124457006465125,14,15
0.06126181395083025,4,5
0.06126181395083025,4,5,71
0.061416357879384494,41,42
0.06201285457766582,62,63
0.06253714268339347,84,85
0.0625796481570828,24,25
0.0626168487624936,6,7
0.06262151157596961,63,64
0.06318961059919777,85,86
0.06365504874947515,2,73
0.06388581508119276,44,45
0.06398314106961302,13,14
0.06427228744907117,49,76
0.06432748564137823,57,58
0.06446219434230961,0,49
0.06448911234864682,30,31
0.06487454780964735,45,80
0.06564768824098569,38,40
0.06564768824098569,38,39,40
0.0660436906524928,3,4
0.0660436906524928,3,4,72
0.06622552813721963,82,83
0.06623599142712686,97,98
0.06679583080111669,77,78
0.06690138860471953,23,24
0.06729457435266546,35,36
0.06731606658950412,2,3,73
0.06734470935272438,9,10
0.06764207521493663,54,55
0.06791231782221248,5,6
0.06810034240297433,25,26
0.06824476643121231,94,95
0.06871315056812471,89,90
0.0687821853550695,42,43
0.0689522803324482,91,92
0.06909318373297155,78,79
0.06909318373297155,46,78,79
0.0693151003063423,48,77
0.06941890713070706,29,30
0.06977777203718596,48,78
0.07012495146768596,70,71
0.07021143351611514,47,48,78
0.07109627779814583,26,27
0.0711961361269028,45,79
0.07120072986297094,45,46,79
0.07134514019407825,47,78,79
0.07155018663073434,74,75
0.07247963377081343,21,22
0.07256665024899998,48,49
0.0728814061652636,27,28
0.07318390748803318,87,88
0.0732430639945797,93,94
0.07379966799193108,10,11
0.07424847446540667,69,70
0.07435268012329273,11,12
0.07514069956920587,3,71
0.07514069956920587,3,4,71
0.07514069956920587,3,71,72
0.07537014717997631,53,54
0.07541177668742664,7,8
0.07547559019616915,45,79,80
0.07553102923485155,50,51
0.07557213346518962,61,62
0.07569139353491695,86,87
0.0765302272202042,46,47
0.0765302272202042,46,47,78
0.0765302272202042,46,47,79
0.0771668769475762,33,34
0.07724306114323545,59,60
0.07892002443691139,49,77
0.07892002443691139,49,76,77
0.07895897262376164,75,76
0.07921832615369474,15,16
0.07969567452450352,31,32
0.0797479981771071,48,77,78
0.08058004028135278,55,56
0.08114143398642851,0,1
0.08241095931730182,96,97
0.08245415200214375,46,80
0.08245415200214375,46,79,80
0.08265363605279406,67,68
0.08325248289520157,45,46,80
0.08361316248939794,2,72
0.08361316248939794,2,3,72
0.08361316248939794,2,72,73
0.08504018657125381,4,70
0.08504018657125381,4,70,71
0.08506588409887837,73,74
0.08523690600892742,65,66
0.08559920802608675,48,49,77
0.08647292708630974,48,76
0.08647292708630974,48,76,77
0.08838167856506828,48,49,76
0.09007494476182601,80,81
0.09042374778361788,4,73
0.09042374778361788,3,4,73
0.09042374778361788,4,72,73
0.09088133782553456,5,70
0.09088133782553456,5,70,71
0.09313440371625258,49,75
0.09319586166509579,0,75
0.09401466854557569,2,74
0.09420056221069761,4,5,70
0.0944633978550933,49,75,76
0.09500549763330647,17,18
0.09654097712548695,2,73,74
0.0972975990092048,47,77
0.0972975990092048,47,48,77
0.0972975990092048,47,77,78
0.09733314905120473,50,98
0.09733314905120473,50,98,99
0.09751203413829426,37,38
0.09941221516570328,0,49,75
0.09947495871345949,76,78
0.09947495871345949,76,77,78
0.10161202802772987,48,76,78
0.10234252224122925,8,10
0.10234252224122925,8,9,10
0.10343478887630282,12,14
0.10343478887630282,12,13,14
0.10360571065418919,5,72
0.10360571065418919,4,5,72
0.10360571065418919,5,71,72
0.10398039567732277,71,73
0.10398039567732277,3,71,73
0.10398039567732277,4,71,73
0.10398039567732277,71,72,73
0.10497281649922663,40,41
0.1062531951663486,44,80
0.1062531951663486,44,45,80
0.10876821712586242,56,58
0.10876821712586242,56,57,58
0.11103118326788174,7,9
0.11103118326788174,7,8,9
0.11150867850167093,18,20
0.11150867850167093,18,19,20
0.11169645816373368,19,21
0.11169645816373368,19,20,21
0.11178322303284437,75,77
0.11178322303284437,75,76,77
0.1119762216980289,51,53
0.1119762216980289,51,52,53
0.11220892737446754,97,99
0.11220892737446754,97,98,99
0.11225248755656407,90,92
0.11225248755656407,90,91,92
0.11265618250804957,43,45
0.11265618250804957,43,44,45
0.11299874080909436,47,80
0.11299874080909436,46,47,80
0.11299874080909436,47,79,80
0.11332167416231881,49,75,77
0.1133360694981796,48,79
0.1133360694981796,47,48,79
0.1133360694981796,48,78,79
0.11367719176581799,1,3
0.11367719176581799,1,2,3
0.11372895317517542,66,68
0.11372895317517542,66,67,68
0.1137732514167863,22,24
0.1137732514167863,22,23,24
0.11383506343205231,11,13
0.11383506343205231,11,12,13
0.11419932030508008,87,89
0.11419932030508008,87,88,89
0.1145911153720561,88,90
0.1145911153720561,88,89,90
0.11496984755234,0,76
0.11496984755234,0,49,76
0.1150407543652621,63,65
0.1150407543652621,63,64,65
0.11561266360067868,60,62
0.11561266360067868,60,61,62
0.1157487815712819,0,75,76
0.11584815173324743,45,78
0.11584815173324743,45,46,78
0.11584815173324743,45,78,79
0.11601769543796514,1,74
0.11601769543796514,1,2,74
0.1164613095041381,21,23
0.1164613095041381,21,22,23
0.11667790230257938,31,33
0.11667790230257938,31,32,33
0.11756514959928593,83,85
0.11756514959928593,83,84,85
0.11757270450652992,1,73
0.11757270450652992,1,2,73
0.11826346898446825,32,34
0.11826346898446825,32,33,34
0.11846887357224688,1,3,73
0.118584729880327,46,48
0.118584729880327,46,47,48
0.118584729880327,46,48,78
0.1186268842455683,46,48,79
0.11880896128869273,0,74
0.11880896128869273,0,74,75
0.11949717723858362,46,77
0.11949717723858362,46,77,78
0.11957208839611518,84,86
0.11957208839611518,84,85,86
0.1197922804025919,46,47,77
0.11980196438346459,70,72
0.11980196438346459,4,70,72
0.11980196438346459,70,71,72
0.11981039495053715,65,67
0.11981039495053715,65,66,67
0.11986425861361312,34,36
0.11986425861361312,34,35,36
0.12022148097828297,35,37
0.12022148097828297,35,36,37
0.12035666215204506,89,91
0.12035666215204506,89,90,91
0.12048047285571745,55,57
0.12048047285571745,55,56,57
0.12070762424889601,59,61
0.12070762424889601,59,60,61
0.12084782004627792,82,84
0.12084782004627792,82,83,84
0.12178827179834684,42,44
0.12178827179834684,42,43,44
0.12191508873966181,0,2
0.12191508873966181,0,1,2
0.12201966764091329,68,70
0.12201966764091329,68,69,70
0.1229059074490976,57,59
0.1229059074490976,57,58,59
0.12325005813376494,28,30
0.12325005813376494,28,29,30
0.12333215388707118,15,17
0.12333215388707118,15,16,17
0.12347708717215948,81,83
0.12347708717215948,81,82,83
0.12366454226025794,44,46
0.12366454226025794,44,45,46
0.12366638932304247,5,70,72
0.12409175177115656,62,64
0.12409175177115656,62,63,64
0.12428682362415093,94,96
0.12428682362415093,94,95,96
0.12448335536120703,46,48,77
0.1251593745792772,47,76
0.1251593745792772,47,48,76
0.1251593745792772,47,76,77
0.1251593745792772,47,76,78
0.12522526219144517,13,15
0.12522526219144517,13,14,15
0.1252777527780491,44,46,80
0.12528183240816337,0,1,74
0.1252870066882586,6,71
0.1252870066882586,5,6,71
0.12529191727703842,3,74
0.12529191727703842,2,3,74
0.12529191727703842,3,73,74
0.12559403795150095,1,73,74
0.12573006154049143,27,29
0.12573006154049143,27,28,29
0.12617143175648537,47,49
0.12617143175648537,47,48,49
0.12617143175648537,47,49,77
0.1262366761398204,49,78
0.1262366761398204,48,49,78
0.1262366761398204,49,76,78
0.1262366761398204,49,77,78
0.12623827572252086,78,80
0.12623827572252086,46,78,80
0.12623827572252086,47,78,80
0.12623827572252086,78,79,80
0.12660799849495735,2,4
0.12660799849495735,2,3,4
0.12660799849495735,2,4,72
0.12660799849495735,2,4,73
0.1267805442349814,3,5
0.1267805442349814,3,4,5
0.1267805442349814,3,5,71
0.1267805442349814,3,5,72
0.1270484029778811,45,78,80
0.12807485712281758,52,54
0.12807485712281758,52,53,54
0.12812830135002806,51,99
0.12812830135002806,50,51,99
0.12823306634620765,3,70
0.12823306634620765,3,4,70
0.12823306634620765,3,70,71
0.12823306634620765,3,70,72
0.12853010642930102,4,6
0.12853010642930102,4,5,6
0.12853010642930102,4,6,71
0.12882380315663117,47,49,78
0.1291324575721455,23,25
0.1291324575721455,23,24,25
0.1294054566627386,91,93
0.1294054566627386,91,92,93
0.12952982526118717,93,95
0.12952982526118717,93,94,95
0.12966433201297892,45,47
0.12966433201297892,45,46,47
0.12966433201297892,45,47,78
0.12966433201297892,45,47,79
0.12967250264610655,45,47,80
0.13002047597382893,47,49,76
0.13008641371586846,41,43
0.13008641371586846,41,42,43
0.13041424357943346,5,7
0.13041424357943346,5,6,7
0.1305060977845468,24,26
0.1305060977845468,24,25,26
0.13103622609791943,0,2,74
0.13108387476735914,20,22
0.13108387476735914,20,21,22
0.13274385571041664,33,35
0.13274385571041664,33,34,35
0.13283355936203398,72,74
0.13283355936203398,2,72,74
0.13283355936203398,3,72,74
0.13283355936203398,72,73,74
0.13285158739732783,25,27
0.13285158739732783,25,26,27
0.13323422444079672,44,79
0.13323422444079672,44,45,79
0.13323422444079672,44,46,79
0.13323422444079672,44,79,80
0.1332410528471513,39,41
0.1332410528471513,39,40,41
0.13334678453722135,92,94
0.13334678453722135,92,93,94
0.13387913158998424,29,31
0.13387913158998424,29,30,31
0.13388150221409056,0,48
0.13388150221409056,0,48,49
0.13396505858534666,50,52
0.13396505858534666,50,51,52
0.13396992797863772,79,81
0.13396992797863772,79,80,81
0.13483659771152426,67,69
0.13483659771152426,67,68,69
0.1348455294658242,58,60
0.1348455294658242,58,59,60
0.1352064564400144,0,48,76
0.13540748833218397,77,79
0.13540748833218397,46,77,79
0.13540748833218397,47,77,79
0.13540748833218397,48,77,79
0.13540748833218397,77,78,79
0.13559963872836836,2,71
0.13559963872836836,2,3,71
0.13559963872836836,2,4,71
0.13559963872836836,2,71,72
0.13559963872836836,2,71,73
0.1359961151381663,61,63
0.1359961151381663,61,62,63
0.13606257154556436,37,39
0.13606257154556436,37,38,39
0.13664706524067197,3,5,70
0.13745664637578983,1,3,74
0.13753303284074586,6,8
0.13753303284074586,6,7,8
0.13807818647906764,95,97
0.13807818647906764,95,96,97
0.13816981113081486,1,72
0.13816981113081486,1,2,72
0.13816981113081486,1,3,72
0.13816981113081486,1,72,73
0.13847276622555313,1,75
0.13847276622555313,0,1,75
0.13847276622555313,1,74,75
0.13850174343574836,85,87
0.13850174343574836,85,86,87
0.13867052982247674,0,77
0.13867052982247674,0,49,77
0.13867052982247674,0,76,77
0.13887537152386528,9,11
0.13887537152386528,9,10,11
0.13928401686322128,0,75,77
0.14004200368105596,14,16
0.14004200368105596,14,15,16
0.14068874618159327,64,66
0.14068874618159327,64,65,66
0.14121163039642282,0,48,77
0.14151798667266935,16,18
0.14151798667266935,16,17,18
0.14176509553445554,26,28
0.14176509553445554,26,27,28
0.1424110386738768,6,70
0.1424110386738768,5,6,70
0.14243668754646993,6,70,71
0.1425378797428436,30,32
0.1425378797428436,30,31,32
0.14262465228330357,5,73
0.14262465228330357,3,5,73
0.14262465228330357,4,5,73
0.14262465228330357,5,71,73
0.14262465228330357,5,72,73
0.14279978477613994,53,55
0.14279978477613994,53,54,55
0.14287092027388018,17,19
0.14287092027388018,17,18,19
0.1430190378508245,69,71
0.1430190378508245,69,70,71
0.1440382593833304,54,56
0.1440382593833304,54,55,56
0.14411357906194477,2,75
0.14411357906194477,2,74,75
0.14424848450742406,4,6,70
0.14480771498215173,1,2,75
0.14520773056278447,0,2,75
0.1454483880061026,1,49
0.1454483880061026,0,1,49
0.14664100659498785,10,12
0.14664100659498785,10,11,12
0.1466998411819202,96,98
0.1466998411819202,96,97,98
0.14674693654656484,5,69
0.14674693654656484,5,69,70
0.14695610092711897,80,82
0.14695610092711897,80,81,82
0.14810237737148962,5,69,71
0.1484703558212093,86,88
0.1484703558212093,86,87,88
0.14927427181442834,36,38
0.14927427181442834,36,37,38
0.15034824598115915,74,76
0.15034824598115915,74,75,76
0.15042366040417648,1,72,74
0.15059662095951123,49,74
0.15059662095951123,0,49,74
0.15059662095951123,49,74,75
0.15066362638596836,1,49,75
0.15235670309125224,46,76
0.15235670309125224,46,47,76
0.15235670309125224,46,48,76
0.15235670309125224,46,76,77
0.15235670309125224,46,76,78
0.15266880078101536,0,74,76
0.15270345037470362,45,81
0.15270345037470362,45,79,81
0.15270345037470362,45,80,81
0.15320299058716236,48,75
0.15320299058716236,48,49,75
0.15320299058716236,48,75,76
0.15320299058716236,48,75,77
0.15403529544655647,49,74,76
0.1544328701656247,0,48,75
0.15463314377462214,73,75
0.15463314377462214,73,74,75
0.15482343793557934,2,73,75
0.15805576356083115,4,69
0.15805576356083115,4,69,70
0.15805576356083115,4,69,71
0.1580786663695449,4,5,69
0.15922033824243317,43,80
0.15922033824243317,43,44,80
0.15922033824243317,43,45,80
0.16113947950901342,1,73,75
0.16127443999273472,1,49,74
0.16238067886174587,37,40
0.16238067886174587,37,38,40
0.16238067886174587,37,39,40
0.1629483573696916,40,42
0.1629483573696916,40,41,42
0.16337992086539294,50,97
0.16337992086539294,50,97,98
0.16337992086539294,50,97,99
0.1646735557725961,12,15
0.1646735557725961,12,13,15
0.1646735557725961,12,14,15
0.1657091358640246,88,91
0.1657091358640246,88,89,91
0.1657091358640246,88,90,91
0.1665903170352754,56,59
0.1665903170352754,56,57,59
0.1665903170352754,56,58,59
0.16682701254939175,66,69
0.16682701254939175,66,67,69
0.16682701254939175,66,68,69
0.1669191248042467,48,80
0.1669191248042467,46,48,80
0.1669191248042467,47,48,80
0.1669191248042467,48,78,80
0.1669191248042467,48,79,80
0.16731017063685094,47,81
0.16731017063685094,47,79,81
0.16731017063685094,47,80,81
0.16763506528689157,76,79
0.16763506528689157,46,76,79
0.16763506528689157,47,76,79
0.16763506528689157,48,76,79
0.16763506528689157,76,77,79
0.16763506528689157,76,78,79
0.1676970022039635,70,73
0.1676970022039635,3,70,73
0.1676970022039635,4,70,73
0.1676970022039635,70,71,73
0.1676970022039635,70,72,73
0.16772562864981994,5,70,73
0.16779690479971118,46,81
0.16779690479971118,45,46,81
0.16779690479971118,46,79,81
0.16779690479971118,46,80,81
0.16800918946493698,18,21
0.16800918946493698,18,19,21
0.16800918946493698,18,20,21
0.168151503031105,0,73
0.168151503031105,0,1,73
0.168151503031105,0,2,73
0.168151503031105,0,73,74
0.16833281390305463,6,72
0.16833281390305463,4,6,72
0.16833281390305463,5,6,72
0.16833281390305463,6,71,72
0.1687925906399114,43,46
0.1687925906399114,43,44,46
0.1687925906399114,43,45,46
0.17008059079989513,0,73,75
0.17045906030254396,43,46,80
0.17057505822973448,38,41
0.17057505822973448,38,39,41
0.17057505822973448,38,40,41
0.1712975232475249,6,70,72
0.17151766804658344,34,37
0.17151766804658344,34,35,37
0.17151766804658344,34,36,37
0.17174333751606624,83,86
0.17174333751606624,83,84,86
0.17174333751606624,83,85,86
0.1721182860129668,46,47,81
0.1722030891242866,32,35
0.1722030891242866,32,33,35
0.1722030891242866,32,34,35
0.17247867302751838,6,9
0.17247867302751838,6,7,9
0.17247867302751838,6,8,9
0.17250081454893507,90,93
0.17250081454893507,90,91,93
0.17250081454893507,90,92,93
0.17285792984585144,51,98
0.17285792984585144,50,51,98
0.17285792984585144,51,98,99
0.17384007120829983,62,65
0.17384007120829983,62,63,65
0.17384007120829983,62,64,65
0.17446994994091505,6,69
0.17446994994091505,5,6,69
0.17446994994091505,6,69,70
0.17483391850482174,8,11
0.17483391850482174,8,9,11
0.17483391850482174,8,10,11
0.1749965734139155,64,67
0.1749965734139155,64,65,67
0.1749965734139155,64,66,67
0.175141753437862,20,23
0.175141753437862,20,21,23
0.175141753437862,20,22,23
0.17516700569359683,44,81
0.17516700569359683,44,45,81
0.17516700569359683,44,80,81
0.1752323513654054,4,74
0.1752323513654054,2,4,74
0.1752323513654054,3,4,74
0.1752323513654054,4,72,74
0.1752323513654054,4,73,74
0.17594403237950124,45,47,81
0.1759676032455214,30,33
0.1759676032455214,30,31,33
0.1759676032455214,30,32,33
0.17620199147489526,22,25
0.17620199147489526,22,23,25
0.17620199147489526,22,24,25
0.176441766031465,54,57
0.176441766031465,54,55,57
0.176441766031465,54,56,57
0.1767420566156411,6,69,71
0.1769301940936936,44,79,81
0.1772629961846085,45,48
0.1772629961846085,45,46,48
0.1772629961846085,45,47,48
0.1772629961846085,45,48,78
0.1772629961846085,45,48,79
0.17731262173899678,60,63
0.17731262173899678,60,61,63
0.17731262173899678,60,62,63
0.17734252937677553,45,48,80
0.17754068893064986,11,14
0.17754068893064986,11,12,14
0.17754068893064986,11,13,14
0.17775155913355611,7,10
0.17775155913355611,7,8,10
0.17775155913355611,7,9,10
0.17808999231402675,58,61
0.17808999231402675,58,59,61
0.17808999231402675,58,60,61
0.17837241064431794,44,78
0.17837241064431794,44,45,78
0.17837241064431794,44,46,78
0.17837241064431794,44,78,79
0.17837241064431794,44,78,80
0.17842716338702597,75,78
0.17842716338702597,48,75,78
0.17842716338702597,49,75,78
0.17842716338702597,75,76,78
0.17842716338702597,75,77,78
0.17854290189105343,45,77
0.17854290189105343,45,46,77
0.17854290189105343,45,47,77
0.17854290189105343,45,77,78
0.17854290189105343,45,77,79
0.1785444465024131,81,84
0.1785444465024131,81,82,84
0.1785444465024131,81,83,84
0.17932555463441047,1,4
0.17932555463441047,1,2,4
0.17932555463441047,1,3,4
0.17932555463441047,1,4,72
0.17932555463441047,1,4,73
0.17999700030265425,87,90
0.17999700030265425,87,88,90
0.17999700030265425,87,89,90
0.18005183149396947,42,45
0.18005183149396947,42,43,45
0.18005183149396947,42,44,45
0.1804468177839375,14,17
0.1804468177839375,14,15,17
0.1804468177839375,14,16,17
0.18086980238658038,89,92
0.18086980238658038,89,90,92
0.18086980238658038,89,91,92
0.1810197642816634,46,49
0.1810197642816634,46,47,49
0.1810197642816634,46,48,49
0.1810197642816634,46,49,76
0.1810197642816634,46,49,77
0.1810197642816634,46,49,78
0.18115300319105335,50,53
0.18115300319105335,50,51,53
0.18115300319105335,50,52,53
0.18141078575119882,45,48,77
0.18142935220501757,4,6,69
0.18161348585116657,2,49
0.18161348585116657,0,2,49
0.18161348585116657,1,2,49
0.18161348585116657,2,49,74
0.18161348585116657,2,49,75
0.18210461499797762,0,3
0.18210461499797762,0,1,3
0.18210461499797762,0,2,3
0.18210461499797762,0,3,73
0.18210461499797762,0,3,74
0.18215617823283303,2,70
0.18215617823283303,2,3,70
0.18215617823283303,2,4,70
0.18215617823283303,2,70,71
0.18215617823283303,2,70,72
0.18215617823283303,2,70,73
0.1829018472493123,19,22
0.1829018472493123,19,20,22
0.1829018472493123,19,21,22
0.18293694533607083,21,24
0.18293694533607083,21,22,24
0.18293694533607083,21,23,24
0.182992958614689,41,44
0.182992958614689,41,42,44
0.182992958614689,41,43,44
0.18322500662488364,74,77
0.18322500662488364,0,74,77
0.18322500662488364,49,74,77
0.18322500662488364,74,75,77
0.18322500662488364,74,76,77
0.1832280636152791,49,79
0.1832280636152791,47,49,79
0.1832280636152791,48,49,79
0.1832280636152791,49,76,79
0.1832280636152791,49,77,79
0.1832280636152791,49,78,79
0.18337749469252118,82,85
0.18337749469252118,82,83,85
0.18337749469252118,82,84,85
0.18342794148214925,46,49,79
0.18369297940183996,43,79
0.18369297940183996,43,44,79
0.18369297940183996,43,45,79
0.18369297940183996,43,46,79
0.18369297940183996,43,79,80
0.1842493906148242,44,46,81
0.1848022723579531,55,58
0.1848022723579531,55,56,58
0.1848022723579531,55,57,58
0.18554039343566187,10,13
0.18554039343566187,10,11,13
0.18554039343566187,10,12,13
0.1866800902788031,1,71
0.1866800902788031,1,2,71
0.1866800902788031,1,3,71
0.1866800902788031,1,4,71
0.1866800902788031,1,71,72
0.1866800902788031,1,71,73
0.18692499772041554,2,5
0.18692499772041554,2,3,5
0.18692499772041554,2,4,5
0.18692499772041554,2,5,71
0.18692499772041554,2,5,72
0.18692499772041554,2,5,73
0.18715626618814662,51,54
0.18715626618814662,51,52,54
0.18715626618814662,51,53,54
0.187678122993154,52,99
0.187678122993154,50,52,99
0.187678122993154,51,52,99
0.18772437564241842,28,31
0.18772437564241842,28,29,31
0.18772437564241842,28,30,31
0.18780824845605815,1,4,74
0.18782076041331294,7,71
0.18782076041331294,5,7,71
0.18782076041331294,6,7,71
0.1878222660681154,0,47
0.1878222660681154,0,47,48
0.1878222660681154,0,47,49
0.1878222660681154,0,47,76
0.1878222660681154,0,47,77
0.18784729977139897,36,39
0.18784729977139897,36,37,39
0.18784729977139897,36,38,39
0.18873464304143064,1,76
0.18873464304143064,0,1,76
0.18873464304143064,1,49,76
0.18873464304143064,1,75,76
0.1887499265766619,1,74,76
0.18900645593694537,71,74
0.18900645593694537,2,71,74
0.18900645593694537,3,71,74
0.18900645593694537,4,71,74
0.18900645593694537,71,72,74
0.18900645593694537,71,73,74
0.1890383353193091,93,96
0.1890383353193091,93,94,96
0.1890383353193091,93,95,96
0.18975310101219464,86,89
0.18975310101219464,86,87,89
0.18975310101219464,86,88,89
0.18984153147739904,3,75
0.18984153147739904,1,3,75
0.18984153147739904,2,3,75
0.18984153147739904,3,73,75
0.18984153147739904,3,74,75
0.18992059581703333,92,95
0.18992059581703333,92,93,95
0.18992059581703333,92,94,95
0.1903320389402975,59,62
0.1903320389402975,59,60,62
0.1903320389402975,59,61,62
0.19047404330377155,4,7
0.19047404330377155,4,5,7
0.19047404330377155,4,6,7
0.19047404330377155,4,7,71
0.19064635095020988,2,5,70
0.19066477217611183,0,78
0.19066477217611183,0,48,78
0.19066477217611183,0,49,78
0.19066477217611183,0,76,78
0.19066477217611183,0,77,78
0.1912489902771708,0,47,78
0.19212579058074292,68,71
0.19212579058074292,68,69,71
0.19212579058074292,68,70,71
0.19218306740302116,0,75,78
0.19224631577127566,39,42
0.19224631577127566,39,40,42
0.19224631577127566,39,41,42
0.1926910787884999,0,3,75
0.1927808603023313,3,6
0.1927808603023313,3,4,6
0.1927808603023313,3,5,6
0.1927808603023313,3,6,70
0.1927808603023313,3,6,71
0.1927808603023313,3,6,72
0.19280169048355483,27,30
0.19280169048355483,27,28,30
0.19280169048355483,27,29,30
0.19283771331261373,77,80
0.19283771331261373,45,77,80
0.19283771331261373,46,77,80
0.19283771331261373,47,77,80
0.19283771331261373,48,77,80
0.19283771331261373,77,78,80
0.19283771331261373,77,79,80
0.19297242175162976,31,34
0.19297242175162976,31,32,34
0.19297242175162976,31,33,34
0.19311625283951575,44,47
0.19311625283951575,44,45,47
0.19311625283951575,44,46,47
0.19311625283951575,44,47,78
0.19311625283951575,44,47,79
0.19311625283951575,44,47,80
0.19372370748258466,16,19
0.19372370748258466,16,17,19
0.19372370748258466,16,18,19
0.1940209314362789,69,72
0.1940209314362789,4,69,72
0.1940209314362789,5,69,72
0.1940209314362789,69,70,72
0.1940209314362789,69,71,72
0.19421932258625338,96,99
0.19421932258625338,96,97,99
0.19421932258625338,96,98,99
0.19443257044048123,52,55
0.19443257044048123,52,53,55
0.19443257044048123,52,54,55
0.19452427182275944,24,27
0.19452427182275944,24,25,27
0.19452427182275944,24,26,27
0.19464007896079563,84,87
0.19464007896079563,84,85,87
0.19464007896079563,84,86,87
0.19464859286103217,79,82
0.19464859286103217,79,80,82
0.19464859286103217,79,81,82
0.19567310620818593,26,29
0.19567310620818593,26,27,29
0.19567310620818593,26,28,29
0.19687338796017143,33,36
0.19687338796017143,33,34,36
0.19687338796017143,33,35,36
0.19721607563701488,23,26
0.19721607563701488,23,24,26
0.19721607563701488,23,25,26
0.1976216638364793,1,71,74
0.19820769402502597,95,98
0.19820769402502597,95,96,98
0.19820769402502597,95,97,98
0.1986101775805699,61,64
0.1986101775805699,61,62,64
0.1986101775805699,61,63,64
0.19876083695087066,57,60
0.19876083695087066,57,58,60
0.19876083695087066,57,59,60
0.19879929594023776,65,68
0.19879929594023776,65,66,68
0.19879929594023776,65,67,68
0.1989434080611785,63,66
0.1989434080611785,63,64,66
0.1989434080611785,63,65,66
0.19964556066412012,78,81
0.19964556066412012,45,78,81
0.19964556066412012,46,78,81
0.19964556066412012,47,78,81
0.19964556066412012,78,79,81
0.19964556066412012,78,80,81
0.19981863700778857,5,68
0.19981863700778857,5,68,69
0.19981863700778857,5,68,70
0.1998347832483764,5,68,71
0.20005021797213537,47,75
0.20005021797213537,47,48,75
0.20005021797213537,47,49,75
0.20005021797213537,47,75,76
0.20005021797213537,47,75,77
0.20005021797213537,47,75,78
0.20017203400238245,91,94
0.20017203400238245,91,92,94
0.20017203400238245,91,93,94
0.20061910561614044,7,70
0.20061910561614044,5,7,70
0.20061910561614044,6,7,70
0.20061910561614044,7,70,71
0.2012009431362501,3,69
0.2012009431362501,3,4,69
0.2012009431362501,3,5,69
0.2012009431362501,3,69,70
0.2012009431362501,3,69,71
0.2012009431362501,3,69,72
0.20130479513633243,72,75
0.20130479513633243,1,72,75
0.20130479513633243,2,72,75
0.20130479513633243,3,72,75
0.20130479513633243,72,73,75
0.20130479513633243,72,74,75
0.20133262459383167,0,47,75
0.20164327858928568,6,73
0.20164327858928568,3,6,73
0.20164327858928568,4,6,73
0.20164327858928568,5,6,73
0.20164327858928568,6,71,73
0.20164327858928568,6,72,73
0.2016461399582041,4,7,70
0.20185709475147579,17,20
0.20185709475147579,17,18,20
0.20185709475147579,17,19,20
0.20306135053954483,0,72
0.20306135053954483,0,1,72
0.20306135053954483,0,2,72
0.20306135053954483,0,3,72
0.20306135053954483,0,72,73
0.20306135053954483,0,72,74
0.20389974136397743,13,16
0.20389974136397743,13,14,16
0.20389974136397743,13,15,16
0.20436250921843802,6,70,73
0.20441524132314381,67,70
0.20441524132314381,67,68,70
0.20441524132314381,67,69,70
0.20473345468356013,5,8
0.20473345468356013,5,6,8
0.20473345468356013,5,7,8
0.20532915689878428,45,82
0.20532915689878428,45,80,82
0.20532915689878428,45,81,82
0.20541408401131994,45,79,82
0.20546460849107817,94,97
0.20546460849107817,94,95,97
0.20546460849107817,94,96,97
0.20566266757095142,25,28
0.20566266757095142,25,26,28
0.20566266757095142,25,27,28
0.20705937431427948,4,68
0.20705937431427948,4,68,69
0.20705937431427948,4,68,70
0.20705937431427948,4,68,71
0.20717193339797976,4,5,68
0.20782426136776017,0,72,75
0.20782551015272488,44,47,81
0.20819163055506287,9,12
0.20819163055506287,9,10,12
0.20819163055506287,9,11,12
0.20833887938772583,6,69,72
0.21057934236044515,85,88
0.21057934236044515,85,86,88
0.21057934236044515,85,87,88
0.21107691270208126,2,76
0.21107691270208126,0,2,76
0.21107691270208126,1,2,76
0.21107691270208126,2,49,76
0.21107691270208126,2,74,76
0.21107691270208126,2,75,76
0.2111516586261551,45,76
0.2111516586261551,45,46,76
0.2111516586261551,45,47,76
0.2111516586261551,45,48,76
0.2111516586261551,45,76,77
0.2111516586261551,45,76,78
0.2111516586261551,45,76,79
0.2115820188019124,29,32
0.2115820188019124,29,30,32
0.2115820188019124,29,31,32
0.21222358858111523,80,83
0.21222358858111523,80,81,83
0.21222358858111523,80,82,83
0.21299456500764585,36,40
0.21299456500764585,36,37,40
0.21299456500764585,36,38,40
0.21299456500764585,36,39,40
0.2145622817084991,1,48
0.2145622817084991,0,1,48
0.2145622817084991,1,48,49
0.2145622817084991,1,48,75
0.2145622817084991,1,48,76
0.214619377582065,44,78,81
0.21464247568614825,44,82
0.21464247568614825,44,80,82
0.21464247568614825,44,81,82
0.21464698565591775,44,45,82
0.2160423067006583,35,38
0.2160423067006583,35,36,38
0.2160423067006583,35,37,38
0.21616729007159408,1,77
0.21616729007159408,0,1,77
0.21616729007159408,1,49,77
0.21616729007159408,1,75,77
0.21616729007159408,1,76,77
0.2161727879290542,1,74,77
0.21680548089139057,48,81
0.21680548089139057,46,48,81
0.21680548089139057,47,48,81
0.21680548089139057,48,78,81
0.21680548089139057,48,79,81
0.21680548089139057,48,80,81
0.21764528947788941,15,18
0.21764528947788941,15,16,18
0.21764528947788941,15,17,18
0.21826552949782757,1,48,77
0.21841266369039858,44,79,82
0.21860363159145602,49,73
0.21860363159145602,0,49,73
0.21860363159145602,1,49,73
0.21860363159145602,2,49,73
0.21860363159145602,49,73,74
0.21860363159145602,49,73,75
0.21873802983631288,48,74
0.21873802983631288,0,48,74
0.21873802983631288,48,49,74
0.21873802983631288,48,74,75
0.21873802983631288,48,74,76
0.21873802983631288,48,74,77
0.21884330892005507,53,56
0.21884330892005507,53,54,56
0.21884330892005507,53,55,56
0.21906395577351812,45,48,81
0.21973985586218697,7,69
0.21973985586218697,5,7,69
0.21973985586218697,6,7,69
0.21973985586218697,7,69,70
0.22051799481194034,3,6,69
0.22130074756131257,43,78
0.22130074756131257,43,44,78
0.22130074756131257,43,45,78
0.22130074756131257,43,46,78
0.22130074756131257,43,78,79
0.22130074756131257,43,78,80
0.22188952448915905,7,69,71
0.22298751378006107,19,23
0.22298751378006107,19,20,23
0.22298751378006107,19,21,23
0.22298751378006107,19,22,23
0.22336357011054422,43,81
0.22336357011054422,43,44,81
0.22336357011054422,43,45,81
0.22336357011054422,43,80,81
0.2235130937851823,43,79,81
0.22361943268222342,5,74
0.22361943268222342,2,5,74
0.22361943268222342,3,5,74
0.22361943268222342,4,5,74
0.22361943268222342,5,71,74
0.22361943268222342,5,72,74
0.22361943268222342,5,73,74
0.2238676474392354,1,70
0.2238676474392354,1,2,70
0.2238676474392354,1,3,70
0.2238676474392354,1,4,70
0.2238676474392354,1,70,71
0.2238676474392354,1,70,72
0.2238676474392354,1,70,73
0.22497451588168513,43,46,81
0.2250190889808154,1,48,74
0.22508231799804604,4,7,69
0.2251647872517429,76,80
0.2251647872517429,45,76,80
0.2251647872517429,46,76,80
0.2251647872517429,47,76,80
0.2251647872517429,48,76,80
0.2251647872517429,76,77,80
0.2251647872517429,76,78,80
0.2251647872517429,76,79,80
0.22540394508701683,6,68
0.22540394508701683,5,6,68
0.22540394508701683,6,68,69
0.22540394508701683,6,68,70
0.22556209363436522,6,68,71
0.22670857497128233,88,92
0.22670857497128233,88,89,92
0.22670857497128233,88,90,92
0.22670857497128233,88,91,92
0.22740729939912346,46,82
0.22740729939912346,45,46,82
0.22740729939912346,46,79,82
0.22740729939912346,46,80,82
0.22740729939912346,46,81,82
0.2274995572783842,47,82
0.2274995572783842,47,79,82
0.2274995572783842,47,80,82
0.2274995572783842,47,81,82
0.22783359299574388,42,80
0.22783359299574388,42,43,80
0.22783359299574388,42,44,80
0.22783359299574388,42,45,80
0.22832481175084948,38,42
0.22832481175084948,38,39,42
0.22832481175084948,38,40,42
0.22832481175084948,38,41,42
0.2284070426463961,4,6,68
0.22857740081008357,7,72
0.22857740081008357,4,7,72
0.22857740081008357,5,7,72
0.22857740081008357,6,7,72
0.22857740081008357,7,71,72
0.22885182369361262,7,70,72
0.22962438306442323,45,47,82
0.23074507214994583,46,47,82
0.23082358270805714,52,98
0.23082358270805714,50,52,98
0.23082358270805714,51,52,98
0.23082358270805714,52,98,99
0.23091169459253794,40,43
0.23091169459253794,40,41,43
0.23091169459253794,40,42,43
0.23098241953852214,46,75
0.23098241953852214,46,47,75
0.23098241953852214,46,48,75
0.23098241953852214,46,49,75
0.23098241953852214,46,75,76
0.23098241953852214,46,75,77
0.23098241953852214,46,75,78
0.23127615096204396,44,46,82
0.23174071088192796,73,76
0.23174071088192796,0,73,76
0.23174071088192796,1,73,76
0.23174071088192796,2,73,76
0.23174071088192796,49,73,76
0.23174071088192796,73,74,76
0.23174071088192796,73,75,76
0.23315997916970568,66,70
0.23315997916970568,66,67,70
0.23315997916970568,66,68,70
0.23315997916970568,66,69,70
0.23326795905811853,42,46
0.23326795905811853,42,43,46
0.23326795905811853,42,44,46
0.23326795905811853,42,45,46
0.2335387839926207,87,91
0.2335387839926207,87,88,91
0.2335387839926207,87,89,91
0.2335387839926207,87,90,91
0.23440731333697512,63,67
0.23440731333697512,63,64,67
0.23440731333697512,63,65,67
0.23440731333697512,63,66,67
0.2348066452423776,42,46,80
0.23560293078110298,53,99
0.23560293078110298,50,53,99
0.23560293078110298,51,53,99
0.23560293078110298,52,53,99
0.2374658340317694,32,36
0.2374658340317694,32,33,36
0.2374658340317694,32,34,36
0.2374658340317694,32,35,36
0.23777675701676382,82,86
0.23777675701676382,82,83,86
0.23777675701676382,82,84,86
0.23777675701676382,82,85,86
0.23834753781003812,44,77
0.23834753781003812,44,45,77
0.23834753781003812,44,46,77
0.23834753781003812,44,47,77
0.23834753781003812,44,77,78
0.23834753781003812,44,77,79
0.23834753781003812,44,77,80
0.23852242191338646,49,80
0.23852242191338646,46,49,80
0.23852242191338646,47,49,80
0.23852242191338646,48,49,80
0.23852242191338646,49,76,80
0.23852242191338646,49,77,80
0.23852242191338646,49,78,80
0.23852242191338646,49,79,80
0.2386976383128322,11,15
0.2386976383128322,11,12,15
0.2386976383128322,11,13,15
0.2386976383128322,11,14,15
0.2388275826102057,51,97
0.2388275826102057,50,51,97
0.2388275826102057,51,97,98
0.2388275826102057,51,97,99
0.2390041828311373,5,9
0.2390041828311373,5,6,9
0.2390041828311373,5,7,9
0.2390041828311373,5,8,9
0.23935866957006965,54,58
0.23935866957006965,54,55,58
0.23935866957006965,54,56,58
0.23935866957006965,54,57,58
0.239437595388018,68,72
0.239437595388018,4,68,72
0.239437595388018,5,68,72
0.239437595388018,68,69,72
0.239437595388018,68,70,72
0.239437595388018,68,71,72
0.23964602633242243,6,10
0.23964602633242243,6,7,10
0.23964602633242243,6,8,10
0.23964602633242243,6,9,10
0.23967614465084514,60,64
0.23967614465084514,60,61,64
0.23967614465084514,60,62,64
0.23967614465084514,60,63,64
0.24004231795513828,3,49
0.24004231795513828,0,3,49
0.24004231795513828,1,3,49
0.24004231795513828,2,3,49
0.24004231795513828,3,49,73
0.24004231795513828,3,49,74
0.24004231795513828,3,49,75
0.24013517236442097,18,22
0.24013517236442097,18,19,22
0.24013517236442097,18,20,22
0.24013517236442097,18,21,22
0.2403824526362601,1,5
0.2403824526362601,1,2,5
0.2403824526362601,1,3,5
0.2403824526362601,1,4,5
0.2403824526362601,1,5,71
0.2403824526362601,1,5,72
0.2403824526362601,1,5,73
0.24040793342231143,1,5,70
0.24075910702493494,81,85
0.24075910702493494,81,82,85
0.24075910702493494,81,83,85
0.24075910702493494,81,84,85
0.24076744680088386,89,93
0.24076744680088386,89,90,93
0.24076744680088386,89,91,93
0.24076744680088386,89,92,93
0.24113327816253013,44,48
0.24113327816253013,44,45,48
0.24113327816253013,44,46,48
0.24113327816253013,44,47,48
0.24113327816253013,44,48,78
0.24113327816253013,44,48,79
0.24113327816253013,44,48,80
0.2413381818044057,41,45
0.2413381818044057,41,42,45
0.2413381818044057,41,43,45
0.2413381818044057,41,44,45
0.2413653758167492,20,24
0.2413653758167492,20,21,24
0.2413653758167492,20,22,24
0.2413653758167492,20,23,24
0.24155802777036312,45,49
0.24155802777036312,45,46,49
0.24155802777036312,45,47,49
0.24155802777036312,45,48,49
0.24155802777036312,45,49,76
0.24155802777036312,45,49,77
0.24155802777036312,45,49,78
0.24155802777036312,45,49,79
0.24176749168398148,57,61
0.24176749168398148,57,58,61
0.24176749168398148,57,59,61
0.24176749168398148,57,60,61
0.24183875447922465,1,5,74
0.24185691562998934,69,73
0.24185691562998934,3,69,73
0.24185691562998934,4,69,73
0.24185691562998934,5,69,73
0.24185691562998934,69,70,73
0.24185691562998934,69,71,73
0.24185691562998934,69,72,73
0.2419866778492731,2,77
0.2419866778492731,0,2,77
0.2419866778492731,1,2,77
0.2419866778492731,2,49,77
0.2419866778492731,2,74,77
0.2419866778492731,2,75,77
0.2419866778492731,2,76,77
0.24199609833836289,43,47
0.24199609833836289,43,44,47
0.24199609833836289,43,45,47
0.24199609833836289,43,46,47
0.24199609833836289,43,47,78
0.24199609833836289,43,47,79
0.24199609833836289,43,47,80
0.24245375976550126,13,17
0.24245375976550126,13,14,17
0.24245375976550126,13,15,17
0.24245375976550126,13,16,17
0.2424735967174865,44,48,77
0.24251851888090686,45,49,80
0.24312178106345106,3,68
0.24312178106345106,3,4,68
0.24312178106345106,3,5,68
0.24312178106345106,3,68,69
0.24312178106345106,3,68,70
0.24312178106345106,3,68,71
0.24312178106345106,3,68,72
0.24314605477739773,12,16
0.24314605477739773,12,13,16
0.24314605477739773,12,14,16
0.24314605477739773,12,15,16
0.24337802983574758,55,59
0.24337802983574758,55,56,59
0.24337802983574758,55,57,59
0.24337802983574758,55,58,59
0.2433958481043792,29,33
0.2433958481043792,29,30,33
0.2433958481043792,29,31,33
0.2433958481043792,29,32,33
0.24349953252231848,56,60
0.24349953252231848,56,57,60
0.24349953252231848,56,58,60
0.24349953252231848,56,59,60
0.24383192904304357,50,96
0.24383192904304357,50,96,97
0.24383192904304357,50,96,98
0.24383192904304357,50,96,99
0.2442115241540555,21,25
0.2442115241540555,21,22,25
0.2442115241540555,21,23,25
0.2442115241540555,21,24,25
0.24424695794457216,22,26
0.24424695794457216,22,23,26
0.24424695794457216,22,24,26
0.24424695794457216,22,25,26
0.2443993123939341,8,12
0.2443993123939341,8,9,12
0.2443993123939341,8,10,12
0.2443993123939341,8,11,12
0.24459371698276866,58,62
0.24459371698276866,58,59,62
0.24459371698276866,58,60,62
0.24459371698276866,58,61,62
0.2450165167610601,4,75
0.2450165167610601,1,4,75
0.2450165167610601,2,4,75
0.2450165167610601,3,4,75
0.2450165167610601,4,72,75
0.2450165167610601,4,73,75
0.2450165167610601,4,74,75
0.24525636185891883,83,87
0.24525636185891883,83,84,87
0.24525636185891883,83,85,87
0.24525636185891883,83,86,87
0.2454612346479034,90,94
0.2454612346479034,90,91,94
0.2454612346479034,90,92,94
0.2454612346479034,90,93,94
0.24548017210736203,0,46
0.24548017210736203,0,46,47
0.24548017210736203,0,46,48
0.24548017210736203,0,46,49
0.24548017210736203,0,46,76
0.24548017210736203,0,46,77
0.24548017210736203,0,46,78
0.24560952975349148,9,13
0.24560952975349148,9,10,13
0.24560952975349148,9,11,13
0.24560952975349148,9,12,13
0.24568976026572836,0,46,75
0.24586290922911747,6,69,73
0.24629711582851288,75,79
0.24629711582851288,46,75,79
0.24629711582851288,47,75,79
0.24629711582851288,48,75,79
0.24629711582851288,49,75,79
0.24629711582851288,75,76,79
0.24629711582851288,75,77,79
0.24629711582851288,75,78,79
0.24656343593873245,0,79
0.24656343593873245,0,47,79
0.24656343593873245,0,48,79
0.24656343593873245,0,49,79
0.24656343593873245,0,76,79
0.24656343593873245,0,77,79
0.24656343593873245,0,78,79
0.24667421328486705,44,47,82
0.2468592975994786,0,46,79
0.24695968173777116,95,99
0.24695968173777116,95,96,99
0.24695968173777116,95,97,99
0.24695968173777116,95,98,99
0.24747594712689017,0,4
0.24747594712689017,0,1,4
0.24747594712689017,0,2,4
0.24747594712689017,0,3,4
0.24747594712689017,0,4,72
0.24747594712689017,0,4,73
0.24747594712689017,0,4,74
0.24819436084935384,10,14
0.24819436084935384,10,11,14
0.24819436084935384,10,12,14
0.24819436084935384,10,13,14
0.24823037902406647,53,57
0.24823037902406647,53,54,57
0.24823037902406647,53,55,57
0.24823037902406647,53,56,57
0.2486844994674749,33,37
0.2486844994674749,33,34,37
0.2486844994674749,33,35,37
0.2486844994674749,33,36,37
0.24935898758489264,61,65
0.24935898758489264,61,62,65
0.24935898758489264,61,63,65
0.24935898758489264,61,64,65
0.2494119529881599,31,35
0.2494119529881599,31,32,35
0.2494119529881599,31,33,35
0.2494119529881599,31,34,35
0.2494547218477703,30,34
0.2494547218477703,30,31,34
0.2494547218477703,30,32,34
0.2494547218477703,30,33,34
0.24945811345382793,92,96
0.24945811345382793,92,93,96
0.24945811345382793,92,94,96
0.24945811345382793,92,95,96
0.24949027328377688,7,69,72
0.24965511391681883,44,48,81
0.24970979263559026,74,78
0.24970979263559026,0,74,78
0.24970979263559026,48,74,78
0.24970979263559026,49,74,78
0.24970979263559026,74,75,78
0.24970979263559026,74,76,78
0.24970979263559026,74,77,78
0.24988699489626837,43,78,81
0.24989924269979943,7,11
0.24989924269979943,7,8,11
0.24989924269979943,7,9,11
0.24989924269979943,7,10,11
0.25015532237996574,6,68,72
0.2506230283607622,43,47,81
0.2508624345490131,0,4,75
0.2509648400541342,0,75,79
0.2512448567735823,42,79
0.2512448567735823,42,43,79
0.2512448567735823,42,44,79
0.2512448567735823,42,45,79
0.2512448567735823,42,46,79
0.2512448567735823,42,79,80
0.25163695552996157,16,20
0.25163695552996157,16,17,20
0.25163695552996157,16,18,20
0.25163695552996157,16,19,20
0.25183943592414915,70,74
0.25183943592414915,2,70,74
0.25183943592414915,3,70,74
0.25183943592414915,4,70,74
0.25183943592414915,5,70,74
0.25183943592414915,70,71,74
0.25183943592414915,70,72,74
0.25183943592414915,70,73,74
0.25184053875879675,1,70,74
0.25188218212374136,2,69
0.25188218212374136,2,3,69
0.25188218212374136,2,4,69
0.25188218212374136,2,5,69
0.25188218212374136,2,69,70
0.25188218212374136,2,69,71
0.25188218212374136,2,69,72
0.25188218212374136,2,69,73
0.2518941393237662,2,6
0.2518941393237662,2,3,6
0.2518941393237662,2,4,6
0.2518941393237662,2,5,6
0.2518941393237662,2,6,70
0.2518941393237662,2,6,71
0.2518941393237662,2,6,72
0.2518941393237662,2,6,73
0.2519371899427179,65,69
0.2519371899427179,65,66,69
0.2519371899427179,65,67,69
0.2519371899427179,65,68,69
0.2523435530618175,59,63
0.2523435530618175,59,60,63
0.2523435530618175,59,61,63
0.2523435530618175,59,62,63
0.25269778568089046,85,89
0.25269778568089046,85,86,89
0.25269778568089046,85,87,89
0.25269778568089046,85,88,89
0.2536025537229432,3,7
0.2536025537229432,3,4,7
0.2536025537229432,3,5,7
0.2536025537229432,3,6,7
0.2536025537229432,3,7,70
0.2536025537229432,3,7,71
0.2536025537229432,3,7,72
0.25382496214708783,2,48
0.25382496214708783,0,2,48
0.25382496214708783,1,2,48
0.25382496214708783,2,48,49
0.25382496214708783,2,48,74
0.25382496214708783,2,48,75
0.25382496214708783,2,48,76
0.25382496214708783,2,48,77
0.25404243334021703,17,21
0.25404243334021703,17,18,21
0.25404243334021703,17,19,21
0.25404243334021703,17,20,21
0.2541299347066745,51,55
0.2541299347066745,51,52,55
0.2541299347066745,51,53,55
0.2541299347066745,51,54,55
0.2542188977029274,64,68
0.2542188977029274,64,65,68
0.2542188977029274,64,66,68
0.2542188977029274,64,67,68
0.2544472242696276,86,90
0.2544472242696276,86,87,90
0.2544472242696276,86,88,90
0.2544472242696276,86,89,90
0.2545226485819335,35,39
0.2545226485819335,35,36,39
0.2545226485819335,35,37,39
0.2545226485819335,35,38,39
0.25511299313701,62,66
0.25511299313701,62,63,66
0.25511299313701,62,64,66
0.25511299313701,62,65,66
0.256130894149609,50,54
0.256130894149609,50,51,54
0.256130894149609,50,52,54
0.256130894149609,50,53,54
0.25658398525629844,43,82
0.25658398525629844,43,44,82
0.25658398525629844,43,45,82
0.25658398525629844,43,80,82
0.25658398525629844,43,81,82
0.2566109206599587,27,31
0.2566109206599587,27,28,31
0.2566109206599587,27,29,31
0.2566109206599587,27,30,31
0.25702549961470644,79,83
0.25702549961470644,79,80,83
0.25702549961470644,79,81,83
0.25702549961470644,79,82,83
0.257244986112862,0,71
0.257244986112862,0,1,71
0.257244986112862,0,2,71
0.257244986112862,0,3,71
0.257244986112862,0,4,71
0.257244986112862,0,71,72
0.257244986112862,0,71,73
0.257244986112862,0,71,74
0.2574322185459895,43,79,82
0.25808710030323767,7,73
0.25808710030323767,3,7,73
0.25808710030323767,4,7,73
0.25808710030323767,5,7,73
0.25808710030323767,6,7,73
0.25808710030323767,7,71,73
0.25808710030323767,7,72,73
0.25810111334299146,3,6,68
0.2581755852782682,7,70,73
0.2582727043628232,71,75
0.2582727043628232,1,71,75
0.2582727043628232,2,71,75
0.2582727043628232,3,71,75
0.2582727043628232,4,71,75
0.2582727043628232,71,72,75
0.2582727043628232,71,73,75
0.2582727043628232,71,74,75
0.25841916306088786,25,29
0.25841916306088786,25,26,29
0.25841916306088786,25,27,29
0.25841916306088786,25,28,29
0.2586923724100143,49,72
0.2586923724100143,0,49,72
0.2586923724100143,1,49,72
0.2586923724100143,2,49,72
0.2586923724100143,3,49,72
0.2586923724100143,49,72,73
0.2586923724100143,49,72,74
0.2586923724100143,49,72,75
0.2587630031565223,91,95
0.2587630031565223,91,92,95
0.2587630031565223,91,93,95
0.2587630031565223,91,94,95
0.2593752021685325,23,27
0.2593752021685325,23,24,27
0.2593752021685325,23,25,27
0.2593752021685325,23,26,27
0.2604620820347564,39,43
0.2604620820347564,39,40,43
0.2604620820347564,39,41,43
0.2604620820347564,39,42,43
0.26074650249027903,78,82
0.26074650249027903,45,78,82
0.26074650249027903,46,78,82
0.26074650249027903,47,78,82
0.26074650249027903,78,79,82
0.26074650249027903,78,80,82
0.26074650249027903,78,81,82
0.2612325255398117,43,46,82
0.26194789810483216,77,81
0.26194789810483216,45,77,81
0.26194789810483216,46,77,81
0.26194789810483216,47,77,81
0.26194789810483216,48,77,81
0.26194789810483216,77,78,81
0.26194789810483216,77,79,81
0.26194789810483216,77,80,81
0.26202125843359814,8,71
0.26202125843359814,5,8,71
0.26202125843359814,6,8,71
0.26202125843359814,7,8,71
0.2620961038845927,0,71,75
0.26290783128662815,34,38
0.26290783128662815,34,35,38
0.26290783128662815,34,36,38
0.26290783128662815,34,37,38
0.26296163239784776,44,78,82
0.26322011757387237,3,76
0.26322011757387237,0,3,76
0.26322011757387237,1,3,76
0.26322011757387237,2,3,76
0.26322011757387237,3,49,76
0.26322011757387237,3,73,76
0.26322011757387237,3,74,76
0.26322011757387237,3,75,76
0.2635811108077555,26,30
0.2635811108077555,26,27,30
0.2635811108077555,26,28,30
0.2635811108077555,26,29,30
0.26361083028644255,4,8
0.26361083028644255,4,5,8
0.26361083028644255,4,6,8
0.26361083028644255,4,7,8
0.26361083028644255,4,8,71
0.2640695069429105,3,7,69
0.2644825713802907,73,77
0.2644825713802907,0,73,77
0.2644825713802907,1,73,77
0.2644825713802907,2,73,77
0.2644825713802907,49,73,77
0.2644825713802907,73,74,77
0.2644825713802907,73,75,77
0.2644825713802907,73,76,77
0.26453549961230793,28,32
0.26453549961230793,28,29,32
0.26453549961230793,28,30,32
0.26453549961230793,28,31,32
0.26561775759062656,15,19
0.26561775759062656,15,16,19
0.26561775759062656,15,17,19
0.26561775759062656,15,18,19
0.26575023551601196,93,97
0.26575023551601196,93,94,97
0.26575023551601196,93,95,97
0.26575023551601196,93,96,97
0.26643547911539883,94,98
0.26643547911539883,94,95,98
0.26643547911539883,94,96,98
0.26643547911539883,94,97,98
0.26646547272807586,7,68
0.26646547272807586,5,7,68
0.26646547272807586,6,7,68
0.26646547272807586,7,68,69
0.26646547272807586,7,68,70
0.2665014083969046,7,68,71
0.2671892828543895,37,41
0.2671892828543895,37,38,41
0.2671892828543895,37,39,41
0.2671892828543895,37,40,41
0.26730978596851124,80,84
0.26730978596851124,80,81,84
0.26730978596851124,80,82,84
0.26730978596851124,80,83,84
0.26740224663011314,24,28
0.26740224663011314,24,25,28
0.26740224663011314,24,26,28
0.26740224663011314,24,27,28
0.2677650912348117,84,88
0.2677650912348117,84,85,88
0.2677650912348117,84,86,88
0.2677650912348117,84,87,88
0.2679029682990902,4,7,68
0.2683408701943551,1,47
0.2683408701943551,0,1,47
0.2683408701943551,1,47,48
0.2683408701943551,1,47,49
0.2683408701943551,1,47,75
0.2683408701943551,1,47,76
0.2683408701943551,1,47,77
0.26847510890513393,47,74
0.26847510890513393,0,47,74
0.26847510890513393,47,48,74
0.26847510890513393,47,49,74
0.26847510890513393,47,74,75
0.26847510890513393,47,74,76
0.26847510890513393,47,74,77
0.26847510890513393,47,74,78
0.2688215043635186,2,6,69
0.26897738259525095,44,77,81
0.27032794341311045,44,76
0.27032794341311045,44,45,76
0.27032794341311045,44,46,76
0.27032794341311045,44,47,76
0.27032794341311045,44,48,76
0.27032794341311045,44,76,77
0.27032794341311045,44,76,78
0.27032794341311045,44,76,79
0.27032794341311045,44,76,80
0.2714003832932579,1,78
0.2714003832932579,0,1,78
0.2714003832932579,1,48,78
0.2714003832932579,1,49,78
0.2714003832932579,1,75,78
0.2714003832932579,1,76,78
0.2714003832932579,1,77,78
0.2715108205246855,45,83
0.2715108205246855,45,79,83
0.2715108205246855,45,80,83
0.2715108205246855,45,81,83
0.2715108205246855,45,82,83
0.27155253969485327,1,47,78
0.2715886522159754,1,74,78
0.27210051496455856,52,56
0.27210051496455856,52,53,56
0.27210051496455856,52,54,56
0.27210051496455856,52,55,56
0.2745362772885528,67,71
0.2745362772885528,67,68,71
0.2745362772885528,67,69,71
0.2745362772885528,67,70,71
0.27492144924292417,1,47,74
0.27544757800931224,14,18
0.27544757800931224,14,15,18
0.27544757800931224,14,16,18
0.27544757800931224,14,17,18
0.27545715093929624,8,70
0.27545715093929624,5,8,70
0.27545715093929624,6,8,70
0.27545715093929624,7,8,70
0.27545715093929624,8,70,71
0.27550618646546055,4,8,70
0.27554678475934113,48,82
0.27554678475934113,45,48,82
0.27554678475934113,46,48,82
0.27554678475934113,47,48,82
0.27554678475934113,48,78,82
0.27554678475934113,48,79,82
0.27554678475934113,48,80,82
0.27554678475934113,48,81,82
0.27560396701658685,53,98
0.27560396701658685,50,53,98
0.27560396701658685,51,53,98
0.27560396701658685,52,53,98
0.27560396701658685,53,98,99
0.2761346501775289,43,77
0.2761346501775289,43,44,77
0.2761346501775289,43,45,77
0.2761346501775289,43,46,77
0.2761346501775289,43,47,77
0.2761346501775289,43,77,78
0.2761346501775289,43,77,79
0.2761346501775289,43,77,80
0.27640645333754704,6,74
0.27640645333754704,2,6,74
0.27640645333754704,3,6,74
0.27640645333754704,4,6,74
0.27640645333754704,5,6,74
0.27640645333754704,6,71,74
0.27640645333754704,6,72,74
0.27640645333754704,6,73,74
0.27718518466243974,72,76
0.27718518466243974,0,72,76
0.27718518466243974,1,72,76
0.27718518466243974,2,72,76
0.27718518466243974,3,72,76
0.27718518466243974,49,72,76
0.27718518466243974,72,73,76
0.27718518466243974,72,74,76
0.27718518466243974,72,75,76
0.2778524502774393,6,70,74
0.2788279504427464,35,40
0.2788279504427464,35,36,40
0.2788279504427464,35,37,40
0.2788279504427464,35,38,40
0.2788279504427464,35,39,40
0.27915717800364315,44,83
0.27915717800364315,44,45,83
0.27915717800364315,44,80,83
0.27915717800364315,44,81,83
0.27915717800364315,44,82,83
0.2794028074670836,7,69,73
0.2801942384562428,44,79,83
0.2805329912744519,12,17
0.2805329912744519,12,13,17
0.2805329912744519,12,14,17
0.2805329912744519,12,15,17
0.2805329912744519,12,16,17
0.28130009880805035,18,23
0.28130009880805035,18,19,23
0.28130009880805035,18,20,23
0.28130009880805035,18,21,23
0.28130009880805035,18,22,23
0.2813086381978724,5,67
0.2813086381978724,5,67,68
0.2813086381978724,5,67,69
0.2813086381978724,5,67,70
0.2813086381978724,5,67,71
0.2813378060859759,43,47,82
0.2817238618541703,8,13
0.2817238618541703,8,9,13
0.2817238618541703,8,10,13
0.2817238618541703,8,11,13
0.2817238618541703,8,12,13
0.2833162383539165,42,78
0.2833162383539165,42,43,78
0.2833162383539165,42,44,78
0.2833162383539165,42,45,78
0.2833162383539165,42,46,78
0.2833162383539165,42,78,79
0.2833162383539165,42,78,80
0.2833309750823072,47,83
0.2833309750823072,47,79,83
0.2833309750823072,47,80,83
0.2833309750823072,47,81,83
0.2833309750823072,47,82,83
0.2837837439285562,40,44
0.2837837439285562,40,41,44
0.2837837439285562,40,42,44
0.2837837439285562,40,43,44
0.28522935784137105,7,68,72
0.2863900375667972,45,47,83
0.28644794486721165,88,93
0.28644794486721165,88,89,93
0.28644794486721165,88,90,93
0.28644794486721165,88,91,93
0.28644794486721165,88,92,93
0.2864626318713304,68,73
0.2864626318713304,3,68,73
0.2864626318713304,4,68,73
0.2864626318713304,5,68,73
0.2864626318713304,68,69,73
0.2864626318713304,68,70,73
0.2864626318713304,68,71,73
0.2864626318713304,68,72,73
0.2866330138310581,44,48,82
0.28674458715309176,19,24
0.28674458715309176,19,20,24
0.28674458715309176,19,21,24
0.28674458715309176,19,22,24
0.28674458715309176,19,23,24
0.28682081187754116,56,61
0.28682081187754116,56,57,61
0.28682081187754116,56,58,61
0.28682081187754116,56,59,61
0.28682081187754116,56,60,61
0.28712416591637,43,78,82
0.2873772840136944,43,48
0.2873772840136944,43,44,48
0.2873772840136944,43,45,48
0.2873772840136944,43,46,48
0.2873772840136944,43,47,48
0.2873772840136944,43,48,77
0.2873772840136944,43,48,78
0.2873772840136944,43,48,79
0.2873772840136944,43,48,80
0.28752140476303945,42,81
0.28752140476303945,42,43,81
0.28752140476303945,42,44,81
0.28752140476303945,42,45,81
0.28752140476303945,42,46,81
0.28752140476303945,42,79,81
0.28752140476303945,42,80,81
0.2880125426282545,6,68,73
0.28826940874590773,49,81
0.28826940874590773,45,49,81
0.28826940874590773,46,49,81
0.28826940874590773,47,49,81
0.28826940874590773,48,49,81
0.28826940874590773,49,77,81
0.28826940874590773,49,78,81
0.28826940874590773,49,79,81
0.28826940874590773,49,80,81
0.2882694124540506,1,69
0.2882694124540506,1,2,69
0.2882694124540506,1,3,69
0.2882694124540506,1,4,69
0.2882694124540506,1,5,69
0.2882694124540506,1,69,70
0.2882694124540506,1,69,71
0.2882694124540506,1,69,72
0.2882694124540506,1,69,73
0.2884014647656386,2,68
0.2884014647656386,2,3,68
0.2884014647656386,2,4,68
0.2884014647656386,2,5,68
0.2884014647656386,2,68,69
0.2884014647656386,2,68,70
0.2884014647656386,2,68,71
0.2884014647656386,2,68,72
0.28852021451921656,8,69
0.28852021451921656,5,8,69
0.28852021451921656,6,8,69
0.28852021451921656,7,8,69
0.28852021451921656,8,69,70
0.28876450917952495,41,80
0.28876450917952495,41,42,80
0.28876450917952495,41,43,80
0.28876450917952495,41,44,80
0.28876450917952495,41,45,80
0.2888085141413369,60,65
0.2888085141413369,60,61,65
0.2888085141413369,60,62,65
0.2888085141413369,60,63,65
0.2888085141413369,60,64,65
0.2890145163161735,45,75
0.2890145163161735,45,46,75
0.2890145163161735,45,47,75
0.2890145163161735,45,48,75
0.2890145163161735,45,49,75
0.2890145163161735,45,75,76
0.2890145163161735,45,75,77
0.2890145163161735,45,75,78
0.2890145163161735,45,75,79
0.28918375570066596,87,92
0.28918375570066596,87,88,92
0.28918375570066596,87,89,92
0.28918375570066596,87,90,92
0.28918375570066596,87,91,92
0.2893416104588544,2,68,73
0.28940859095077653,8,69,71
0.2894144320865543,4,67
0.2894144320865543,4,5,67
0.2894144320865543,4,67,68
0.2894144320865543,4,67,69
0.2894144320865543,4,67,70
0.2894144320865543,4,67,71
0.28961702708114373,32,37
0.28961702708114373,32,33,37
0.28961702708114373,32,34,37
0.28961702708114373,32,35,37
0.28961702708114373,32,36,37
0.2905827050327561,43,48,81
0.2906085216559951,48,73
0.2906085216559951,0,48,73
0.2906085216559951,1,48,73
0.2906085216559951,2,48,73
0.2906085216559951,48,49,73
0.2906085216559951,48,73,74
0.2906085216559951,48,73,75
0.2906085216559951,48,73,76
0.2906085216559951,48,73,77
0.29118251141105345,4,8,69
0.29121164310339553,62,67
0.29121164310339553,62,63,67
0.29121164310339553,62,64,67
0.29121164310339553,62,65,67
0.29121164310339553,62,66,67
0.29127390338608855,46,83
0.29127390338608855,45,46,83
0.29127390338608855,46,79,83
0.29127390338608855,46,80,83
0.29127390338608855,46,81,83
0.29127390338608855,46,82,83
0.29140342512154105,46,47,83
0.29140436170056905,81,86
0.29140436170056905,81,82,86
0.29140436170056905,81,83,86
0.29140436170056905,81,84,86
0.29140436170056905,81,85,86
0.2918092685413409,76,81
0.2918092685413409,45,76,81
0.2918092685413409,46,76,81
0.2918092685413409,47,76,81
0.2918092685413409,48,76,81
0.2918092685413409,76,77,81
0.2918092685413409,76,78,81
0.2918092685413409,76,79,81
0.2918092685413409,76,80,81
0.2922690055747985,49,76,81
0.29336736473840597,50,95
0.29336736473840597,50,95,96
0.29336736473840597,50,95,97
0.29336736473840597,50,95,98
0.29336736473840597,50,95,99
0.29344635092918525,44,46,83
0.29354107416501246,41,46
0.29354107416501246,41,42,46
0.29354107416501246,41,43,46
0.29354107416501246,41,44,46
0.29354107416501246,41,45,46
0.29459144709242524,41,46,80
0.29476059814457245,28,33
0.29476059814457245,28,29,33
0.29476059814457245,28,30,33
0.29476059814457245,28,31,33
0.29476059814457245,28,32,33
0.29502175469142,5,75
0.29502175469142,1,5,75
0.29502175469142,2,5,75
0.29502175469142,3,5,75
0.29502175469142,4,5,75
0.29502175469142,5,71,75
0.29502175469142,5,72,75
0.29502175469142,5,73,75
0.29502175469142,5,74,75
0.29524915746851854,3,77
0.29524915746851854,0,3,77
0.29524915746851854,1,3,77
0.29524915746851854,2,3,77
0.29524915746851854,3,49,77
0.29524915746851854,3,73,77
0.29524915746851854,3,74,77
0.29524915746851854,3,75,77
0.29524915746851854,3,76,77
0.2954778344437993,3,7,68
0.29588731145945535,38,43
0.29588731145945535,38,39,43
0.29588731145945535,38,40,43
0.29588731145945535,38,41,43
0.29588731145945535,38,42,43
0.29604464311097317,9,71
0.29604464311097317,5,9,71
0.29604464311097317,6,9,71
0.29604464311097317,7,9,71
0.29604464311097317,8,9,71
0.2966757431457804,43,77,81
0.2969190553578152,4,9
0.2969190553578152,4,5,9
0.2969190553578152,4,6,9
0.2969190553578152,4,7,9
0.2969190553578152,4,8,9
0.2969190553578152,4,9,71
0.2970461815220271,52,97
0.2970461815220271,50,52,97
0.2970461815220271,51,52,97
0.2970461815220271,52,97,98
0.2970461815220271,52,97,99
0.2971802414264477,54,59
0.2971802414264477,54,55,59
0.2971802414264477,54,56,59
0.2971802414264477,54,57,59
0.2971802414264477,54,58,59
0.29764556738481873,44,76,81
0.2988405774608642,90,95
0.2988405774608642,90,91,95
0.2988405774608642,90,92,95
0.2988405774608642,90,93,95
0.2988405774608642,90,94,95
0.2993395129882295,8,72
0.2993395129882295,4,8,72
0.2993395129882295,5,8,72
0.2993395129882295,6,8,72
0.2993395129882295,7,8,72
0.2993395129882295,8,71,72
0.2993529357792769,8,70,72
0.2997733521680442,44,47,83
0.3000432342897733,2,6,68
0.30062059363265325,34,39
0.30062059363265325,34,35,39
0.30062059363265325,34,36,39
0.30062059363265325,34,37,39
0.30062059363265325,34,38,39
0.30064733316602305,6,67
0.30064733316602305,5,6,67
0.30064733316602305,6,67,68
0.30064733316602305,6,67,69
0.30064733316602305,6,67,70
0.300661944335693,6,67,71
0.3007988524858942,0,80
0.3007988524858942,0,46,80
0.3007988524858942,0,47,80
0.3007988524858942,0,48,80
0.3007988524858942,0,49,80
0.3007988524858942,0,76,80
0.3007988524858942,0,77,80
0.3007988524858942,0,78,80
0.3007988524858942,0,79,80
0.30190806952941707,0,70
0.30190806952941707,0,1,70
0.30190806952941707,0,2,70
0.30190806952941707,0,3,70
0.30190806952941707,0,4,70
0.30190806952941707,0,70,71
0.30190806952941707,0,70,72
0.30190806952941707,0,70,73
0.30190806952941707,0,70,74
0.30216476149409355,20,25
0.30216476149409355,20,21,25
0.30216476149409355,20,22,25
0.30216476149409355,20,23,25
0.30216476149409355,20,24,25
0.3024322111742262,52,57
0.3024322111742262,52,53,57
0.3024322111742262,52,54,57
0.3024322111742262,52,55,57
0.3024322111742262,52,56,57
0.3025237482375509,46,74
0.3025237482375509,0,46,74
0.3025237482375509,46,47,74
0.3025237482375509,46,48,74
0.3025237482375509,46,49,74
0.3025237482375509,46,74,75
0.3025237482375509,46,74,76
0.3025237482375509,46,74,77
0.3025237482375509,46,74,78
0.3029342856436929,66,71
0.3029342856436929,66,67,71
0.3029342856436929,66,68,71
0.3029342856436929,66,69,71
0.3029342856436929,66,70,71
0.30321945456394317,2,78
0.30321945456394317,0,2,78
0.30321945456394317,1,2,78
0.30321945456394317,2,48,78
0.30321945456394317,2,49,78
0.30321945456394317,2,74,78
0.30321945456394317,2,75,78
0.30321945456394317,2,76,78
0.30321945456394317,2,77,78
0.30334414663226605,4,6,67
0.30373427796896724,4,49
0.30373427796896724,0,4,49
0.30373427796896724,1,4,49
0.30373427796896724,2,4,49
0.30373427796896724,3,4,49
0.30373427796896724,4,49,72
0.30373427796896724,4,49,73
0.30373427796896724,4,49,74
0.30373427796896724,4,49,75
0.3038539216350187,75,80
0.3038539216350187,45,75,80
0.3038539216350187,46,75,80
0.3038539216350187,47,75,80
0.3038539216350187,48,75,80
0.3038539216350187,49,75,80
0.3038539216350187,75,76,80
0.3038539216350187,75,77,80
0.3038539216350187,75,78,80
0.3038539216350187,75,79,80
0.3045475861552625,44,49
0.3045475861552625,44,45,49
0.3045475861552625,44,46,49
0.3045475861552625,44,47,49
0.3045475861552625,44,48,49
0.3045475861552625,44,49,76
0.3045475861552625,44,49,77
0.3045475861552625,44,49,78
0.3045475861552625,44,49,79
0.3045475861552625,44,49,80
0.30502617448291935,42,78,81
0.3053507671324284,16,21
0.3053507671324284,16,17,21
0.3053507671324284,16,18,21
0.3053507671324284,16,19,21
0.3053507671324284,16,20,21
0.30596238860059605,9,14
0.30596238860059605,9,10,14
0.30596238860059605,9,11,14
0.30596238860059605,9,12,14
0.30596238860059605,9,13,14
0.3060064956726748,0,45
0.3060064956726748,0,45,46
0.3060064956726748,0,45,47
0.3060064956726748,0,45,48
0.3060064956726748,0,45,49
0.3060064956726748,0,45,75
0.3060064956726748,0,45,76
0.3060064956726748,0,45,77
0.3060064956726748,0,45,78
0.3060064956726748,0,45,79
0.30602365327947806,57,62
0.30602365327947806,57,58,62
0.30602365327947806,57,59,62
0.30602365327947806,57,60,62
0.30602365327947806,57,61,62
0.3061170226223186,0,45,80
0.3061405145662147,0,75,80
0.3063079474186647,58,63
0.3063079474186647,58,59,63
0.3063079474186647,58,60,63
0.3063079474186647,58,61,63
0.3063079474186647,58,62,63
0.30634007054738843,5,10
0.30634007054738843,5,6,10
0.30634007054738843,5,7,10
0.30634007054738843,5,8,10
0.30634007054738843,5,9,10
0.30636035449922766,1,6
0.30636035449922766,1,2,6
0.30636035449922766,1,3,6
0.30636035449922766,1,4,6
0.30636035449922766,1,5,6
0.30636035449922766,1,6,70
0.30636035449922766,1,6,71
0.30636035449922766,1,6,72
0.30636035449922766,1,6,73
0.30636035449922766,1,6,74
0.3064496453411865,22,27
0.3064496453411865,22,23,27
0.3064496453411865,22,24,27
0.3064496453411865,22,25,27
0.3064496453411865,22,26,27
0.3064750633288236,0,5
0.3064750633288236,0,1,5
0.3064750633288236,0,2,5
0.3064750633288236,0,3,5
0.3064750633288236,0,4,5
0.3064750633288236,0,5,71
0.3064750633288236,0,5,72
0.3064750633288236,0,5,73
0.3064750633288236,0,5,74
0.30663872591610053,0,5,75
0.3067360286648189,43,76
0.3067360286648189,43,44,76
0.3067360286648189,43,45,76
0.3067360286648189,43,46,76
0.3067360286648189,43,47,76
0.3067360286648189,43,48,76
0.3067360286648189,43,76,77
0.3067360286648189,43,76,78
0.3067360286648189,43,76,79
0.3067360286648189,43,76,80
0.3072733465356856,30,35
0.3072733465356856,30,31,35
0.3072733465356856,30,32,35
0.3072733465356856,30,33,35
0.3072733465356856,30,34,35
0.30736016564079693,64,69
0.30736016564079693,64,65,69
0.30736016564079693,64,66,69
0.30736016564079693,64,67,69
0.30736016564079693,64,68,69
0.3076899377194651,2,47
0.3076899377194651,0,2,47
0.3076899377194651,1,2,47
0.3076899377194651,2,47,48
0.3076899377194651,2,47,49
0.3076899377194651,2,47,74
0.3076899377194651,2,47,75
0.3076899377194651,2,47,76
0.3076899377194651,2,47,77
0.3076899377194651,2,47,78
0.3076966880391448,84,89
0.3076966880391448,84,85,89
0.3076966880391448,84,86,89
0.3076966880391448,84,87,89
0.3076966880391448,84,88,89
0.30801575163589845,0,5,70
0.30820575535714917,42,47
0.30820575535714917,42,43,47
0.30820575535714917,42,44,47
0.30820575535714917,42,45,47
0.30820575535714917,42,46,47
0.30820575535714917,42,47,78
0.30820575535714917,42,47,79
0.30820575535714917,42,47,80
0.3083716114037102,86,91
0.3083716114037102,86,87,91
0.3083716114037102,86,88,91
0.3083716114037102,86,89,91
0.3083716114037102,86,90,91
0.3087820111807664,10,15
0.3087820111807664,10,11,15
0.3087820111807664,10,12,15
0.3087820111807664,10,13,15
0.3087820111807664,10,14,15
0.3093623962321685,53,58
0.3093623962321685,53,54,58
0.3093623962321685,53,55,58
0.3093623962321685,53,56,58
0.3093623962321685,53,57,58
0.30968778243498296,72,77
0.30968778243498296,0,72,77
0.30968778243498296,1,72,77
0.30968778243498296,2,72,77
0.30968778243498296,3,72,77
0.30968778243498296,49,72,77
0.30968778243498296,72,73,77
0.30968778243498296,72,74,77
0.30968778243498296,72,75,77
0.30968778243498296,72,76,77
0.3105906945477449,54,99
0.3105906945477449,50,54,99
0.3105906945477449,51,54,99
0.3105906945477449,52,54,99
0.3105906945477449,53,54,99
0.31066112475819263,82,87
0.31066112475819263,82,83,87
0.31066112475819263,82,84,87
0.31066112475819263,82,85,87
0.31066112475819263,82,86,87
0.3109503144024598,6,11
0.3109503144024598,6,7,11
0.3109503144024598,6,8,11
0.3109503144024598,6,9,11
0.3109503144024598,6,10,11
0.3109713971639086,63,68
0.3109713971639086,63,64,68
0.3109713971639086,63,65,68
0.3109713971639086,63,66,68
0.3109713971639086,63,67,68
0.3114158953802225,44,49,81
0.31145914397225316,9,70
0.31145914397225316,4,9,70
0.31145914397225316,5,9,70
0.31145914397225316,6,9,70
0.31145914397225316,7,9,70
0.31145914397225316,8,9,70
0.31145914397225316,9,70,71
0.3116724343121754,2,7
0.3116724343121754,2,3,7
0.3116724343121754,2,4,7
0.3116724343121754,2,5,7
0.3116724343121754,2,6,7
0.3116724343121754,2,7,70
0.3116724343121754,2,7,71
0.3116724343121754,2,7,72
0.3116724343121754,2,7,73
0.3118552396955805,79,84
0.3118552396955805,79,80,84
0.3118552396955805,79,81,84
0.3118552396955805,79,82,84
0.3118552396955805,79,83,84
0.3119102880348937,8,69,72
0.31216847772799183,21,26
0.31216847772799183,21,22,26
0.31216847772799183,21,23,26
0.31216847772799183,21,24,26
0.31216847772799183,21,25,26
0.31239151184311975,42,47,81
0.31243069124024037,1,6,69
0.31250924255738216,41,79
0.31250924255738216,41,42,79
0.31250924255738216,41,43,79
0.31250924255738216,41,44,79
0.31250924255738216,41,45,79
0.31250924255738216,41,46,79
0.31250924255738216,41,79,80
0.3125656954077401,3,48
0.3125656954077401,0,3,48
0.3125656954077401,1,3,48
0.3125656954077401,2,3,48
0.3125656954077401,3,48,49
0.3125656954077401,3,48,73
0.3125656954077401,3,48,74
0.3125656954077401,3,48,75
0.3125656954077401,3,48,76
0.3125656954077401,3,48,77
0.3127919542094138,31,36
0.3127919542094138,31,32,36
0.3127919542094138,31,33,36
0.3127919542094138,31,34,36
0.3127919542094138,31,35,36
0.3133960913984651,39,44
0.3133960913984651,39,40,44
0.3133960913984651,39,41,44
0.3133960913984651,39,42,44
0.3133960913984651,39,43,44
0.3135466293965259,5,66
0.3135466293965259,5,66,67
0.3135466293965259,5,66,68
0.3135466293965259,5,66,69
0.3135466293965259,5,66,70
0.3135466293965259,5,66,71
0.31388636814124243,89,94
0.31388636814124243,89,90,94
0.31388636814124243,89,91,94
0.31388636814124243,89,92,94
0.31388636814124243,89,93,94
0.3140378917016481,59,64
0.3140378917016481,59,60,64
0.3140378917016481,59,61,64
0.3140378917016481,59,62,64
0.3140378917016481,59,63,64
0.3140847365660373,7,68,73
0.3144265763960209,2,7,69
0.3146007629550784,42,82
0.3146007629550784,42,43,82
0.3146007629550784,42,44,82
0.3146007629550784,42,45,82
0.3146007629550784,42,80,82
0.3146007629550784,42,81,82
0.31465107646309387,29,34
0.31465107646309387,29,30,34
0.31465107646309387,29,31,34
0.31465107646309387,29,32,34
0.31465107646309387,29,33,34
0.31466911318339347,42,79,82
0.31468665257825185,49,71
0.31468665257825185,0,49,71
0.31468665257825185,1,49,71
0.31468665257825185,2,49,71
0.31468665257825185,3,49,71
0.31468665257825185,4,49,71
0.31468665257825185,49,71,72
0.31468665257825185,49,71,73
0.31468665257825185,49,71,74
0.31468665257825185,49,71,75
0.3151454856085679,94,99
0.3151454856085679,94,95,99
0.3151454856085679,94,96,99
0.3151454856085679,94,97,99
0.3151454856085679,94,98,99
0.3153193127518363,42,46,82
0.3166564924133801,65,70
0.3166564924133801,65,66,70
0.3166564924133801,65,67,70
0.3166564924133801,65,68,70
0.3166564924133801,65,69,70
0.3167008845870996,11,16
0.3167008845870996,11,12,16
0.3167008845870996,11,13,16
0.3167008845870996,11,14,16
0.3167008845870996,11,15,16
0.31710128551892874,74,79
0.31710128551892874,0,74,79
0.31710128551892874,46,74,79
0.31710128551892874,47,74,79
0.31710128551892874,48,74,79
0.31710128551892874,49,74,79
0.31710128551892874,74,75,79
0.31710128551892874,74,76,79
0.31710128551892874,74,77,79
0.31710128551892874,74,78,79
0.31712205065050064,36,41
0.31712205065050064,36,37,41
0.31712205065050064,36,38,41
0.31712205065050064,36,39,41
0.31712205065050064,36,40,41
0.31751550972487175,43,48,82
0.3176004381987226,4,66
0.3176004381987226,4,66,67
0.3176004381987226,4,66,68
0.3176004381987226,4,66,69
0.3176004381987226,4,66,70
0.3176004381987226,4,66,71
0.3176364780173534,85,90
0.3176364780173534,85,86,90
0.3176364780173534,85,87,90
0.3176364780173534,85,88,90
0.3176364780173534,85,89,90
0.3177540668642524,4,5,66
0.3180394879293197,70,75
0.3180394879293197,0,70,75
0.3180394879293197,1,70,75
0.3180394879293197,2,70,75
0.3180394879293197,3,70,75
0.3180394879293197,4,70,75
0.3180394879293197,5,70,75
0.3180394879293197,70,71,75
0.3180394879293197,70,72,75
0.3180394879293197,70,73,75
0.3180394879293197,70,74,75
0.3181305598501523,7,12
0.3181305598501523,7,8,12
0.3181305598501523,7,9,12
0.3181305598501523,7,10,12
0.3181305598501523,7,11,12
0.3183043749000253,91,96
0.3183043749000253,91,92,96
0.3183043749000253,91,93,96
0.3183043749000253,91,94,96
0.3183043749000253,91,95,96
0.31832303187737565,1,68
0.31832303187737565,1,2,68
0.31832303187737565,1,3,68
0.31832303187737565,1,4,68
0.31832303187737565,1,5,68
0.31832303187737565,1,68,69
0.31832303187737565,1,68,70
0.31832303187737565,1,68,71
0.31832303187737565,1,68,72
0.31832303187737565,1,68,73
0.3183614282064094,83,88
0.3183614282064094,83,84,88
0.3183614282064094,83,85,88
0.3183614282064094,83,86,88
0.3183614282064094,83,87,88
0.318652644093752,43,83
0.318652644093752,43,44,83
0.318652644093752,43,45,83
0.318652644093752,43,79,83
0.318652644093752,43,80,83
0.318652644093752,43,81,83
0.318652644093752,43,82,83
0.3190204863503937,55,60
0.3190204863503937,55,56,60
0.3190204863503937,55,57,60
0.3190204863503937,55,58,60
0.3190204863503937,55,59,60
0.31933212379143006,51,96
0.31933212379143006,50,51,96
0.31933212379143006,51,96,97
0.31933212379143006,51,96,98
0.31933212379143006,51,96,99
0.319538182383861,24,29
0.319538182383861,24,25,29
0.319538182383861,24,26,29
0.319538182383861,24,27,29
0.319538182383861,24,28,29
0.32016720691923634,14,19
0.32016720691923634,14,15,19
0.32016720691923634,14,16,19
0.32016720691923634,14,17,19
0.32016720691923634,14,18,19
0.32030173976144055,67,72
0.32030173976144055,4,67,72
0.32030173976144055,5,67,72
0.32030173976144055,67,68,72
0.32030173976144055,67,69,72
0.32030173976144055,67,70,72
0.32030173976144055,67,71,72
0.3208198700371101,78,83
0.3208198700371101,45,78,83
0.3208198700371101,46,78,83
0.3208198700371101,47,78,83
0.3208198700371101,78,79,83
0.3208198700371101,78,80,83
0.3208198700371101,78,81,83
0.3208198700371101,78,82,83
0.32097348541712534,43,46,83
0.3213682116794008,93,98
0.3213682116794008,93,94,98
0.3213682116794008,93,95,98
0.3213682116794008,93,96,98
0.3213682116794008,93,97,98
0.3215754248367796,44,78,83
0.3216365075035929,4,76
0.3216365075035929,0,4,76
0.3216365075035929,1,4,76
0.3216365075035929,2,4,76
0.3216365075035929,3,4,76
0.3216365075035929,4,49,76
0.3216365075035929,4,72,76
0.3216365075035929,4,73,76
0.3216365075035929,4,74,76
0.3216365075035929,4,75,76
0.32206121380350944,3,67
0.32206121380350944,3,4,67
0.32206121380350944,3,5,67
0.32206121380350944,3,67,68
0.32206121380350944,3,67,69
0.32206121380350944,3,67,70
0.32206121380350944,3,67,71
0.32206121380350944,3,67,72
0.32246608729717946,34,40
0.32246608729717946,34,35,40
0.32246608729717946,34,36,40
0.32246608729717946,34,37,40
0.32246608729717946,34,38,40
0.32246608729717946,34,39,40
0.32283149209249906,77,82
0.32283149209249906,44,77,82
0.32283149209249906,45,77,82
0.32283149209249906,46,77,82
0.32283149209249906,47,77,82
0.32283149209249906,48,77,82
0.32283149209249906,77,78,82
0.32283149209249906,77,79,82
0.32283149209249906,77,80,82
0.32283149209249906,77,81,82
0.32323756509033025,37,42
0.32323756509033025,37,38,42
0.32323756509033025,37,39,42
0.32323756509033025,37,40,42
0.32323756509033025,37,41,42
0.32341958321051817,43,76,81
0.32375831414862094,50,55
0.32375831414862094,50,51,55
0.32375831414862094,50,52,55
0.32375831414862094,50,53,55
0.32375831414862094,50,54,55
0.32376003934750963,17,22
0.32376003934750963,17,18,22
0.32376003934750963,17,19,22
0.32376003934750963,17,20,22
0.32376003934750963,17,21,22
0.3242944044387517,25,30
0.3242944044387517,25,26,30
0.3242944044387517,25,27,30
0.3242944044387517,25,28,30
0.3242944044387517,25,29,30
0.32439066752390294,8,73
0.32439066752390294,4,8,73
0.32439066752390294,5,8,73
0.32439066752390294,6,8,73
0.32439066752390294,7,8,73
0.32439066752390294,8,70,73
0.32439066752390294,8,71,73
0.32439066752390294,8,72,73
0.32440321069312705,9,69
0.32440321069312705,5,9,69
0.32440321069312705,6,9,69
0.32440321069312705,7,9,69
0.32440321069312705,8,9,69
0.32440321069312705,9,69,70
0.32446149611607555,6,67,72
0.3245883407015582,9,69,71
0.32464464609762167,92,97
0.32464464609762167,92,93,97
0.32464464609762167,92,94,97
0.32464464609762167,92,95,97
0.32464464609762167,92,96,97
0.32486463065859844,3,8
0.32486463065859844,3,4,8
0.32486463065859844,3,5,8
0.32486463065859844,3,6,8
0.32486463065859844,3,7,8
0.32486463065859844,3,8,70
0.32486463065859844,3,8,71
0.32486463065859844,3,8,72
0.325001121052144,15,20
0.325001121052144,15,16,20
0.325001121052144,15,17,20
0.325001121052144,15,18,20
0.325001121052144,15,19,20
0.3254996475810503,3,8,73
0.32556092008509624,4,9,69
0.32567867202811823,69,74
0.32567867202811823,1,69,74
0.32567867202811823,2,69,74
0.32567867202811823,3,69,74
0.32567867202811823,4,69,74
0.32567867202811823,5,69,74
0.32567867202811823,69,70,74
0.32567867202811823,69,71,74
0.32567867202811823,69,72,74
0.32567867202811823,69,73,74
0.32568915115978847,6,69,74
0.32611290550186556,45,84
0.32611290550186556,45,79,84
0.32611290550186556,45,80,84
0.32611290550186556,45,81,84
0.32611290550186556,45,82,84
0.32611290550186556,45,83,84
0.32639308505248127,1,46
0.32639308505248127,0,1,46
0.32639308505248127,1,46,47
0.32639308505248127,1,46,48
0.32639308505248127,1,46,49
0.32639308505248127,1,46,74
0.32639308505248127,1,46,75
0.32639308505248127,1,46,76
0.32639308505248127,1,46,77
0.32639308505248127,1,46,78
0.32737184165495176,7,74
0.32737184165495176,2,7,74
0.32737184165495176,3,7,74
0.32737184165495176,4,7,74
0.32737184165495176,5,7,74
0.32737184165495176,6,7,74
0.32737184165495176,7,70,74
0.32737184165495176,7,71,74
0.32737184165495176,7,72,74
0.32737184165495176,7,73,74
0.32750177944666065,48,83
0.32750177944666065,45,48,83
0.32750177944666065,46,48,83
0.32750177944666065,47,48,83
0.32750177944666065,48,79,83
0.32750177944666065,48,80,83
0.32750177944666065,48,81,83
0.32750177944666065,48,82,83
0.3275253310078067,48,78,83
0.3275631875906484,1,79
0.3275631875906484,0,1,79
0.3275631875906484,1,47,79
0.3275631875906484,1,48,79
0.3275631875906484,1,49,79
0.3275631875906484,1,75,79
0.3275631875906484,1,76,79
0.3275631875906484,1,77,79
0.3275631875906484,1,78,79
0.32757666272738567,26,31
0.32757666272738567,26,27,31
0.32757666272738567,26,28,31
0.32757666272738567,26,29,31
0.32757666272738567,26,30,31
0.3276867664171318,1,46,79
0.328936768504296,1,74,79
0.3289443205878476,3,8,69
0.32913524396160687,3,6,67
0.32978862521199226,80,85
0.32978862521199226,80,81,85
0.32978862521199226,80,82,85
0.32978862521199226,80,83,85
0.32978862521199226,80,84,85
0.32990571949299474,73,78
0.32990571949299474,0,73,78
0.32990571949299474,1,73,78
0.32990571949299474,2,73,78
0.32990571949299474,48,73,78
0.32990571949299474,49,73,78
0.32990571949299474,73,74,78
0.32990571949299474,73,75,78
0.32990571949299474,73,76,78
0.32990571949299474,73,77,78
0.3305117991127337,61,66
0.3305117991127337,61,62,66
0.3305117991127337,61,63,66
0.3305117991127337,61,64,66
0.3305117991127337,61,65,66
0.3307213036184035,27,32
0.3307213036184035,27,28,32
0.3307213036184035,27,29,32
0.3307213036184035,27,30,32
0.3307213036184035,27,31,32
0.33081749642456304,51,56
0.33081749642456304,51,52,56
0.33081749642456304,51,53,56
0.33081749642456304,51,54,56
0.33081749642456304,51,55,56
0.33094923661387765,44,84
0.33094923661387765,44,80,84
0.33094923661387765,44,81,84
0.33094923661387765,44,82,84
0.33094923661387765,44,83,84
0.33102708720135365,44,45,84
0.3311334836449998,9,72
0.3311334836449998,4,9,72
0.3311334836449998,5,9,72
0.3311334836449998,6,9,72
0.3311334836449998,7,9,72
0.3311334836449998,8,9,72
0.3311334836449998,9,71,72
0.33122044453895194,9,70,72
0.3312289811137621,48,72
0.3312289811137621,0,48,72
0.3312289811137621,1,48,72
0.3312289811137621,2,48,72
0.3312289811137621,3,48,72
0.3312289811137621,48,49,72
0.3312289811137621,48,72,73
0.3312289811137621,48,72,74
0.3312289811137621,48,72,75
0.3312289811137621,48,72,76
0.3312289811137621,48,72,77
0.33134011493550863,43,47,83
0.3316708235918682,44,79,84
0.3316975106655361,8,68
0.3316975106655361,5,8,68
0.3316975106655361,6,8,68
0.3316975106655361,7,8,68
0.3316975106655361,8,68,69
0.3316975106655361,8,68,70
0.3316975106655361,8,68,71
0.3317738131659639,4,8,68
0.3320532236526466,23,28
0.3320532236526466,23,24,28
0.3320532236526466,23,25,28
0.3320532236526466,23,26,28
0.3320532236526466,23,27,28
0.33298162861413355,42,77
0.33298162861413355,42,43,77
0.33298162861413355,42,44,77
0.33298162861413355,42,45,77
0.33298162861413355,42,46,77
0.33298162861413355,42,47,77
0.33298162861413355,42,77,78
0.33298162861413355,42,77,79
0.33298162861413355,42,77,80
0.33418013645816447,42,78,82
0.3343622161019042,7,67
0.3343622161019042,5,7,67
0.3343622161019042,6,7,67
0.3343622161019042,7,67,68
0.3343622161019042,7,67,69
0.3343622161019042,7,67,70
0.3343622161019042,7,67,71
0.3343643319362131,71,76
0.3343643319362131,0,71,76
0.3343643319362131,1,71,76
0.3343643319362131,2,71,76
0.3343643319362131,3,71,76
0.3343643319362131,4,71,76
0.3343643319362131,49,71,76
0.3343643319362131,71,72,76
0.3343643319362131,71,73,76
0.3343643319362131,71,74,76
0.3343643319362131,71,75,76
0.3350445265637931,42,47,82
0.335208478400126,43,77,82
0.33530157753008427,4,7,67
0.3353520130871809,44,48,83
0.3355622041827335,1,6,68
0.33567937792979696,6,66
0.33567937792979696,5,6,66
0.33567937792979696,6,66,67
0.33567937792979696,6,66,68
0.33567937792979696,6,66,69
0.33567937792979696,6,66,70
0.33567937792979696,6,66,71
0.3361185718058825,47,84
0.3361185718058825,47,79,84
0.3361185718058825,47,80,84
0.3361185718058825,47,81,84
0.3361185718058825,47,82,84
0.3361185718058825,47,83,84
0.33623936604127347,4,6,66
0.3362703548542498,8,69,73
0.3363601166771763,2,7,68
0.3373233075296154,13,18
0.3373233075296154,13,14,18
0.3373233075296154,13,15,18
0.3373233075296154,13,16,18
0.3373233075296154,13,17,18
0.33799228284725674,40,45
0.33799228284725674,40,41,45
0.33799228284725674,40,42,45
0.33799228284725674,40,43,45
0.33799228284725674,40,44,45
0.3385858904812819,45,47,84
0.3393213187821248,33,38
0.3393213187821248,33,34,38
0.3393213187821248,33,35,38
0.3393213187821248,33,36,38
0.3393213187821248,33,37,38
0.34117360973087574,43,78,83
0.34157926244166636,53,97
0.34157926244166636,50,53,97
0.34157926244166636,51,53,97
0.34157926244166636,52,53,97
0.34157926244166636,53,97,98
0.34157926244166636,53,97,99
0.34177505352080506,8,14
0.34177505352080506,8,9,14
0.34177505352080506,8,10,14
0.34177505352080506,8,11,14
0.34177505352080506,8,12,14
0.34177505352080506,8,13,14
0.3423433240816969,41,78
0.3423433240816969,41,42,78
0.3423433240816969,41,43,78
0.3423433240816969,41,44,78
0.3423433240816969,41,45,78
0.3423433240816969,41,46,78
0.3423433240816969,41,78,79
0.3423433240816969,41,78,80
0.3430094065837605,47,73
0.3430094065837605,0,47,73
0.3430094065837605,1,47,73
0.3430094065837605,2,47,73
0.3430094065837605,47,48,73
0.3430094065837605,47,49,73
0.3430094065837605,47,73,74
0.3430094065837605,47,73,75
0.3430094065837605,47,73,76
0.3430094065837605,47,73,77
0.3430094065837605,47,73,78
0.3434161887951404,9,69,72
0.3434381402696789,8,68,72
0.34396722969258575,0,81
0.34396722969258575,0,45,81
0.34396722969258575,0,46,81
0.34396722969258575,0,47,81
0.34396722969258575,0,48,81
0.34396722969258575,0,49,81
0.34396722969258575,0,76,81
0.34396722969258575,0,77,81
0.34396722969258575,0,78,81
0.34396722969258575,0,79,81
0.34396722969258575,0,80,81
0.3447979092861824,41,81
0.3447979092861824,41,42,81
0.3447979092861824,41,43,81
0.3447979092861824,41,44,81
0.3447979092861824,41,45,81
0.3447979092861824,41,46,81
0.3447979092861824,41,79,81
0.3447979092861824,41,80,81
0.3448920790453318,19,25
0.3448920790453318,19,20,25
0.3448920790453318,19,21,25
0.3448920790453318,19,22,25
0.3448920790453318,19,23,25
0.3448920790453318,19,24,25
0.34542435410361355,18,24
0.34542435410361355,18,19,24
0.34542435410361355,18,20,24
0.34542435410361355,18,21,24
0.34542435410361355,18,22,24
0.34542435410361355,18,23,24
0.34555606829572577,3,66
0.34555606829572577,3,4,66
0.34555606829572577,3,5,66
0.34555606829572577,3,66,67
0.34555606829572577,3,66,68
0.34555606829572577,3,66,69
0.34555606829572577,3,66,70
0.34555606829572577,3,66,71
0.34585443255872667,42,77,81
0.3458751959528682,66,72
0.3458751959528682,4,66,72
0.3458751959528682,5,66,72
0.3458751959528682,66,67,72
0.3458751959528682,66,68,72
0.3458751959528682,66,69,72
0.3458751959528682,66,70,72
0.3458751959528682,66,71,72
0.3459841541203261,3,66,72
0.3460198298269807,49,82
0.3460198298269807,45,49,82
0.3460198298269807,46,49,82
0.3460198298269807,47,49,82
0.3460198298269807,48,49,82
0.3460198298269807,49,77,82
0.3460198298269807,49,78,82
0.3460198298269807,49,79,82
0.3460198298269807,49,80,82
0.3460198298269807,49,81,82
0.3463314554720209,46,84
0.3463314554720209,45,46,84
0.3463314554720209,46,47,84
0.3463314554720209,46,79,84
0.3463314554720209,46,80,84
0.3463314554720209,46,81,84
0.3463314554720209,46,82,84
0.3463314554720209,46,83,84
0.3466147260196966,44,75
0.3466147260196966,44,45,75
0.3466147260196966,44,46,75
0.3466147260196966,44,47,75
0.3466147260196966,44,48,75
0.3466147260196966,44,49,75
0.3466147260196966,44,75,76
0.3466147260196966,44,75,77
0.3466147260196966,44,75,78
0.3466147260196966,44,75,79
0.3466147260196966,44,75,80
0.3466174537075589,87,93
0.3466174537075589,87,88,93
0.3466174537075589,87,89,93
0.3466174537075589,87,90,93
0.3466174537075589,87,91,93
0.3466174537075589,87,92,93
0.3469474239419159,44,46,84
0.3469958077428681,43,49
0.3469958077428681,43,44,49
0.3469958077428681,43,45,49
0.3469958077428681,43,46,49
0.3469958077428681,43,47,49
0.3469958077428681,43,48,49
0.3469958077428681,43,49,76
0.3469958077428681,43,49,77
0.3469958077428681,43,49,78
0.3469958077428681,43,49,79
0.3469958077428681,43,49,80
0.34707116919847725,7,69,74
0.3476826893581628,6,75
0.3476826893581628,1,6,75
0.3476826893581628,2,6,75
0.3476826893581628,3,6,75
0.3476826893581628,4,6,75
0.3476826893581628,5,6,75
0.3476826893581628,6,71,75
0.3476826893581628,6,72,75
0.3476826893581628,6,73,75
0.3476826893581628,6,74,75
0.34768902312664063,6,70,75
0.3485841432241071,38,44
0.3485841432241071,38,39,44
0.3485841432241071,38,40,44
0.3485841432241071,38,41,44
0.3485841432241071,38,42,44
0.3485841432241071,38,43,44
0.34865911359921653,44,47,84
0.3486680290069014,43,49,81
0.3494564473396054,54,98
0.3494564473396054,50,54,98
0.3494564473396054,51,54,98
0.3494564473396054,52,54,98
0.3494564473396054,53,54,98
0.3494564473396054,54,98,99
0.3497838982269386,44,49,82
0.3500526629332908,7,67,72
0.3512694932314084,42,48
0.3512694932314084,42,43,48
0.3512694932314084,42,44,48
0.3512694932314084,42,45,48
0.3512694932314084,42,46,48
0.3512694932314084,42,47,48
0.3512694932314084,42,48,77
0.3512694932314084,42,48,78
0.3512694932314084,42,48,79
0.3512694932314084,42,48,80
0.3517166433463653,42,48,81
0.35206731759393495,11,17
0.35206731759393495,11,12,17
0.35206731759393495,11,13,17
0.35206731759393495,11,14,17
0.35206731759393495,11,15,17
0.35206731759393495,11,16,17
0.35226048563898493,6,66,72
0.35238853422440464,76,82
0.35238853422440464,44,76,82
0.35238853422440464,45,76,82
0.35238853422440464,46,76,82
0.35238853422440464,47,76,82
0.35238853422440464,48,76,82
0.35238853422440464,49,76,82
0.35238853422440464,76,77,82
0.35238853422440464,76,78,82
0.35238853422440464,76,79,82
0.35238853422440464,76,80,82
0.35238853422440464,76,81,82
0.3526359423099465,56,62
0.3526359423099465,56,57,62
0.3526359423099465,56,58,62
0.3526359423099465,56,59,62
0.3526359423099465,56,60,62
0.3526359423099465,56,61,62
0.35371713729566295,9,73
0.35371713729566295,4,9,73
0.35371713729566295,5,9,73
0.35371713729566295,6,9,73
0.35371713729566295,7,9,73
0.35371713729566295,8,9,73
0.35371713729566295,9,71,73
0.35371713729566295,9,72,73
0.3537171401494783,9,70,73
0.3539975780362191,3,8,68
0.35424608002258984,4,77
0.35424608002258984,0,4,77
0.35424608002258984,1,4,77
0.35424608002258984,2,4,77
0.35424608002258984,3,4,77
0.35424608002258984,4,49,77
0.35424608002258984,4,72,77
0.35424608002258984,4,73,77
0.35424608002258984,4,74,77
0.35424608002258984,4,75,77
0.35424608002258984,4,76,77
0.3546197709881472,7,13
0.3546197709881472,7,8,13
0.3546197709881472,7,9,13
0.3546197709881472,7,10,13
0.3546197709881472,7,11,13
0.3546197709881472,7,12,13
0.355589924237376,3,6,66
0.3564466969312763,83,89
0.3564466969312763,83,84,89
0.3564466969312763,83,85,89
0.3564466969312763,83,86,89
0.3564466969312763,83,87,89
0.3564466969312763,83,88,89
0.35666789927636666,3,7,67
0.3568448603619073,3,9
0.3568448603619073,3,4,9
0.3568448603619073,3,5,9
0.3568448603619073,3,6,9
0.3568448603619073,3,7,9
0.3568448603619073,3,8,9
0.3568448603619073,3,9,70
0.3568448603619073,3,9,71
0.3568448603619073,3,9,72
0.3568448603619073,3,9,73
0.3576649241525669,27,33
0.3576649241525669,27,28,33
0.3576649241525669,27,29,33
0.3576649241525669,27,30,33
0.3576649241525669,27,31,33
0.3576649241525669,27,32,33
0.3579780090783058,90,96
0.3579780090783058,90,91,96
0.3579780090783058,90,92,96
0.3579780090783058,90,93,96
0.3579780090783058,90,94,96
0.3579780090783058,90,95,96
0.35843833339480424,2,46
0.35843833339480424,0,2,46
0.35843833339480424,1,2,46
0.35843833339480424,2,46,47
0.35843833339480424,2,46,48
0.35843833339480424,2,46,49
0.35843833339480424,2,46,74
0.35843833339480424,2,46,75
0.35843833339480424,2,46,76
0.35843833339480424,2,46,77
0.35843833339480424,2,46,78
0.35864000158079523,3,78
0.35864000158079523,0,3,78
0.35864000158079523,1,3,78
0.35864000158079523,2,3,78
0.35864000158079523,3,48,78
0.35864000158079523,3,49,78
0.35864000158079523,3,73,78
0.35864000158079523,3,74,78
0.35864000158079523,3,75,78
0.35864000158079523,3,76,78
0.35864000158079523,3,77,78
0.35912583378226676,51,57
0.35912583378226676,51,52,57
0.35912583378226676,51,53,57
0.35912583378226676,51,54,57
0.35912583378226676,51,55,57
0.35912583378226676,51,56,57
0.3592066377077184,41,78,81
0.3596172505003999,88,94
0.3596172505003999,88,89,94
0.3596172505003999,88,90,94
0.3596172505003999,88,91,94
0.3596172505003999,88,92,94
0.3596172505003999,88,93,94
0.360446582771746,3,9,69
0.36049372158275816,45,74
0.36049372158275816,0,45,74
0.36049372158275816,45,46,74
0.36049372158275816,45,47,74
0.36049372158275816,45,48,74
0.36049372158275816,45,49,74
0.36049372158275816,45,74,75
0.36049372158275816,45,74,76
0.36049372158275816,45,74,77
0.36049372158275816,45,74,78
0.36049372158275816,45,74,79
0.3605584701080286,5,49
0.3605584701080286,0,5,49
0.3605584701080286,1,5,49
0.3605584701080286,2,5,49
0.3605584701080286,3,5,49
0.3605584701080286,4,5,49
0.3605584701080286,5,49,71
0.3605584701080286,5,49,72
0.3605584701080286,5,49,73
0.3605584701080286,5,49,74
0.3605584701080286,5,49,75
0.36062187274754703,17,23
0.36062187274754703,17,18,23
0.36062187274754703,17,19,23
0.36062187274754703,17,20,23
0.36062187274754703,17,21,23
0.36062187274754703,17,22,23
0.3609053794556848,59,65
0.3609053794556848,59,60,65
0.3609053794556848,59,61,65
0.3609053794556848,59,62,65
0.3609053794556848,59,63,65
0.3609053794556848,59,64,65
0.36151583530200027,50,94
0.36151583530200027,50,94,95
0.36151583530200027,50,94,96
0.36151583530200027,50,94,97
0.36151583530200027,50,94,98
0.36151583530200027,50,94,99
0.36161863987348464,86,92
0.36161863987348464,86,87,92
0.36161863987348464,86,88,92
0.36161863987348464,86,89,92
0.36161863987348464,86,90,92
0.36161863987348464,86,91,92
0.3617211622891827,81,87
0.3617211622891827,81,82,87
0.3617211622891827,81,83,87
0.3617211622891827,81,84,87
0.3617211622891827,81,85,87
0.3617211622891827,81,86,87
0.3618005703401566,55,61
0.3618005703401566,55,56,61
0.3618005703401566,55,57,61
0.3618005703401566,55,58,61
0.3618005703401566,55,59,61
0.3618005703401566,55,60,61
0.3618286455227351,42,76
0.3618286455227351,42,43,76
0.3618286455227351,42,44,76
0.3618286455227351,42,45,76
0.3618286455227351,42,46,76
0.3618286455227351,42,47,76
0.3618286455227351,42,48,76
0.3618286455227351,42,76,77
0.3618286455227351,42,76,78
0.3618286455227351,42,76,79
0.3618286455227351,42,76,80
0.3619494851734734,43,76,82
0.3620796762449119,43,48,83
0.3630980134104977,2,67
0.3630980134104977,2,3,67
0.3630980134104977,2,4,67
0.3630980134104977,2,5,67
0.3630980134104977,2,67,68
0.3630980134104977,2,67,69
0.3630980134104977,2,67,70
0.3630980134104977,2,67,71
0.3630980134104977,2,67,72
0.3633883558618095,10,71
0.3633883558618095,5,10,71
0.3633883558618095,6,10,71
0.3633883558618095,7,10,71
0.3633883558618095,8,10,71
0.3633883558618095,9,10,71
0.3634791854427616,49,70
0.3634791854427616,0,49,70
0.3634791854427616,1,49,70
0.3634791854427616,2,49,70
0.3634791854427616,3,49,70
0.3634791854427616,4,49,70
0.3634791854427616,49,70,71
0.3634791854427616,49,70,72
0.3634791854427616,49,70,73
0.3634791854427616,49,70,74
0.3634791854427616,49,70,75
0.3636287903336028,52,58
0.3636287903336028,52,53,58
0.3636287903336028,52,54,58
0.3636287903336028,52,55,58
0.3636287903336028,52,56,58
0.3636287903336028,52,57,58
0.3638849774574632,31,37
0.3638849774574632,31,32,37
0.3638849774574632,31,33,37
0.3638849774574632,31,34,37
0.3638849774574632,31,35,37
0.3638849774574632,31,36,37
0.36389258944435154,28,34
0.36389258944435154,28,29,34
0.36389258944435154,28,30,34
0.36389258944435154,28,31,34
0.36389258944435154,28,32,34
0.36389258944435154,28,33,34
0.36393373045653876,63,69
0.36393373045653876,63,64,69
0.36393373045653876,63,65,69
0.36393373045653876,63,66,69
0.36393373045653876,63,67,69
0.36393373045653876,63,68,69
0.36417564956514964,4,10
0.36417564956514964,4,5,10
0.36417564956514964,4,6,10
0.36417564956514964,4,7,10
0.36417564956514964,4,8,10
0.36417564956514964,4,9,10
0.36417564956514964,4,10,71
0.3644248535149739,2,79
0.3644248535149739,0,2,79
0.3644248535149739,1,2,79
0.3644248535149739,2,46,79
0.3644248535149739,2,47,79
0.3644248535149739,2,48,79
0.3644248535149739,2,49,79
0.3644248535149739,2,74,79
0.3644248535149739,2,75,79
0.3644248535149739,2,76,79
0.3644248535149739,2,77,79
0.3644248535149739,2,78,79
0.3644777511046286,62,68
0.3644777511046286,62,63,68
0.3644777511046286,62,64,68
0.3644777511046286,62,65,68
0.3644777511046286,62,66,68
0.3644777511046286,62,67,68
0.3650729773347895,9,69,73
0.36507973097616075,9,15
0.36507973097616075,9,10,15
0.36507973097616075,9,11,15
0.36507973097616075,9,12,15
0.36507973097616075,9,13,15
0.36507973097616075,9,14,15
0.36508776686488664,5,49,70
0.36566014091378857,89,95
0.36566014091378857,89,90,95
0.36566014091378857,89,91,95
0.36566014091378857,89,92,95
0.36566014091378857,89,93,95
0.36566014091378857,89,94,95
0.3659317440189563,8,68,73
0.36598802319729795,53,59
0.36598802319729795,53,54,59
0.36598802319729795,53,55,59
0.36598802319729795,53,56,59
0.36598802319729795,53,57,59
0.36598802319729795,53,58,59
0.3661832736950246,3,47
0.3661832736950246,0,3,47
0.3661832736950246,1,3,47
0.3661832736950246,2,3,47
0.3661832736950246,3,47,48
0.3661832736950246,3,47,49
0.3661832736950246,3,47,73
0.3661832736950246,3,47,74
0.3661832736950246,3,47,75
0.3661832736950246,3,47,76
0.3661832736950246,3,47,77
0.3661832736950246,3,47,78
0.36663765362372197,67,73
0.36663765362372197,3,67,73
0.36663765362372197,4,67,73
0.36663765362372197,5,67,73
0.36663765362372197,6,67,73
0.36663765362372197,67,68,73
0.36663765362372197,67,69,73
0.36663765362372197,67,70,73
0.36663765362372197,67,71,73
0.36663765362372197,67,72,73
0.3666685037698593,61,67
0.3666685037698593,61,62,67
0.3666685037698593,61,63,67
0.3666685037698593,61,64,67
0.3666685037698593,61,65,67
0.3666685037698593,61,66,67
0.36671849818586744,1,7
0.36671849818586744,1,2,7
0.36671849818586744,1,3,7
0.36671849818586744,1,4,7
0.36671849818586744,1,5,7
0.36671849818586744,1,6,7
0.36671849818586744,1,7,69
0.36671849818586744,1,7,70
0.36671849818586744,1,7,71
0.36671849818586744,1,7,72
0.36671849818586744,1,7,73
0.36671849818586744,1,7,74
0.3668229172426185,2,67,73
0.3668640285174673,71,77
0.3668640285174673,0,71,77
0.3668640285174673,1,71,77
0.3668640285174673,2,71,77
0.3668640285174673,3,71,77
0.3668640285174673,4,71,77
0.3668640285174673,49,71,77
0.3668640285174673,71,72,77
0.3668640285174673,71,73,77
0.3668640285174673,71,74,77
0.3668640285174673,71,75,77
0.3668640285174673,71,76,77
0.3669434310764941,9,68
0.3669434310764941,4,9,68
0.3669434310764941,5,9,68
0.3669434310764941,6,9,68
0.3669434310764941,7,9,68
0.3669434310764941,8,9,68
0.3669434310764941,9,68,69
0.3669434310764941,9,68,70
0.3669434310764941,9,68,71
0.36697926404543185,58,64
0.36697926404543185,58,59,64
0.36697926404543185,58,60,64
0.36697926404543185,58,61,64
0.36697926404543185,58,62,64
0.36697926404543185,58,63,64
0.3670084221366502,2,6,67
0.36720533411821926,57,63
0.36720533411821926,57,58,63
0.36720533411821926,57,59,63
0.36720533411821926,57,60,63
0.36720533411821926,57,61,63
0.36720533411821926,57,62,63
0.36727262915568454,41,82
0.36727262915568454,41,42,82
0.36727262915568454,41,43,82
0.36727262915568454,41,44,82
0.36727262915568454,41,45,82
0.36727262915568454,41,80,82
0.36727262915568454,41,81,82
0.3672780488683024,41,79,82
0.36733746151683927,75,81
0.36733746151683927,0,75,81
0.36733746151683927,45,75,81
0.36733746151683927,46,75,81
0.36733746151683927,47,75,81
0.36733746151683927,48,75,81
0.36733746151683927,49,75,81
0.36733746151683927,75,76,81
0.36733746151683927,75,77,81
0.36733746151683927,75,78,81
0.36733746151683927,75,79,81
0.36733746151683927,75,80,81
0.36736485890944026,41,46,82
0.36789400300950187,39,45
0.36789400300950187,39,40,45
0.36789400300950187,39,41,45
0.36789400300950187,39,42,45
0.36789400300950187,39,43,45
0.36789400300950187,39,44,45
0.3679657695552147,43,84
0.3679657695552147,43,44,84
0.3679657695552147,43,45,84
0.3679657695552147,43,79,84
0.3679657695552147,43,80,84
0.3679657695552147,43,81,84
0.3679657695552147,43,82,84
0.3679657695552147,43,83,84
0.3680554375079461,30,36
0.3680554375079461,30,31,36
0.3680554375079461,30,32,36
0.3680554375079461,30,33,36
0.3680554375079461,30,34,36
0.3680554375079461,30,35,36
0.368076449772662,60,66
0.368076449772662,60,61,66
0.368076449772662,60,62,66
0.368076449772662,60,63,66
0.368076449772662,60,64,66
0.368076449772662,60,65,66
0.3681654098689404,51,95
0.3681654098689404,50,51,95
0.3681654098689404,51,95,96
0.3681654098689404,51,95,97
0.3681654098689404,51,95,98
0.3681654098689404,51,95,99
0.36820240986754493,42,48,82
0.3684122694114361,0,69
0.3684122694114361,0,1,69
0.3684122694114361,0,2,69
0.3684122694114361,0,3,69
0.3684122694114361,0,4,69
0.3684122694114361,0,5,69
0.3684122694114361,0,69,70
0.3684122694114361,0,69,71
0.3684122694114361,0,69,72
0.3684122694114361,0,69,73
0.3684122694114361,0,69,74
0.36841343071284033,68,74
0.36841343071284033,1,68,74
0.36841343071284033,2,68,74
0.36841343071284033,3,68,74
0.36841343071284033,4,68,74
0.36841343071284033,5,68,74
0.36841343071284033,6,68,74
0.36841343071284033,68,69,74
0.36841343071284033,68,70,74
0.36841343071284033,68,71,74
0.36841343071284033,68,72,74
0.36841343071284033,68,73,74
0.368949399062433,0,6
0.368949399062433,0,1,6
0.368949399062433,0,2,6
0.368949399062433,0,3,6
0.368949399062433,0,4,6
0.368949399062433,0,5,6
0.368949399062433,0,6,70
0.368949399062433,0,6,71
0.368949399062433,0,6,72
0.368949399062433,0,6,73
0.368949399062433,0,6,74
0.368949399062433,0,6,75
0.36897433393620993,41,47
0.36897433393620993,41,42,47
0.36897433393620993,41,43,47
0.36897433393620993,41,44,47
0.36897433393620993,41,45,47
0.36897433393620993,41,46,47
0.36897433393620993,41,47,78
0.36897433393620993,41,47,79
0.36897433393620993,41,47,80
0.3690028936927472,0,44
0.3690028936927472,0,44,45
0.3690028936927472,0,44,46
0.3690028936927472,0,44,47
0.3690028936927472,0,44,48
0.3690028936927472,0,44,49
0.3690028936927472,0,44,75
0.3690028936927472,0,44,76
0.3690028936927472,0,44,77
0.3690028936927472,0,44,78
0.3690028936927472,0,44,79
0.3690028936927472,0,44,80
0.36987345805117633,54,60
0.36987345805117633,54,55,60
0.36987345805117633,54,56,60
0.36987345805117633,54,57,60
0.36987345805117633,54,58,60
0.36987345805117633,54,59,60
0.3699295832089861,20,26
0.3699295832089861,20,21,26
0.3699295832089861,20,22,26
0.3699295832089861,20,23,26
0.3699295832089861,20,24,26
0.3699295832089861,20,25,26
0.36996295594698153,84,90
0.36996295594698153,84,85,90
0.36996295594698153,84,86,90
0.36996295594698153,84,87,90
0.36996295594698153,84,88,90
0.36996295594698153,84,89,90
0.37027790568416463,43,46,84
0.3702845280248993,93,99
0.3702845280248993,93,94,99
0.3702845280248993,93,95,99
0.3702845280248993,93,96,99
0.3702845280248993,93,97,99
0.3702845280248993,93,98,99
0.37046984403523525,7,66
0.37046984403523525,4,7,66
0.37046984403523525,5,7,66
0.37046984403523525,6,7,66
0.37046984403523525,7,66,67
0.37046984403523525,7,66,68
0.37046984403523525,7,66,69
0.37046984403523525,7,66,70
0.37046984403523525,7,66,71
0.3705283095474653,44,75,81
0.3705836280274314,41,47,81
0.3707669914044477,21,27
0.3707669914044477,21,22,27
0.3707669914044477,21,23,27
0.3707669914044477,21,24,27
0.3707669914044477,21,25,27
0.3707669914044477,21,26,27
0.37100852539901674,42,76,81
0.3711161266538173,0,44,81
0.37146613354513164,64,70
0.37146613354513164,64,65,70
0.37146613354513164,64,66,70
0.37146613354513164,64,67,70
0.37146613354513164,64,68,70
0.37146613354513164,64,69,70
0.3715094628162754,36,42
0.3715094628162754,36,37,42
0.3715094628162754,36,38,42
0.3715094628162754,36,39,42
0.3715094628162754,36,40,42
0.3715094628162754,36,41,42
0.3715532878089017,85,91
0.3715532878089017,85,86,91
0.3715532878089017,85,87,91
0.3715532878089017,85,88,91
0.3715532878089017,85,89,91
0.3715532878089017,85,90,91
0.3729023147726332,29,35
0.3729023147726332,29,30,35
0.3729023147726332,29,31,35
0.3729023147726332,29,32,35
0.3729023147726332,29,33,35
0.3729023147726332,29,34,35
0.3732760977428166,42,83
0.3732760977428166,42,43,83
0.3732760977428166,42,44,83
0.3732760977428166,42,45,83
0.3732760977428166,42,46,83
0.3732760977428166,42,79,83
0.3732760977428166,42,80,83
0.3732760977428166,42,81,83
0.3732760977428166,42,82,83
0.3732938870900558,5,76
0.3732938870900558,0,5,76
0.3732938870900558,1,5,76
0.3732938870900558,2,5,76
0.3732938870900558,3,5,76
0.3732938870900558,4,5,76
0.3732938870900558,5,49,76
0.3732938870900558,5,71,76
0.3732938870900558,5,72,76
0.3732938870900558,5,73,76
0.3732938870900558,5,74,76
0.3732938870900558,5,75,76
0.3736023332977603,79,85
0.3736023332977603,79,80,85
0.3736023332977603,79,81,85
0.3736023332977603,79,82,85
0.3736023332977603,79,83,85
0.3736023332977603,79,84,85
0.3736618658175125,43,49,82
0.3742825465968628,72,78
0.3742825465968628,0,72,78
0.3742825465968628,1,72,78
0.3742825465968628,2,72,78
0.3742825465968628,3,72,78
0.3742825465968628,48,72,78
0.3742825465968628,49,72,78
0.3742825465968628,72,73,78
0.3742825465968628,72,74,78
0.3742825465968628,72,75,78
0.3742825465968628,72,76,78
0.3742825465968628,72,77,78
0.3746284602174852,74,80
0.3746284602174852,0,74,80
0.3746284602174852,45,74,80
0.3746284602174852,46,74,80
0.3746284602174852,47,74,80
0.3746284602174852,48,74,80
0.3746284602174852,49,74,80
0.3746284602174852,74,75,80
0.3746284602174852,74,76,80
0.3746284602174852,74,77,80
0.3746284602174852,74,78,80
0.3746284602174852,74,79,80
0.3748792607618744,9,68,72
0.3749453412683734,78,84
0.3749453412683734,45,78,84
0.3749453412683734,46,78,84
0.3749453412683734,47,78,84
0.3749453412683734,78,79,84
0.3749453412683734,78,80,84
0.3749453412683734,78,81,84
0.3749453412683734,78,82,84
0.3749453412683734,78,83,84
0.3749531120211784,44,78,84
0.3751566213064939,12,18
0.3751566213064939,12,13,18
0.3751566213064939,12,14,18
0.3751566213064939,12,15,18
0.3751566213064939,12,16,18
0.3751566213064939,12,17,18
0.3756343637238464,42,77,82
0.3757175160901092,16,22
0.3757175160901092,16,17,22
0.3757175160901092,16,18,22
0.3757175160901092,16,19,22
0.3757175160901092,16,20,22
0.3757175160901092,16,21,22
0.3758807626648241,15,21
0.3758807626648241,15,16,21
0.3758807626648241,15,17,21
0.3758807626648241,15,18,21
0.3758807626648241,15,19,21
0.3758807626648241,15,20,21
0.3762821990802063,4,48
0.3762821990802063,0,4,48
0.3762821990802063,1,4,48
0.3762821990802063,2,4,48
0.3762821990802063,3,4,48
0.3762821990802063,4,48,49
0.3762821990802063,4,48,72
0.3762821990802063,4,48,73
0.3762821990802063,4,48,74
0.3762821990802063,4,48,75
0.3762821990802063,4,48,76
0.3762821990802063,4,48,77
0.3763067986278687,1,7,68
0.37640321412125366,52,96
0.37640321412125366,50,52,96
0.37640321412125366,51,52,96
0.37640321412125366,52,96,97
0.37640321412125366,52,96,98
0.37640321412125366,52,96,99
0.37661534468341706,5,11
0.37661534468341706,5,6,11
0.37661534468341706,5,7,11
0.37661534468341706,5,8,11
0.37661534468341706,5,9,11
0.37661534468341706,5,10,11
0.3767021105296651,33,39
0.3767021105296651,33,34,39
0.3767021105296651,33,35,39
0.3767021105296651,33,36,39
0.3767021105296651,33,37,39
0.3767021105296651,33,38,39
0.3774664005236425,6,12
0.3774664005236425,6,7,12
0.3774664005236425,6,8,12
0.3774664005236425,6,9,12
0.3774664005236425,6,10,12
0.3774664005236425,6,11,12
0.37747003431686327,10,70
0.37747003431686327,4,10,70
0.37747003431686327,5,10,70
0.37747003431686327,6,10,70
0.37747003431686327,7,10,70
0.37747003431686327,8,10,70
0.37747003431686327,9,10,70
0.37747003431686327,10,70,71
0.377482436016777,43,47,84
0.3779983419425071,92,98
0.3779983419425071,92,93,98
0.3779983419425071,92,94,98
0.3779983419425071,92,95,98
0.3779983419425071,92,96,98
0.3779983419425071,92,97,98
0.37821997985208644,55,99
0.37821997985208644,50,55,99
0.37821997985208644,51,55,99
0.37821997985208644,52,55,99
0.37821997985208644,53,55,99
0.37821997985208644,54,55,99
0.37848502824768643,48,84
0.37848502824768643,45,48,84
0.37848502824768643,46,48,84
0.37848502824768643,47,48,84
0.37848502824768643,48,79,84
0.37848502824768643,48,80,84
0.37848502824768643,48,81,84
0.37848502824768643,48,82,84
0.37848502824768643,48,83,84
0.3788206286112612,48,78,84
0.3790652133287726,22,28
0.3790652133287726,22,23,28
0.3790652133287726,22,24,28
0.3790652133287726,22,25,28
0.3790652133287726,22,26,28
0.3790652133287726,22,27,28
0.37932404396906494,7,67,73
0.379496632334527,0,6,69
0.37962044436953585,13,19
0.37962044436953585,13,14,19
0.37962044436953585,13,15,19
0.37962044436953585,13,16,19
0.37962044436953585,13,17,19
0.37962044436953585,13,18,19
0.3797580749313356,7,66,72
0.3799286116039473,43,75
0.3799286116039473,43,44,75
0.3799286116039473,43,45,75
0.3799286116039473,43,46,75
0.3799286116039473,43,47,75
0.3799286116039473,43,48,75
0.3799286116039473,43,49,75
0.3799286116039473,43,75,76
0.3799286116039473,43,75,77
0.3799286116039473,43,75,78
0.3799286116039473,43,75,79
0.3799286116039473,43,75,80
0.379974291262798,7,68,74
0.3800329105420218,14,20
0.3800329105420218,14,15,20
0.3800329105420218,14,16,20
0.3800329105420218,14,17,20
0.3800329105420218,14,18,20
0.3800329105420218,14,19,20
0.3802666848621269,77,83
0.3802666848621269,44,77,83
0.3802666848621269,45,77,83
0.3802666848621269,46,77,83
0.3802666848621269,47,77,83
0.3802666848621269,48,77,83
0.3802666848621269,77,78,83
0.3802666848621269,77,79,83
0.3802666848621269,77,80,83
0.3802666848621269,77,81,83
0.3802666848621269,77,82,83
0.3808274265808024,32,38
0.3808274265808024,32,33,38
0.3808274265808024,32,34,38
0.3808274265808024,32,35,38
0.3808274265808024,32,36,38
0.3808274265808024,32,37,38
0.3812299601545796,2,8
0.3812299601545796,2,3,8
0.3812299601545796,2,4,8
0.3812299601545796,2,5,8
0.3812299601545796,2,6,8
0.3812299601545796,2,7,8
0.3812299601545796,2,8,70
0.3812299601545796,2,8,71
0.3812299601545796,2,8,72
0.3812299601545796,2,8,73
0.38124646117211736,2,8,69
0.3813242769138984,1,80
0.3813242769138984,0,1,80
0.3813242769138984,1,46,80
0.3813242769138984,1,47,80
0.3813242769138984,1,48,80
0.3813242769138984,1,49,80
0.3813242769138984,1,75,80
0.3813242769138984,1,76,80
0.3813242769138984,1,77,80
0.3813242769138984,1,78,80
0.3813242769138984,1,79,80
0.38143495629250423,80,86
0.38143495629250423,80,81,86
0.38143495629250423,80,82,86
0.38143495629250423,80,83,86
0.38143495629250423,80,84,86
0.38143495629250423,80,85,86
0.381515004096899,42,47,83
0.3820839476974747,35,41
0.3820839476974747,35,36,41
0.3820839476974747,35,37,41
0.3820839476974747,35,38,41
0.3820839476974747,35,39,41
0.3820839476974747,35,40,41
0.38275959505510465,2,66
0.38275959505510465,2,3,66
0.38275959505510465,2,4,66
0.38275959505510465,2,5,66
0.38275959505510465,2,66,67
0.38275959505510465,2,66,68
0.38275959505510465,2,66,69
0.38275959505510465,2,66,70
0.38275959505510465,2,66,71
0.38275959505510465,2,66,72
0.3830156945945409,44,48,84
0.38302431530289494,41,78,82
0.38311709868010957,1,74,80
0.38323737433935623,23,29
0.38323737433935623,23,24,29
0.38323737433935623,23,25,29
0.38323737433935623,23,26,29
0.38323737433935623,23,27,29
0.38323737433935623,23,28,29
0.3836022814082631,82,88
0.3836022814082631,82,83,88
0.3836022814082631,82,84,88
0.3836022814082631,82,85,88
0.3836022814082631,82,86,88
0.3836022814082631,82,87,88
0.3839128807450552,46,73
0.3839128807450552,0,46,73
0.3839128807450552,1,46,73
0.3839128807450552,2,46,73
0.3839128807450552,46,47,73
0.3839128807450552,46,48,73
0.3839128807450552,46,49,73
0.3839128807450552,46,73,74
0.3839128807450552,46,73,75
0.3839128807450552,46,73,76
0.3839128807450552,46,73,77
0.3839128807450552,46,73,78
0.38425535302264013,24,30
0.38425535302264013,24,25,30
0.38425535302264013,24,26,30
0.38425535302264013,24,27,30
0.38425535302264013,24,28,30
0.38425535302264013,24,29,30
0.38440653385148604,3,7,66
0.3844472955550357,47,72
0.3844472955550357,0,47,72
0.3844472955550357,1,47,72
0.3844472955550357,2,47,72
0.3844472955550357,3,47,72
0.3844472955550357,47,48,72
0.3844472955550357,47,49,72
0.3844472955550357,47,72,73
0.3844472955550357,47,72,74
0.3844472955550357,47,72,75
0.3844472955550357,47,72,76
0.3844472955550357,47,72,77
0.3844472955550357,47,72,78
0.38472455456076093,3,9,68
0.3847862364018417,42,78,83
0.38502436798361434,40,46
0.38502436798361434,40,41,46
0.38502436798361434,40,42,46
0.38502436798361434,40,43,46
0.38502436798361434,40,44,46
0.38502436798361434,40,45,46
0.38540452635706274,10,16
0.38540452635706274,10,11,16
0.38540452635706274,10,12,16
0.38540452635706274,10,13,16
0.38540452635706274,10,14,16
0.38540452635706274,10,15,16
0.3858818040659287,65,71
0.3858818040659287,65,66,71
0.3858818040659287,65,67,71
0.3858818040659287,65,68,71
0.3858818040659287,65,69,71
0.3858818040659287,65,70,71
0.38614983278082343,10,69
0.38614983278082343,5,10,69
0.38614983278082343,6,10,69
0.38614983278082343,7,10,69
0.38614983278082343,8,10,69
0.38614983278082343,9,10,69
0.38614983278082343,10,69,70
0.3863558489900245,10,69,71
0.3867539146776332,8,74
0.3867539146776332,3,8,74
0.3867539146776332,4,8,74
0.3867539146776332,5,8,74
0.3867539146776332,6,8,74
0.3867539146776332,7,8,74
0.3867539146776332,8,70,74
0.3867539146776332,8,71,74
0.3867539146776332,8,72,74
0.3867539146776332,8,73,74
0.38696931579410704,1,45
0.38696931579410704,0,1,45
0.38696931579410704,1,45,46
0.38696931579410704,1,45,47
0.38696931579410704,1,45,48
0.38696931579410704,1,45,49
0.38696931579410704,1,45,74
0.38696931579410704,1,45,75
0.38696931579410704,1,45,76
0.38696931579410704,1,45,77
0.38696931579410704,1,45,78
0.38696931579410704,1,45,79
0.38696931579410704,1,45,80
0.38714117415890703,1,67
0.38714117415890703,1,2,67
0.38714117415890703,1,3,67
0.38714117415890703,1,4,67
0.38714117415890703,1,5,67
0.38714117415890703,1,67,68
0.38714117415890703,1,67,69
0.38714117415890703,1,67,70
0.38714117415890703,1,67,71
0.38714117415890703,1,67,72
0.38714117415890703,1,67,73
0.38719152649035077,25,31
0.38719152649035077,25,26,31
0.38719152649035077,25,27,31
0.38719152649035077,25,28,31
0.38719152649035077,25,29,31
0.38719152649035077,25,30,31
0.38720567116543636,4,10,69
0.3872513980576443,48,71
0.3872513980576443,0,48,71
0.3872513980576443,1,48,71
0.3872513980576443,2,48,71
0.3872513980576443,3,48,71
0.3872513980576443,4,48,71
0.3872513980576443,48,49,71
0.3872513980576443,48,71,72
0.3872513980576443,48,71,73
0.3872513980576443,48,71,74
0.3872513980576443,48,71,75
0.3872513980576443,48,71,76
0.3872513980576443,48,71,77
0.38727026651102425,43,77,83
0.3872828709255325,41,47,82
0.38755155386039086,2,8,74
0.38859721794941415,45,85
0.38859721794941415,45,79,85
0.38859721794941415,45,80,85
0.38859721794941415,45,81,85
0.38859721794941415,45,82,85
0.38859721794941415,45,83,85
0.38859721794941415,45,84,85
0.3888092193899692,2,6,66
0.3891115990328071,41,77
0.3891115990328071,41,42,77
0.3891115990328071,41,43,77
0.3891115990328071,41,44,77
0.3891115990328071,41,45,77
0.3891115990328071,41,46,77
0.3891115990328071,41,47,77
0.3891115990328071,41,77,78
0.3891115990328071,41,77,79
0.3891115990328071,41,77,80
0.38940714737748866,43,78,84
0.38952277267639607,37,43
0.38952277267639607,37,38,43
0.38952277267639607,37,39,43
0.38952277267639607,37,40,43
0.38952277267639607,37,41,43
0.38952277267639607,37,42,43
0.39003374845151156,40,80
0.39003374845151156,40,41,80
0.39003374845151156,40,42,80
0.39003374845151156,40,43,80
0.39003374845151156,40,44,80
0.39003374845151156,40,45,80
0.39044577709294426,40,46,80
0.39089357933491925,69,75
0.39089357933491925,0,69,75
0.39089357933491925,1,69,75
0.39089357933491925,2,69,75
0.39089357933491925,3,69,75
0.39089357933491925,4,69,75
0.39089357933491925,5,69,75
0.39089357933491925,6,69,75
0.39089357933491925,69,70,75
0.39089357933491925,69,71,75
0.39089357933491925,69,72,75
0.39089357933491925,69,73,75
0.39089357933491925,69,74,75
0.39102016230868325,70,76
0.39102016230868325,0,70,76
0.39102016230868325,1,70,76
0.39102016230868325,2,70,76
0.39102016230868325,3,70,76
0.39102016230868325,4,70,76
0.39102016230868325,5,70,76
0.39102016230868325,49,70,76
0.39102016230868325,70,71,76
0.39102016230868325,70,72,76
0.39102016230868325,70,73,76
0.39102016230868325,70,74,76
0.39102016230868325,70,75,76
0.39115461130475254,66,73
0.39115461130475254,2,66,73
0.39115461130475254,3,66,73
0.39115461130475254,4,66,73
0.39115461130475254,5,66,73
0.39115461130475254,66,67,73
0.39115461130475254,66,68,73
0.39115461130475254,66,69,73
0.39115461130475254,66,70,73
0.39115461130475254,66,71,73
0.39115461130475254,66,72,73
0.3911558357595959,6,66,73
0.3916466111785296,2,7,67
0.3919873598207921,44,85
0.3919873598207921,44,80,85
0.3919873598207921,44,81,85
0.3919873598207921,44,82,85
0.3919873598207921,44,83,85
0.3919873598207921,44,84,85
0.39214104383897663,43,75,81
0.39215119882528304,44,45,85
0.3922548783766491,44,79,85
0.3928794395692816,8,67
0.3928794395692816,4,8,67
0.3928794395692816,5,8,67
0.3928794395692816,6,8,67
0.3928794395692816,7,8,67
0.3928794395692816,8,67,68
0.3928794395692816,8,67,69
0.3928794395692816,8,67,70
0.3928794395692816,8,67,71
0.3935078162013101,91,97
0.3935078162013101,91,92,97
0.3935078162013101,91,93,97
0.3935078162013101,91,94,97
0.3935078162013101,91,95,97
0.3935078162013101,91,96,97
0.393678784063761,9,68,73
0.3939238486451183,2,8,68
0.39411523607964905,1,6,67
0.3951806992529524,49,83
0.3951806992529524,45,49,83
0.3951806992529524,46,49,83
0.3951806992529524,47,49,83
0.3951806992529524,48,49,83
0.3951806992529524,49,77,83
0.3951806992529524,49,78,83
0.3951806992529524,49,79,83
0.3951806992529524,49,80,83
0.3951806992529524,49,81,83
0.3951806992529524,49,82,83
0.39548020003558776,47,85
0.39548020003558776,47,79,85
0.39548020003558776,47,80,85
0.39548020003558776,47,81,85
0.39548020003558776,47,82,85
0.39548020003558776,47,83,85
0.39548020003558776,47,84,85
0.39552061277443784,73,79
0.39552061277443784,0,73,79
0.39552061277443784,1,73,79
0.39552061277443784,2,73,79
0.39552061277443784,46,73,79
0.39552061277443784,47,73,79
0.39552061277443784,48,73,79
0.39552061277443784,49,73,79
0.39552061277443784,73,74,79
0.39552061277443784,73,75,79
0.39552061277443784,73,76,79
0.39552061277443784,73,77,79
0.39552061277443784,73,78,79
0.3957887752566185,8,69,74
0.3966300616847055,44,49,83
0.3971853124518866,41,77,81
0.3975144056973159,7,75
0.3975144056973159,1,7,75
0.3975144056973159,2,7,75
0.3975144056973159,3,7,75
0.3975144056973159,4,7,75
0.3975144056973159,5,7,75
0.3975144056973159,6,7,75
0.3975144056973159,7,70,75
0.3975144056973159,7,71,75
0.3975144056973159,7,72,75
0.3975144056973159,7,73,75
0.3975144056973159,7,74,75
0.3975845361958677,50,56
0.3975845361958677,50,51,56
0.3975845361958677,50,52,56
0.3975845361958677,50,53,56
0.3975845361958677,50,54,56
0.3975845361958677,50,55,56
0.3976321228465292,33,40
0.3976321228465292,33,34,40
0.3976321228465292,33,35,40
0.3976321228465292,33,36,40
0.3976321228465292,33,37,40
0.3976321228465292,33,38,40
0.3976321228465292,33,39,40
0.3978463658003126,10,72
0.3978463658003126,4,10,72
0.3978463658003126,5,10,72
0.3978463658003126,6,10,72
0.3978463658003126,7,10,72
0.3978463658003126,8,10,72
0.3978463658003126,9,10,72
0.3978463658003126,10,70,72
0.3978463658003126,10,71,72
0.39804376836014693,45,47,85
0.3985722666980218,5,65
0.3985722666980218,5,65,66
0.3985722666980218,5,65,67
0.3985722666980218,5,65,68
0.3985722666980218,5,65,69
0.3985722666980218,5,65,70
0.3985722666980218,5,65,71
0.3992246071768738,42,76,82
0.39942926263982037,0,82
0.39942926263982037,0,45,82
0.39942926263982037,0,46,82
0.39942926263982037,0,47,82
0.39942926263982037,0,48,82
0.39942926263982037,0,49,82
0.39942926263982037,0,76,82
0.39942926263982037,0,77,82
0.39942926263982037,0,78,82
0.39942926263982037,0,79,82
0.39942926263982037,0,80,82
0.39942926263982037,0,81,82
0.3994294631695937,0,68
0.3994294631695937,0,1,68
0.3994294631695937,0,2,68
0.3994294631695937,0,3,68
0.3994294631695937,0,4,68
0.3994294631695937,0,5,68
0.3994294631695937,0,68,69
0.3994294631695937,0,68,70
0.3994294631695937,0,68,71
0.3994294631695937,0,68,72
0.3994294631695937,0,68,73
0.3994294631695937,0,68,74
0.40033314948322296,4,65
0.40033314948322296,4,65,66
0.40033314948322296,4,65,67
0.40033314948322296,4,65,68
0.40033314948322296,4,65,69
0.40033314948322296,4,65,70
0.40033314948322296,4,65,71
0.4005994237807763,8,15
0.4005994237807763,8,9,15
0.4005994237807763,8,10,15
0.4005994237807763,8,11,15
0.4005994237807763,8,12,15
0.4005994237807763,8,13,15
0.4005994237807763,8,14,15
0.40079599894702866,4,5,65
0.4008313500760713,8,67,72
0.40137551224490003,38,45
0.40137551224490003,38,39,45
0.40137551224490003,38,40,45
0.40137551224490003,38,41,45
0.40137551224490003,38,42,45
0.40137551224490003,38,43,45
0.40137551224490003,38,44,45
0.4017873102808613,26,32
0.4017873102808613,26,27,32
0.4017873102808613,26,28,32
0.4017873102808613,26,29,32
0.4017873102808613,26,30,32
0.4017873102808613,26,31,32
0.40255965726336596,1,66
0.40255965726336596,1,2,66
0.40255965726336596,1,3,66
0.40255965726336596,1,4,66
0.40255965726336596,1,5,66
0.40255965726336596,1,66,67
0.40255965726336596,1,66,68
0.40255965726336596,1,66,69
0.40255965726336596,1,66,70
0.40255965726336596,1,66,71
0.40255965726336596,1,66,72
0.4031023693196133,1,66,73
0.4036026416861721,0,44,82
0.4036533596963999,18,25
0.4036533596963999,18,19,25
0.4036533596963999,18,20,25
0.4036533596963999,18,21,25
0.4036533596963999,18,22,25
0.4036533596963999,18,23,25
0.4036533596963999,18,24,25
0.4043817174662579,60,67
0.4043817174662579,60,61,67
0.4043817174662579,60,62,67
0.4043817174662579,60,63,67
0.4043817174662579,60,64,67
0.4043817174662579,60,65,67
0.4043817174662579,60,66,67
0.4049782658590353,0,6,68
0.4052516260826715,43,48,84
0.40525389189521543,10,69,72
0.40594319448618205,7,66,73
0.4061570074244769,5,77
0.4061570074244769,0,5,77
0.4061570074244769,1,5,77
0.4061570074244769,2,5,77
0.4061570074244769,3,5,77
0.4061570074244769,4,5,77
0.4061570074244769,5,49,77
0.4061570074244769,5,71,77
0.4061570074244769,5,72,77
0.4061570074244769,5,73,77
0.4061570074244769,5,74,77
0.4061570074244769,5,75,77
0.4061570074244769,5,76,77
0.4062376411286049,44,47,85
0.4071458635567657,42,49
0.4071458635567657,42,43,49
0.4071458635567657,42,44,49
0.4071458635567657,42,45,49
0.4071458635567657,42,46,49
0.4071458635567657,42,47,49
0.4071458635567657,42,48,49
0.4071458635567657,42,49,76
0.4071458635567657,42,49,77
0.4071458635567657,42,49,78
0.4071458635567657,42,49,79
0.4071458635567657,42,49,80
0.4071458635567657,42,49,81
0.40736653304750226,3,8,67
0.40781407206243236,42,48,83
0.4083022880541529,40,79
0.4083022880541529,40,41,79
0.4083022880541529,40,42,79
0.4083022880541529,40,43,79
0.4083022880541529,40,44,79
0.4083022880541529,40,45,79
0.4083022880541529,40,46,79
0.4083022880541529,40,79,80
0.4083415129737396,76,83
0.4083415129737396,44,76,83
0.4083415129737396,45,76,83
0.4083415129737396,46,76,83
0.4083415129737396,47,76,83
0.4083415129737396,48,76,83
0.4083415129737396,49,76,83
0.4083415129737396,76,77,83
0.4083415129737396,76,78,83
0.4083415129737396,76,79,83
0.4083415129737396,76,80,83
0.4083415129737396,76,81,83
0.4083415129737396,76,82,83
0.4084526714610617,46,85
0.4084526714610617,45,46,85
0.4084526714610617,46,47,85
0.4084526714610617,46,79,85
0.4084526714610617,46,80,85
0.4084526714610617,46,81,85
0.4084526714610617,46,82,85
0.4084526714610617,46,83,85
0.4084526714610617,46,84,85
0.4085497571142972,44,46,85
0.4105798089006601,88,95
0.4105798089006601,88,89,95
0.4105798089006601,88,90,95
0.4105798089006601,88,91,95
0.4105798089006601,88,92,95
0.4105798089006601,88,93,95
0.4105798089006601,88,94,95
0.41071406680180755,7,69,75
0.41095036705744026,41,48
0.41095036705744026,41,42,48
0.41095036705744026,41,43,48
0.41095036705744026,41,44,48
0.41095036705744026,41,45,48
0.41095036705744026,41,46,48
0.41095036705744026,41,47,48
0.41095036705744026,41,48,77
0.41095036705744026,41,48,78
0.41095036705744026,41,48,79
0.41095036705744026,41,48,80
0.41095036705744026,41,48,81
0.4111054365053747,0,43
0.4111054365053747,0,43,44
0.4111054365053747,0,43,45
0.4111054365053747,0,43,46
0.4111054365053747,0,43,47
0.4111054365053747,0,43,48
0.4111054365053747,0,43,49
0.4111054365053747,0,43,75
0.4111054365053747,0,43,76
0.4111054365053747,0,43,77
0.4111054365053747,0,43,78
0.4111054365053747,0,43,79
0.4111054365053747,0,43,80
0.4111054365053747,0,43,81
0.4113557630218289,19,26
0.4113557630218289,19,20,26
0.4113557630218289,19,21,26
0.4113557630218289,19,22,26
0.4113557630218289,19,23,26
0.4113557630218289,19,24,26
0.4113557630218289,19,25,26
0.41136596350981686,54,61
0.41136596350981686,54,55,61
0.41136596350981686,54,56,61
0.41136596350981686,54,57,61
0.41136596350981686,54,58,61
0.41136596350981686,54,59,61
0.41136596350981686,54,60,61
0.4114735468592856,58,65
0.4114735468592856,58,59,65
0.4114735468592856,58,60,65
0.4114735468592856,58,61,65
0.4114735468592856,58,62,65
0.4114735468592856,58,63,65
0.4114735468592856,58,64,65
0.41204606374289854,2,9
0.41204606374289854,2,3,9
0.41204606374289854,2,4,9
0.41204606374289854,2,5,9
0.41204606374289854,2,6,9
0.41204606374289854,2,7,9
0.41204606374289854,2,8,9
0.41204606374289854,2,9,69
0.41204606374289854,2,9,70
0.41204606374289854,2,9,71
0.41204606374289854,2,9,72
0.41204606374289854,2,9,73
0.4122369546741493,50,93
0.4122369546741493,50,93,94
0.4122369546741493,50,93,95
0.4122369546741493,50,93,96
0.4122369546741493,50,93,97
0.4122369546741493,50,93,98
0.4122369546741493,50,93,99
0.4122472340766025,9,74
0.4122472340766025,3,9,74
0.4122472340766025,4,9,74
0.4122472340766025,5,9,74
0.4122472340766025,6,9,74
0.4122472340766025,7,9,74
0.4122472340766025,8,9,74
0.4122472340766025,9,70,74
0.4122472340766025,9,71,74
0.4122472340766025,9,72,74
0.4122472340766025,9,73,74
0.4124217792820122,1,6,66
0.41289632522812125,43,76,83
0.4130037809780364,6,13
0.4130037809780364,6,7,13
0.4130037809780364,6,8,13
0.4130037809780364,6,9,13
0.4130037809780364,6,10,13
0.4130037809780364,6,11,13
0.4130037809780364,6,12,13
0.4131516697010994,7,14
0.4131516697010994,7,8,14
0.4131516697010994,7,9,14
0.4131516697010994,7,10,14
0.4131516697010994,7,11,14
0.4131516697010994,7,12,14
0.4131516697010994,7,13,14
0.4131549750106618,16,23
0.4131549750106618,16,17,23
0.4131549750106618,16,18,23
0.4131549750106618,16,19,23
0.4131549750106618,16,20,23
0.4131549750106618,16,21,23
0.4131549750106618,16,22,23
0.4135503250021179,3,46
0.4135503250021179,0,3,46
0.4135503250021179,1,3,46
0.4135503250021179,2,3,46
0.4135503250021179,3,46,47
0.4135503250021179,3,46,48
0.4135503250021179,3,46,49
0.4135503250021179,3,46,73
0.4135503250021179,3,46,74
0.4135503250021179,3,46,75
0.4135503250021179,3,46,76
0.4135503250021179,3,46,77
0.4135503250021179,3,46,78
0.41403526136937346,56,63
0.41403526136937346,56,57,63
0.41403526136937346,56,58,63
0.41403526136937346,56,59,63
0.41403526136937346,56,60,63
0.41403526136937346,56,61,63
0.41403526136937346,56,62,63
0.41428219769918206,43,49,83
0.41485515166877895,2,9,74
0.4148637065300278,2,7,66
0.41489795918448685,39,46
0.41489795918448685,39,40,46
0.41489795918448685,39,41,46
0.41489795918448685,39,42,46
0.41489795918448685,39,43,46
0.41489795918448685,39,44,46
0.41489795918448685,39,45,46
0.4150887855216577,54,97
0.4150887855216577,50,54,97
0.4150887855216577,51,54,97
0.4150887855216577,52,54,97
0.4150887855216577,53,54,97
0.4150887855216577,54,97,98
0.4150887855216577,54,97,99
0.4159598626642603,12,19
0.4159598626642603,12,13,19
0.4159598626642603,12,14,19
0.4159598626642603,12,15,19
0.4159598626642603,12,16,19
0.4159598626642603,12,17,19
0.4159598626642603,12,18,19
0.41628588946935136,83,90
0.41628588946935136,83,84,90
0.41628588946935136,83,85,90
0.41628588946935136,83,86,90
0.41628588946935136,83,87,90
0.41628588946935136,83,88,90
0.41628588946935136,83,89,90
0.41678219513775355,41,76
0.41678219513775355,41,42,76
0.41678219513775355,41,43,76
0.41678219513775355,41,44,76
0.41678219513775355,41,45,76
0.41678219513775355,41,46,76
0.41678219513775355,41,47,76
0.41678219513775355,41,76,77
0.41678219513775355,41,76,78
0.41678219513775355,41,76,79
0.41678219513775355,41,76,80
0.4168519661195859,62,69
0.4168519661195859,62,63,69
0.4168519661195859,62,64,69
0.4168519661195859,62,65,69
0.4168519661195859,62,66,69
0.4168519661195859,62,67,69
0.4168519661195859,62,68,69
0.41696355848113015,55,98
0.41696355848113015,50,55,98
0.41696355848113015,51,55,98
0.41696355848113015,52,55,98
0.41696355848113015,53,55,98
0.41696355848113015,54,55,98
0.41696355848113015,55,98,99
0.41707230219400565,41,48,76
0.4173592980043065,10,17
0.4173592980043065,10,11,17
0.4173592980043065,10,12,17
0.4173592980043065,10,13,17
0.4173592980043065,10,14,17
0.4173592980043065,10,15,17
0.4173592980043065,10,16,17
0.41749719309012373,86,93
0.41749719309012373,86,87,93
0.41749719309012373,86,88,93
0.41749719309012373,86,89,93
0.41749719309012373,86,90,93
0.41749719309012373,86,91,93
0.41749719309012373,86,92,93
0.4176081054649983,44,74
0.4176081054649983,0,44,74
0.4176081054649983,44,45,74
0.4176081054649983,44,46,74
0.4176081054649983,44,47,74
0.4176081054649983,44,48,74
0.4176081054649983,44,49,74
0.4176081054649983,44,74,75
0.4176081054649983,44,74,76
0.4176081054649983,44,74,77
0.4176081054649983,44,74,78
0.4176081054649983,44,74,79
0.4176081054649983,44,74,80
0.4176098155085575,30,37
0.4176098155085575,30,31,37
0.4176098155085575,30,32,37
0.4176098155085575,30,33,37
0.4176098155085575,30,34,37
0.4176098155085575,30,35,37
0.4176098155085575,30,36,37
0.41826314762251515,32,39
0.41826314762251515,32,33,39
0.41826314762251515,32,34,39
0.41826314762251515,32,35,39
0.41826314762251515,32,36,39
0.41826314762251515,32,37,39
0.41826314762251515,32,38,39
0.41856567044153337,53,96
0.41856567044153337,50,53,96
0.41856567044153337,51,53,96
0.41856567044153337,52,53,96
0.41856567044153337,53,96,97
0.41856567044153337,53,96,98
0.41856567044153337,53,96,99
0.4188219042429569,2,45
0.4188219042429569,0,2,45
0.4188219042429569,1,2,45
0.4188219042429569,2,45,46
0.4188219042429569,2,45,47
0.4188219042429569,2,45,48
0.4188219042429569,2,45,49
0.4188219042429569,2,45,74
0.4188219042429569,2,45,75
0.4188219042429569,2,45,76
0.4188219042429569,2,45,77
0.4188219042429569,2,45,78
0.4188219042429569,2,45,79
0.41894304285620265,10,73
0.41894304285620265,4,10,73
0.41894304285620265,5,10,73
0.41894304285620265,6,10,73
0.41894304285620265,7,10,73
0.41894304285620265,8,10,73
0.41894304285620265,9,10,73
0.41894304285620265,10,70,73
0.41894304285620265,10,71,73
0.41894304285620265,10,72,73
0.4189812832370683,51,58
0.4189812832370683,51,52,58
0.4189812832370683,51,53,58
0.4189812832370683,51,54,58
0.4189812832370683,51,55,58
0.4189812832370683,51,56,58
0.4189812832370683,51,57,58
0.41910820465457543,4,78
0.41910820465457543,0,4,78
0.41910820465457543,1,4,78
0.41910820465457543,2,4,78
0.41910820465457543,3,4,78
0.41910820465457543,4,48,78
0.41910820465457543,4,49,78
0.41910820465457543,4,72,78
0.41910820465457543,4,73,78
0.41910820465457543,4,74,78
0.41910820465457543,4,75,78
0.41910820465457543,4,76,78
0.41910820465457543,4,77,78
0.41931287788978927,42,84
0.41931287788978927,42,43,84
0.41931287788978927,42,44,84
0.41931287788978927,42,45,84
0.41931287788978927,42,46,84
0.41931287788978927,42,79,84
0.41931287788978927,42,80,84
0.41931287788978927,42,81,84
0.41931287788978927,42,82,84
0.41931287788978927,42,83,84
0.4196481094580503,39,80
0.4196481094580503,39,40,80
0.4196481094580503,39,41,80
0.4196481094580503,39,42,80
0.4196481094580503,39,43,80
0.4196481094580503,39,44,80
0.4196481094580503,39,45,80
0.4196572232446447,87,94
0.4196572232446447,87,88,94
0.4196572232446447,87,89,94
0.4196572232446447,87,90,94
0.4196572232446447,87,91,94
0.4196572232446447,87,92,94
0.4196572232446447,87,93,94
0.41968320812961224,41,77,82
0.4199091912665478,42,49,82
0.41996096573854086,6,49
0.41996096573854086,0,6,49
0.41996096573854086,1,6,49
0.41996096573854086,2,6,49
0.41996096573854086,3,6,49
0.41996096573854086,4,6,49
0.41996096573854086,5,6,49
0.41996096573854086,6,49,70
0.41996096573854086,6,49,71
0.41996096573854086,6,49,72
0.41996096573854086,6,49,73
0.41996096573854086,6,49,74
0.41996096573854086,6,49,75
0.42000868949170156,39,46,80
0.42011701284337677,2,80
0.42011701284337677,0,2,80
0.42011701284337677,1,2,80
0.42011701284337677,2,46,80
0.42011701284337677,2,47,80
0.42011701284337677,2,48,80
0.42011701284337677,2,49,80
0.42011701284337677,2,74,80
0.42011701284337677,2,75,80
0.42011701284337677,2,76,80
0.42011701284337677,2,77,80
0.42011701284337677,2,78,80
0.42011701284337677,2,79,80
0.42014332206142974,41,48,82
0.42017360615847826,52,59
0.42017360615847826,52,53,59
0.42017360615847826,52,54,59
0.42017360615847826,52,55,59
0.42017360615847826,52,56,59
0.42017360615847826,52,57,59
0.42017360615847826,52,58,59
0.42026757026440376,1,81
0.42026757026440376,0,1,81
0.42026757026440376,1,45,81
0.42026757026440376,1,46,81
0.42026757026440376,1,47,81
0.42026757026440376,1,48,81
0.42026757026440376,1,49,81
0.42026757026440376,1,75,81
0.42026757026440376,1,76,81
0.42026757026440376,1,77,81
0.42026757026440376,1,78,81
0.42026757026440376,1,79,81
0.42026757026440376,1,80,81
0.42043677182616584,6,65
0.42043677182616584,5,6,65
0.42043677182616584,6,65,66
0.42043677182616584,6,65,67
0.42043677182616584,6,65,68
0.42043677182616584,6,65,69
0.42043677182616584,6,65,70
0.42043677182616584,6,65,71
0.4204367794047634,4,6,65
0.42044917244617697,9,69,74
0.42070860027225043,82,89
0.42070860027225043,82,83,89
0.42070860027225043,82,84,89
0.42070860027225043,82,85,89
0.42070860027225043,82,86,89
0.42070860027225043,82,87,89
0.42070860027225043,82,88,89
0.42081216308051694,2,45,80
0.4209470205561737,17,24
0.4209470205561737,17,18,24
0.4209470205561737,17,19,24
0.4209470205561737,17,20,24
0.4209470205561737,17,21,24
0.4209470205561737,17,22,24
0.4209470205561737,17,23,24
0.4211271048476491,79,86
0.4211271048476491,79,80,86
0.4211271048476491,79,81,86
0.4211271048476491,79,82,86
0.4211271048476491,79,83,86
0.4211271048476491,79,84,86
0.4211271048476491,79,85,86
0.42159587153495676,42,77,83
0.42162373114869256,41,76,81
0.4216499624399833,8,67,73
0.42171175175911263,3,79
0.42171175175911263,0,3,79
0.42171175175911263,1,3,79
0.42171175175911263,2,3,79
0.42171175175911263,3,46,79
0.42171175175911263,3,47,79
0.42171175175911263,3,48,79
0.42171175175911263,3,49,79
0.42171175175911263,3,73,79
0.42171175175911263,3,74,79
0.42171175175911263,3,75,79
0.42171175175911263,3,76,79
0.42171175175911263,3,77,79
0.42171175175911263,3,78,79
0.4218169515842266,50,57
0.4218169515842266,50,51,57
0.4218169515842266,50,52,57
0.4218169515842266,50,53,57
0.4218169515842266,50,54,57
0.4218169515842266,50,55,57
0.4218169515842266,50,56,57
0.42182746507749247,8,68,74
0.4221696252639128,1,7,67
0.4222512505939814,28,35
0.4222512505939814,28,29,35
0.4222512505939814,28,30,35
0.4222512505939814,28,31,35
0.4222512505939814,28,32,35
0.4222512505939814,28,33,35
0.4222512505939814,28,34,35
0.4225119189543175,27,34
0.4225119189543175,27,28,34
0.4225119189543175,27,29,34
0.4225119189543175,27,30,34
0.4225119189543175,27,31,34
0.4225119189543175,27,32,34
0.4225119189543175,27,33,34
0.4227610215765481,70,77
0.4227610215765481,0,70,77
0.4227610215765481,1,70,77
0.4227610215765481,2,70,77
0.4227610215765481,3,70,77
0.4227610215765481,4,70,77
0.4227610215765481,5,70,77
0.4227610215765481,49,70,77
0.4227610215765481,70,71,77
0.4227610215765481,70,72,77
0.4227610215765481,70,73,77
0.4227610215765481,70,74,77
0.4227610215765481,70,75,77
0.4227610215765481,70,76,77
0.42283661193977234,34,41
0.42283661193977234,34,35,41
0.42283661193977234,34,36,41
0.42283661193977234,34,37,41
0.42283661193977234,34,38,41
0.42283661193977234,34,39,41
0.42283661193977234,34,40,41
0.42286416463343485,41,83
0.42286416463343485,41,42,83
0.42286416463343485,41,43,83
0.42286416463343485,41,44,83
0.42286416463343485,41,45,83
0.42286416463343485,41,46,83
0.42286416463343485,41,79,83
0.42286416463343485,41,80,83
0.42286416463343485,41,81,83
0.42286416463343485,41,82,83
0.42311562930317514,52,95
0.42311562930317514,50,52,95
0.42311562930317514,51,52,95
0.42311562930317514,52,95,96
0.42311562930317514,52,95,97
0.42311562930317514,52,95,98
0.42311562930317514,52,95,99
0.42320949307518424,2,9,68
0.4236191659401781,3,10
0.4236191659401781,3,4,10
0.4236191659401781,3,5,10
0.4236191659401781,3,6,10
0.4236191659401781,3,7,10
0.4236191659401781,3,8,10
0.4236191659401781,3,9,10
0.4236191659401781,3,10,70
0.4236191659401781,3,10,71
0.4236191659401781,3,10,72
0.4236191659401781,3,10,73
0.4237676603438471,55,62
0.4237676603438471,55,56,62
0.4237676603438471,55,57,62
0.4237676603438471,55,58,62
0.4237676603438471,55,59,62
0.4237676603438471,55,60,62
0.4237676603438471,55,61,62
0.42380156090976956,3,65
0.42380156090976956,3,4,65
0.42380156090976956,3,5,65
0.42380156090976956,3,65,66
0.42380156090976956,3,65,67
0.42380156090976956,3,65,68
0.42380156090976956,3,65,69
0.42380156090976956,3,65,70
0.42380156090976956,3,65,71
0.4242025090071214,84,91
0.4242025090071214,84,85,91
0.4242025090071214,84,86,91
0.4242025090071214,84,87,91
0.4242025090071214,84,88,91
0.4242025090071214,84,89,91
0.4242025090071214,84,90,91
0.4244089134477615,89,96
0.4244089134477615,89,90,96
0.4244089134477615,89,91,96
0.4244089134477615,89,92,96
0.4244089134477615,89,93,96
0.4244089134477615,89,94,96
0.4244089134477615,89,95,96
0.4244596461515904,85,92
0.4244596461515904,85,86,92
0.4244596461515904,85,87,92
0.4244596461515904,85,88,92
0.4244596461515904,85,89,92
0.4244596461515904,85,90,92
0.4244596461515904,85,91,92
0.4244806704598423,42,47,84
0.42452453049121186,3,10,69
0.42475169064966856,63,70
0.42475169064966856,63,64,70
0.42475169064966856,63,65,70
0.42475169064966856,63,66,70
0.42475169064966856,63,67,70
0.42475169064966856,63,68,70
0.42475169064966856,63,69,70
0.42529520310197344,10,69,73
0.42603682310512797,10,68
0.42603682310512797,4,10,68
0.42603682310512797,5,10,68
0.42603682310512797,6,10,68
0.42603682310512797,7,10,68
0.42603682310512797,8,10,68
0.42603682310512797,9,10,68
0.42603682310512797,10,68,69
0.42603682310512797,10,68,70
0.42603682310512797,10,68,71
0.42622033716047675,65,72
0.42622033716047675,3,65,72
0.42622033716047675,4,65,72
0.42622033716047675,5,65,72
0.42622033716047675,65,66,72
0.42622033716047675,65,67,72
0.42622033716047675,65,68,72
0.42622033716047675,65,69,72
0.42622033716047675,65,70,72
0.42622033716047675,65,71,72
0.4262240435941452,0,7
0.4262240435941452,0,1,7
0.4262240435941452,0,2,7
0.4262240435941452,0,3,7
0.4262240435941452,0,4,7
0.4262240435941452,0,5,7
0.4262240435941452,0,6,7
0.4262240435941452,0,7,70
0.4262240435941452,0,7,71
0.4262240435941452,0,7,72
0.4262240435941452,0,7,73
0.4262240435941452,0,7,74
0.4262240435941452,0,7,75
0.4262688046609367,0,7,69
0.4264912969590479,9,67
0.4264912969590479,4,9,67
0.4264912969590479,5,9,67
0.4264912969590479,6,9,67
0.4264912969590479,7,9,67
0.4264912969590479,8,9,67
0.4264912969590479,9,67,68
0.4264912969590479,9,67,69
0.4264912969590479,9,67,70
0.4264912969590479,9,67,71
0.4266348241547343,6,76
0.4266348241547343,0,6,76
0.4266348241547343,1,6,76
0.4266348241547343,2,6,76
0.4266348241547343,3,6,76
0.4266348241547343,4,6,76
0.4266348241547343,5,6,76
0.4266348241547343,6,49,76
0.4266348241547343,6,70,76
0.4266348241547343,6,71,76
0.4266348241547343,6,72,76
0.4266348241547343,6,73,76
0.4266348241547343,6,74,76
0.4266348241547343,6,75,76
0.426674446526301,92,99
0.426674446526301,92,93,99
0.426674446526301,92,94,99
0.426674446526301,92,95,99
0.426674446526301,92,96,99
0.426674446526301,92,97,99
0.426674446526301,92,98,99
0.4268212523860003,57,64
0.4268212523860003,57,58,64
0.4268212523860003,57,59,64
0.4268212523860003,57,60,64
0.4268212523860003,57,61,64
0.4268212523860003,57,62,64
0.4268212523860003,57,63,64
0.4269279641124802,20,27
0.4269279641124802,20,21,27
0.4269279641124802,20,22,27
0.4269279641124802,20,23,27
0.4269279641124802,20,24,27
0.4269279641124802,20,25,27
0.4269279641124802,20,26,27
0.42723897599807864,75,82
0.42723897599807864,0,75,82
0.42723897599807864,44,75,82
0.42723897599807864,45,75,82
0.42723897599807864,46,75,82
0.42723897599807864,47,75,82
0.42723897599807864,48,75,82
0.42723897599807864,49,75,82
0.42723897599807864,75,76,82
0.42723897599807864,75,77,82
0.42723897599807864,75,78,82
0.42723897599807864,75,79,82
0.42723897599807864,75,80,82
0.42723897599807864,75,81,82
0.42728730500168577,43,85
0.42728730500168577,43,44,85
0.42728730500168577,43,45,85
0.42728730500168577,43,79,85
0.42728730500168577,43,80,85
0.42728730500168577,43,81,85
0.42728730500168577,43,82,85
0.42728730500168577,43,83,85
0.42728730500168577,43,84,85
0.42777166969021563,0,43,82
0.4283031325912725,26,33
0.4283031325912725,26,27,33
0.4283031325912725,26,28,33
0.4283031325912725,26,29,33
0.4283031325912725,26,30,33
0.4283031325912725,26,31,33
0.4283031325912725,26,32,33
0.42847340130141387,14,21
0.42847340130141387,14,15,21
0.42847340130141387,14,16,21
0.42847340130141387,14,17,21
0.42847340130141387,14,18,21
0.42847340130141387,14,19,21
0.42847340130141387,14,20,21
0.4287815138450647,46,72
0.4287815138450647,0,46,72
0.4287815138450647,1,46,72
0.4287815138450647,2,46,72
0.4287815138450647,3,46,72
0.4287815138450647,46,47,72
0.4287815138450647,46,48,72
0.4287815138450647,46,49,72
0.4287815138450647,46,72,73
0.4287815138450647,46,72,74
0.4287815138450647,46,72,75
0.4287815138450647,46,72,76
0.4287815138450647,46,72,77
0.4287815138450647,46,72,78
0.42912688035987456,43,46,85
0.42914853735189123,42,78,84
0.4292095639542389,8,66
0.4292095639542389,4,8,66
0.4292095639542389,5,8,66
0.4292095639542389,6,8,66
0.4292095639542389,7,8,66
0.4292095639542389,8,66,67
0.4292095639542389,8,66,68
0.4292095639542389,8,66,69
0.4292095639542389,8,66,70
0.4292095639542389,8,66,71
0.4292501674130406,90,97
0.4292501674130406,90,91,97
0.4292501674130406,90,92,97
0.4292501674130406,90,93,97
0.4292501674130406,90,94,97
0.4292501674130406,90,95,97
0.4292501674130406,90,96,97
0.42927016130119844,40,78
0.42927016130119844,40,41,78
0.42927016130119844,40,42,78
0.42927016130119844,40,43,78
0.42927016130119844,40,44,78
0.42927016130119844,40,45,78
0.42927016130119844,40,46,78
0.42927016130119844,40,78,79
0.42927016130119844,40,78,80
0.4295298000844337,4,47
0.4295298000844337,0,4,47
0.4295298000844337,1,4,47
0.4295298000844337,2,4,47
0.4295298000844337,3,4,47
0.4295298000844337,4,47,48
0.4295298000844337,4,47,49
0.4295298000844337,4,47,72
0.4295298000844337,4,47,73
0.4295298000844337,4,47,74
0.4295298000844337,4,47,75
0.4295298000844337,4,47,76
0.4295298000844337,4,47,77
0.4295298000844337,4,47,78
0.4299210514943551,41,47,83
0.43001285090453195,22,29
0.43001285090453195,22,23,29
0.43001285090453195,22,24,29
0.43001285090453195,22,25,29
0.43001285090453195,22,26,29
0.43001285090453195,22,27,29
0.43001285090453195,22,28,29
0.4306089326589996,41,78,83
0.43076833503101986,68,75
0.43076833503101986,0,68,75
0.43076833503101986,1,68,75
0.43076833503101986,2,68,75
0.43076833503101986,3,68,75
0.43076833503101986,4,68,75
0.43076833503101986,5,68,75
0.43076833503101986,6,68,75
0.43076833503101986,68,69,75
0.43076833503101986,68,70,75
0.43076833503101986,68,71,75
0.43076833503101986,68,72,75
0.43076833503101986,68,73,75
0.43076833503101986,68,74,75
0.4309453766999228,9,67,72
0.4309858036438006,42,75
0.4309858036438006,42,43,75
0.4309858036438006,42,44,75
0.4309858036438006,42,45,75
0.4309858036438006,42,46,75
0.4309858036438006,42,47,75
0.4309858036438006,42,48,75
0.4309858036438006,42,49,75
0.4309858036438006,42,75,76
0.4309858036438006,42,75,77
0.4309858036438006,42,75,78
0.4309858036438006,42,75,79
0.4309858036438006,42,75,80
0.43136690581816767,71,78
0.43136690581816767,0,71,78
0.43136690581816767,1,71,78
0.43136690581816767,2,71,78
0.43136690581816767,3,71,78
0.43136690581816767,4,71,78
0.43136690581816767,48,71,78
0.43136690581816767,49,71,78
0.43136690581816767,71,72,78
0.43136690581816767,71,73,78
0.43136690581816767,71,74,78
0.43136690581816767,71,75,78
0.43136690581816767,71,76,78
0.43136690581816767,71,77,78
0.43140534798582264,49,69
0.43140534798582264,0,49,69
0.43140534798582264,1,49,69
0.43140534798582264,2,49,69
0.43140534798582264,3,49,69
0.43140534798582264,4,49,69
0.43140534798582264,5,49,69
0.43140534798582264,49,69,70
0.43140534798582264,49,69,71
0.43140534798582264,49,69,72
0.43140534798582264,49,69,73
0.43140534798582264,49,69,74
0.43140534798582264,49,69,75
0.4315458593247268,29,36
0.4315458593247268,29,30,36
0.4315458593247268,29,31,36
0.4315458593247268,29,32,36
0.4315458593247268,29,33,36
0.4315458593247268,29,34,36
0.4315458593247268,29,35,36
0.43161597426379317,43,75,82
0.43219558607012265,6,65,72
0.4323864060706648,8,66,72
0.4328556398650104,5,48
0.4328556398650104,0,5,48
0.4328556398650104,1,5,48
0.4328556398650104,2,5,48
0.4328556398650104,3,5,48
0.4328556398650104,4,5,48
0.4328556398650104,5,48,49
0.4328556398650104,5,48,71
0.4328556398650104,5,48,72
0.4328556398650104,5,48,73
0.4328556398650104,5,48,74
0.4328556398650104,5,48,75
0.4328556398650104,5,48,76
0.4328556398650104,5,48,77
0.4329662222930117,4,11
0.4329662222930117,4,5,11
0.4329662222930117,4,6,11
0.4329662222930117,4,7,11
0.4329662222930117,4,8,11
0.4329662222930117,4,9,11
0.4329662222930117,4,10,11
0.4330621692406185,10,68,72
0.4331416734867556,11,71
0.4331416734867556,5,11,71
0.4331416734867556,6,11,71
0.4331416734867556,7,11,71
0.4331416734867556,8,11,71
0.4331416734867556,9,11,71
0.4331416734867556,10,11,71
0.4331486958346244,4,11,71
0.4333273076227153,77,84
0.4333273076227153,44,77,84
0.4333273076227153,45,77,84
0.4333273076227153,46,77,84
0.4333273076227153,47,77,84
0.4333273076227153,48,77,84
0.4333273076227153,77,78,84
0.4333273076227153,77,79,84
0.4333273076227153,77,80,84
0.4333273076227153,77,81,84
0.4333273076227153,77,82,84
0.4333273076227153,77,83,84
0.43356608719161777,43,47,85
0.4336627546790856,3,6,65
0.43379999109384526,81,88
0.43379999109384526,81,82,88
0.43379999109384526,81,83,88
0.43379999109384526,81,84,88
0.43379999109384526,81,85,88
0.43379999109384526,81,86,88
0.43379999109384526,81,87,88
0.4348557576042725,35,42
0.4348557576042725,35,36,42
0.4348557576042725,35,37,42
0.4348557576042725,35,38,42
0.4348557576042725,35,39,42
0.4348557576042725,35,40,42
0.4348557576042725,35,41,42
0.43513071155065125,74,81
0.43513071155065125,0,74,81
0.43513071155065125,45,74,81
0.43513071155065125,46,74,81
0.43513071155065125,47,74,81
0.43513071155065125,48,74,81
0.43513071155065125,49,74,81
0.43513071155065125,74,75,81
0.43513071155065125,74,76,81
0.43513071155065125,74,77,81
0.43513071155065125,74,78,81
0.43513071155065125,74,79,81
0.43513071155065125,74,80,81
0.4351434512792095,1,74,81
0.4353002781626153,48,70
0.4353002781626153,0,48,70
0.4353002781626153,1,48,70
0.4353002781626153,2,48,70
0.4353002781626153,3,48,70
0.4353002781626153,4,48,70
0.4353002781626153,48,49,70
0.4353002781626153,48,70,71
0.4353002781626153,48,70,72
0.4353002781626153,48,70,73
0.4353002781626153,48,70,74
0.4353002781626153,48,70,75
0.4353002781626153,48,70,76
0.4353002781626153,48,70,77
0.4357227810169166,78,85
0.4357227810169166,44,78,85
0.4357227810169166,45,78,85
0.4357227810169166,46,78,85
0.4357227810169166,47,78,85
0.4357227810169166,78,79,85
0.4357227810169166,78,80,85
0.4357227810169166,78,81,85
0.4357227810169166,78,82,85
0.4357227810169166,78,83,85
0.4357227810169166,78,84,85
0.4357787324134822,6,49,69
0.43583507016453843,48,85
0.43583507016453843,45,48,85
0.43583507016453843,46,48,85
0.43583507016453843,47,48,85
0.43583507016453843,48,79,85
0.43583507016453843,48,80,85
0.43583507016453843,48,81,85
0.43583507016453843,48,82,85
0.43583507016453843,48,83,85
0.43583507016453843,48,84,85
0.43597006601594657,53,60
0.43597006601594657,53,54,60
0.43597006601594657,53,55,60
0.43597006601594657,53,56,60
0.43597006601594657,53,57,60
0.43597006601594657,53,58,60
0.43597006601594657,53,59,60
0.43599651679388246,42,75,81
0.43617228385904305,51,94
0.43617228385904305,50,51,94
0.43617228385904305,51,94,95
0.43617228385904305,51,94,96
0.43617228385904305,51,94,97
0.43617228385904305,51,94,98
0.43617228385904305,51,94,99
0.4363581913929905,43,77,84
0.43650459800983715,3,8,66
0.43654958067260785,47,86
0.43654958067260785,47,79,86
0.43654958067260785,47,80,86
0.43654958067260785,47,81,86
0.43654958067260785,47,82,86
0.43654958067260785,47,83,86
0.43654958067260785,47,84,86
0.43654958067260785,47,85,86
0.4365545555663974,36,43
0.4365545555663974,36,37,43
0.4365545555663974,36,38,43
0.4365545555663974,36,39,43
0.4365545555663974,36,40,43
0.4365545555663974,36,41,43
0.4365545555663974,36,42,43
0.4366307687324459,5,48,70
0.43670148231715566,3,9,67
0.4367648264570765,1,8
0.4367648264570765,1,2,8
0.4367648264570765,1,3,8
0.4367648264570765,1,4,8
0.4367648264570765,1,5,8
0.4367648264570765,1,6,8
0.4367648264570765,1,7,8
0.4367648264570765,1,8,69
0.4367648264570765,1,8,70
0.4367648264570765,1,8,71
0.4367648264570765,1,8,72
0.4367648264570765,1,8,73
0.4367648264570765,1,8,74
0.43716470867239393,59,66
0.43716470867239393,59,60,66
0.43716470867239393,59,61,66
0.43716470867239393,59,62,66
0.43716470867239393,59,63,66
0.43716470867239393,59,64,66
0.43716470867239393,59,65,66
0.4371829049931321,48,78,85
0.43767346304258214,44,74,81
0.43802564756450635,0,7,68
0.43822757726154243,39,79
0.43822757726154243,39,40,79
0.43822757726154243,39,41,79
0.43822757726154243,39,42,79
0.43822757726154243,39,43,79
0.43822757726154243,39,44,79
0.43822757726154243,39,45,79
0.43822757726154243,39,46,79
0.43822757726154243,39,79,80
0.4386995948579742,72,79
0.4386995948579742,0,72,79
0.4386995948579742,1,72,79
0.4386995948579742,2,72,79
0.4386995948579742,3,72,79
0.4386995948579742,46,72,79
0.4386995948579742,47,72,79
0.4386995948579742,48,72,79
0.4386995948579742,49,72,79
0.4386995948579742,72,73,79
0.4386995948579742,72,74,79
0.4386995948579742,72,75,79
0.4386995948579742,72,76,79
0.4386995948579742,72,77,79
0.4386995948579742,72,78,79
0.4387809728610407,44,48,85
0.4388604507274732,1,8,68
0.439043142574387,61,68
0.439043142574387,61,62,68
0.439043142574387,61,63,68
0.439043142574387,61,64,68
0.439043142574387,61,65,68
0.439043142574387,61,66,68
0.439043142574387,61,67,68
0.43919085214968206,9,16
0.43919085214968206,9,10,16
0.43919085214968206,9,11,16
0.43919085214968206,9,12,16
0.43919085214968206,9,13,16
0.43919085214968206,9,14,16
0.43919085214968206,9,15,16
0.4392232607026304,32,40
0.4392232607026304,32,33,40
0.4392232607026304,32,34,40
0.4392232607026304,32,35,40
0.4392232607026304,32,36,40
0.4392232607026304,32,37,40
0.4392232607026304,32,38,40
0.4392232607026304,32,39,40
0.43956221153092806,13,20
0.43956221153092806,13,14,20
0.43956221153092806,13,15,20
0.43956221153092806,13,16,20
0.43956221153092806,13,17,20
0.43956221153092806,13,18,20
0.43956221153092806,13,19,20
0.4401946834931574,7,68,75
0.4403104719469681,2,8,67
0.44039339327495247,64,71
0.44039339327495247,64,65,71
0.44039339327495247,64,66,71
0.44039339327495247,64,67,71
0.44039339327495247,64,68,71
0.44039339327495247,64,69,71
0.44039339327495247,64,70,71
0.440703877480734,47,71
0.440703877480734,0,47,71
0.440703877480734,1,47,71
0.440703877480734,2,47,71
0.440703877480734,3,47,71
0.440703877480734,4,47,71
0.440703877480734,47,48,71
0.440703877480734,47,49,71
0.440703877480734,47,71,72
0.440703877480734,47,71,73
0.440703877480734,47,71,74
0.440703877480734,47,71,75
0.440703877480734,47,71,76
0.440703877480734,47,71,77
0.440703877480734,47,71,78
0.4412209239473474,5,12
0.4412209239473474,5,6,12
0.4412209239473474,5,7,12
0.4412209239473474,5,8,12
0.4412209239473474,5,9,12
0.4412209239473474,5,10,12
0.4412209239473474,5,11,12
0.4413216877755645,1,7,66
0.4416002622781581,37,44
0.4416002622781581,37,38,44
0.4416002622781581,37,39,44
0.4416002622781581,37,40,44
0.4416002622781581,37,41,44
0.4416002622781581,37,42,44
0.4416002622781581,37,43,44
0.44207081493743694,41,76,82
0.4424802106652572,45,86
0.4424802106652572,45,79,86
0.4424802106652572,45,80,86
0.4424802106652572,45,81,86
0.4424802106652572,45,82,86
0.4424802106652572,45,83,86
0.4424802106652572,45,84,86
0.4424802106652572,45,85,86
0.44250176189479035,21,28
0.44250176189479035,21,22,28
0.44250176189479035,21,23,28
0.44250176189479035,21,24,28
0.44250176189479035,21,25,28
0.44250176189479035,21,26,28
0.44250176189479035,21,27,28
0.44287275457574565,45,73
0.44287275457574565,0,45,73
0.44287275457574565,1,45,73
0.44287275457574565,2,45,73
0.44287275457574565,45,46,73
0.44287275457574565,45,47,73
0.44287275457574565,45,48,73
0.44287275457574565,45,49,73
0.44287275457574565,45,73,74
0.44287275457574565,45,73,75
0.44287275457574565,45,73,76
0.44287275457574565,45,73,77
0.44287275457574565,45,73,78
0.44287275457574565,45,73,79
0.4431696774147499,42,76,83
0.44352713764692303,3,10,68
0.4439456498211279,0,83
0.4439456498211279,0,45,83
0.4439456498211279,0,46,83
0.4439456498211279,0,47,83
0.4439456498211279,0,48,83
0.4439456498211279,0,49,83
0.4439456498211279,0,76,83
0.4439456498211279,0,77,83
0.4439456498211279,0,78,83
0.4439456498211279,0,79,83
0.4439456498211279,0,80,83
0.4439456498211279,0,81,83
0.4439456498211279,0,82,83
0.44410546308315646,15,22
0.44410546308315646,15,16,22
0.44410546308315646,15,17,22
0.44410546308315646,15,18,22
0.44410546308315646,15,19,22
0.44410546308315646,15,20,22
0.44410546308315646,15,21,22
0.44449028997197126,49,84
0.44449028997197126,45,49,84
0.44449028997197126,46,49,84
0.44449028997197126,47,49,84
0.44449028997197126,48,49,84
0.44449028997197126,49,77,84
0.44449028997197126,49,78,84
0.44449028997197126,49,79,84
0.44449028997197126,49,80,84
0.44449028997197126,49,81,84
0.44449028997197126,49,82,84
0.44449028997197126,49,83,84
0.4446114323431556,44,49,84
0.4448220440805334,45,47,86
0.4449731310120181,9,68,74
0.4454677287858937,0,44,83
0.4460146171977283,11,18
0.4460146171977283,11,12,18
0.4460146171977283,11,13,18
0.4460146171977283,11,14,18
0.4460146171977283,11,15,18
0.4460146171977283,11,16,18
0.4460146171977283,11,17,18
0.4461280070243149,91,98
0.4461280070243149,91,92,98
0.4461280070243149,91,93,98
0.4461280070243149,91,94,98
0.4461280070243149,91,95,98
0.4461280070243149,91,96,98
0.4461280070243149,91,97,98
0.4463428395937185,23,30
0.4463428395937185,23,24,30
0.4463428395937185,23,25,30
0.4463428395937185,23,26,30
0.4463428395937185,23,27,30
0.4463428395937185,23,28,30
0.4463428395937185,23,29,30
0.4463614164860774,38,46
0.4463614164860774,38,39,46
0.4463614164860774,38,40,46
0.4463614164860774,38,41,46
0.4463614164860774,38,42,46
0.4463614164860774,38,43,46
0.4463614164860774,38,44,46
0.4463614164860774,38,45,46
0.4463623903368752,24,31
0.4463623903368752,24,25,31
0.4463623903368752,24,26,31
0.4463623903368752,24,27,31
0.4463623903368752,24,28,31
0.4463623903368752,24,29,31
0.4463623903368752,24,30,31
0.4467627686027358,43,78,85
0.4468284466918324,42,48,84
0.44698691026707094,67,74
0.44698691026707094,1,67,74
0.44698691026707094,2,67,74
0.44698691026707094,3,67,74
0.44698691026707094,4,67,74
0.44698691026707094,5,67,74
0.44698691026707094,6,67,74
0.44698691026707094,67,68,74
0.44698691026707094,67,69,74
0.44698691026707094,67,70,74
0.44698691026707094,67,71,74
0.44698691026707094,67,72,74
0.44698691026707094,67,73,74
0.4473983112072864,9,67,73
0.4487142548302746,7,67,74
0.4490753469710363,8,66,73
0.449468163209832,40,81
0.449468163209832,40,41,81
0.449468163209832,40,42,81
0.449468163209832,40,43,81
0.449468163209832,40,44,81
0.449468163209832,40,45,81
0.449468163209832,40,46,81
0.449468163209832,40,79,81
0.449468163209832,40,80,81
0.44955887132610295,10,68,73
0.4495901596482511,43,74
0.4495901596482511,0,43,74
0.4495901596482511,43,44,74
0.4495901596482511,43,45,74
0.4495901596482511,43,46,74
0.4495901596482511,43,47,74
0.4495901596482511,43,48,74
0.4495901596482511,43,49,74
0.4495901596482511,43,74,75
0.4495901596482511,43,74,76
0.4495901596482511,43,74,77
0.4495901596482511,43,74,78
0.4495901596482511,43,74,79
0.4495901596482511,43,74,80
0.4497690390273667,1,44
0.4497690390273667,0,1,44
0.4497690390273667,1,44,45
0.4497690390273667,1,44,46
0.4497690390273667,1,44,47
0.4497690390273667,1,44,48
0.4497690390273667,1,44,49
0.4497690390273667,1,44,74
0.4497690390273667,1,44,75
0.4497690390273667,1,44,76
0.4497690390273667,1,44,77
0.4497690390273667,1,44,78
0.4497690390273667,1,44,79
0.4497690390273667,1,44,80
0.45003031388447484,1,44,81
0.45026238013910796,44,86
0.45026238013910796,44,45,86
0.45026238013910796,44,79,86
0.45026238013910796,44,80,86
0.45026238013910796,44,81,86
0.45026238013910796,44,82,86
0.45026238013910796,44,83,86
0.45026238013910796,44,84,86
0.45026238013910796,44,85,86
0.45028628495570294,11,70
0.45028628495570294,4,11,70
0.45028628495570294,5,11,70
0.45028628495570294,6,11,70
0.45028628495570294,7,11,70
0.45028628495570294,8,11,70
0.45028628495570294,9,11,70
0.45028628495570294,10,11,70
0.45028628495570294,11,70,71
0.4516556302338071,31,38
0.4516556302338071,31,32,38
0.4516556302338071,31,33,38
0.4516556302338071,31,34,38
0.4516556302338071,31,35,38
0.4516556302338071,31,36,38
0.4516556302338071,31,37,38
0.4517045061768492,80,87
0.4517045061768492,80,81,87
0.4517045061768492,80,82,87
0.4517045061768492,80,83,87
0.4517045061768492,80,84,87
0.4517045061768492,80,85,87
0.4517045061768492,80,86,87
0.451825392819338,56,99
0.451825392819338,50,56,99
0.451825392819338,51,56,99
0.451825392819338,52,56,99
0.451825392819338,53,56,99
0.451825392819338,54,56,99
0.451825392819338,55,56,99
0.45266598665492414,73,80
0.45266598665492414,0,73,80
0.45266598665492414,1,73,80
0.45266598665492414,2,73,80
0.45266598665492414,45,73,80
0.45266598665492414,46,73,80
0.45266598665492414,47,73,80
0.45266598665492414,48,73,80
0.45266598665492414,49,73,80
0.45266598665492414,73,74,80
0.45266598665492414,73,75,80
0.45266598665492414,73,76,80
0.45266598665492414,73,77,80
0.45266598665492414,73,78,80
0.45266598665492414,73,79,80
0.45325246458240437,7,65
0.45325246458240437,4,7,65
0.45325246458240437,5,7,65
0.45325246458240437,6,7,65
0.45325246458240437,7,65,66
0.45325246458240437,7,65,67
0.45325246458240437,7,65,68
0.45325246458240437,7,65,69
0.45325246458240437,7,65,70
0.45325246458240437,7,65,71
0.45326004260572406,40,78,81
0.4539532145333553,5,64
0.4539532145333553,5,64,65
0.4539532145333553,5,64,66
0.4539532145333553,5,64,67
0.4539532145333553,5,64,68
0.4539532145333553,5,64,69
0.4539532145333553,5,64,70
0.4539532145333553,5,64,71
0.45438487988573883,41,48,83
0.4546299679014232,8,75
0.4546299679014232,2,8,75
0.4546299679014232,3,8,75
0.4546299679014232,4,8,75
0.4546299679014232,5,8,75
0.4546299679014232,6,8,75
0.4546299679014232,7,8,75
0.4546299679014232,8,70,75
0.4546299679014232,8,71,75
0.4546299679014232,8,72,75
0.4546299679014232,8,73,75
0.4546299679014232,8,74,75
0.45473667455729766,4,64
0.45473667455729766,4,64,65
0.45473667455729766,4,64,66
0.45473667455729766,4,64,67
0.45473667455729766,4,64,68
0.45473667455729766,4,64,69
0.45473667455729766,4,64,70
0.45473667455729766,4,64,71
0.45476375504899624,38,80
0.45476375504899624,38,39,80
0.45476375504899624,38,40,80
0.45476375504899624,38,41,80
0.45476375504899624,38,42,80
0.45476375504899624,38,43,80
0.45476375504899624,38,44,80
0.45476375504899624,38,45,80
0.45476375504899624,38,46,80
0.4547941441621246,1,8,75
0.4552524840165971,42,49,83
0.4553575929169912,44,47,86
0.4554179264107968,4,5,64
0.4562158112672268,2,65
0.4562158112672268,2,3,65
0.4562158112672268,2,4,65
0.4562158112672268,2,5,65
0.4562158112672268,2,65,66
0.4562158112672268,2,65,67
0.4562158112672268,2,65,68
0.4562158112672268,2,65,69
0.4562158112672268,2,65,70
0.4562158112672268,2,65,71
0.4562158112672268,2,65,72
0.45666065693486957,43,49,84
0.4573110446568549,46,86
0.4573110446568549,45,46,86
0.4573110446568549,46,47,86
0.4573110446568549,46,79,86
0.4573110446568549,46,80,86
0.4573110446568549,46,81,86
0.4573110446568549,46,82,86
0.4573110446568549,46,83,86
0.4573110446568549,46,84,86
0.4573110446568549,46,85,86
0.4580377013032656,43,74,81
0.4581491941861528,43,48,85
0.4581826200056991,7,65,72
0.45847362975322753,25,32
0.45847362975322753,25,26,32
0.45847362975322753,25,27,32
0.45847362975322753,25,28,32
0.45847362975322753,25,29,32
0.45847362975322753,25,30,32
0.45847362975322753,25,31,32
0.45854235308812097,8,69,75
0.45877734691304817,44,46,86
0.45890828686166746,39,78
0.45890828686166746,39,40,78
0.45890828686166746,39,41,78
0.45890828686166746,39,42,78
0.45890828686166746,39,43,78
0.45890828686166746,39,44,78
0.45890828686166746,39,45,78
0.45890828686166746,39,46,78
0.45890828686166746,39,78,79
0.45890828686166746,39,78,80
0.4594635177646892,6,77
0.4594635177646892,0,6,77
0.4594635177646892,1,6,77
0.4594635177646892,2,6,77
0.4594635177646892,3,6,77
0.4594635177646892,4,6,77
0.4594635177646892,5,6,77
0.4594635177646892,6,49,77
0.4594635177646892,6,70,77
0.4594635177646892,6,71,77
0.4594635177646892,6,72,77
0.4594635177646892,6,73,77
0.4594635177646892,6,74,77
0.4594635177646892,6,75,77
0.4594635177646892,6,76,77
0.45994270888677885,11,69
0.45994270888677885,5,11,69
0.45994270888677885,6,11,69
0.45994270888677885,7,11,69
0.45994270888677885,8,11,69
0.45994270888677885,9,11,69
0.45994270888677885,10,11,69
0.45994270888677885,11,69,70
0.45994270888677885,11,69,71
0.459952523010287,4,11,69
0.46072630992273994,76,84
0.46072630992273994,44,76,84
0.46072630992273994,45,76,84
0.46072630992273994,46,76,84
0.46072630992273994,47,76,84
0.46072630992273994,48,76,84
0.46072630992273994,49,76,84
0.46072630992273994,76,77,84
0.46072630992273994,76,78,84
0.46072630992273994,76,79,84
0.46072630992273994,76,80,84
0.46072630992273994,76,81,84
0.46072630992273994,76,82,84
0.46072630992273994,76,83,84
0.4607283311334701,3,7,65
0.4615109509659267,40,47
0.4615109509659267,40,41,47
0.4615109509659267,40,42,47
0.4615109509659267,40,43,47
0.4615109509659267,40,44,47
0.4615109509659267,40,45,47
0.4615109509659267,40,46,47
0.4615109509659267,40,47,78
0.4615109509659267,40,47,79
0.4615109509659267,40,47,80
0.4615588304151078,2,6,65
0.4618011505257764,41,77,83
0.4619264300089469,53,95
0.4619264300089469,50,53,95
0.4619264300089469,51,53,95
0.4619264300089469,52,53,95
0.4619264300089469,53,95,96
0.4619264300089469,53,95,97
0.4619264300089469,53,95,98
0.4619264300089469,53,95,99
0.4619401173620031,42,75,82
0.4620740629522162,43,76,84
0.4624554824831068,69,76
0.4624554824831068,0,69,76
0.4624554824831068,1,69,76
0.4624554824831068,2,69,76
0.4624554824831068,3,69,76
0.4624554824831068,4,69,76
0.4624554824831068,5,69,76
0.4624554824831068,6,69,76
0.4624554824831068,49,69,76
0.4624554824831068,69,70,76
0.4624554824831068,69,71,76
0.4624554824831068,69,72,76
0.4624554824831068,69,73,76
0.4624554824831068,69,74,76
0.4624554824831068,69,75,76
0.46272233956773734,2,8,66
0.4627878746221552,9,66
0.4627878746221552,4,9,66
0.4627878746221552,5,9,66
0.4627878746221552,6,9,66
0.4627878746221552,7,9,66
0.4627878746221552,8,9,66
0.4627878746221552,9,66,67
0.4627878746221552,9,66,68
0.4627878746221552,9,66,69
0.4627878746221552,9,66,70
0.4627878746221552,9,66,71
0.4627967266558437,0,43,83
0.4633759326527404,19,27
0.4633759326527404,19,20,27
0.4633759326527404,19,21,27
0.4633759326527404,19,22,27
0.4633759326527404,19,23,27
0.4633759326527404,19,24,27
0.4633759326527404,19,25,27
0.4633759326527404,19,26,27
0.4634976517400089,49,68
0.4634976517400089,0,49,68
0.4634976517400089,1,49,68
0.4634976517400089,2,49,68
0.4634976517400089,3,49,68
0.4634976517400089,4,49,68
0.4634976517400089,5,49,68
0.4634976517400089,49,68,69
0.4634976517400089,49,68,70
0.4634976517400089,49,68,71
0.4634976517400089,49,68,72
0.4634976517400089,49,68,73
0.4634976517400089,49,68,74
0.4634976517400089,49,68,75
0.46379863008891964,9,66,72
0.4641653042689029,42,77,84
0.46442689932141457,11,72
0.46442689932141457,4,11,72
0.46442689932141457,5,11,72
0.46442689932141457,6,11,72
0.46442689932141457,7,11,72
0.46442689932141457,8,11,72
0.46442689932141457,9,11,72
0.46442689932141457,10,11,72
0.46442689932141457,11,71,72
0.4644670113532553,11,70,72
0.4644865471944051,6,49,68
0.46449735413935644,40,47,81
0.46472718474503777,41,49
0.46472718474503777,41,42,49
0.46472718474503777,41,43,49
0.46472718474503777,41,44,49
0.46472718474503777,41,45,49
0.46472718474503777,41,46,49
0.46472718474503777,41,47,49
0.46472718474503777,41,48,49
0.46472718474503777,41,49,76
0.46472718474503777,41,49,77
0.46472718474503777,41,49,78
0.46472718474503777,41,49,79
0.46472718474503777,41,49,80
0.46472718474503777,41,49,81
0.4653322686379648,87,95
0.4653322686379648,87,88,95
0.4653322686379648,87,89,95
0.4653322686379648,87,90,95
0.4653322686379648,87,91,95
0.4653322686379648,87,92,95
0.4653322686379648,87,93,95
0.4653322686379648,87,94,95
0.46588221937907315,2,81
0.46588221937907315,0,2,81
0.46588221937907315,1,2,81
0.46588221937907315,2,45,81
0.46588221937907315,2,46,81
0.46588221937907315,2,47,81
0.46588221937907315,2,48,81
0.46588221937907315,2,49,81
0.46588221937907315,2,74,81
0.46588221937907315,2,75,81
0.46588221937907315,2,76,81
0.46588221937907315,2,77,81
0.46588221937907315,2,78,81
0.46588221937907315,2,79,81
0.46588221937907315,2,80,81
0.46595516159738815,41,84
0.46595516159738815,41,42,84
0.46595516159738815,41,43,84
0.46595516159738815,41,44,84
0.46595516159738815,41,45,84
0.46595516159738815,41,46,84
0.46595516159738815,41,79,84
0.46595516159738815,41,80,84
0.46595516159738815,41,81,84
0.46595516159738815,41,82,84
0.46595516159738815,41,83,84
0.46641709860466063,50,92
0.46641709860466063,50,92,93
0.46641709860466063,50,92,94
0.46641709860466063,50,92,95
0.46641709860466063,50,92,96
0.46641709860466063,50,92,97
0.46641709860466063,50,92,98
0.46641709860466063,50,92,99
0.46670271897533516,2,9,67
0.4667246331926304,9,17
0.4667246331926304,9,10,17
0.4667246331926304,9,11,17
0.4667246331926304,9,12,17
0.4667246331926304,9,13,17
0.4667246331926304,9,14,17
0.4667246331926304,9,15,17
0.4667246331926304,9,16,17
0.4668952486050244,3,9,66
0.46771457867244,1,9
0.46771457867244,1,2,9
0.46771457867244,1,3,9
0.46771457867244,1,4,9
0.46771457867244,1,5,9
0.46771457867244,1,6,9
0.46771457867244,1,7,9
0.46771457867244,1,8,9
0.46771457867244,1,9,69
0.46771457867244,1,9,70
0.46771457867244,1,9,71
0.46771457867244,1,9,72
0.46771457867244,1,9,73
0.46771457867244,1,9,74
0.4678244449828785,54,62
0.4678244449828785,54,55,62
0.4678244449828785,54,56,62
0.4678244449828785,54,57,62
0.4678244449828785,54,58,62
0.4678244449828785,54,59,62
0.4678244449828785,54,60,62
0.4678244449828785,54,61,62
0.46789822126183095,40,77
0.46789822126183095,40,41,77
0.46789822126183095,40,42,77
0.46789822126183095,40,43,77
0.46789822126183095,40,44,77
0.46789822126183095,40,45,77
0.46789822126183095,40,46,77
0.46789822126183095,40,77,78
0.46789822126183095,40,77,79
0.46789822126183095,40,77,80
0.467963297648577,0,67
0.467963297648577,0,1,67
0.467963297648577,0,2,67
0.467963297648577,0,3,67
0.467963297648577,0,4,67
0.467963297648577,0,5,67
0.467963297648577,0,67,68
0.467963297648577,0,67,69
0.467963297648577,0,67,70
0.467963297648577,0,67,71
0.467963297648577,0,67,72
0.467963297648577,0,67,73
0.467963297648577,0,67,74
0.4682326525459715,0,6,67
0.468260185240267,40,47,77
0.4684575297014781,81,89
0.4684575297014781,81,82,89
0.4684575297014781,81,83,89
0.4684575297014781,81,84,89
0.4684575297014781,81,85,89
0.4684575297014781,81,86,89
0.4684575297014781,81,87,89
0.4684575297014781,81,88,89
0.46899207918145336,1,9,68
0.4690816205343886,88,96
0.4690816205343886,88,89,96
0.4690816205343886,88,90,96
0.4690816205343886,88,91,96
0.4690816205343886,88,92,96
0.4690816205343886,88,93,96
0.4690816205343886,88,94,96
0.4690816205343886,88,95,96
0.4691620435729831,57,65
0.4691620435729831,57,58,65
0.4691620435729831,57,59,65
0.4691620435729831,57,60,65
0.4691620435729831,57,61,65
0.4691620435729831,57,62,65
0.4691620435729831,57,63,65
0.4691620435729831,57,64,65
0.4694698225298167,66,74
0.4694698225298167,1,66,74
0.4694698225298167,2,66,74
0.4694698225298167,3,66,74
0.4694698225298167,4,66,74
0.4694698225298167,5,66,74
0.4694698225298167,6,66,74
0.4694698225298167,66,67,74
0.4694698225298167,66,68,74
0.4694698225298167,66,69,74
0.4694698225298167,66,70,74
0.4694698225298167,66,71,74
0.4694698225298167,66,72,74
0.4694698225298167,66,73,74
0.4698846559166094,6,14
0.4698846559166094,6,7,14
0.4698846559166094,6,8,14
0.4698846559166094,6,9,14
0.4698846559166094,6,10,14
0.4698846559166094,6,11,14
0.4698846559166094,6,12,14
0.4698846559166094,6,13,14
0.46989815501477594,41,47,84
0.47004860263783804,18,26
0.47004860263783804,18,19,26
0.47004860263783804,18,20,26
0.47004860263783804,18,21,26
0.47004860263783804,18,22,26
0.47004860263783804,18,23,26
0.47004860263783804,18,24,26
0.47004860263783804,18,25,26
0.4700735957686959,1,65
0.4700735957686959,1,2,65
0.4700735957686959,1,3,65
0.4700735957686959,1,4,65
0.4700735957686959,1,5,65
0.4700735957686959,1,65,66
0.4700735957686959,1,65,67
0.4700735957686959,1,65,68
0.4700735957686959,1,65,69
0.4700735957686959,1,65,70
0.4700735957686959,1,65,71
0.4700735957686959,1,65,72
0.4701888659889621,65,73
0.4701888659889621,2,65,73
0.4701888659889621,3,65,73
0.4701888659889621,4,65,73
0.4701888659889621,5,65,73
0.4701888659889621,6,65,73
0.4701888659889621,65,66,73
0.4701888659889621,65,67,73
0.4701888659889621,65,68,73
0.4701888659889621,65,69,73
0.4701888659889621,65,70,73
0.4701888659889621,65,71,73
0.4701888659889621,65,72,73
0.4702241031269756,41,49,82
0.47045857961608356,83,91
0.47045857961608356,83,84,91
0.47045857961608356,83,85,91
0.47045857961608356,83,86,91
0.47045857961608356,83,87,91
0.47045857961608356,83,88,91
0.47045857961608356,83,89,91
0.47045857961608356,83,90,91
0.4704671680109623,0,42
0.4704671680109623,0,42,43
0.4704671680109623,0,42,44
0.4704671680109623,0,42,45
0.4704671680109623,0,42,46
0.4704671680109623,0,42,47
0.4704671680109623,0,42,48
0.4704671680109623,0,42,49
0.4704671680109623,0,42,75
0.4704671680109623,0,42,76
0.4704671680109623,0,42,77
0.4704671680109623,0,42,78
0.4704671680109623,0,42,79
0.4704671680109623,0,42,80
0.4704671680109623,0,42,81
0.4707574585339686,7,15
0.4707574585339686,7,8,15
0.4707574585339686,7,9,15
0.4707574585339686,7,10,15
0.4707574585339686,7,11,15
0.4707574585339686,7,12,15
0.4707574585339686,7,13,15
0.4707574585339686,7,14,15
0.47111012574991373,38,79
0.47111012574991373,38,39,79
0.47111012574991373,38,40,79
0.47111012574991373,38,41,79
0.47111012574991373,38,42,79
0.47111012574991373,38,43,79
0.47111012574991373,38,44,79
0.47111012574991373,38,45,79
0.47111012574991373,38,46,79
0.47111012574991373,38,79,80
0.47177327565740745,1,8,67
0.4717937562053665,7,66,74
0.4719489549312393,41,78,84
0.4720272879173093,40,82
0.4720272879173093,40,41,82
0.4720272879173093,40,42,82
0.4720272879173093,40,43,82
0.4720272879173093,40,44,82
0.4720272879173093,40,45,82
0.4720272879173093,40,46,82
0.4720272879173093,40,79,82
0.4720272879173093,40,80,82
0.4720272879173093,40,81,82
0.472055843849758,5,78
0.472055843849758,0,5,78
0.472055843849758,1,5,78
0.472055843849758,2,5,78
0.472055843849758,3,5,78
0.472055843849758,4,5,78
0.472055843849758,5,48,78
0.472055843849758,5,49,78
0.472055843849758,5,71,78
0.472055843849758,5,72,78
0.472055843849758,5,73,78
0.472055843849758,5,74,78
0.472055843849758,5,75,78
0.472055843849758,5,76,78
0.472055843849758,5,77,78
0.472147583804575,34,42
0.472147583804575,34,35,42
0.472147583804575,34,36,42
0.472147583804575,34,37,42
0.472147583804575,34,38,42
0.472147583804575,34,39,42
0.472147583804575,34,40,42
0.472147583804575,34,41,42
0.47253597557425847,48,86
0.47253597557425847,46,48,86
0.47253597557425847,47,48,86
0.47253597557425847,48,79,86
0.47253597557425847,48,80,86
0.47253597557425847,48,81,86
0.47253597557425847,48,82,86
0.47253597557425847,48,83,86
0.47253597557425847,48,84,86
0.47253597557425847,48,85,86
0.4726836355447136,45,48,86
0.47284680714372035,11,69,72
0.4730765690924077,84,92
0.4730765690924077,84,85,92
0.4730765690924077,84,86,92
0.4730765690924077,84,87,92
0.4730765690924077,84,88,92
0.4730765690924077,84,89,92
0.4730765690924077,84,90,92
0.4730765690924077,84,91,92
0.473464198261276,59,67
0.473464198261276,59,60,67
0.473464198261276,59,61,67
0.473464198261276,59,62,67
0.473464198261276,59,63,67
0.473464198261276,59,64,67
0.473464198261276,59,65,67
0.473464198261276,59,66,67
0.4734856234298223,4,46
0.4734856234298223,0,4,46
0.4734856234298223,1,4,46
0.4734856234298223,2,4,46
0.4734856234298223,3,4,46
0.4734856234298223,4,46,47
0.4734856234298223,4,46,48
0.4734856234298223,4,46,49
0.4734856234298223,4,46,72
0.4734856234298223,4,46,73
0.4734856234298223,4,46,74
0.4734856234298223,4,46,75
0.4734856234298223,4,46,76
0.4734856234298223,4,46,77
0.4734856234298223,4,46,78
0.4734881215163502,3,45
0.4734881215163502,0,3,45
0.4734881215163502,1,3,45
0.4734881215163502,2,3,45
0.4734881215163502,3,45,46
0.4734881215163502,3,45,47
0.4734881215163502,3,45,48
0.4734881215163502,3,45,49
0.4734881215163502,3,45,73
0.4734881215163502,3,45,74
0.4734881215163502,3,45,75
0.4734881215163502,3,45,76
0.4734881215163502,3,45,77
0.4734881215163502,3,45,78
0.4734881215163502,3,45,79
0.47367444751477283,1,82
0.47367444751477283,0,1,82
0.47367444751477283,1,45,82
0.47367444751477283,1,46,82
0.47367444751477283,1,47,82
0.47367444751477283,1,48,82
0.47367444751477283,1,49,82
0.47367444751477283,1,75,82
0.47367444751477283,1,76,82
0.47367444751477283,1,77,82
0.47367444751477283,1,78,82
0.47367444751477283,1,79,82
0.47367444751477283,1,80,82
0.47367444751477283,1,81,82
0.47371319135156875,16,24
0.47371319135156875,16,17,24
0.47371319135156875,16,18,24
0.47371319135156875,16,19,24
0.47371319135156875,16,20,24
0.47371319135156875,16,21,24
0.47371319135156875,16,22,24
0.47371319135156875,16,23,24
0.4738514101567078,1,65,73
0.4738781584202041,62,70
0.4738781584202041,62,63,70
0.4738781584202041,62,64,70
0.4738781584202041,62,65,70
0.4738781584202041,62,66,70
0.4738781584202041,62,67,70
0.4738781584202041,62,68,70
0.4738781584202041,62,69,70
0.47394648276063944,56,64
0.47394648276063944,56,57,64
0.47394648276063944,56,58,64
0.47394648276063944,56,59,64
0.47394648276063944,56,60,64
0.47394648276063944,56,61,64
0.47394648276063944,56,62,64
0.47394648276063944,56,63,64
0.47414080298715,8,16
0.47414080298715,8,9,16
0.47414080298715,8,10,16
0.47414080298715,8,11,16
0.47414080298715,8,12,16
0.47414080298715,8,13,16
0.47414080298715,8,14,16
0.47414080298715,8,15,16
0.47414477532076527,10,74
0.47414477532076527,3,10,74
0.47414477532076527,4,10,74
0.47414477532076527,5,10,74
0.47414477532076527,6,10,74
0.47414477532076527,7,10,74
0.47414477532076527,8,10,74
0.47414477532076527,9,10,74
0.47414477532076527,10,70,74
0.47414477532076527,10,71,74
0.47414477532076527,10,72,74
0.47414477532076527,10,73,74
0.47440887355209765,60,68
0.47440887355209765,60,61,68
0.47440887355209765,60,62,68
0.47440887355209765,60,63,68
0.47440887355209765,60,64,68
0.47440887355209765,60,65,68
0.47440887355209765,60,66,68
0.47440887355209765,60,67,68
0.4744938173642303,7,49
0.4744938173642303,0,7,49
0.4744938173642303,1,7,49
0.4744938173642303,2,7,49
0.4744938173642303,3,7,49
0.4744938173642303,4,7,49
0.4744938173642303,5,7,49
0.4744938173642303,6,7,49
0.4744938173642303,7,49,70
0.4744938173642303,7,49,71
0.4744938173642303,7,49,72
0.4744938173642303,7,49,73
0.4744938173642303,7,49,74
0.4744938173642303,7,49,75
0.4745102908315759,51,59
0.4745102908315759,51,52,59
0.4745102908315759,51,53,59
0.4745102908315759,51,54,59
0.4745102908315759,51,55,59
0.4745102908315759,51,56,59
0.4745102908315759,51,57,59
0.4745102908315759,51,58,59
0.4750599249306826,7,49,69
0.47518273526282523,17,25
0.47518273526282523,17,18,25
0.47518273526282523,17,19,25
0.47518273526282523,17,20,25
0.47518273526282523,17,21,25
0.47518273526282523,17,22,25
0.47518273526282523,17,23,25
0.47518273526282523,17,24,25
0.4753559860364441,57,99
0.4753559860364441,50,57,99
0.4753559860364441,51,57,99
0.4753559860364441,52,57,99
0.4753559860364441,53,57,99
0.4753559860364441,54,57,99
0.4753559860364441,55,57,99
0.4753559860364441,56,57,99
0.47563078667118336,6,64
0.47563078667118336,4,6,64
0.47563078667118336,5,6,64
0.47563078667118336,6,64,65
0.47563078667118336,6,64,66
0.47563078667118336,6,64,67
0.47563078667118336,6,64,68
0.47563078667118336,6,64,69
0.47563078667118336,6,64,70
0.47563078667118336,6,64,71
0.47569084916315474,5,13
0.47569084916315474,5,6,13
0.47569084916315474,5,7,13
0.47569084916315474,5,8,13
0.47569084916315474,5,9,13
0.47569084916315474,5,10,13
0.47569084916315474,5,11,13
0.47569084916315474,5,12,13
0.4757256581037704,0,42,82
0.4758173669712953,9,66,73
0.47583752020229564,12,20
0.47583752020229564,12,13,20
0.47583752020229564,12,14,20
0.47583752020229564,12,15,20
0.47583752020229564,12,16,20
0.47583752020229564,12,17,20
0.47583752020229564,12,18,20
0.47583752020229564,12,19,20
0.4760478352274363,42,85
0.4760478352274363,42,43,85
0.4760478352274363,42,44,85
0.4760478352274363,42,45,85
0.4760478352274363,42,46,85
0.4760478352274363,42,79,85
0.4760478352274363,42,80,85
0.4760478352274363,42,81,85
0.4760478352274363,42,82,85
0.4760478352274363,42,83,85
0.4760478352274363,42,84,85
0.47613792424486534,3,64
0.47613792424486534,3,4,64
0.47613792424486534,3,5,64
0.47613792424486534,3,64,65
0.47613792424486534,3,64,66
0.47613792424486534,3,64,67
0.47613792424486534,3,64,68
0.47613792424486534,3,64,69
0.47613792424486534,3,64,70
0.47613792424486534,3,64,71
0.4761526013333231,53,61
0.4761526013333231,53,54,61
0.4761526013333231,53,55,61
0.4761526013333231,53,56,61
0.4761526013333231,53,57,61
0.4761526013333231,53,58,61
0.4761526013333231,53,59,61
0.4761526013333231,53,60,61
0.4761766735210361,40,78,82
0.476221547460092,7,76
0.476221547460092,0,7,76
0.476221547460092,1,7,76
0.476221547460092,2,7,76
0.476221547460092,3,7,76
0.476221547460092,4,7,76
0.476221547460092,5,7,76
0.476221547460092,6,7,76
0.476221547460092,7,70,76
0.476221547460092,7,71,76
0.476221547460092,7,72,76
0.476221547460092,7,73,76
0.476221547460092,7,74,76
0.476221547460092,7,75,76
0.47653863802045915,8,67,74
0.4766183545568909,7,49,76
0.4773806350488785,1,44,82
0.4776499793569591,10,69,74
0.4776980071811702,90,98
0.4776980071811702,90,91,98
0.4776980071811702,90,92,98
0.4776980071811702,90,93,98
0.4776980071811702,90,94,98
0.4776980071811702,90,95,98
0.4776980071811702,90,96,98
0.4776980071811702,90,97,98
0.47800424197870384,3,80
0.47800424197870384,0,3,80
0.47800424197870384,1,3,80
0.47800424197870384,2,3,80
0.47800424197870384,3,45,80
0.47800424197870384,3,46,80
0.47800424197870384,3,47,80
0.47800424197870384,3,48,80
0.47800424197870384,3,49,80
0.47800424197870384,3,73,80
0.47800424197870384,3,74,80
0.47800424197870384,3,75,80
0.47800424197870384,3,76,80
0.47800424197870384,3,77,80
0.47800424197870384,3,78,80
0.47800424197870384,3,79,80
0.4780383368826455,39,81
0.4780383368826455,39,40,81
0.4780383368826455,39,41,81
0.4780383368826455,39,42,81
0.4780383368826455,39,43,81
0.4780383368826455,39,44,81
0.4780383368826455,39,45,81
0.4780383368826455,39,46,81
0.4780383368826455,39,79,81
0.4780383368826455,39,80,81
0.47814842395328594,2,10
0.47814842395328594,2,3,10
0.47814842395328594,2,4,10
0.47814842395328594,2,5,10
0.47814842395328594,2,6,10
0.47814842395328594,2,7,10
0.47814842395328594,2,8,10
0.47814842395328594,2,9,10
0.47814842395328594,2,10,69
0.47814842395328594,2,10,70
0.47814842395328594,2,10,71
0.47814842395328594,2,10,72
0.47814842395328594,2,10,73
0.47850632002771626,15,23
0.47850632002771626,15,16,23
0.47850632002771626,15,17,23
0.47850632002771626,15,18,23
0.47850632002771626,15,19,23
0.47850632002771626,15,20,23
0.47850632002771626,15,21,23
0.47850632002771626,15,22,23
0.47853075331403483,42,47,85
0.4786097486164946,9,75
0.4786097486164946,2,9,75
0.4786097486164946,3,9,75
0.4786097486164946,4,9,75
0.4786097486164946,5,9,75
0.4786097486164946,6,9,75
0.4786097486164946,7,9,75
0.4786097486164946,8,9,75
0.4786097486164946,9,70,75
0.4786097486164946,9,71,75
0.4786097486164946,9,72,75
0.4786097486164946,9,73,75
0.4786097486164946,9,74,75
0.4788277888443765,8,68,75
0.47885231025042035,50,58
0.47885231025042035,50,51,58
0.47885231025042035,50,52,58
0.47885231025042035,50,53,58
0.47885231025042035,50,54,58
0.47885231025042035,50,55,58
0.47885231025042035,50,56,58
0.47885231025042035,50,57,58
0.47890242187709964,28,36
0.47890242187709964,28,29,36
0.47890242187709964,28,30,36
0.47890242187709964,28,31,36
0.47890242187709964,28,32,36
0.47890242187709964,28,33,36
0.47890242187709964,28,34,36
0.47890242187709964,28,35,36
0.47891011604897443,2,10,74
0.47896830853863454,82,90
0.47896830853863454,82,83,90
0.47896830853863454,82,84,90
0.47896830853863454,82,85,90
0.47896830853863454,82,86,90
0.47896830853863454,82,87,90
0.47896830853863454,82,88,90
0.47896830853863454,82,89,90
0.47912105589114506,1,6,65
0.47951673863451993,64,72
0.47951673863451993,3,64,72
0.47951673863451993,4,64,72
0.47951673863451993,5,64,72
0.47951673863451993,64,65,72
0.47951673863451993,64,66,72
0.47951673863451993,64,67,72
0.47951673863451993,64,68,72
0.47951673863451993,64,69,72
0.47951673863451993,64,70,72
0.47951673863451993,64,71,72
0.4796738246793377,40,77,81
0.47967584967075294,29,37
0.47967584967075294,29,30,37
0.47967584967075294,29,31,37
0.47967584967075294,29,32,37
0.47967584967075294,29,33,37
0.47967584967075294,29,34,37
0.47967584967075294,29,35,37
0.47967584967075294,29,36,37
0.47973459261792595,1,9,75
0.4798030899965162,44,48,86
0.47983099738300733,85,93
0.47983099738300733,85,86,93
0.47983099738300733,85,87,93
0.47983099738300733,85,88,93
0.47983099738300733,85,89,93
0.47983099738300733,85,90,93
0.47983099738300733,85,91,93
0.47983099738300733,85,92,93
0.479840107632141,78,86
0.479840107632141,45,78,86
0.479840107632141,46,78,86
0.479840107632141,47,78,86
0.479840107632141,48,78,86
0.479840107632141,78,79,86
0.479840107632141,78,80,86
0.479840107632141,78,81,86
0.479840107632141,78,82,86
0.479840107632141,78,83,86
0.479840107632141,78,84,86
0.479840107632141,78,85,86
0.4800105661311121,2,44
0.4800105661311121,0,2,44
0.4800105661311121,1,2,44
0.4800105661311121,2,44,45
0.4800105661311121,2,44,46
0.4800105661311121,2,44,47
0.4800105661311121,2,44,48
0.4800105661311121,2,44,49
0.4800105661311121,2,44,74
0.4800105661311121,2,44,75
0.4800105661311121,2,44,76
0.4800105661311121,2,44,77
0.4800105661311121,2,44,78
0.4800105661311121,2,44,79
0.4800105661311121,2,44,80
0.480012653776799,44,78,86
0.4804374476383018,10,67
0.4804374476383018,4,10,67
0.4804374476383018,5,10,67
0.4804374476383018,6,10,67
0.4804374476383018,7,10,67
0.4804374476383018,8,10,67
0.4804374476383018,9,10,67
0.4804374476383018,10,67,68
0.4804374476383018,10,67,69
0.4804374476383018,10,67,70
0.4804374476383018,10,67,71
0.48055293801543025,27,35
0.48055293801543025,27,28,35
0.48055293801543025,27,29,35
0.48055293801543025,27,30,35
0.48055293801543025,27,31,35
0.48055293801543025,27,32,35
0.48055293801543025,27,33,35
0.48055293801543025,27,34,35
0.4806276637456066,75,83
0.4806276637456066,0,75,83
0.4806276637456066,44,75,83
0.4806276637456066,45,75,83
0.4806276637456066,46,75,83
0.4806276637456066,47,75,83
0.4806276637456066,48,75,83
0.4806276637456066,49,75,83
0.4806276637456066,75,76,83
0.4806276637456066,75,77,83
0.4806276637456066,75,78,83
0.4806276637456066,75,79,83
0.4806276637456066,75,80,83
0.4806276637456066,75,81,83
0.4806276637456066,75,82,83
0.48150418510453286,39,78,81
0.48153890751194367,43,75,83
0.4817649588118068,40,47,82
0.4817721021470589,9,69,75
0.4818238470393766,7,65,73
0.4819929046527152,25,33
0.4819929046527152,25,26,33
0.4819929046527152,25,27,33
0.4819929046527152,25,28,33
0.4819929046527152,25,29,33
0.4819929046527152,25,30,33
0.4819929046527152,25,31,33
0.4819929046527152,25,32,33
0.4820131725886439,11,73
0.4820131725886439,4,11,73
0.4820131725886439,5,11,73
0.4820131725886439,6,11,73
0.4820131725886439,7,11,73
0.4820131725886439,8,11,73
0.4820131725886439,9,11,73
0.4820131725886439,10,11,73
0.4820131725886439,11,70,73
0.4820131725886439,11,71,73
0.4820131725886439,11,72,73
0.4824824171931036,55,97
0.4824824171931036,50,55,97
0.4824824171931036,51,55,97
0.4824824171931036,52,55,97
0.4824824171931036,53,55,97
0.4824824171931036,54,55,97
0.4824824171931036,55,97,98
0.4824824171931036,55,97,99
0.4825972286898528,0,66
0.4825972286898528,0,1,66
0.4825972286898528,0,2,66
0.4825972286898528,0,3,66
0.4825972286898528,0,4,66
0.4825972286898528,0,5,66
0.4825972286898528,0,66,67
0.4825972286898528,0,66,68
0.4825972286898528,0,66,69
0.4825972286898528,0,66,70
0.4825972286898528,0,66,71
0.4825972286898528,0,66,72
0.4825972286898528,0,66,73
0.48264796119680264,0,66,74
0.48273782122000075,2,44,81
0.483045991881753,41,75
0.483045991881753,41,42,75
0.483045991881753,41,43,75
0.483045991881753,41,44,75
0.483045991881753,41,45,75
0.483045991881753,41,46,75
0.483045991881753,41,47,75
0.483045991881753,41,48,75
0.483045991881753,41,49,75
0.483045991881753,41,75,76
0.483045991881753,41,75,77
0.483045991881753,41,75,78
0.483045991881753,41,75,79
0.483045991881753,41,75,80
0.483285614889023,41,76,83
0.48339979058464116,2,10,68
0.48359610618266075,0,6,66
0.4836164088020027,7,69,76
0.4836510973434079,42,78,85
0.48373113959689273,4,79
0.48373113959689273,0,4,79
0.48373113959689273,1,4,79
0.48373113959689273,2,4,79
0.48373113959689273,3,4,79
0.48373113959689273,4,46,79
0.48373113959689273,4,47,79
0.48373113959689273,4,48,79
0.48373113959689273,4,49,79
0.48373113959689273,4,72,79
0.48373113959689273,4,73,79
0.48373113959689273,4,74,79
0.48373113959689273,4,75,79
0.48373113959689273,4,76,79
0.48373113959689273,4,77,79
0.48373113959689273,4,78,79
0.4838237463819849,10,67,72
0.48408771142500745,55,63
0.48408771142500745,55,56,63
0.48408771142500745,55,57,63
0.48408771142500745,55,58,63
0.48408771142500745,55,59,63
0.48408771142500745,55,60,63
0.48408771142500745,55,61,63
0.48408771142500745,55,62,63
0.48416751265980656,11,19
0.48416751265980656,11,12,19
0.48416751265980656,11,13,19
0.48416751265980656,11,14,19
0.48416751265980656,11,15,19
0.48416751265980656,11,16,19
0.48416751265980656,11,17,19
0.48416751265980656,11,18,19
0.48455349246009594,2,7,65
0.48462268841933576,58,66
0.48462268841933576,58,59,66
0.48462268841933576,58,60,66
0.48462268841933576,58,61,66
0.48462268841933576,58,62,66
0.48462268841933576,58,63,66
0.48462268841933576,58,64,66
0.48462268841933576,58,65,66
0.48463635973162644,41,75,81
0.4848241720089583,51,93
0.4848241720089583,50,51,93
0.4848241720089583,51,93,94
0.4848241720089583,51,93,95
0.4848241720089583,51,93,96
0.4848241720089583,51,93,97
0.4848241720089583,51,93,98
0.4848241720089583,51,93,99
0.4850472175439934,0,7,67
0.4851385223355543,70,78
0.4851385223355543,0,70,78
0.4851385223355543,1,70,78
0.4851385223355543,2,70,78
0.4851385223355543,3,70,78
0.4851385223355543,4,70,78
0.4851385223355543,5,70,78
0.4851385223355543,48,70,78
0.4851385223355543,49,70,78
0.4851385223355543,70,71,78
0.4851385223355543,70,72,78
0.4851385223355543,70,73,78
0.4851385223355543,70,74,78
0.4851385223355543,70,75,78
0.4851385223355543,70,76,78
0.4851385223355543,70,77,78
0.4852942800225517,6,64,72
0.48533272201767397,42,76,84
0.48551911694173333,5,47
0.48551911694173333,0,5,47
0.48551911694173333,1,5,47
0.48551911694173333,2,5,47
0.48551911694173333,3,5,47
0.48551911694173333,4,5,47
0.48551911694173333,5,47,48
0.48551911694173333,5,47,49
0.48551911694173333,5,47,71
0.48551911694173333,5,47,72
0.48551911694173333,5,47,73
0.48551911694173333,5,47,74
0.48551911694173333,5,47,75
0.48551911694173333,5,47,76
0.48551911694173333,5,47,77
0.48551911694173333,5,47,78
0.4859229153611374,46,71
0.4859229153611374,0,46,71
0.4859229153611374,1,46,71
0.4859229153611374,2,46,71
0.4859229153611374,3,46,71
0.4859229153611374,4,46,71
0.4859229153611374,46,47,71
0.4859229153611374,46,48,71
0.4859229153611374,46,49,71
0.4859229153611374,46,71,72
0.4859229153611374,46,71,73
0.4859229153611374,46,71,74
0.4859229153611374,46,71,75
0.4859229153611374,46,71,76
0.4859229153611374,46,71,77
0.4859229153611374,46,71,78
0.48592368700820393,13,21
0.48592368700820393,13,14,21
0.48592368700820393,13,15,21
0.48592368700820393,13,16,21
0.48592368700820393,13,17,21
0.48592368700820393,13,18,21
0.48592368700820393,13,19,21
0.48592368700820393,13,20,21
0.48597752412931244,3,6,64
0.48749139116151147,43,86
0.48749139116151147,43,44,86
0.48749139116151147,43,45,86
0.48749139116151147,43,46,86
0.48749139116151147,43,79,86
0.48749139116151147,43,80,86
0.48749139116151147,43,81,86
0.48749139116151147,43,82,86
0.48749139116151147,43,83,86
0.48749139116151147,43,84,86
0.48749139116151147,43,85,86
0.48797730565426994,36,44
0.48797730565426994,36,37,44
0.48797730565426994,36,38,44
0.48797730565426994,36,39,44
0.48797730565426994,36,40,44
0.48797730565426994,36,41,44
0.48797730565426994,36,42,44
0.48797730565426994,36,43,44
0.4879805461863723,56,98
0.4879805461863723,50,56,98
0.4879805461863723,51,56,98
0.4879805461863723,52,56,98
0.4879805461863723,53,56,98
0.4879805461863723,54,56,98
0.4879805461863723,55,56,98
0.4879805461863723,56,98,99
0.4881410619130862,31,39
0.4881410619130862,31,32,39
0.4881410619130862,31,33,39
0.4881410619130862,31,34,39
0.4881410619130862,31,35,39
0.4881410619130862,31,36,39
0.4881410619130862,31,37,39
0.4881410619130862,31,38,39
0.4882140825422713,43,47,86
0.4882302052972618,45,72
0.4882302052972618,0,45,72
0.4882302052972618,1,45,72
0.4882302052972618,2,45,72
0.4882302052972618,3,45,72
0.4882302052972618,45,46,72
0.4882302052972618,45,47,72
0.4882302052972618,45,48,72
0.4882302052972618,45,49,72
0.4882302052972618,45,72,73
0.4882302052972618,45,72,74
0.4882302052972618,45,72,75
0.4882302052972618,45,72,76
0.4882302052972618,45,72,77
0.4882302052972618,45,72,78
0.4882302052972618,45,72,79
0.4882588080376408,79,87
0.4882588080376408,79,80,87
0.4882588080376408,79,81,87
0.4882588080376408,79,82,87
0.4882588080376408,79,83,87
0.4882588080376408,79,84,87
0.4882588080376408,79,85,87
0.4882588080376408,79,86,87
0.4885687666599759,38,78
0.4885687666599759,38,39,78
0.4885687666599759,38,40,78
0.4885687666599759,38,41,78
0.4885687666599759,38,42,78
0.4885687666599759,38,43,78
0.4885687666599759,38,44,78
0.4885687666599759,38,45,78
0.4885687666599759,38,46,78
0.4885687666599759,38,78,79
0.4885687666599759,38,78,80
0.4891092467418946,11,69,73
0.48926684433687845,47,70
0.48926684433687845,0,47,70
0.48926684433687845,1,47,70
0.48926684433687845,2,47,70
0.48926684433687845,3,47,70
0.48926684433687845,4,47,70
0.48926684433687845,47,48,70
0.48926684433687845,47,49,70
0.48926684433687845,47,70,71
0.48926684433687845,47,70,72
0.48926684433687845,47,70,73
0.48926684433687845,47,70,74
0.48926684433687845,47,70,75
0.48926684433687845,47,70,76
0.48926684433687845,47,70,77
0.48926684433687845,47,70,78
0.4896009458036258,7,49,68
0.48960207142541307,3,10,67
0.48973610773358556,2,9,66
0.48975320008578604,52,60
0.48975320008578604,52,53,60
0.48975320008578604,52,54,60
0.48975320008578604,52,55,60
0.48975320008578604,52,56,60
0.48975320008578604,52,57,60
0.48975320008578604,52,58,60
0.48975320008578604,52,59,60
0.48982337049509816,41,48,84
0.48993469547406066,5,47,70
0.49002281265574815,86,94
0.49002281265574815,86,87,94
0.49002281265574815,86,88,94
0.49002281265574815,86,89,94
0.49002281265574815,86,90,94
0.49002281265574815,86,91,94
0.49002281265574815,86,92,94
0.49002281265574815,86,93,94
0.490295621497194,3,11
0.490295621497194,3,4,11
0.490295621497194,3,5,11
0.490295621497194,3,6,11
0.490295621497194,3,7,11
0.490295621497194,3,8,11
0.490295621497194,3,9,11
0.490295621497194,3,10,11
0.490295621497194,3,11,70
0.490295621497194,3,11,71
0.490295621497194,3,11,72
0.490295621497194,3,11,73
0.4905874833635227,0,84
0.4905874833635227,0,45,84
0.4905874833635227,0,46,84
0.4905874833635227,0,47,84
0.4905874833635227,0,48,84
0.4905874833635227,0,49,84
0.4905874833635227,0,76,84
0.4905874833635227,0,77,84
0.4905874833635227,0,78,84
0.4905874833635227,0,79,84
0.4905874833635227,0,80,84
0.4905874833635227,0,81,84
0.4905874833635227,0,82,84
0.4905874833635227,0,83,84
0.49060908692127403,54,96
0.49060908692127403,50,54,96
0.49060908692127403,51,54,96
0.49060908692127403,52,54,96
0.49060908692127403,53,54,96
0.49060908692127403,54,96,97
0.49060908692127403,54,96,98
0.49060908692127403,54,96,99
0.4906674079884137,52,94
0.4906674079884137,50,52,94
0.4906674079884137,51,52,94
0.4906674079884137,52,94,95
0.4906674079884137,52,94,96
0.4906674079884137,52,94,97
0.4906674079884137,52,94,98
0.4906674079884137,52,94,99
0.4906909197589889,0,44,84
0.49103767671560866,1,43
0.49103767671560866,0,1,43
0.49103767671560866,1,43,44
0.49103767671560866,1,43,45
0.49103767671560866,1,43,46
0.49103767671560866,1,43,47
0.49103767671560866,1,43,48
0.49103767671560866,1,43,49
0.49103767671560866,1,43,74
0.49103767671560866,1,43,75
0.49103767671560866,1,43,76
0.49103767671560866,1,43,77
0.49103767671560866,1,43,78
0.49103767671560866,1,43,79
0.49103767671560866,1,43,80
0.49103767671560866,1,43,81
0.4911141183156499,61,69
0.4911141183156499,61,62,69
0.4911141183156499,61,63,69
0.4911141183156499,61,64,69
0.4911141183156499,61,65,69
0.4911141183156499,61,66,69
0.4911141183156499,61,67,69
0.4911141183156499,61,68,69
0.49126834309141293,3,11,69
0.4913386072400289,37,45
0.4913386072400289,37,38,45
0.4913386072400289,37,39,45
0.4913386072400289,37,40,45
0.4913386072400289,37,41,45
0.4913386072400289,37,42,45
0.4913386072400289,37,43,45
0.4913386072400289,37,44,45
0.4913638290177335,1,8,66
0.4913941208674848,39,47
0.4913941208674848,39,40,47
0.4913941208674848,39,41,47
0.4913941208674848,39,42,47
0.4913941208674848,39,43,47
0.4913941208674848,39,44,47
0.4913941208674848,39,45,47
0.4913941208674848,39,46,47
0.4913941208674848,39,47,78
0.4913941208674848,39,47,79
0.4913941208674848,39,47,80
0.4915370109892396,6,48
0.4915370109892396,0,6,48
0.4915370109892396,1,6,48
0.4915370109892396,2,6,48
0.4915370109892396,3,6,48
0.4915370109892396,4,6,48
0.4915370109892396,5,6,48
0.4915370109892396,6,48,49
0.4915370109892396,6,48,70
0.4915370109892396,6,48,71
0.4915370109892396,6,48,72
0.4915370109892396,6,48,73
0.4915370109892396,6,48,74
0.4915370109892396,6,48,75
0.4915370109892396,6,48,76
0.4915370109892396,6,48,77
0.4917129752611817,21,29
0.4917129752611817,21,22,29
0.4917129752611817,21,23,29
0.4917129752611817,21,24,29
0.4917129752611817,21,25,29
0.4917129752611817,21,26,29
0.4917129752611817,21,27,29
0.4917129752611817,21,28,29
0.49190442421228686,0,8
0.49190442421228686,0,1,8
0.49190442421228686,0,2,8
0.49190442421228686,0,3,8
0.49190442421228686,0,4,8
0.49190442421228686,0,5,8
0.49190442421228686,0,6,8
0.49190442421228686,0,7,8
0.49190442421228686,0,8,69
0.49190442421228686,0,8,70
0.49190442421228686,0,8,71
0.49190442421228686,0,8,72
0.49190442421228686,0,8,73
0.49190442421228686,0,8,74
0.49190442421228686,0,8,75
0.49197526984608836,26,34
0.49197526984608836,26,27,34
0.49197526984608836,26,28,34
0.49197526984608836,26,29,34
0.49197526984608836,26,30,34
0.49197526984608836,26,31,34
0.49197526984608836,26,32,34
0.49197526984608836,26,33,34
0.4919951627865484,42,49,84
0.4923392612763047,40,76
0.4923392612763047,40,41,76
0.4923392612763047,40,42,76
0.4923392612763047,40,43,76
0.4923392612763047,40,44,76
0.4923392612763047,40,45,76
0.4923392612763047,40,46,76
0.4923392612763047,40,47,76
0.4923392612763047,40,76,77
0.4923392612763047,40,76,78
0.4923392612763047,40,76,79
0.4923392612763047,40,76,80
0.49245031512543463,63,71
0.49245031512543463,63,64,71
0.49245031512543463,63,65,71
0.49245031512543463,63,66,71
0.49245031512543463,63,67,71
0.49245031512543463,63,68,71
0.49245031512543463,63,69,71
0.49245031512543463,63,70,71
0.49260202390750324,22,30
0.49260202390750324,22,23,30
0.49260202390750324,22,24,30
0.49260202390750324,22,25,30
0.49260202390750324,22,26,30
0.49260202390750324,22,27,30
0.49260202390750324,22,28,30
0.49260202390750324,22,29,30
0.49277664566039225,77,85
0.49277664566039225,44,77,85
0.49277664566039225,45,77,85
0.49277664566039225,46,77,85
0.49277664566039225,47,77,85
0.49277664566039225,48,77,85
0.49277664566039225,77,78,85
0.49277664566039225,77,79,85
0.49277664566039225,77,80,85
0.49277664566039225,77,81,85
0.49277664566039225,77,82,85
0.49277664566039225,77,83,85
0.49277664566039225,77,84,85
0.4935512337810676,89,97
0.4935512337810676,89,90,97
0.4935512337810676,89,91,97
0.4935512337810676,89,92,97
0.4935512337810676,89,93,97
0.4935512337810676,89,94,97
0.4935512337810676,89,95,97
0.4935512337810676,89,96,97
0.493583068180216,39,47,81
0.49374981324681844,69,77
0.49374981324681844,0,69,77
0.49374981324681844,1,69,77
0.49374981324681844,2,69,77
0.49374981324681844,3,69,77
0.49374981324681844,4,69,77
0.49374981324681844,5,69,77
0.49374981324681844,6,69,77
0.49374981324681844,49,69,77
0.49374981324681844,69,70,77
0.49374981324681844,69,71,77
0.49374981324681844,69,72,77
0.49374981324681844,69,73,77
0.49374981324681844,69,74,77
0.49374981324681844,69,75,77
0.49374981324681844,69,76,77
0.49391358902743165,43,77,85
0.49426456022522247,74,82
0.49426456022522247,0,74,82
0.49426456022522247,1,74,82
0.49426456022522247,44,74,82
0.49426456022522247,45,74,82
0.49426456022522247,46,74,82
0.49426456022522247,47,74,82
0.49426456022522247,48,74,82
0.49426456022522247,49,74,82
0.49426456022522247,74,75,82
0.49426456022522247,74,76,82
0.49426456022522247,74,77,82
0.49426456022522247,74,78,82
0.49426456022522247,74,79,82
0.49426456022522247,74,80,82
0.49426456022522247,74,81,82
0.494600833915796,0,8,68
0.4946396726928173,14,22
0.4946396726928173,14,15,22
0.4946396726928173,14,16,22
0.4946396726928173,14,17,22
0.4946396726928173,14,18,22
0.4946396726928173,14,19,22
0.4946396726928173,14,20,22
0.4946396726928173,14,21,22
0.49465030787674175,91,99
0.49465030787674175,91,92,99
0.49465030787674175,91,93,99
0.49465030787674175,91,94,99
0.49465030787674175,91,95,99
0.49465030787674175,91,96,99
0.49465030787674175,91,97,99
0.49465030787674175,91,98,99
0.4952057938200266,4,12
0.4952057938200266,4,5,12
0.4952057938200266,4,6,12
0.4952057938200266,4,7,12
0.4952057938200266,4,8,12
0.4952057938200266,4,9,12
0.4952057938200266,4,10,12
0.4952057938200266,4,11,12
0.4954482551191267,72,80
0.4954482551191267,0,72,80
0.4954482551191267,1,72,80
0.4954482551191267,2,72,80
0.4954482551191267,3,72,80
0.4954482551191267,45,72,80
0.4954482551191267,46,72,80
0.4954482551191267,47,72,80
0.4954482551191267,48,72,80
0.4954482551191267,49,72,80
0.4954482551191267,72,73,80
0.4954482551191267,72,74,80
0.4954482551191267,72,75,80
0.4954482551191267,72,76,80
0.4954482551191267,72,77,80
0.4954482551191267,72,78,80
0.4954482551191267,72,79,80
0.4954926666636375,71,79
0.4954926666636375,0,71,79
0.4954926666636375,1,71,79
0.4954926666636375,2,71,79
0.4954926666636375,3,71,79
0.4954926666636375,4,71,79
0.4954926666636375,46,71,79
0.4954926666636375,47,71,79
0.4954926666636375,48,71,79
0.4954926666636375,49,71,79
0.4954926666636375,71,72,79
0.4954926666636375,71,73,79
0.4954926666636375,71,74,79
0.4954926666636375,71,75,79
0.4954926666636375,71,76,79
0.4954926666636375,71,77,79
0.4954926666636375,71,78,79
0.49631597089670254,33,41
0.49631597089670254,33,34,41
0.49631597089670254,33,35,41
0.49631597089670254,33,36,41
0.49631597089670254,33,37,41
0.49631597089670254,33,38,41
0.49631597089670254,33,39,41
0.49631597089670254,33,40,41
0.4965526757316093,10,68,74
0.4966662574011766,12,71
0.4966662574011766,4,12,71
0.4966662574011766,5,12,71
0.4966662574011766,6,12,71
0.4966662574011766,7,12,71
0.4966662574011766,8,12,71
0.4966662574011766,9,12,71
0.4966662574011766,10,12,71
0.4966662574011766,11,12,71
0.49672306376707503,42,48,85
0.49683819539684754,39,77
0.49683819539684754,39,40,77
0.49683819539684754,39,41,77
0.49683819539684754,39,42,77
0.49683819539684754,39,43,77
0.49683819539684754,39,44,77
0.49683819539684754,39,45,77
0.49683819539684754,39,46,77
0.49683819539684754,39,77,78
0.49683819539684754,39,77,79
0.49683819539684754,39,77,80
0.4968899829490607,43,74,82
0.4971342653951143,43,78,86
0.4972925947652056,39,47,77
0.49745636841535723,10,67,73
0.49769062774368544,9,67,74
0.4980518900891724,20,28
0.4980518900891724,20,21,28
0.4980518900891724,20,22,28
0.4980518900891724,20,23,28
0.4980518900891724,20,24,28
0.4980518900891724,20,25,28
0.4980518900891724,20,26,28
0.4980518900891724,20,27,28
0.4982301659277936,41,49,83
0.4984811871010909,42,74
0.4984811871010909,0,42,74
0.4984811871010909,42,43,74
0.4984811871010909,42,44,74
0.4984811871010909,42,45,74
0.4984811871010909,42,46,74
0.4984811871010909,42,47,74
0.4984811871010909,42,48,74
0.4984811871010909,42,49,74
0.4984811871010909,42,74,75
0.4984811871010909,42,74,76
0.4984811871010909,42,74,77
0.4984811871010909,42,74,78
0.4984811871010909,42,74,79
0.4984811871010909,42,74,80
0.49853365626996204,35,43
0.49853365626996204,35,36,43
0.49853365626996204,35,37,43
0.49853365626996204,35,38,43
0.49853365626996204,35,39,43
0.49853365626996204,35,40,43
0.49853365626996204,35,41,43
0.49853365626996204,35,42,43
0.49854338343281435,1,9,67
0.49857267216656076,47,87
0.49857267216656076,47,79,87
0.49857267216656076,47,80,87
0.49857267216656076,47,81,87
0.49857267216656076,47,82,87
0.49857267216656076,47,83,87
0.49857267216656076,47,84,87
0.49857267216656076,47,85,87
0.49857267216656076,47,86,87
0.49898016338012874,40,48
0.49898016338012874,40,41,48
0.49898016338012874,40,42,48
0.49898016338012874,40,43,48
0.49898016338012874,40,44,48
0.49898016338012874,40,45,48
0.49898016338012874,40,46,48
0.49898016338012874,40,47,48
0.49898016338012874,40,48,77
0.49898016338012874,40,48,78
0.49898016338012874,40,48,79
0.49898016338012874,40,48,80
0.49898017670627137,40,48,81
0.49900768782926563,40,48,76
0.49932142711793104,39,82
0.49932142711793104,39,40,82
0.49932142711793104,39,41,82
0.49932142711793104,39,42,82
0.49932142711793104,39,43,82
0.49932142711793104,39,44,82
0.49932142711793104,39,45,82
0.49932142711793104,39,46,82
0.49932142711793104,39,79,82
0.49932142711793104,39,80,82
0.49932142711793104,39,81,82
0.499327868897949,68,76
0.499327868897949,0,68,76
0.499327868897949,1,68,76
0.499327868897949,2,68,76
0.499327868897949,3,68,76
0.499327868897949,4,68,76
0.499327868897949,5,68,76
0.499327868897949,6,68,76
0.499327868897949,49,68,76
0.499327868897949,68,69,76
0.499327868897949,68,70,76
0.499327868897949,68,71,76
0.499327868897949,68,72,76
0.499327868897949,68,73,76
0.499327868897949,68,74,76
0.499327868897949,68,75,76
0.4995132187573991,11,68
0.4995132187573991,4,11,68
0.4995132187573991,5,11,68
0.4995132187573991,6,11,68
0.4995132187573991,7,11,68
0.4995132187573991,8,11,68
0.4995132187573991,9,11,68
0.4995132187573991,10,11,68
0.4995132187573991,11,68,69
0.4995132187573991,11,68,70
0.4995132187573991,11,68,71
0.4997066608908034,40,76,81
0.4998525855019495,49,85
0.4998525855019495,44,49,85
0.4998525855019495,45,49,85
0.4998525855019495,46,49,85
0.4998525855019495,47,49,85
0.4998525855019495,48,49,85
0.4998525855019495,49,77,85
0.4998525855019495,49,78,85
0.4998525855019495,49,79,85
0.4998525855019495,49,80,85
0.4998525855019495,49,81,85
0.4998525855019495,49,82,85
0.4998525855019495,49,83,85
0.4998525855019495,49,84,85
