0,0
0,1
0,2
0,3
0,4
0,5
0,6
0,7
0,8
0,9
0,10
0,11
0,12
0,13
0,14
0,15
0,16
0,17
0,18
0,19
0,20
0,21
0,22
0,23
0,24
0,25
0,26
0,27
0,28
0,29
0,30
0,31
0,32
0,33
0,34
0,35
0,36
0,37
0,38
0,39
0,40
0,41
0,42
0,43
0,44
0,45
0,46
0,47
0,48
0,49
0,50
0,51
0,52
0,53
0,54
0,55
0,56
0,57
0,58
0,59
0,60
0,61
0,62
0,63
0,64
0,65
0,66
0,67
0,68
0,69
0,70
0,71
0,72
0,73
0,74
0,75
0,76
0,77
0,78
0,79
0,80
0,81
0,82
0,83
0,84
0,85
0,86
0,87
0,88
0,89
0,90
0,91
0,92
0,93
0,94
0,95
0,96
0,97
0,98
0,99
0.08637535162191581,56,57
0.0891620111762778,46,47
0.09123129251524562,53,54
0.09319536169814749,34,35
0.0953117217246522,73,74
0.09607649148749436,27,28
0.0980744094747783,96,97
0.10028564453401762,45,46
0.10532646004554468,35,36
0.10737016635249606,58,59
0.1077788529033591,32,33
0.10861789419059796,6,7
0.11017890484251634,1,2
0.11143905346202646,71,72
0.11154282038425217,12,13
0.12933903339266212,42,43
0.13105247368011524,30,31
0.1333438054517217,70,71
0.13382602212650996,88,89
0.1365483927984618,90,91
0.1395826652467646,83,84
0.14564271856798916,48,49
0.14826981588473556,17,18
0.15145466396698298,5,6
0.15272262486424704,74,75
0.1535739648998063,2,3
0.15510963390466442,44,45
0.15549428454579758,81,82
0.1558844586204442,78,80
0.157871361951747,24,26
0.1651672344278936,33,34
0.1698368377075408,67,69
0.17246709054058962,22,24
0.17632647992126754,91,93
0.1765730716792211,62,63
0.1831130203004205,64,65
0.18440252961033374,94,95
0.18881668310687155,45,47
0.18881668310687155,45,46,47
0.1904493648736997,16,19
0.19234804926040874,38,39
0.19350888755535425,7,8
0.19688884792778996,34,36
0.19688884792778996,34,35,36
0.1969117435654097,23,25
0.19972156860739818,50,52
0.19992279093863957,66,68
0.20128360163626588,38,40
0.20133987895995606,14,16
0.20263101211942486,39,40
0.20286630446282358,0,98
0.20301014331252878,20,21
0.20325284062021118,44,46
0.20325284062021118,44,45,46
0.2061005354799988,49,51
0.20658991219566605,54,56
0.2075156363153193,42,44
0.20915671810705727,63,64
0.21117012296985896,24,25
0.21667269560110425,94,96
0.21834203037909858,19,22
0.22672367295948248,33,35
0.22672367295948248,33,34,35
0.22877323140830264,3,5
0.22903957387409782,28,29
0.23095926400779682,38,39,40
0.23150090433883685,95,96
0.23364986362905818,62,64
0.23469069817312435,72,73
0.23549350213059905,35,37
0.2372053714903712,36,37
0.24025625613178644,70,72
0.24025625613178644,70,71,72
0.24161841510374463,6,8
0.24161841510374463,6,7,8
0.24173630127215867,89,91
0.24248749610612536,35,36,37
0.24289013096694087,64,66
0.24319493071630496,62,63,64
0.2433607875701652,63,65
0.24604660408888313,51,53
0.24675096402167762,43,44
0.24675096402167762,42,43,44
0.24676746662301158,94,95,96
0.24678222856702306,73,75
0.24678222856702306,73,74,75
0.24681187752970304,84,86
0.2505020865974491,63,64,65
0.2508181211032261,29,31
0.25227727422106777,86,87
0.25241423739578367,22,26
0.25241423739578367,22,24,26
0.2524798573140783,21,23
0.2526920727821197,20,23
0.2559225311796586,5,7
0.2559225311796586,5,6,7
0.2561013502642943,8,10
0.25775595896056447,1,3
0.25775595896056447,1,2,3
0.2628466141498496,54,57
0.2628466141498496,54,56,57
0.2631362655922828,47,49
0.26539016846654234,31,34
0.26814671279699237,77,79
0.26929852764541395,32,34
0.26929852764541395,32,33,34
0.2698381776251732,23,24
0.27204618276278936,23,24,25
0.27661427152415563,20,21,23
0.27695105831892575,36,38
0.27804954799570825,18,20
0.2785678118463123,44,47
0.2785678118463123,44,45,47
0.2785678118463123,44,46,47
0.28081224937950255,26,30
0.28323543798065776,52,55
0.2832780784465698,15,17
0.2837517452242989,10,12
0.2837791756908739,75,77
0.28382552176098724,81,83
0.2840713682092593,29,30
0.2840713682092593,29,30,31
0.28421200502409266,72,74
0.28421200502409266,72,73,74
0.2847936897233359,11,12
0.28568700805798236,18,21
0.28575249195822905,97,99
0.2860908050400814,95,97
0.2860908050400814,95,96,97
0.28632414912649107,90,93
0.28632414912649107,90,91,93
0.28706094333913285,54,55
0.2884259375703573,53,56
0.2884259375703573,53,54,56
0.28959527660760237,34,37
0.28959527660760237,34,35,37
0.2896363170202791,57,60
0.28984227262340384,92,94
0.29003467164860813,27,29
0.29003467164860813,27,28,29
0.291693847398266,34,36,37
0.29542763831058994,74,76
0.3011651841585725,33,36
0.3011651841585725,33,34,36
0.3011651841585725,33,35,36
0.3012813762242748,13,15
0.30262009330466344,18,20,21
0.3038075153352875,82,83
0.30443833879422955,57,58
0.3048702743328116,75,76
0.3059049324790366,25,27
0.30645607712428885,57,59
0.3068758746604575,81,82,83
0.3079951699330156,76,78
0.3092849228132562,25,26
0.3092849228132562,24,25,26
0.3100928327692309,47,48
0.3100928327692309,47,48,49
0.3103322137139358,57,58,59
0.310507656272843,87,88
0.31090082336427616,74,75,76
0.3116723169098001,94,97
0.3116723169098001,94,96,97
0.3129869773211553,56,58
0.31306302343981207,89,90
0.31306302343981207,89,90,91
0.31325686046228796,56,57,58
0.31424591634183957,11,14
0.31622970400215317,39,41
0.31671742793431645,94,95,97
0.31965797236965393,1,99
0.32086701346226637,59,60
0.32111010804373635,29,32
0.3217384436505142,31,33
0.3217384436505142,31,33,34
0.32199984330691594,5,8
0.32199984330691594,5,6,8
0.32199984330691594,5,7,8
0.3254924236306327,80,82
0.32719462589452325,65,66
0.32719462589452325,64,65,66
0.3272730559968559,2,5
0.3272730559968559,2,3,5
0.32891098714767825,46,49
0.32891098714767825,46,47,49
0.33190941654668304,85,88
0.3322102919175878,71,73
0.3322102919175878,71,72,73
0.3339654674229019,60,61
0.33437694079369595,48,51
0.33437694079369595,48,49,51
0.33447243717518926,32,35
0.33447243717518926,32,33,35
0.33447243717518926,32,34,35
0.3347322569484826,51,54
0.3347322569484826,51,53,54
0.33625861719407746,53,55
0.33625861719407746,53,54,55
0.34092387006107416,0,4
0.34194955439299357,46,48
0.34194955439299357,46,47,48
0.3419779343853368,25,29
0.34295149570521183,56,59
0.34295149570521183,56,57,59
0.34295149570521183,56,58,59
0.34420792828178426,73,76
0.34420792828178426,73,74,76
0.34488454410936353,46,48,49
0.3460242144638799,59,62
0.34666748998323044,31,35
0.34666748998323044,31,34,35
0.34683087802119633,22,23
0.34683087802119633,22,23,24
0.35103465187622573,11,13
0.35103465187622573,11,12,13
0.3517023622785847,53,57
0.3517023622785847,53,54,57
0.3517023622785847,53,56,57
0.3535960376167577,93,95
0.3537572988485701,55,57
0.3542489179443736,73,75,76
0.35435508837026586,25,28
0.35435508837026586,25,27,28
0.35512513177098654,57,59,60
0.3565188065853052,29,33
0.3565188065853052,29,32,33
0.3566691335217669,7,10
0.3566691335217669,7,8,10
0.35703865646844934,31,33,35
0.3576901724564432,85,89
0.3576905613910881,85,88,89
0.35815746386049263,3,6
0.35815746386049263,3,5,6
0.3593146756334098,54,55,57
0.3607887339459248,40,42
0.3607926467370633,42,45
0.3607926467370633,42,44,45
0.36084383489841304,14,19
0.36084383489841304,14,16,19
0.3626046899649412,89,93
0.3626046899649412,89,91,93
0.3645388459493919,25,27,29
0.3654765340578745,31,32
0.3654765340578745,31,32,33
0.366266932961696,31,32,34
0.36698995000908086,62,65
0.36698995000908086,62,63,65
0.36698995000908086,62,64,65
0.367731887067362,29,31,33
0.3683365477325624,22,25
0.3683365477325624,22,24,25
0.3692841153629881,25,28,29
0.3700985425562997,60,62
0.370639167564147,50,55
0.370639167564147,50,52,55
0.37110023558111965,55,56
0.37110023558111965,54,55,56
0.37110023558111965,55,56,57
0.3723214759429478,10,13
0.3723214759429478,10,12,13
0.3726763106496623,22,25,26
0.37319106650636613,29,31,32
0.37388061959116636,22,23,25
0.3738969157935809,20,22
0.3747663934111162,88,91
0.3747663934111162,88,89,91
0.3755048692286844,56,60
0.3755048692286844,56,57,60
0.3755728401214009,9,14
0.37615959001295324,79,81
0.3768840749361664,89,90,93
0.37782391364090023,96,99
0.37782391364090023,96,97,99
0.3781281210102711,19,20
0.3793929360688351,9,11
0.3794284086760942,35,38
0.3794284086760942,35,36,38
0.37954114930150723,84,87
0.37954114930150723,84,86,87
0.38077200982283294,72,75
0.38077200982283294,72,73,75
0.38077200982283294,72,74,75
0.3816028908611811,83,86
0.3816028908611811,83,84,86
0.38539299285405226,47,50
0.386017078473957,45,48
0.386017078473957,45,46,48
0.386017078473957,45,47,48
0.3866205335310787,20,22,23
0.38743079988400864,19,24
0.38743079988400864,19,22,24
0.38772173881661465,28,32
0.3879683040232995,28,29,32
0.3896134460703769,53,55,56
0.39031556423576835,2,99
0.39031556423576835,1,2,99
0.39047424425767074,80,85
0.39183496591881417,93,98
0.39220967873745344,71,74
0.39220967873745344,71,72,74
0.39220967873745344,71,73,74
0.3923916267655132,82,85
0.39247869295541427,30,34
0.39247869295541427,30,31,34
0.39312499274745727,19,20,22
0.3934412592380698,37,42
0.39610014625438966,43,45
0.39610014625438966,42,43,45
0.39610014625438966,43,44,45
0.3966951106963736,95,98
0.4003794572795573,80,81
0.4003794572795573,80,81,82
0.4019564310976247,26,31
0.4019564310976247,26,30,31
0.4021987604534972,59,60,62
0.4026605113220568,58,60
0.4026605113220568,58,59,60
0.4026840010012744,26,29
0.4026840010012744,26,29,30
0.402940666130605,61,67
0.4034440920752567,76,80
0.4034440920752567,76,78,80
0.4035142672831167,53,55,57
0.4035249766605872,56,59,60
0.40401866956228216,57,58,60
0.40475270326171275,45,49
0.40475270326171275,45,46,49
0.40475270326171275,45,47,49
0.40502396883629693,32,36
0.40502396883629693,32,33,36
0.40502396883629693,32,34,36
0.40502396883629693,32,35,36
0.40517184435433373,31,32,35
0.4052773072297477,12,15
0.4052773072297477,12,13,15
0.4054093017324619,45,48,49
0.406236412570475,42,46
0.406236412570475,42,44,46
0.406236412570475,42,45,46
0.4079510598572565,16,22
0.4079510598572565,16,19,22
0.40921546885902466,50,53
0.4104552823537344,43,46
0.4104552823537344,43,44,46
0.4104552823537344,43,45,46
0.4122201438797838,47,51
0.4122201438797838,47,49,51
0.4134549195393678,40,41
0.4134549195393678,39,40,41
0.41347238096557604,20,24
0.41347238096557604,20,22,24
0.41347238096557604,20,23,24
0.4135566969797217,24,30
0.4135566969797217,24,26,30
0.4137759138726018,42,43,46
0.41427636608187063,29,34
0.41427636608187063,29,31,34
0.41427636608187063,29,33,34
0.4143876969864904,29,32,34
0.414598935896038,36,40
0.414598935896038,36,38,40
0.41480280719659174,25,26,29
0.41553306436299037,82,84
0.41553306436299037,82,83,84
0.41642507459738165,9,11,14
0.41894057687144115,55,61
0.41939058562545356,47,48,51
0.42074742504597873,81,84
0.42074742504597873,81,83,84
0.42098888174725,17,20
0.42098888174725,17,18,20
0.4213272685540771,23,26
0.4213272685540771,23,24,26
0.4213272685540771,23,25,26
0.4216169020122293,22,23,26
0.423522787998343,37,43
0.423522787998343,37,42,43
0.42367035012046567,26,29,31
0.4239214839346823,31,37
0.4239214839346823,31,34,37
0.4239214839346823,31,35,37
0.4250307337442757,40,44
0.4250307337442757,40,42,44
0.42578945114208244,81,82,84
0.426034673192011,17,21
0.426034673192011,17,18,21
0.42659961524848183,13,17
0.42659961524848183,13,15,17
0.42659967140486665,56,58,60
0.426738536484685,4,9
0.4270725931494507,64,68
0.4270725931494507,64,66,68
0.430985511616303,15,18
0.430985511616303,15,17,18
0.43098972803751673,85,90
0.4317571436248121,80,82,85
0.4321958376186711,29,30,34
0.43220506459303176,88,90
0.43220506459303176,88,89,90
0.43220506459303176,88,90,91
0.43224220933885743,49,53
0.43224220933885743,49,51,53
0.434573615047512,50,53,55
0.4350106763665075,1,5
0.4350106763665075,1,2,5
0.4350106763665075,1,3,5
0.43547569504872746,70,73
0.43547569504872746,70,71,73
0.43547569504872746,70,72,73
0.4361374076896771,9,16
0.4361374076896771,9,14,16
0.4361839039601773,74,77
0.4361839039601773,74,75,77
0.4363819580482167,17,20,21
0.43815688812212017,85,89,90
0.43926507752672495,87,89
0.43926507752672495,87,88,89
0.439369334477029,23,27
0.439369334477029,23,25,27
0.4395125050278698,20,25
0.4395125050278698,20,23,25
0.4406069697881422,21,25
0.4406069697881422,21,23,25
0.4412013261872623,68,70
0.4429446870994767,93,95,98
0.4431735835997731,20,24,25
0.44383854171090326,24,29
0.44383854171090326,24,25,29
0.44383854171090326,24,26,29
0.44435417209150785,62,66
0.44435417209150785,62,64,66
0.4445025990414778,37,38
0.4445025990414778,36,37,38
0.4445261767986165,35,37,38
0.4470909716311951,8,12
0.4470909716311951,8,10,12
0.4475906693239685,50,54
0.4475906693239685,50,53,54
0.4478935709141036,58,62
0.4478935709141036,58,59,62
0.44947361685064063,50,54,55
0.45018496793917817,30,33
0.45018496793917817,30,31,33
0.45018496793917817,30,33,34
0.45032976243445244,29,30,33
0.45041978628084733,46,50
0.45041978628084733,46,47,50
0.450630057076257,31,36
0.450630057076257,31,33,36
0.450630057076257,31,34,36
0.450630057076257,31,35,36
0.45138169975012477,65,68
0.45138169975012477,65,66,68
0.4513980498255302,6,10
0.4513980498255302,6,7,10
0.4513980498255302,6,8,10
0.45174059737981354,63,66
0.45174059737981354,63,64,66
0.45174059737981354,63,65,66
0.45192770964952295,33,37
0.45192770964952295,33,34,37
0.45192770964952295,33,35,37
0.45192770964952295,33,36,37
0.4521684614459371,62,65,66
0.4522995474678155,20,21,25
0.4527563736921527,64,65,68
0.453793752398009,25,30
0.453793752398009,25,26,30
0.453793752398009,25,29,30
0.4540087175233534,10,11
0.4540087175233534,10,11,12
0.45449444016989604,24,25,30
0.4548644947981965,43,47
0.4548644947981965,43,44,47
0.4548644947981965,43,45,47
0.4548644947981965,43,46,47
0.4564268027059608,19,20,24
0.45651003500030196,24,29,30
0.4568065578394941,31,36,37
0.4573840303877873,62,63,66
0.45835232896305145,8,11
0.4601339124537445,1,97
0.4601339124537445,1,97,99
0.4609701236575805,20,22,25
0.4614402377148377,19,26
0.4614402377148377,19,22,26
0.4614402377148377,19,24,26
0.4621193662277311,92,95
0.4621193662277311,92,94,95
0.464487471464088,78,82
0.464487471464088,78,80,82
0.464801483039192,10,11,13
0.4649255269630244,34,38
0.4649255269630244,34,35,38
0.4649255269630244,34,36,38
0.46506651795651643,50,51
0.46557732139609104,83,87
0.46557732139609104,83,84,87
0.46557732139609104,83,86,87
0.46585516055963827,50,51,53
0.4660206809248684,55,60
0.4660206809248684,55,57,60
0.46661867535198925,3,7
0.46661867535198925,3,5,7
0.46661867535198925,3,6,7
0.46809441202701946,30,35
0.46809441202701946,30,31,35
0.46809441202701946,30,34,35
0.4685606317443076,85,88,90
0.4690930828516909,3,99
0.4690930828516909,1,3,99
0.4690930828516909,2,3,99
0.46927068422662144,36,39
0.46927068422662144,36,38,39
0.46927068422662144,36,39,40
0.47140100125994094,42,47
0.47140100125994094,42,44,47
0.47140100125994094,42,45,47
0.47140100125994094,42,46,47
0.47143491851411,42,43,47
0.47150572216570613,92,96
0.47150572216570613,92,94,96
0.471754195813596,28,33
0.471754195813596,28,29,33
0.471754195813596,28,32,33
0.4724904418204651,31,33,37
0.47507203455895297,2,6
0.47507203455895297,2,3,6
0.47507203455895297,2,5,6
0.4751319433497514,30,33,35
0.4751976482875744,58,60,62
0.47547173614189064,8,10,11
0.4760911374232057,31,32,36
0.47643726632171646,4,98
0.47643726632171646,0,4,98
0.47645745788252386,28,31
0.47645745788252386,28,29,31
0.4774311824647187,8,11,12
0.4779476558135904,55,56,60
0.4780123245044201,85,91
0.4780123245044201,85,89,91
0.4780123245044201,85,90,91
0.4799163503204703,85,88,91
0.48079125647156523,34,37,38
0.4808948546113264,1,98
0.48146825743578714,55,60,61
0.48168420060270667,19,23
0.48168420060270667,19,20,23
0.48168420060270667,19,22,23
0.48168420060270667,19,23,24
0.4822485437352412,92,95,96
0.48308866936457046,2,4
0.48330718323329774,93,94
0.48330718323329774,93,94,95
0.4833608426615317,30,32
0.4833608426615317,29,30,32
0.4833608426615317,30,31,32
0.4833608426615317,30,32,33
0.4833608426615317,30,32,34
0.48357488364515855,67,68
0.4836546905157718,27,32
0.4836546905157718,27,28,32
0.4836546905157718,27,29,32
0.48489527021628837,38,42
0.48489527021628837,38,40,42
0.4850461633993344,52,53
0.4850461633993344,50,52,53
0.4850461633993344,52,53,55
0.4860954737455693,52,54
0.4860954737455693,52,54,55
0.48621339570746025,50,52,54
0.48644832730585263,28,31,32
0.48775952791438626,52,53,54
0.48955368177561764,49,50
0.48955368177561764,47,49,50
0.4898514968682794,59,63
0.4898514968682794,59,62,63
0.48989476529037673,40,43
0.48989476529037673,40,42,43
0.48990797447123624,40,43,44
0.49022589618888296,76,77
0.49022589618888296,75,76,77
0.4905471908628586,66,67
0.49072626134363817,16,20
0.49072626134363817,16,19,20
0.4912021218150561,79,83
0.4912021218150561,79,81,83
0.49150957894185343,50,51,54
0.491744814361757,47,50,51
0.49200414114673896,49,50,51
0.4920117315385675,71,75
0.4920117315385675,71,72,75
0.4920117315385675,71,73,75
0.4920117315385675,71,74,75
0.49201270509433626,88,93
0.49201270509433626,88,89,93
0.49201270509433626,88,91,93
0.4932959318613841,37,40
0.4932959318613841,36,37,40
0.4932959318613841,37,38,40
0.49418322924195945,18,23
0.49418322924195945,18,20,23
0.49418322924195945,18,21,23
0.49490805556255574,88,90,93
0.49515581447300805,46,51
0.49515581447300805,46,47,51
0.49515581447300805,46,48,51
0.49515581447300805,46,49,51
0.49543640761477925,74,76,77
0.49553011107296285,68,71
0.49553011107296285,68,70,71
0.4958489038423581,1,4
0.4958489038423581,1,2,4
0.49794413284887395,66,67,68
0.49871183556360443,37,40,42
0.49972726186713373,13,14
0.49972726186713373,11,13,14
0.4998778912733178,97,98
0.4998778912733178,95,97,98
0.5006214248155215,40,45
0.5006214248155215,40,44,45
0.500970691873122,40,42,45
0.5013538343338252,12,14
0.5013538343338252,11,12,14
0.502533230550662,16,20,22
0.5027786021785458,60,64
0.5027786021785458,60,62,64
0.503098376910558,30,37
0.503098376910558,30,31,37
0.503098376910558,30,34,37
0.5036228488723455,91,95
0.5036228488723455,91,93,95
0.5037294155607668,12,13,14
0.5038847973987955,36,42
0.5038847973987955,36,37,42
0.5043178487190598,38,41
0.5043178487190598,38,39,41
0.5043178487190598,38,40,41
0.5045062767682332,28,31,33
0.5045802015454613,46,49,50
0.5055015944845185,30,35,37
0.5059091417852857,51,56
0.5059091417852857,51,53,56
0.5059091417852857,51,54,56
0.5067695997600906,21,24
0.5067695997600906,20,21,24
0.5067695997600906,21,23,24
0.5067695997600906,21,24,25
0.507081065486914,24,27
0.507081065486914,24,25,27
0.507310127401662,78,81
0.507310127401662,78,80,81
0.507310127401662,78,81,82
0.5074249177583887,23,24,27
0.5074439581867479,29,35
0.5074439581867479,29,31,35
0.5074439581867479,29,32,35
0.5074439581867479,29,33,35
0.5074439581867479,29,34,35
0.5076067794806074,11,16
0.5076067794806074,11,14,16
0.5079852181856117,70,74
0.5079852181856117,70,71,74
0.5079852181856117,70,72,74
0.5079852181856117,70,73,74
0.5089872797014214,30,32,35
0.5092986075316828,24,27,29
0.5094331682741138,28,30
0.5094331682741138,28,29,30
0.5094331682741138,28,30,31
0.510583341738343,36,40,42
0.5109888684075196,57,61
0.5109888684075196,57,60,61
0.5123973215673779,23,28
0.5123973215673779,23,25,28
0.5123973215673779,23,27,28
0.5125938754712713,0,93
0.5125938754712713,0,93,98
0.5130176217876725,4,5
0.5131465235389366,54,58
0.5131465235389366,54,56,58
0.5131465235389366,54,57,58
0.5140137895296206,29,30,35
0.5151832653497224,25,31
0.5151832653497224,25,26,31
0.5151832653497224,25,29,31
0.5151832653497224,25,30,31
0.5154062576662717,37,38,42
0.5156171751999113,55,57,61
0.516094720367406,36,38,42
0.5172888755338841,33,38
0.5172888755338841,33,34,38
0.5172888755338841,33,35,38
0.5172888755338841,33,36,38
0.5173182962121103,75,79
0.5173182962121103,75,77,79
0.5181196935730881,49,50,53
0.5188074025278696,35,40
0.5188074025278696,35,36,40
0.5188074025278696,35,38,40
0.5190539578775549,24,31
0.5190539578775549,24,26,31
0.5190539578775549,24,29,31
0.5190539578775549,24,30,31
0.5216961394249314,68,73
0.5219029541411422,9,11,16
0.5228302378619798,25,28,30
0.5230841981051987,85,87
0.5230841981051987,85,87,88
0.5230867586224481,35,37,40
0.5234725053409538,49,54
0.5234725053409538,49,51,54
0.5234725053409538,49,53,54
0.5249049669367382,68,72
0.5249049669367382,68,70,72
0.5249049669367382,68,71,72
0.5258409063131951,96,98
0.5258409063131951,95,96,98
0.5258409063131951,96,97,98
0.5274226422099569,54,60
0.5274226422099569,54,56,60
0.5274226422099569,54,57,60
0.5278177867429494,43,50
0.5279118225416389,78,85
0.5279118225416389,78,80,85
0.5279600054293357,21,22
0.5279600054293357,20,21,22
0.5279600054293357,21,22,23
0.5283449804335629,24,25,31
0.5284889705149141,21,22,24
0.5288860966493824,73,77
0.5288860966493824,73,74,77
0.5288860966493824,73,75,77
0.5290862815248103,19,23,26
0.5291203003472928,54,55,60
0.5291375548378997,85,87,89
0.5292257534322085,2,4,5
0.5303429230675589,14,20
0.5303429230675589,14,19,20
0.5303429737547927,14,16,20
0.5310363582279801,68,69
0.5310363582279801,67,68,69
0.5315096765480086,79,82
0.5315096765480086,79,81,82
0.5315737308650029,76,81
0.5316404709684978,77,81
0.5316404709684978,77,79,81
0.5321117966774254,44,49
0.5321117966774254,44,45,49
0.5321117966774254,44,46,49
0.5321117966774254,44,47,49
0.5321449066377891,44,50
0.5321449066377891,44,46,50
0.5321449066377891,44,47,50
0.5325697390501256,13,18
0.5325697390501256,13,15,18
0.5325697390501256,13,17,18
0.5331686711321377,22,30
0.5331686711321377,22,24,30
0.5331686711321377,22,26,30
0.5334893182707041,25,28,31
0.5343763355046064,12,17
0.5343763355046064,12,13,17
0.5343763355046064,12,15,17
0.5346548668377116,21,22,25
0.5346773152987583,44,48
0.5346773152987583,44,45,48
0.5346773152987583,44,46,48
0.5346773152987583,44,47,48
0.5358164496972455,76,80,81
0.5370542576844857,68,72,73
0.5375806530666521,24,28
0.5375806530666521,24,25,28
0.5375806530666521,24,27,28
0.5375806530666521,24,28,29
0.5379792985552909,23,29
0.5379792985552909,23,24,29
0.5379792985552909,23,25,29
0.5379792985552909,23,27,29
0.5385177081512529,44,48,49
0.5395017274547658,79,82,83
0.5396223344536792,68,71,73
0.5397752569412597,45,50
0.5397752569412597,45,46,50
0.5397752569412597,45,47,50
0.540681053343293,27,31
0.540681053343293,27,28,31
0.540681053343293,27,29,31
0.5407826265813305,28,30,32
0.5411099070126777,43,47,50
0.5412080148265883,23,28,29
0.541239172144466,22,25,30
0.5416689126028184,40,43,45
0.5422907519900593,44,45,50
0.5440077431643384,23,26,29
0.5441800867418356,73,76,77
0.5446688051448645,30,33,37
0.5448937402722598,60,63
0.5448937402722598,60,62,63
0.5448937402722598,60,63,64
0.5450693421235625,43,44,50
0.5453246853606712,23,24,28
0.5453824834452258,76,78,81
0.5454219335663305,78,82,85
0.5455005673594551,43,46,50
0.545886303924781,68,70,73
0.5461500454227339,46,50,51
0.5467048929564658,37,40,43
0.5469252231375148,81,85
0.5469252231375148,81,82,85
0.5474471200924983,80,81,85
0.5495392036427005,54,59
0.5495392036427005,54,56,59
0.5495392036427005,54,57,59
0.5495392036427005,54,58,59
0.5496048813519199,33,37,38
0.5501587475920968,3,8
0.5501587475920968,3,5,8
0.5501587475920968,3,6,8
0.5501587475920968,3,7,8
0.5508442677623271,59,60,63
0.5532641685725017,25,27,31
0.5532841370555215,1,96
0.5532841370555215,1,96,97
0.5532841370555215,1,96,99
0.5534452544918982,27,31,32
0.554066588744575,27,30
0.554066588744575,25,27,30
0.554066588744575,27,28,30
0.554066588744575,27,29,30
0.5541542768224541,27,30,31
0.554718517293761,28,30,33
0.5552051237151744,0,1
0.5552051237151744,0,1,98
0.5553399540292415,26,27
0.5553399540292415,24,26,27
0.5553399540292415,25,26,27
0.5553399540292415,26,27,29
0.5561808643080745,91,98
0.5561808643080745,91,93,98
0.5564950214987038,51,55
0.5564950214987038,51,53,55
0.5564950214987038,51,54,55
0.5567829468126511,8,13
0.5567829468126511,8,10,13
0.5567829468126511,8,12,13
0.5569467524004102,47,53
0.5569467524004102,47,49,53
0.5569467524004102,47,51,53
0.5570407941776329,47,50,53
0.5578418402758905,1,97,98
0.5581904967334472,32,37
0.5581904967334472,32,33,37
0.5581904967334472,32,34,37
0.5581904967334472,32,35,37
0.5581904967334472,32,36,37
0.558198955715375,31,32,37
0.5582504901422474,8,11,13
0.5588560690794774,26,28
0.5588560690794774,25,26,28
0.5588560690794774,26,28,29
0.5588807824312485,24,26,28
0.5590869743391544,95,99
0.5590869743391544,95,96,99
0.5590869743391544,95,97,99
0.559175360695242,86,88
0.559175360695242,86,87,88
0.5595500784904002,26,27,28
0.560467128344395,61,69
0.560467128344395,61,67,69
0.560622110568724,82,87
0.560622110568724,82,83,87
0.5606386395802111,82,84,87
0.5609275026796479,1,4,5
0.5610945249665578,50,51,55
0.5611908138514008,26,28,30
0.5624147658062196,0,1,4
0.5625098813239243,39,42
0.5625098813239243,38,39,42
0.5625098813239243,39,40,42
0.5625283012352047,1,4,98
0.5631717527257523,45,49,50
0.5633885753263124,23,26,27
0.5638609916363764,19,25
0.5638609916363764,19,22,25
0.5638609916363764,19,23,25
0.5638609916363764,19,24,25
0.5638609916363764,19,25,26
0.5645981495357434,2,98
0.5645981495357434,1,2,98
0.5646360553196208,3,4
0.5646360553196208,1,3,4
0.5646360553196208,2,3,4
0.5646360553196208,3,4,5
0.5647099929919195,19,20,25
0.5652083000337468,2,97
0.5652083000337468,1,2,97
0.5652083000337468,2,97,99
0.5653185913812547,54,59,60
0.5653370762744565,14,18
0.5654553521652441,54,58,60
0.565920384274152,27,33
0.565920384274152,27,28,33
0.565920384274152,27,29,33
0.565920384274152,27,32,33
0.5664017190362264,5,10
0.5664017190362264,5,6,10
0.5664017190362264,5,7,10
0.5664017190362264,5,8,10
0.566918751935775,49,50,54
0.5670547666871506,20,26
0.5670547666871506,20,22,26
0.5670547666871506,20,23,26
0.5670547666871506,20,24,26
0.5670547666871506,20,25,26
0.5688599850917944,92,97
0.5688599850917944,92,94,97
0.5688599850917944,92,95,97
0.5688599850917944,92,96,97
0.5694040881276057,30,36
0.5694040881276057,30,31,36
0.5694040881276057,30,33,36
0.5694040881276057,30,34,36
0.5694040881276057,30,35,36
0.5694040881276057,30,36,37
0.569829229914429,19,20,26
0.5703473029376382,14,18,20
0.5703745293386739,26,28,31
0.5710945555436158,51,55,56
0.5711704510243538,35,39
0.5711704510243538,35,36,39
0.5711704510243538,35,38,39
0.5711704510243538,35,39,40
0.5715510192634343,24,28,30
0.5716239604747593,57,62
0.5716239604747593,57,58,62
0.5716239604747593,57,59,62
0.5716239604747593,57,60,62
0.5716463237485705,66,70
0.5716463237485705,66,68,70
0.5717559552683722,35,42
0.5717559552683722,35,36,42
0.5717559552683722,35,37,42
0.5718994811718805,89,95
0.5718994811718805,89,91,95
0.5718994811718805,89,93,95
0.572509996546526,48,53
0.572509996546526,48,49,53
0.572509996546526,48,51,53
0.5734128223240251,72,76
0.5734128223240251,72,73,76
0.5734128223240251,72,74,76
0.5734128223240251,72,75,76
0.5734696468406855,26,27,30
0.5737308437196128,14,22
0.5737308437196128,14,16,22
0.5737308437196128,14,19,22
0.5739005287731416,60,66
0.5739005287731416,60,64,66
0.5739685046732419,60,62,66
0.5741373308118277,59,64
0.5741373308118277,59,62,64
0.5741373308118277,59,63,64
0.5750171414842679,4,8
0.5753673913530972,91,95,98
0.5758118389020113,43,45,50
0.5758848044680155,19,21
0.5758848044680155,19,20,21
0.5758848044680155,19,21,22
0.5758848044680155,19,21,23
0.5760283183152509,59,60,64
0.5776191039652194,35,38,42
0.57787142255963,16,24
0.57787142255963,16,19,24
0.57787142255963,16,22,24
0.5780031655092958,65,70
0.5785119459296801,4,5,8
0.5785546125964675,76,82
0.5785546125964675,76,78,82
0.5785546125964675,76,80,82
0.5785546125964675,76,81,82
0.5791896934740095,24,27,30
0.5797796670308406,30,32,36
0.5798516534170983,27,31,33
0.5800130809719457,94,98
0.5800130809719457,94,95,98
0.5800130809719457,94,96,98
0.5803491970013253,94,97,98
0.5807671178329604,58,63
0.5807671178329604,58,59,63
0.5807671178329604,58,62,63
0.5815623629930622,51,57
0.5815623629930622,51,53,57
0.5815623629930622,51,54,57
0.5815623629930622,51,56,57
0.5822491536481985,2,7
0.5822491536481985,2,3,7
0.5822491536481985,2,5,7
0.5822491536481985,2,6,7
0.5823275723208186,36,43
0.5823275723208186,36,37,43
0.5823275723208186,36,42,43
0.5828391317033872,35,40,42
0.5835698169981057,47,52
0.5835698169981057,47,50,52
0.5836107275339479,82,85,87
0.5836837972950527,53,58
0.5836837972950527,53,54,58
0.5836837972950527,53,56,58
0.5836837972950527,53,57,58
0.5841112421162532,1,6
0.5841112421162532,1,2,6
0.5841112421162532,1,3,6
0.5841112421162532,1,5,6
0.5842146956233565,93,96
0.5842146956233565,93,94,96
0.5842146956233565,93,95,96
0.5845324232348782,18,19
0.5845324232348782,18,19,20
0.5849426707417609,45,51
0.5849426707417609,45,46,51
0.5849426707417609,45,47,51
0.5849426707417609,45,48,51
0.5849426707417609,45,49,51
0.5849716247401026,28,34
0.5849716247401026,28,29,34
0.5849716247401026,28,31,34
0.5849716247401026,28,32,34
0.5849716247401026,28,33,34
0.5853026921974263,93,94,98
0.5855439762777327,23,26,28
0.5857361746960037,65,68,70
0.58593336933177,4,11
0.58593336933177,4,9,11
0.5868111795474008,56,61
0.5868111795474008,55,56,61
0.5868111795474008,56,57,61
0.5868111795474008,56,60,61
0.5868492136205559,19,21,24
0.58752009076653,82,88
0.58752009076653,82,85,88
0.5880119940197956,47,48,53
0.5888943027517828,16,20,24
0.5899364208892723,14,20,22
0.5900551642687251,26,27,31
0.5907603530495235,14,17
0.5907603530495235,14,17,18
0.5908787454106967,27,30,32
0.5919754866826774,36,40,43
0.5925889592780403,52,61
0.5925889592780403,52,55,61
0.5925978672192184,89,94
0.5930642877641332,89,93,94
0.5932519357025003,89,94,95
0.5937063480541163,40,46
0.5937063480541163,40,42,46
0.5937063480541163,40,44,46
0.5937063480541163,40,45,46
0.5939727691887424,2,4,98
0.5940334655575202,10,15
0.5940334655575202,10,12,15
0.5940334655575202,10,13,15
0.5940641508069641,87,92
0.5942426995578753,24,28,31
0.594496426344658,94,99
0.594496426344658,94,95,99
0.594496426344658,94,96,99
0.594496426344658,94,97,99
0.594580600594785,28,30,34
0.5948605503739528,66,69
0.5948605503739528,66,67,69
0.5948605503739528,66,68,69
0.5969211128084395,0,95
0.5969211128084395,0,95,98
0.5974944722292463,36,39,42
0.5982557099835992,82,87,88
0.5983390718509506,91,94
0.5983390718509506,91,93,94
0.5983390718509506,91,94,95
0.5983777103318708,93,96,98
0.5988676158287896,88,92
0.5989304310071648,18,19,21
0.5991861179314815,0,93,95
0.5994882295888466,30,32,37
0.5995696975563665,40,43,46
0.59970241478734,74,78
0.59970241478734,74,76,78
0.5998839919598529,65,66,70
0.6000631966564395,51,55,57
0.600201831621646,32,38
0.600201831621646,32,33,38
0.600201831621646,32,34,38
0.600201831621646,32,35,38
0.600201831621646,32,36,38
0.6003103454904204,37,44
0.6003103454904204,37,42,44
0.6003103454904204,37,43,44
0.6018449721192235,38,44
0.6018449721192235,38,40,44
0.6018449721192235,38,42,44
0.6021545439937925,76,77,81
0.6022986417487071,13,14,17
0.6023347863789776,44,49,50
0.6039321985497369,38,43
0.6039321985497369,38,40,43
0.6039321985497369,38,42,43
0.6041731611717427,83,85
0.6041731611717427,82,83,85
0.6042506145197862,37,38,43
0.6048479354764215,81,83,85
0.6048488753040868,58,60,63
0.6050298593185099,1,96,98
0.6058469954069368,82,86
0.6058469954069368,82,83,86
0.6058469954069368,82,84,86
0.6062965737800416,82,86,87
0.6063771691167912,75,78
0.6063771691167912,75,76,78
0.6064216759436484,24,27,31
0.6064288552960858,14,18,19
0.6068307403233397,21,27
0.6068307403233397,21,23,27
0.6068307403233397,21,25,27
0.6068699969229249,89,92
0.6073779543138974,37,40,44
0.6076775621739124,88,89,92
0.6083021790797698,89,91,94
0.6084965712444534,74,75,78
0.6085781290179746,7,12
0.6085781290179746,7,8,12
0.6085781290179746,7,10,12
0.6088642649688997,0,2
0.6088642649688997,0,1,2
0.6088642649688997,0,2,4
0.6088642649688997,0,2,98
0.6093824546458856,29,36
0.6093824546458856,29,31,36
0.6093824546458856,29,32,36
0.6093824546458856,29,33,36
0.6093824546458856,29,34,36
0.6093824546458856,29,35,36
0.6096042507158002,14,17,20
0.6096421400987908,79,84
0.6096421400987908,79,81,84
0.6096421400987908,79,83,84
0.6098231674553548,18,19,23
0.6108627238512687,61,66
0.6113668557565612,34,40
0.6113668557565612,34,35,40
0.6113668557565612,34,36,40
0.6113668557565612,34,37,40
0.6113668557565612,34,38,40
0.6116644894140677,36,38,43
0.6116652200564499,22,29
0.6116652200564499,22,24,29
0.6116652200564499,22,25,29
0.6116652200564499,22,26,29
0.6116652200564499,22,29,30
0.6124807750662653,78,81,85
0.6126132288155244,61,66,67
0.6126939431410992,29,30,36
0.6131088311885394,27,30,33
0.6133069166338044,60,63,66
0.6134115220861719,72,77
0.6134115220861719,72,73,77
0.6134115220861719,72,74,77
0.6134115220861719,72,75,77
0.6137175624711039,76,79
0.6137175624711039,75,76,79
0.6137175624711039,76,77,79
0.6144685635618266,22,23,29
0.6154473674451093,48,50
0.6154473674451093,46,48,50
0.6154473674451093,47,48,50
0.6154473674451093,48,49,50
0.6154473674451093,48,50,51
0.6158773086747972,68,74
0.6158773086747972,68,72,74
0.6158773086747972,68,73,74
0.6159665658034991,38,43,44
0.6162760237001783,51,52
0.6162760237001783,50,51,52
0.6162760237001783,51,52,53
0.6162760237001783,51,52,54
0.6165934224934737,51,52,55
0.6167007021865696,68,71,74
0.6172224900844354,39,44
0.6172224900844354,39,40,44
0.6172224900844354,39,42,44
0.6179243527682327,87,88,92
0.6180892489691348,76,79,81
0.6182696354499005,84,88
0.6182696354499005,84,86,88
0.6182696354499005,84,87,88
0.6185461079237379,53,60
0.6185461079237379,53,54,60
0.6185461079237379,53,55,60
0.6185461079237379,53,56,60
0.6185461079237379,53,57,60
0.618749633351592,89,92,94
0.6191140721193318,13,14,18
0.6191497583160228,38,39,44
0.619206283654502,19,21,25
0.6195247064914806,70,75
0.6195247064914806,70,71,75
0.6195247064914806,70,72,75
0.6195247064914806,70,73,75
0.6195247064914806,70,74,75
0.6201304594138948,4,6
0.6201304594138948,4,5,6
0.6202104426202605,4,6,8
0.6203819433997313,45,50,51
0.620669833940718,60,61,66
0.6209222459230724,79,82,84
0.6211944044761153,0,9
0.6211944044761153,0,4,9
0.6223099082393653,45,48,50
0.6224611926025643,16,18
0.6224611926025643,14,16,18
0.6224611926025643,16,18,19
0.6224611926025643,16,18,20
0.6226863334568628,37,39
0.6226863334568628,35,37,39
0.6226863334568628,36,37,39
0.6226863334568628,37,38,39
0.6226863334568628,37,39,40
0.6229578047344706,9,19
0.6229578047344706,9,14,19
0.6229578047344706,9,16,19
0.6243564222337529,68,70,74
0.6250370639398164,90,98
0.6250370639398164,90,91,98
0.6250370639398164,90,93,98
0.6251076352656038,93,97
0.6251076352656038,93,94,97
0.6251076352656038,93,95,97
0.6251076352656038,93,96,97
0.6254340404532587,93,97,98
0.6255450504786961,83,85,87
0.6256460579918883,42,50
0.6256460579918883,42,43,50
0.6256460579918883,42,44,50
0.6256460579918883,42,46,50
0.6256460579918883,42,47,50
0.6266218852322866,2,8
0.6266218852322866,2,3,8
0.6266218852322866,2,5,8
0.6266218852322866,2,6,8
0.6266218852322866,2,7,8
0.6275241532359922,42,45,50
0.6275861594978587,1,95
0.6275861594978587,1,95,96
0.6275861594978587,1,95,97
0.6275861594978587,1,95,98
0.6277048646057046,3,4,6
0.6285163977253341,2,4,6
0.6286617927471638,1,95,99
0.6287019401899601,80,83
0.6287019401899601,80,81,83
0.6287019401899601,80,82,83
0.6290821893732196,53,59
0.6290821893732196,53,54,59
0.6290821893732196,53,56,59
0.6290821893732196,53,57,59
0.6290821893732196,53,58,59
0.6292462712413229,63,68
0.6292462712413229,63,64,68
0.6292462712413229,63,65,68
0.6292462712413229,63,66,68
0.6297554567637177,32,37,38
0.6297603747173233,23,30
0.6297603747173233,23,24,30
0.6297603747173233,23,25,30
0.6297603747173233,23,26,30
0.6297603747173233,23,29,30
0.6299063875053406,22,23,30
0.6303237746587035,98,99
0.6303237746587035,1,98,99
0.6303237746587035,97,98,99
0.6308369221886083,52,57
0.6308369221886083,52,53,57
0.6308369221886083,52,54,57
0.6308369221886083,52,55,57
0.6312884341530419,96,98,99
0.6319066387338574,12,14,17
0.6321424861019087,47,52,53
0.6322494064656686,12,18
0.6322494064656686,12,13,18
0.6322494064656686,12,15,18
0.6322494064656686,12,17,18
0.6322923373424899,90,95
0.6322923373424899,90,91,95
0.6322923373424899,90,93,95
0.6326010464241953,2,97,98
0.6332329580603607,52,56
0.6332329580603607,52,53,56
0.6332329580603607,52,54,56
0.6332329580603607,52,55,56
0.6332597544483689,21,24,27
0.6332653084233737,4,8,11
0.6335881373875621,73,78
0.6335881373875621,73,74,78
0.6335881373875621,73,76,78
0.6337414717654892,35,43
0.6337414717654892,35,36,43
0.6337414717654892,35,37,43
0.6337414717654892,35,42,43
0.6337572726892136,52,56,57
0.6338754678794654,89,90,95
0.6341368310742019,37,39,42
0.6346348160092968,75,81
0.6346348160092968,75,76,81
0.6346348160092968,75,77,81
0.6347193885748244,75,79,81
0.6356056563276662,48,50,53
0.6357635358407132,43,52
0.6357635358407132,43,50,52
0.636214900568292,73,75,78
0.6370177947222285,50,56
0.6370177947222285,50,53,56
0.6370177947222285,50,54,56
0.6370177947222285,50,55,56
0.6389920047902848,95,98,99
0.6390314486562604,56,62
0.6390314486562604,56,57,62
0.6390314486562604,56,58,62
0.6390314486562604,56,59,62
0.6390314486562604,56,60,62
0.6393980053778674,2,98,99
0.6395635004175484,47,54
0.6395635004175484,47,49,54
0.6395635004175484,47,50,54
0.6395635004175484,47,51,54
0.6395635004175484,47,53,54
0.639702748196632,61,62
0.639702748196632,60,61,62
0.640062509390231,53,58,60
0.6406497218389055,54,61
0.6406497218389055,54,55,61
0.6406497218389055,54,56,61
0.6406497218389055,54,57,61
0.6406497218389055,54,60,61
0.6406619512310648,47,51,52
0.641276629119909,18,22
0.641276629119909,18,19,22
0.641276629119909,18,20,22
0.641276629119909,18,21,22
0.641276629119909,18,22,23
0.6413681304351654,11,15
0.6413681304351654,11,12,15
0.6413681304351654,11,13,15
0.6417216864280053,60,67
0.6417216864280053,60,61,67
0.6421612332870291,62,68
0.6421612332870291,62,64,68
0.6421612332870291,62,65,68
0.6421612332870291,62,66,68
0.6424241272952912,17,23
0.6424241272952912,17,18,23
0.6424241272952912,17,20,23
0.6424241272952912,17,21,23
0.6427409673180731,89,92,95
0.6432378624586788,50,52,56
0.6434937554400341,50,51,56
0.6435822817992268,62,63,68
0.6439238808084653,82,84,88
0.6439380471361532,46,52
0.6439380471361532,46,47,52
0.6439380471361532,46,50,52
0.6439880334120703,16,26
0.6439880334120703,16,19,26
0.6439880334120703,16,22,26
0.6439880334120703,16,24,26
0.6446151226523256,23,27,30
0.6459070136561578,53,59,60
0.6461079852186541,46,53
0.6461079852186541,46,47,53
0.6461079852186541,46,49,53
0.6461079852186541,46,50,53
0.6461079852186541,46,51,53
0.6461996398119456,87,89,92
0.646803374588432,0,91
0.646803374588432,0,91,93
0.646803374588432,0,91,98
0.6468662182439183,84,85
0.6468662182439183,82,84,85
0.6468662182439183,83,84,85
0.6468662182439183,84,85,87
0.6469407093590538,88,94
0.6469407093590538,88,89,94
0.6474130529026136,55,59
0.6474130529026136,54,55,59
0.6474130529026136,55,56,59
0.6474130529026136,55,57,59
0.6474130529026136,55,59,60
0.6476786622832481,46,48,53
0.6480391124775999,37,38,44
0.6485084842468531,88,92,94
0.6485652340830035,35,40,43
0.6490266763519618,23,28,30
0.6490699006583378,83,88
0.6490699006583378,83,84,88
0.6490699006583378,83,87,88
0.649112243005363,81,86
0.649112243005363,81,82,86
0.649112243005363,81,83,86
0.649112243005363,81,84,86
0.6492527553185562,16,23
0.6492527553185562,16,19,23
0.6492527553185562,16,20,23
0.6492527553185562,16,22,23
0.6492527553185562,16,23,24
0.6497383595046169,82,83,88
0.6505085428895446,85,93
0.6505085428895446,85,88,93
0.6505085428895446,85,89,93
0.6505085428895446,85,90,93
0.6505085428895446,85,91,93
0.651141965309483,80,83,85
0.6515273439506282,83,86,88
0.6516604261208337,7,11
0.6516604261208337,7,8,11
0.6516604261208337,7,10,11
0.6516756820780361,88,93,94
0.6519185286138958,35,38,43
0.6519429272668712,29,37
0.6519429272668712,29,30,37
0.6519429272668712,29,31,37
0.6519429272668712,29,32,37
0.6519429272668712,29,33,37
0.6519429272668712,29,34,37
0.6519429272668712,29,35,37
0.6519689667026316,29,36,37
0.6520312701271302,81,84,85
0.6522669410514104,59,61
0.6522669410514104,57,59,61
0.6522669410514104,59,60,61
0.6532652219580742,22,31
0.6532652219580742,22,24,31
0.6532652219580742,22,25,31
0.6532652219580742,22,26,31
0.6532652219580742,22,30,31
0.6534217546580309,34,42
0.6534217546580309,34,35,42
0.6534217546580309,34,36,42
0.6534217546580309,34,37,42
0.6536199028185762,7,11,12
0.6536328193585925,22,29,31
0.6539669648830647,44,48,50
0.6540390870523725,72,76,77
0.6542879309790411,3,4,8
0.6543749782875035,34,38,42
0.6546642117741267,25,32
0.6546642117741267,25,27,32
0.6546642117741267,25,28,32
0.6546642117741267,25,29,32
0.6546642117741267,25,31,32
0.6548694426688633,25,30,32
0.6549278479971491,34,39
0.6549278479971491,34,35,39
0.6549278479971491,34,36,39
0.6549278479971491,34,38,39
0.6549278479971491,34,39,40
0.6549703643288766,56,59,61
0.6550243582800231,83,85,88
0.6550844416252969,66,71
0.6550844416252969,66,68,71
0.6550844416252969,66,70,71
0.6575159830716468,88,91,94
0.6576772386207428,84,85,88
0.6580498740618816,55,58
0.6580498740618816,54,55,58
0.6580498740618816,55,56,58
0.6580498740618816,55,57,58
0.6580498740618816,55,58,59
0.6580498740618816,55,58,60
0.6589695217879763,53,55,58
0.659403053128083,2,4,8
0.659566593690331,34,37,39
0.6598712695514138,81,87
0.6598712695514138,81,82,87
0.6598712695514138,81,83,87
0.6598712695514138,81,84,87
0.65990216053283,2,96
0.65990216053283,1,2,96
0.65990216053283,2,96,97
0.65990216053283,2,96,99
0.659958776809953,88,95
0.659958776809953,88,89,95
0.659958776809953,88,91,95
0.659958776809953,88,93,95
0.6606280446849805,43,47,52
0.660855240008003,35,39,42
0.6612358944158465,50,57
0.6612358944158465,50,53,57
0.6612358944158465,50,54,57
0.6612358944158465,50,55,57
0.6612358944158465,50,56,57
0.6612378384063129,50,52,57
0.6616388375230687,88,94,95
0.6625318829485423,53,55,59
0.6629569320671355,90,95,98
0.6629846355517304,1,4,6
0.6634639838974774,48,54
0.6634639838974774,48,49,54
0.6634639838974774,48,51,54
0.6634639838974774,48,53,54
0.6636436290168368,34,40,42
0.6637438340767097,21,26
0.6637438340767097,20,21,26
0.6637438340767097,21,22,26
0.6637438340767097,21,23,26
0.6637438340767097,21,24,26
0.6637438340767097,21,25,26
0.6638486489282511,12,14,18
0.6639315712822565,41,45
0.6639315712822565,40,41,45
0.6641162555136313,9,12
0.6641162555136313,9,11,12
0.6641162555136313,9,12,14
0.6651253141986974,69,78
0.6651635504658908,92,93
0.6651635504658908,92,93,94
0.6651635504658908,92,93,95
0.665652034538316,11,17
0.665652034538316,11,12,17
0.665652034538316,11,13,17
0.6657043726186985,11,14,17
0.6658938433315698,74,79
0.6658938433315698,74,75,79
0.6658938433315698,74,77,79
0.6669621160259577,74,76,79
0.6672207241603032,10,11,15
0.6673059337383638,26,34
0.6673059337383638,26,29,34
0.6673059337383638,26,30,34
0.6673059337383638,26,31,34
0.6675675457857558,81,86,87
0.6682921638368796,16,20,26
0.6684891757546592,16,18,22
0.6686159437445787,76,79,82
0.6691202926309525,60,66,67
0.6698634188297852,39,45
0.6698634188297852,39,40,45
0.6698634188297852,39,42,45
0.6698634188297852,39,44,45
0.6700854795769204,47,52,54
0.6704811040793692,61,62,66
0.6708564724804791,61,64
0.6708564724804791,60,61,64
0.6708564724804791,61,64,66
0.670893766283118,89,92,93
0.6709589766421882,59,61,62
0.6715100007241377,91,94,98
0.671568755442217,61,62,64
0.6716712904162727,11,15,17
0.6724759056435522,22,27
0.6724759056435522,22,23,27
0.6724759056435522,22,24,27
0.6724759056435522,22,25,27
0.6724759056435522,22,26,27
0.6725509928006468,57,61,62
0.6725730659408669,22,27,29
0.6725811796335432,47,48,54
0.6727743978693062,75,80
0.6727743978693062,75,76,80
0.6727743978693062,75,78,80
0.6728384352334591,27,34
0.6728384352334591,27,28,34
0.6728384352334591,27,29,34
0.6728384352334591,27,31,34
0.6728384352334591,27,32,34
0.6728384352334591,27,33,34
0.6729615264532096,27,30,34
0.6735898471219087,28,35
0.6735898471219087,28,29,35
0.6735898471219087,28,31,35
0.6735898471219087,28,32,35
0.6735898471219087,28,33,35
0.6735898471219087,28,34,35
0.6738783729545563,52,54,61
0.6745112122903401,28,30,35
0.6750269487056054,11,19
0.6750269487056054,11,14,19
0.6750269487056054,11,16,19
0.675457115618422,77,82
0.675457115618422,77,79,82
0.675457115618422,77,81,82
0.6756614113909217,52,57,61
0.6757754974058089,71,76
0.6757754974058089,71,72,76
0.6757754974058089,71,73,76
0.6757754974058089,71,74,76
0.6757754974058089,71,75,76
0.6760557404104341,43,46,52
0.6769420071146999,19,21,26
0.6770802504099461,0,90
0.6770802504099461,0,90,91
0.6770802504099461,0,90,93
0.6770802504099461,0,90,98
0.6773906292769453,49,52
0.6773906292769453,47,49,52
0.6773906292769453,49,50,52
0.6773906292769453,49,51,52
0.6773906292769453,49,52,53
0.6775087040373213,50,51,57
0.6785659062920609,82,86,88
0.6786022873625395,58,64
0.6786022873625395,58,59,64
0.6786022873625395,58,60,64
0.6786022873625395,58,62,64
0.6786022873625395,58,63,64
0.6799946833887767,81,85,87
0.6800862827569055,4,7
0.6800862827569055,4,5,7
0.6800862827569055,4,6,7
0.6800862827569055,4,7,8
0.6802362791486976,82,89
0.6802362791486976,82,85,89
0.6802362791486976,82,88,89
0.6802980495250988,87,91
0.6802980495250988,87,88,91
0.6802980495250988,87,89,91
0.6808881332348898,49,52,54
0.681305411855386,88,92,95
0.6815453565527754,40,47
0.6815453565527754,40,42,47
0.6815453565527754,40,43,47
0.6815453565527754,40,44,47
0.6815453565527754,40,45,47
0.6815453565527754,40,46,47
0.6818957922746514,75,78,81
0.6820403813106259,92,93,96
0.6821569054903552,60,65
0.6821569054903552,60,62,65
0.6821569054903552,60,63,65
0.6821569054903552,60,64,65
0.6821569054903552,60,65,66
0.6824124936680025,85,87,91
0.683038594591983,82,87,89
0.6831584908385349,0,91,95
0.6833102243783301,64,67
0.6833102243783301,64,66,67
0.6833102243783301,64,67,68
0.6840049969914508,61,66,69
0.6840430115715133,9,11,19
0.6842163530657056,6,12
0.6842163530657056,6,7,12
0.6842163530657056,6,8,12
0.6842163530657056,6,10,12
0.6844675681925337,16,23,26
0.6849783629492651,41,44
0.6849783629492651,40,41,44
0.6849783629492651,41,44,45
0.6850313044893686,51,52,56
0.685270078756332,46,49,52
0.6852899324258745,39,41,44
0.6855944271967513,2,96,98
0.6858837246472742,48,50,54
0.6866355936166894,39,41,45
0.6868838241995829,64,70
0.6868838241995829,64,65,70
0.6868838241995829,64,66,70
0.6868838241995829,64,68,70
0.6869293843179185,3,4,7
0.686982918580942,55,59,61
0.6870101647853466,46,51,52
0.6870374942978006,88,90,95
0.6873721932393032,6,11
0.6873721932393032,6,7,11
0.6873721932393032,6,8,11
0.6873721932393032,6,10,11
0.6874797679790315,36,44
0.6874797679790315,36,37,44
0.6874797679790315,36,38,44
0.6874797679790315,36,40,44
0.6874797679790315,36,42,44
0.6874797679790315,36,43,44
0.6876726401615402,17,19
0.6876726401615402,17,18,19
0.6876726401615402,17,19,20
0.6877480290666957,14,17,19
0.6882753117802122,20,27
0.6882753117802122,20,21,27
0.6882753117802122,20,23,27
0.6882753117802122,20,24,27
0.6882753117802122,20,25,27
0.689078413899222,13,16
0.689078413899222,11,13,16
0.689078413899222,13,14,16
0.6891437562570479,3,97
0.6891437562570479,1,3,97
0.6891437562570479,2,3,97
0.6891437562570479,3,97,99
0.6893602024153545,75,80,81
0.6897010976956548,0,1,95
0.6900016426217325,17,19,21
0.6902045401084923,16,17
0.6902045401084923,14,16,17
0.6902045401084923,16,17,18
0.6902045401084923,16,17,20
0.6902086709540085,86,89
0.6902086709540085,86,87,89
0.6902086709540085,86,88,89
0.690504199478785,44,51
0.690504199478785,44,45,51
0.690504199478785,44,46,51
0.690504199478785,44,47,51
0.690504199478785,44,48,51
0.690504199478785,44,49,51
0.690545901760169,14,18,22
0.690674486145543,0,97
0.690674486145543,0,95,97
0.690674486145543,0,97,98
0.6907010586472206,1,7
0.6907010586472206,1,2,7
0.6907010586472206,1,3,7
0.6907010586472206,1,5,7
0.6907010586472206,1,6,7
0.6909279063979459,76,77,82
0.6909341177018867,88,92,93
0.6910068315890315,18,25
0.6910068315890315,18,20,25
0.6910068315890315,18,21,25
0.6910068315890315,18,23,25
0.6911827189986827,18,24
0.6911827189986827,18,20,24
0.6911827189986827,18,21,24
0.6911827189986827,18,22,24
0.6911827189986827,18,23,24
0.6911832704280926,39,43
0.6911832704280926,38,39,43
0.6911832704280926,39,40,43
0.6911832704280926,39,42,43
0.6911832704280926,39,43,44
0.6912298943604227,44,50,51
0.6915154303402431,18,19,24
0.6918029579935786,33,39
0.6918029579935786,33,34,39
0.6918029579935786,33,35,39
0.6918029579935786,33,36,39
0.6918029579935786,33,38,39
0.6918150618710934,16,18,23
0.6921509353367827,22,27,30
0.6931311182038672,0,1,97
0.6933200209582442,16,21
0.6933200209582442,16,18,21
0.6933200209582442,16,19,21
0.6933200209582442,16,20,21
0.6933200209582442,16,21,22
0.69338776172417,16,21,23
0.6935541536281324,2,4,7
0.6939335621235446,5,99
0.6939335621235446,1,5,99
0.6939335621235446,2,5,99
0.6939335621235446,3,5,99
0.6941677903136744,69,76
0.6949589404205686,33,40
0.6949589404205686,33,34,40
0.6949589404205686,33,35,40
0.6949589404205686,33,36,40
0.6949589404205686,33,37,40
0.6949589404205686,33,38,40
0.6951589408254811,38,45
0.6951589408254811,38,40,45
0.6951589408254811,38,42,45
0.6951589408254811,38,44,45
0.6951908456223468,38,39,45
0.695355845618067,15,20
0.695355845618067,15,17,20
0.695355845618067,15,18,20
0.6956763380119264,16,17,19
0.6958306217040366,26,33
0.6958306217040366,26,29,33
0.6958306217040366,26,30,33
0.6958306217040366,26,31,33
0.6958306217040366,26,33,34
0.6960760045360042,21,28
0.6960760045360042,21,23,28
0.6960760045360042,21,25,28
0.6960760045360042,21,27,28
0.6965542822275461,8,9
0.6965542822275461,8,9,11
0.6969793540564126,49,55
0.6969793540564126,49,50,55
0.6969793540564126,49,51,55
0.6969793540564126,49,53,55
0.6969793540564126,49,54,55
0.697409456867403,38,43,45
0.6974187326222948,46,52,53
0.6974492308685714,74,80
0.6974492308685714,74,75,80
0.6974492308685714,74,76,80
0.6974492308685714,74,78,80
0.6976561590651136,4,8,9
0.6984706547930628,25,33
0.6984706547930628,25,27,33
0.6984706547930628,25,28,33
0.6984706547930628,25,29,33
0.6984706547930628,25,30,33
0.6984706547930628,25,31,33
0.6984706547930628,25,32,33
0.6986002013374637,44,52
0.6986002013374637,43,44,52
0.6986002013374637,44,46,52
0.6986002013374637,44,47,52
0.6986002013374637,44,50,52
0.6986077558696041,94,98,99
0.6986110799966707,18,22,25
0.699054198823521,36,39,43
0.6990756268699612,26,28,33
0.6993092575677906,18,24,25
0.6995440735113538,26,32
0.6995440735113538,26,28,32
0.6995440735113538,26,29,32
0.6995440735113538,26,30,32
0.6995440735113538,26,31,32
0.7001886938340438,26,32,33
0.7001964167120608,12,16
0.7001964167120608,11,12,16
0.7001964167120608,12,13,16
0.7001964167120608,12,14,16
0.7005349618191261,21,24,28
0.7006079290256051,69,76,78
0.7009875758769093,33,39,40
0.701140736571247,6,11,12
0.7013759150744383,37,39,43
0.7015624469361613,52,56,61
0.7017480987757938,26,32,34
0.7017807461422523,14,15
0.7017807461422523,12,14,15
0.7017807461422523,13,14,15
0.7017807461422523,14,15,17
0.7020252189795141,14,15,18
0.7021554013678323,25,26,32
0.7024513356031443,11,14,15
0.7025001833564724,65,71
0.7025001833564724,65,68,71
0.7025001833564724,65,70,71
0.7029768198249848,26,27,32
0.7032436980645776,66,72
0.7032436980645776,66,68,72
0.7032436980645776,66,70,72
0.7032436980645776,66,71,72
0.7038103310123902,49,52,55
0.705054958891768,23,31
0.705054958891768,23,24,31
0.705054958891768,23,25,31
0.705054958891768,23,26,31
0.705054958891768,23,27,31
0.705054958891768,23,28,31
0.705054958891768,23,29,31
0.705054958891768,23,30,31
0.7051766924413716,26,28,34
0.7052343787190132,36,39,44
0.7059557992153671,34,43
0.7059557992153671,34,35,43
0.7059557992153671,34,36,43
0.7059557992153671,34,37,43
0.7059557992153671,34,42,43
0.7059955466686916,16,21,24
0.7060125200642994,65,66,71
0.7063725168567532,38,41,44
0.7063958618505006,33,37,39
0.7065475118806107,21,22,27
0.7071606116356497,15,21
0.7071606116356497,15,17,21
0.7071606116356497,15,18,21
0.7077481992134333,49,56
0.7077481992134333,49,51,56
0.7077481992134333,49,53,56
0.7077481992134333,49,54,56
0.7081965119301487,51,52,57
0.708265780864094,20,22,27
0.7083041988186235,80,88
0.7083041988186235,80,82,88
0.7083041988186235,80,85,88
0.7084304571533356,22,28
0.7084304571533356,22,23,28
0.7084304571533356,22,24,28
0.7084304571533356,22,25,28
0.7084304571533356,22,26,28
0.7084304571533356,22,27,28
0.7084304571533356,22,28,29
0.7093134180355535,11,18
0.7093134180355535,11,12,18
0.7093134180355535,11,13,18
0.7093134180355535,11,14,18
0.7093134180355535,11,17,18
0.7093828943728806,22,23,31
0.709579796942742,79,80
0.709579796942742,79,80,81
0.709579796942742,79,80,82
0.7097180469356817,61,64,67
0.7098442794411781,21,26,27
0.7098620136783292,47,55
0.7098620136783292,47,50,55
0.7098620136783292,47,51,55
0.7098620136783292,47,52,55
0.7098620136783292,47,53,55
0.7098620136783292,47,54,55
0.7098735731884795,15,20,21
0.7105520212318697,22,28,30
0.7107902657641019,20,26,27
0.7109102993054787,5,11
0.7109102993054787,5,6,11
0.7109102993054787,5,7,11
0.7109102993054787,5,8,11
0.7110139695029865,59,65
0.7110139695029865,59,62,65
0.7110139695029865,59,63,65
0.7110139695029865,59,64,65
0.711454893257738,76,79,80
0.7115349499500154,5,10,11
0.7121542427872334,85,86
0.7121542427872334,84,85,86
0.7121542427872334,85,86,87
0.7121542427872334,85,86,88
0.7121745521106297,83,85,86
0.7123193537155322,39,43,45
0.7123196386129533,7,13
0.7123196386129533,7,8,13
0.7123196386129533,7,10,13
0.7123196386129533,7,12,13
0.7124569814196473,82,85,86
0.7127416372812678,37,39,44
0.7137378429878993,34,38,43
0.7150308105985936,25,26,33
0.7151280109739033,7,11,13
0.7152074465866942,26,27,33
0.7155501630648444,3,98
0.7155501630648444,1,3,98
0.7155501630648444,2,3,98
0.7162394259300628,17,19,23
0.7164755496616322,54,59,61
0.716863675886403,47,49,55
0.7169406966393433,43,49
0.7169406966393433,43,44,49
0.7169406966393433,43,45,49
0.7169406966393433,43,46,49
0.7169406966393433,43,47,49
0.7169649474294826,43,49,50
0.7169671841501646,3,4,98
0.717148100292844,71,77
0.717148100292844,71,72,77
0.717148100292844,71,73,77
0.717148100292844,71,74,77
0.717148100292844,71,75,77
0.7175573460315939,14,21
0.7175573460315939,14,18,21
0.7175573460315939,14,19,21
0.7175573460315939,14,20,21
0.7177425493479634,14,16,21
0.7177985100738754,53,61
0.7177985100738754,53,54,61
0.7177985100738754,53,55,61
0.7177985100738754,53,56,61
0.7177985100738754,53,57,61
0.7177985100738754,53,60,61
0.7178049055942579,91,92
0.7178049055942579,88,91,92
0.7178049055942579,89,91,92
0.7178049055942579,91,92,93
0.7178049055942579,91,92,94
0.7178049055942579,91,92,95
0.7179029068400701,14,17,21
0.7184464954806848,59,60,65
0.7184943101607131,60,64,67
0.7189108238452491,0,93,97
0.7194727308574784,18,19,25
0.7195401904556804,34,40,43
0.719840575107804,11,15,18
0.7209456300598496,66,73
0.7209456300598496,66,68,73
0.7209456300598496,66,70,73
0.7210565626817433,13,20
0.7210565626817433,13,17,20
0.7210565626817433,13,18,20
0.7212138366642582,13,14,20
0.7212498228620944,4,5,11
0.7214456247910348,9,13
0.7214456247910348,9,11,13
0.7214456247910348,9,12,13
0.7214456247910348,9,13,14
0.7215888516628436,92,93,97
0.7216881589103471,66,71,73
0.7220277589873587,13,16,18
0.7221023081476179,8,9,12
0.7221028256656868,9,12,16
0.7231975594982771,56,61,62
0.7233869894181681,52,53,61
0.7239164154024146,66,72,73
0.7239735219869131,69,73
0.724102884982014,58,61
0.724102884982014,56,58,61
0.724102884982014,57,58,61
0.724102884982014,58,59,61
0.724102884982014,58,60,61
0.7247641985889912,61,68
0.7247641985889912,61,66,68
0.7247641985889912,61,67,68
0.7248178425315819,41,42
0.7248178425315819,38,41,42
0.7248178425315819,39,41,42
0.7248178425315819,40,41,42
0.7248178425315819,41,42,44
0.7249467717336636,1,8
0.7249467717336636,1,2,8
0.7249467717336636,1,3,8
0.7249467717336636,1,5,8
0.7249467717336636,1,6,8
0.7249467717336636,1,7,8
0.724995447999114,0,96
0.724995447999114,0,95,96
0.724995447999114,0,96,97
0.724995447999114,0,96,98
0.725039857515428,68,69,73
0.7256143422181209,13,16,17
0.7260764481175154,31,38
0.7260764481175154,31,32,38
0.7260764481175154,31,33,38
0.7260764481175154,31,34,38
0.7260764481175154,31,35,38
0.7260764481175154,31,36,38
0.7260764481175154,31,37,38
0.7262157644804421,14,21,22
0.726409761853833,85,86,89
0.726804614495729,79,80,83
0.7271406625561248,0,2,97
0.7272117917855045,13,15,20
0.7272546617723534,3,98,99
0.7272668444303769,34,39,42
0.7274931649154729,16,17,21
0.7276778333607345,77,83
0.7276778333607345,77,79,83
0.7276778333607345,77,81,83
0.727774802543043,49,50,56
0.7278648135632967,1,4,8
0.72792615137358,22,27,31
0.7281295417737736,41,42,45
0.7281350678570055,11,16,18
0.7283428156106051,45,52
0.7283428156106051,44,45,52
0.7283428156106051,45,46,52
0.7283428156106051,45,47,52
0.7283428156106051,45,50,52
0.7284611726577922,77,82,83
0.728537369751162,46,54
0.728537369751162,46,47,54
0.728537369751162,46,49,54
0.728537369751162,46,50,54
0.728537369751162,46,51,54
0.728537369751162,46,53,54
0.728609317040724,49,55,56
0.7296922753046404,43,45,52
0.7297691790534075,46,48,54
0.7299690420261432,61,68,69
0.7303769935228245,77,78
0.7303769935228245,75,77,78
0.7303769935228245,76,77,78
0.7304309234106432,77,78,81
0.7307383418679281,74,77,78
0.7307579819094467,22,28,31
0.7313194929179534,0,93,96
0.731455143385474,81,88
0.731455143385474,81,82,88
0.731455143385474,81,83,88
0.731455143385474,81,85,88
0.731455143385474,81,87,88
0.732236702661446,42,49
0.732236702661446,42,43,49
0.732236702661446,42,44,49
0.732236702661446,42,45,49
0.732236702661446,42,46,49
0.732236702661446,42,47,49
0.7322519138361943,81,84,88
0.7323342634530372,58,61,62
0.7326165329402162,11,16,17
0.732719388523813,0,1,96
0.7327314665178322,55,58,61
0.7333527162863309,14,24
0.7333527162863309,14,16,24
0.7333527162863309,14,19,24
0.7333527162863309,14,20,24
0.7333527162863309,14,22,24
0.7333812051138323,69,73,76
0.7335532505834033,38,41,45
0.7342048948642115,91,96
0.7342048948642115,91,93,96
0.7342048948642115,91,94,96
0.7342048948642115,91,95,96
0.7343865431481328,90,94
0.7343865431481328,89,90,94
0.7343865431481328,90,91,94
0.7343865431481328,90,93,94
0.7343865431481328,90,94,95
0.7354771319553706,4,6,11
0.73569396170135,16,18,24
0.7359062608388077,52,60
0.7359062608388077,52,54,60
0.7359062608388077,52,55,60
0.7359062608388077,52,57,60
0.7359062608388077,52,60,61
0.7359065614680411,52,56,60
0.7362416447132187,1,4,7
0.7365688037648193,91,96,98
0.7367970804721192,59,61,64
0.737339447196775,2,95
0.737339447196775,1,2,95
0.737339447196775,2,95,96
0.737339447196775,2,95,97
0.737339447196775,2,95,98
0.737339447196775,2,95,99
0.7377126533012753,77,80
0.7377126533012753,75,77,80
0.7377126533012753,76,77,80
0.7377126533012753,77,80,81
0.7377234203017082,35,39,43
0.7378488348533914,61,64,68
0.7382355657500733,19,30
0.7382355657500733,19,22,30
0.7382355657500733,19,24,30
0.7382355657500733,19,25,30
0.7382355657500733,19,26,30
0.7383294237126687,77,80,82
0.7384968167087096,26,27,34
0.7388022678778485,0,90,95
0.7389024632820638,45,49,52
0.739006167743334,80,84
0.739006167743334,80,81,84
0.739006167743334,80,82,84
0.739006167743334,80,83,84
0.7390185405560514,77,78,80
0.7393201775538147,74,81
0.7393201775538147,74,75,81
0.7393201775538147,74,76,81
0.7393201775538147,74,77,81
0.7395693273829341,88,90,94
0.7398969061439515,80,84,85
0.7402034430901187,77,79,80
0.7412002403217116,75,82
0.7412002403217116,75,76,82
0.7412002403217116,75,77,82
0.7412002403217116,75,81,82
0.74120091677643,75,79,82
0.7412358627842062,42,49,50
0.7413635813491759,75,80,82
0.741493922723556,74,79,81
0.7419515669090806,52,53,60
0.7420653932500569,42,48
0.7420653932500569,42,44,48
0.7420653932500569,42,45,48
0.7420653932500569,42,46,48
0.7420653932500569,42,47,48
0.7421899253150511,25,34
0.7421899253150511,25,26,34
0.7421899253150511,25,27,34
0.7421899253150511,25,28,34
0.7421899253150511,25,29,34
0.7421899253150511,25,30,34
0.7421899253150511,25,31,34
0.7421899253150511,25,32,34
0.7421899253150511,25,33,34
0.7423096750917922,87,90
0.7423096750917922,85,87,90
0.7423096750917922,87,88,90
0.7423096750917922,87,89,90
0.7423096750917922,87,90,91
0.7424341282736617,42,48,49
0.7424471445077603,46,52,54
0.7425602385465524,75,78,82
0.7427707926509558,14,23
0.7427707926509558,14,16,23
0.7427707926509558,14,19,23
0.7427707926509558,14,20,23
0.7427707926509558,14,22,23
0.7427852601756781,57,63
0.7427852601756781,57,58,63
0.7427852601756781,57,59,63
0.7427852601756781,57,60,63
0.7427852601756781,57,62,63
0.742945453661298,14,18,23
0.7430399951911993,1,94
0.7430399951911993,1,94,95
0.7430399951911993,1,94,96
0.7430399951911993,1,94,97
0.7430399951911993,1,94,99
0.743329506899609,1,94,98
0.743443047482248,9,13,16
0.7437453195500316,10,14
0.7437453195500316,10,11,14
0.7437453195500316,10,12,14
0.7437453195500316,10,13,14
0.743777874130217,54,58,61
0.7441689740417529,4,7,11
0.7442706325896231,0,3
0.7442706325896231,0,1,3
0.7442706325896231,0,2,3
0.7442706325896231,0,3,4
0.7442706325896231,0,3,98
0.7442870402705372,86,92
0.7442870402705372,86,87,92
0.7443361003119999,74,78,81
0.744830809621783,14,21,23
0.7452884059793516,45,53
0.7452884059793516,45,46,53
0.7452884059793516,45,47,53
0.7452884059793516,45,48,53
0.7452884059793516,45,49,53
0.7452884059793516,45,50,53
0.7452884059793516,45,51,53
0.7453785159174281,19,23,30
0.7461236935004364,73,80
0.7461236935004364,73,74,80
0.7461236935004364,73,75,80
0.7461236935004364,73,76,80
0.7461236935004364,73,78,80
0.7464746418842376,71,76,77
0.747101471887009,26,35
0.747101471887009,26,29,35
0.747101471887009,26,30,35
0.747101471887009,26,31,35
0.747101471887009,26,33,35
0.747101471887009,26,34,35
0.7473207377855591,81,85,86
0.747424976569036,75,79,80
0.7476731234775541,44,49,52
0.7480492239391684,21,26,28
0.7481477328205849,80,89
0.7481477328205849,80,85,89
0.7481477328205849,80,88,89
0.7483003087999667,80,82,89
0.748503893641999,59,66
0.748503893641999,59,60,66
0.748503893641999,59,62,66
0.748503893641999,59,63,66
0.748503893641999,59,64,66
0.7488445433255049,68,76
0.7488445433255049,68,73,76
0.7488445433255049,68,74,76
0.748986625519783,73,77,78
0.7490120109882932,77,78,82
0.750261773839907,84,89
0.750261773839907,84,85,89
0.750261773839907,84,86,89
0.750261773839907,84,87,89
0.750261773839907,84,88,89
0.7502891245758101,26,32,35
0.7503132002970891,16,25
0.7503132002970891,16,19,25
0.7503132002970891,16,20,25
0.7503132002970891,16,22,25
0.7503132002970891,16,23,25
0.7503132002970891,16,24,25
0.7503132002970891,16,25,26
0.7506101626445632,80,81,88
0.7508152532128232,68,72,76
0.7510335383620458,37,45
0.7510335383620458,37,40,45
0.7510335383620458,37,42,45
0.7510335383620458,37,43,45
0.7510335383620458,37,44,45
0.7511465891120344,14,23,24
0.7515491333150011,74,80,81
0.7515927494944434,89,98
0.7515927494944434,89,90,98
0.7515927494944434,89,91,98
0.7515927494944434,89,93,98
0.7515927494944434,89,95,98
0.7518957797121717,42,52
0.7518957797121717,42,43,52
0.7518957797121717,42,44,52
0.7518957797121717,42,47,52
0.7518957797121717,42,50,52
0.7520582532310456,43,48
0.7520582532310456,43,44,48
0.7520582532310456,43,45,48
0.7520582532310456,43,46,48
0.7520582532310456,43,47,48
0.7520582532310456,43,48,49
0.752091247210142,42,43,48
0.752178291193625,42,46,52
0.7529631351661766,3,97,98
0.7532901577243156,59,65,66
0.753551336609381,60,68
0.753551336609381,60,62,68
0.753551336609381,60,64,68
0.753551336609381,60,66,68
0.7537659736728055,13,16,20
0.7545689852825868,12,16,17
0.7549858136209902,50,61
0.7549858136209902,50,52,61
0.7549858136209902,50,55,61
0.7559007946137035,45,51,52
0.7559681864381854,74,77,80
0.7560662925677847,86,88,92
0.7565232757196791,82,84,89
0.7565398626918716,14,15,20
0.7569023053761224,50,54,61
0.7577931803038784,12,16,18
0.7586611742297308,78,79
0.7586611742297308,76,78,79
0.7586611742297308,78,79,80
0.7586611742297308,78,79,81
0.7586611742297308,78,79,82
0.7591419912531117,57,64
0.7591419912531117,57,58,64
0.7591419912531117,57,59,64
0.7591419912531117,57,60,64
0.7591419912531117,57,62,64
0.7591962964586275,21,22,28
0.7593473296731033,4,14
0.7593473296731033,4,9,14
0.7593473296731033,4,11,14
0.7595204629059327,80,90
0.7595204629059327,80,85,90
0.7595320549168105,51,58
0.7595320549168105,51,53,58
0.7595320549168105,51,54,58
0.7595320549168105,51,56,58
0.7595320549168105,51,57,58
0.7595638147758261,60,67,68
0.7597108875542801,43,48,50
0.7605926025573759,57,63,64
0.7607133084644265,90,94,98
0.7608650255614433,77,78,79
0.7610720566213871,81,86,88
0.7612054919764567,73,79
0.7612054919764567,73,74,79
0.7612054919764567,73,75,79
0.7612054919764567,73,76,79
0.7612054919764567,73,77,79
0.7613317716685368,60,61,68
0.7614071587124629,41,46
0.7614071587124629,40,41,46
0.7614071587124629,41,44,46
0.7614071587124629,41,45,46
0.7616611081336468,78,83
0.7616611081336468,78,80,83
0.7616611081336468,78,81,83
0.7616611081336468,78,82,83
0.7621320639742402,75,78,79
0.7623355538886187,0,2,95
0.7625627461270696,24,32
0.7625627461270696,24,25,32
0.7625627461270696,24,26,32
0.7625627461270696,24,27,32
0.7625627461270696,24,28,32
0.7625627461270696,24,29,32
0.7625627461270696,24,30,32
0.7625627461270696,24,31,32
0.7629171977221705,27,35
0.7629171977221705,27,28,35
0.7629171977221705,27,29,35
0.7629171977221705,27,30,35
0.7629171977221705,27,31,35
0.7629171977221705,27,32,35
0.7629171977221705,27,33,35
0.7629171977221705,27,34,35
0.7632793008082635,16,21,25
0.7639487677481633,89,94,98
0.7639928939150145,60,65,68
0.7640523910459415,32,39
0.7640523910459415,32,33,39
0.7640523910459415,32,34,39
0.7640523910459415,32,35,39
0.7640523910459415,32,36,39
0.7640523910459415,32,38,39
0.7643651868802283,5,12
0.7643651868802283,5,6,12
0.7643651868802283,5,7,12
0.7643651868802283,5,8,12
0.7643651868802283,5,10,12
0.7643769533226599,5,11,12
0.7644678457356089,20,28
0.7644678457356089,20,21,28
0.7644678457356089,20,23,28
0.7644678457356089,20,24,28
0.7644678457356089,20,25,28
0.7644678457356089,20,27,28
0.7646090811919484,42,45,52
0.7648871290328334,37,38,45
0.7653791772261445,28,36
0.7653791772261445,28,29,36
0.7653791772261445,28,30,36
0.7653791772261445,28,31,36
0.7653791772261445,28,32,36
0.7653791772261445,28,33,36
0.7653791772261445,28,34,36
0.7653791772261445,28,35,36
0.7654827148855106,78,83,85
0.7657134861262935,35,44
0.7657134861262935,35,36,44
0.7657134861262935,35,37,44
0.7657134861262935,35,38,44
0.7657134861262935,35,40,44
0.7657134861262935,35,42,44
0.7657134861262935,35,43,44
0.7660733530726878,11,18,19
0.7662762021350396,68,71,76
0.7664926311149265,60,63,68
0.7668096780062691,20,26,28
0.7668887657854329,82,86,89
0.7670232587242807,16,17,23
0.7673935892838015,87,94
0.7673935892838015,87,88,94
0.7673935892838015,87,89,94
0.7673935892838015,87,92,94
0.7679623725517508,39,46
0.7679623725517508,39,40,46
0.7679623725517508,39,42,46
0.7679623725517508,39,44,46
0.7679623725517508,39,45,46
0.768342437616649,68,75
0.768342437616649,68,70,75
0.768342437616649,68,71,75
0.768342437616649,68,72,75
0.768342437616649,68,73,75
0.768342437616649,68,74,75
0.768397786454978,91,92,96
0.7689791325837381,20,22,28
0.7690864703475613,50,57,61
0.7693342955409532,50,53,61
0.7696672210130049,80,83,88
0.7711158343442936,80,89,90
0.7711335352555834,21,29
0.7711335352555834,21,23,29
0.7711335352555834,21,24,29
0.7711335352555834,21,25,29
0.7711335352555834,21,27,29
0.7711335352555834,21,28,29
0.7712212820232387,21,26,29
0.771795811709725,39,43,46
0.7720347286762055,17,22
0.7720347286762055,17,18,22
0.7720347286762055,17,19,22
0.7720347286762055,17,20,22
0.7720347286762055,17,21,22
0.7720347286762055,17,22,23
0.7723300969636319,8,14
0.7723300969636319,8,11,14
0.7723300969636319,8,12,14
0.7723300969636319,8,13,14
0.7725272244158927,80,88,90
0.7727640650484507,8,9,13
0.7734548374972346,26,37
0.7734548374972346,26,29,37
0.7734548374972346,26,30,37
0.7734548374972346,26,31,37
0.7734548374972346,26,34,37
0.7734558651664376,14,17,23
0.7735820633060403,8,9,14
0.7736511968403972,8,10,14
0.7739212123298365,87,93
0.7739212123298365,87,88,93
0.7739212123298365,87,89,93
0.7739212123298365,87,91,93
0.7741726736683144,83,89
0.7741726736683144,82,83,89
0.7741726736683144,83,84,89
0.7741726736683144,83,85,89
0.7741726736683144,83,87,89
0.7741726736683144,83,88,89
0.774195303816746,26,35,37
0.7742927355469624,21,22,29
0.7743889806261979,57,61,64
0.7745348129186963,16,21,26
0.7747137438191293,16,17,22
0.774777613034445,42,48,50
0.7748666647175335,87,91,92
0.7748904739074958,83,86,89
0.7748979163160101,32,37,39
0.7749833913140319,0,2,96
0.7752218521508358,14,21,24
0.7752660668143331,53,59,61
0.7752704766586451,41,42,46
0.7758579345030857,68,75,76
0.7764172386772061,87,90,93
0.7771470666229722,0,99
0.7771470666229722,0,1,99
0.7771470666229722,0,2,99
0.7771470666229722,0,97,99
0.7771470666229722,0,98,99
0.7772993550911853,35,39,44
0.7777838460043929,14,17,22
0.7778218042903137,26,28,35
0.7779312303231348,70,76
0.7779312303231348,70,71,76
0.7779312303231348,70,72,76
0.7779312303231348,70,73,76
0.7779312303231348,70,74,76
0.7779312303231348,70,75,76
0.7781011919908285,44,51,52
0.7782038091633736,50,56,61
0.7785167585687958,14,18,24
0.7785533609873768,61,62,68
0.7787498007597494,24,34
0.7787498007597494,24,25,34
0.7787498007597494,24,26,34
0.7787498007597494,24,29,34
0.7787498007597494,24,30,34
0.7787498007597494,24,31,34
0.7792629414343214,11,20
0.7792629414343214,11,14,20
0.7792629414343214,11,16,20
0.7792629414343214,11,18,20
0.7792629414343214,11,19,20
0.7793199001185792,89,96
0.7793199001185792,89,91,96
0.7793199001185792,89,92,96
0.7793199001185792,89,93,96
0.7793199001185792,89,94,96
0.7793199001185792,89,95,96
0.779346657615827,24,33
0.779346657615827,24,25,33
0.779346657615827,24,26,33
0.779346657615827,24,27,33
0.779346657615827,24,28,33
0.779346657615827,24,29,33
0.779346657615827,24,30,33
0.779346657615827,24,31,33
0.779346657615827,24,32,33
0.7793529019523902,24,28,34
0.7794187798321336,36,41
0.7794187798321336,36,38,41
0.7794187798321336,36,39,41
0.7794187798321336,36,40,41
0.7794474554776483,68,69,76
0.7794750518008544,11,17,20
0.7799800399334017,49,57
0.7799800399334017,49,51,57
0.7799800399334017,49,53,57
0.7799800399334017,49,54,57
0.7799800399334017,49,56,57
0.7799905144320787,49,55,57
0.7800129431789988,51,55,58
0.7801022552852256,20,29
0.7801022552852256,20,22,29
0.7801022552852256,20,23,29
0.7801022552852256,20,24,29
0.7801022552852256,20,25,29
0.7801022552852256,20,26,29
0.7801022552852256,20,27,29
0.7803860943661911,69,74
0.7803860943661911,69,73,74
0.7803860943661911,69,74,76
0.7808595011407544,0,95,99
0.7810329429079406,0,94
0.7810329429079406,0,93,94
0.7810329429079406,0,94,95
0.7810329429079406,0,94,96
0.7810329429079406,0,94,97
0.7810329429079406,0,94,98
0.7811441069482143,45,52,53
0.7812305542378746,11,13,20
0.7815588541240821,26,33,37
0.7817545233176566,39,41,46
0.7819303672019511,49,52,56
0.7820800344329997,85,87,93
0.7825831026628365,0,96,99
0.7826646906997314,20,28,29
0.782896607567546,68,69,74
0.7829224587429592,0,5
0.7829224587429592,0,1,5
0.7829224587429592,0,2,5
0.7829224587429592,0,3,5
0.7829224587429592,0,4,5
0.7830853775859383,20,21,29
0.7834681320019796,24,33,34
0.7837414106904365,62,67
0.7837414106904365,60,62,67
0.7837414106904365,61,62,67
0.7837414106904365,62,64,67
0.7837414106904365,62,66,67
0.7840300283593771,24,32,34
0.7842776177694966,69,73,78
0.7843963030558332,49,50,57
0.7844469325824922,38,46
0.7844469325824922,38,40,46
0.7844469325824922,38,42,46
0.7844469325824922,38,43,46
0.7844469325824922,38,44,46
0.7844469325824922,38,45,46
0.784782111926736,62,67,68
0.7850323466527365,38,39,46
0.7851252625101537,59,61,66
0.7854179198759837,11,17,19
0.7856847824568951,91,97
0.7856847824568951,91,93,97
0.7856847824568951,91,94,97
0.7856847824568951,91,95,97
0.7856847824568951,91,96,97
0.7856847824568951,91,97,98
0.7863109276207403,32,40
0.7863109276207403,32,33,40
0.7863109276207403,32,34,40
0.7863109276207403,32,35,40
0.7863109276207403,32,36,40
0.7863109276207403,32,37,40
0.7863109276207403,32,38,40
0.7863826213805994,3,96
0.7863826213805994,1,3,96
0.7863826213805994,2,3,96
0.7863826213805994,3,96,97
0.7863826213805994,3,96,99
0.786486942070086,32,39,40
0.7866144630061117,43,49,52
0.7878886595148786,24,27,34
0.7898206760492066,46,55
0.7898206760492066,46,47,55
0.7898206760492066,46,49,55
0.7898206760492066,46,50,55
0.7898206760492066,46,51,55
0.7898206760492066,46,52,55
0.7898206760492066,46,53,55
0.7898206760492066,46,54,55
0.7898732571852344,65,72
0.7898732571852344,65,66,72
0.7898732571852344,65,68,72
0.7898732571852344,65,70,72
0.7898732571852344,65,71,72
0.7901811009610121,4,10
0.7901811009610121,4,5,10
0.7901811009610121,4,6,10
0.7901811009610121,4,7,10
0.7901811009610121,4,8,10
0.7901811009610121,4,10,11
0.790585652750406,53,58,61
0.7910745525160415,76,85
0.7910745525160415,76,78,85
0.7910745525160415,76,80,85
0.7910745525160415,76,81,85
0.7910745525160415,76,82,85
0.7918076134386126,6,13
0.7918076134386126,6,7,13
0.7918076134386126,6,8,13
0.7918076134386126,6,10,13
0.7918076134386126,6,11,13
0.7918076134386126,6,12,13
0.7920254535733453,10,17
0.7920254535733453,10,12,17
0.7920254535733453,10,13,17
0.7920254535733453,10,15,17
0.7920348509828585,74,78,79
0.792546569968962,10,11,17
0.7932895486321578,61,63
0.7932895486321578,60,61,63
0.7932895486321578,61,62,63
0.7932895486321578,61,63,64
0.7932895486321578,61,63,66
0.7945591523465938,59,61,63
0.7946060689155994,3,10
0.7946060689155994,3,5,10
0.7946060689155994,3,6,10
0.7946060689155994,3,7,10
0.7946060689155994,3,8,10
0.7946142859257987,9,10
0.7946142859257987,8,9,10
0.7946142859257987,9,10,11
0.7946142859257987,9,10,12
0.7946699024827337,34,39,43
0.794745919869533,13,19
0.794745919869533,11,13,19
0.794745919869533,13,14,19
0.794745919869533,13,16,19
0.794745919869533,13,18,19
0.7948938886919168,86,89,92
0.7951203156353863,73,77,80
0.7951720973618299,66,69,73
0.7953713371885792,13,17,19
0.7954436998971146,10,14,15
0.7956110468212207,37,39,45
0.7956726476821279,9,10,13
0.7960574120004484,13,19,20
0.7968611861375346,33,42
0.7968611861375346,33,34,42
0.7968611861375346,33,35,42
0.7968611861375346,33,36,42
0.7968611861375346,33,37,42
0.7968611861375346,33,38,42
0.7968611861375346,33,40,42
0.7978350975207652,64,71
0.7978350975207652,64,65,71
0.7978350975207652,64,66,71
0.7978350975207652,64,68,71
0.7978350975207652,64,70,71
0.7989903742883608,68,70,76
0.7993329552976709,87,92,93
0.7994321767372752,37,46
0.7994321767372752,37,40,46
0.7994321767372752,37,42,46
0.7994321767372752,37,43,46
0.7994321767372752,37,44,46
0.7994321767372752,37,45,46
0.7996895398426741,9,10,14
0.7996992339331959,12,20
0.7996992339331959,12,13,20
0.7996992339331959,12,14,20
0.7996992339331959,12,17,20
0.7996992339331959,12,18,20
0.7997849319913567,12,15,20
0.7999174979379479,0,91,94
0.8000602772337223,67,73
0.8000602772337223,67,68,73
0.8000602772337223,67,69,73
0.800907373726673,79,80,84
0.8011606970797549,87,91,94
0.8013010744230833,26,32,37
0.8014671405758733,0,3,99
0.8021213551515152,36,41,42
0.8025504668954084,58,61,64
0.8026752534477896,16,18,25
0.8027168198484184,74,79,80
0.8029662106495766,80,84,88
0.8038339754836226,78,79,83
0.8041147055615059,4,99
0.8041147055615059,1,4,99
0.8041147055615059,2,4,99
0.8041147055615059,3,4,99
0.8041147055615059,4,98,99
0.8045876768173574,11,12,20
0.8046004712959807,69,74,78
0.805765574249903,80,87
0.805765574249903,80,81,87
0.805765574249903,80,82,87
0.805765574249903,80,83,87
0.805765574249903,80,85,87
0.805765574249903,80,87,88
0.8060313015109432,56,63
0.8060313015109432,56,57,63
0.8060313015109432,56,58,63
0.8060313015109432,56,59,63
0.8060313015109432,56,60,63
0.8060313015109432,56,62,63
0.8069181269750515,12,16,20
0.8074869675144147,3,96,98
0.8079195847049141,80,84,87
0.8092676449104805,58,65
0.8092676449104805,58,59,65
0.8092676449104805,58,60,65
0.8092676449104805,58,62,65
0.8092676449104805,58,63,65
0.8092676449104805,58,64,65
0.8094028376563404,48,52
0.8094028376563404,46,48,52
0.8094028376563404,47,48,52
0.8094028376563404,48,49,52
0.8094028376563404,48,50,52
0.8094028376563404,48,51,52
0.8094028376563404,48,52,53
0.8098462961258766,48,52,54
0.8101635831313909,45,48,52
0.8115543653190422,60,69
0.8115543653190422,60,61,69
0.8115543653190422,60,67,69
0.8115995956069201,13,21
0.8115995956069201,13,15,21
0.8115995956069201,13,17,21
0.8115995956069201,13,18,21
0.8115995956069201,13,20,21
0.8118919208890085,4,5,99
0.8119492513929039,66,67,73
0.811993005562743,0,4,99
0.8120818014489372,60,66,69
0.8121005206745403,87,93,94
0.8122563640421057,5,98
0.8122563640421057,0,5,98
0.8122563640421057,1,5,98
0.8122563640421057,2,5,98
0.8122563640421057,3,5,98
0.8122563640421057,4,5,98
0.8124845774055618,64,69
0.8124845774055618,64,66,69
0.8124845774055618,64,67,69
0.8124845774055618,64,68,69
0.812728805522931,4,12
0.812728805522931,4,8,12
0.812728805522931,4,9,12
0.812728805522931,4,11,12
0.8132322073711544,26,27,35
0.8135121792262365,65,67
0.8135121792262365,64,65,67
0.8135121792262365,65,66,67
0.8135121792262365,65,67,68
0.8135159897592366,55,67
0.8135159897592366,55,60,67
0.8135159897592366,55,61,67
0.8139148688076976,77,80,83
0.8139260573367839,69,80
0.8139260573367839,69,76,80
0.8139260573367839,69,78,80
0.8144201862306875,33,39,42
0.814544995597132,44,53
0.814544995597132,44,45,53
0.814544995597132,44,46,53
0.814544995597132,44,47,53
0.814544995597132,44,48,53
0.814544995597132,44,49,53
0.814544995597132,44,50,53
0.814544995597132,44,51,53
0.8153231341246395,76,83
0.8153231341246395,76,79,83
0.8153231341246395,76,80,83
0.8153231341246395,76,81,83
0.8153231341246395,76,82,83
0.8154227896193899,66,74
0.8154227896193899,66,68,74
0.8154227896193899,66,70,74
0.8154227896193899,66,71,74
0.8154227896193899,66,72,74
0.8154227896193899,66,73,74
0.8155172819066375,76,78,83
0.8158121127899065,9,98
0.8158121127899065,0,9,98
0.8158121127899065,4,9,98
0.8158456375124756,49,52,57
0.8159630867765768,80,87,89
0.8164545978962683,89,96,98
0.8167390955795066,4,10,12
0.8167738033139934,91,92,97
0.8169020821257377,31,42
0.8169020821257377,31,34,42
0.8169020821257377,31,35,42
0.8169020821257377,31,36,42
0.8169020821257377,31,37,42
0.817157469790307,0,91,96
0.8174278316051887,5,9
0.8174278316051887,4,5,9
0.8174278316051887,5,8,9
0.8174278316051887,5,9,11
0.8177424072382434,44,52,53
0.8177838182829562,57,61,63
0.8187529589488324,38,41,46
0.81927505744074,36,45
0.81927505744074,36,37,45
0.81927505744074,36,38,45
0.81927505744074,36,39,45
0.81927505744074,36,40,45
0.81927505744074,36,42,45
0.81927505744074,36,43,45
0.81927505744074,36,44,45
0.8198885615545548,44,48,52
0.8203583279449576,0,1,94
0.8204087640543947,61,64,69
0.8206350333566885,13,14,21
0.8209727729934179,63,70
0.8209727729934179,63,64,70
0.8209727729934179,63,65,70
0.8209727729934179,63,66,70
0.8209727729934179,63,68,70
0.8218018086359511,14,26
0.8218018086359511,14,16,26
0.8218018086359511,14,19,26
0.8218018086359511,14,20,26
0.8218018086359511,14,22,26
0.8218018086359511,14,24,26
0.8221644319952642,0,3,97
0.8228052165865507,82,90
0.8228052165865507,82,85,90
0.8228052165865507,82,88,90
0.8228052165865507,82,89,90
0.8228619950522409,80,82,90
0.8229361030835398,73,81
0.8229361030835398,73,74,81
0.8229361030835398,73,75,81
0.8229361030835398,73,76,81
0.8229361030835398,73,77,81
0.8229361030835398,73,78,81
0.8230035627284107,4,9,10
0.8230251616837516,62,65,67
0.8235298774652849,20,30
0.8235298774652849,20,22,30
0.8235298774652849,20,23,30
0.8235298774652849,20,24,30
0.8235298774652849,20,25,30
0.8235298774652849,20,26,30
0.8236139237793488,14,15,21
0.8236560399356774,19,20,30
0.8237564871664753,8,15
0.8237564871664753,8,10,15
0.8237564871664753,8,11,15
0.8237564871664753,8,12,15
0.8237564871664753,8,13,15
0.8237861710270227,20,29,30
0.8242450638734781,11,15,20
0.8243474510780725,76,77,83
0.8244605002076814,31,38,42
0.8247673014674148,73,80,81
0.8248653614647969,14,23,26
0.8248962062166287,31,33,42
0.8253447660167722,73,79,81
0.8256694313944436,37,38,46
0.8259242914002042,58,61,63
0.8260448370506006,74,82
0.8260448370506006,74,75,82
0.8260448370506006,74,76,82
0.8260448370506006,74,77,82
0.8260448370506006,74,78,82
0.8260448370506006,74,80,82
0.8260448370506006,74,81,82
0.8260567428074748,51,59
0.8260567428074748,51,53,59
0.8260567428074748,51,54,59
0.8260567428074748,51,56,59
0.8260567428074748,51,57,59
0.8260567428074748,51,58,59
0.8270008516969316,6,99
0.8270008516969316,1,6,99
0.8270008516969316,2,6,99
0.8270008516969316,3,6,99
0.8270008516969316,5,6,99
0.827615203455402,74,79,82
0.8276300232176177,0,91,97
0.8277489352937033,4,8,14
0.8277582128001151,12,19
0.8277582128001151,11,12,19
0.8277582128001151,12,13,19
0.8277582128001151,12,14,19
0.8277582128001151,12,16,19
0.827780946987718,51,55,59
0.8283585213219363,45,54
0.8283585213219363,45,46,54
0.8283585213219363,45,47,54
0.8283585213219363,45,48,54
0.8283585213219363,45,49,54
0.8283585213219363,45,50,54
0.8283585213219363,45,51,54
0.8283585213219363,45,53,54
0.8293758908781829,92,99
0.8293758908781829,92,94,99
0.8293758908781829,92,95,99
0.8293758908781829,92,96,99
0.8293758908781829,92,97,99
0.8294351091698842,67,76
0.8294351091698842,67,69,76
0.8296396654458472,19,29
0.8296396654458472,19,22,29
0.8296396654458472,19,23,29
0.8296396654458472,19,24,29
0.8296396654458472,19,25,29
0.8296396654458472,19,26,29
0.8296396654458472,19,29,30
0.8301676031862029,12,18,19
0.830227724737484,67,78
0.830227724737484,67,69,78
0.8306284330023004,1,93
0.8306284330023004,0,1,93
0.8306284330023004,1,93,95
0.8306284330023004,1,93,96
0.8306284330023004,1,93,97
0.8306284330023004,1,93,98
0.8306965583508487,81,89
0.8306965583508487,81,82,89
0.8306965583508487,81,83,89
0.8306965583508487,81,85,89
0.8306965583508487,81,87,89
0.8306965583508487,81,88,89
0.8311008936160773,20,27,30
0.8311198526361565,4,7,12
0.8317384372449614,80,81,89
0.8319112376926798,12,17,19
0.8322731504050916,55,62
0.8322731504050916,55,56,62
0.8322731504050916,55,57,62
0.8322731504050916,55,58,62
0.8322731504050916,55,59,62
0.8322731504050916,55,60,62
0.8322731504050916,55,61,62
0.8324656051502066,31,43
0.8324656051502066,31,34,43
0.8324656051502066,31,35,43
0.8324656051502066,31,36,43
0.8324656051502066,31,37,43
0.8324656051502066,31,42,43
0.8332792917351161,4,12,14
0.8333018777371519,81,84,89
0.8336232308934475,50,60
0.8336232308934475,50,52,60
0.8336232308934475,50,53,60
0.8336232308934475,50,54,60
0.8336232308934475,50,55,60
0.8336232308934475,50,56,60
0.8336232308934475,50,57,60
0.8336232308934475,50,60,61
0.8337890835233259,45,52,54
0.8341863987136495,17,24
0.8341863987136495,17,18,24
0.8341863987136495,17,19,24
0.8341863987136495,17,20,24
0.8341863987136495,17,21,24
0.8341863987136495,17,22,24
0.8341863987136495,17,23,24
0.8344400270480753,9,22
0.8344400270480753,9,14,22
0.8344400270480753,9,16,22
0.8344400270480753,9,19,22
0.8344526971083753,19,20,29
0.8344655616438958,54,62
0.8344655616438958,54,56,62
0.8344655616438958,54,57,62
0.8344655616438958,54,58,62
0.8344655616438958,54,59,62
0.8344655616438958,54,60,62
0.8344765303615085,25,35
0.8344765303615085,25,26,35
0.8344765303615085,25,27,35
0.8344765303615085,25,28,35
0.8344765303615085,25,29,35
0.8344765303615085,25,30,35
0.8344765303615085,25,31,35
0.8344765303615085,25,32,35
0.8344765303615085,25,33,35
0.8344765303615085,25,34,35
0.8346597532019828,4,6,12
0.8347244575766288,10,14,17
0.83478195837459,43,51
0.83478195837459,43,44,51
0.83478195837459,43,45,51
0.83478195837459,43,46,51
0.83478195837459,43,47,51
0.83478195837459,43,48,51
0.83478195837459,43,49,51
0.83478195837459,43,50,51
0.8352204114846112,36,41,44
0.8356118758534177,56,64
0.8356118758534177,56,57,64
0.8356118758534177,56,58,64
0.8356118758534177,56,59,64
0.8356118758534177,56,60,64
0.8356118758534177,56,62,64
0.8356118758534177,56,63,64
0.8360052477719191,60,68,69
0.8362255517480746,9,13,19
0.8363449048897285,67,73,76
0.8370646951250866,4,5,12
0.8375289570727473,42,49,52
0.8381260933950617,80,83,89
0.8381314613994653,1,93,94
0.8382908284676321,4,97
0.8382908284676321,0,4,97
0.8382908284676321,1,4,97
0.8382908284676321,2,4,97
0.8382908284676321,4,97,98
0.838316669481076,61,63,68
0.8386090230523888,67,68,76
0.8387104133269574,12,19,20
0.8387495891804877,73,78,79
0.8392672046398642,17,25
0.8392672046398642,17,18,25
0.8392672046398642,17,20,25
0.8392672046398642,17,21,25
0.8392672046398642,17,23,25
0.8393705805547342,5,98,99
0.8395869490589327,4,97,99
0.8396479026464458,60,65,67
0.8400059791857983,43,51,52
0.8402372848018043,48,56
0.8402372848018043,48,49,56
0.8402372848018043,48,51,56
0.8402372848018043,48,53,56
0.8402372848018043,48,54,56
0.8402388300654968,17,22,25
0.8406648713552602,9,12,19
0.8418429951941904,80,91
0.8418429951941904,80,85,91
0.8418429951941904,80,88,91
0.8418429951941904,80,89,91
0.8418429951941904,80,90,91
0.8419351132221674,56,61,64
0.8423651821554587,48,55
0.8423651821554587,47,48,55
0.8423651821554587,48,49,55
0.8423651821554587,48,50,55
0.8423651821554587,48,51,55
0.8423651821554587,48,53,55
0.8423651821554587,48,54,55
0.8429482164159303,16,17,24
0.8429726927758079,20,28,30
0.8436997018220753,48,52,55
0.8437065899918781,17,24,25
0.84377131590205,46,48,55
0.8440993924603122,3,4,97
0.8441244125809961,54,61,62
0.8444976568386986,48,50,56
0.8445217944853878,67,76,78
0.8445475459253278,17,19,25
0.8445686788445989,0,94,99
0.8446102259949976,47,56
0.8446102259949976,47,49,56
0.8446102259949976,47,50,56
0.8446102259949976,47,51,56
0.8446102259949976,47,53,56
0.8446102259949976,47,54,56
0.8446102259949976,47,55,56
0.8447113105080986,41,47
0.8447113105080986,40,41,47
0.8447113105080986,41,44,47
0.8447113105080986,41,45,47
0.8447113105080986,41,46,47
0.8449343645343996,82,87,90
0.8450917288928248,18,26
0.8450917288928248,18,19,26
0.8450917288928248,18,20,26
0.8450917288928248,18,21,26
0.8450917288928248,18,22,26
0.8450917288928248,18,23,26
0.8450917288928248,18,24,26
0.8450917288928248,18,25,26
0.8452246867011406,47,52,56
0.8454580469345705,4,93
0.8454580469345705,0,4,93
0.8454580469345705,4,93,98
0.8457618733564107,41,42,47
0.8458558616801524,23,32
0.8458558616801524,23,24,32
0.8458558616801524,23,25,32
0.8458558616801524,23,26,32
0.8458558616801524,23,27,32
0.8458558616801524,23,28,32
0.8458558616801524,23,29,32
0.8458558616801524,23,30,32
0.8458558616801524,23,31,32
0.846045157592162,54,55,62
0.8463054788391077,30,38
0.8463054788391077,30,31,38
0.8463054788391077,30,32,38
0.8463054788391077,30,33,38
0.8463054788391077,30,34,38
0.8463054788391077,30,35,38
0.8463054788391077,30,36,38
0.8463054788391077,30,37,38
0.8465694790807116,87,95
0.8465694790807116,87,88,95
0.8465694790807116,87,89,95
0.8465694790807116,87,91,95
0.8465694790807116,87,92,95
0.8465694790807116,87,94,95
0.8466448821920816,87,93,95
0.8487134484594159,41,43
0.8487134484594159,38,41,43
0.8487134484594159,39,41,43
0.8487134484594159,40,41,43
0.8487134484594159,41,42,43
0.8487134484594159,41,43,44
0.8487134484594159,41,43,45
0.8488396176000665,90,92
0.8488396176000665,88,90,92
0.8488396176000665,89,90,92
0.8488396176000665,90,91,92
0.8488396176000665,90,92,93
0.8488396176000665,90,92,94
0.8488396176000665,90,92,95
0.8488936937832576,61,65
0.8488936937832576,60,61,65
0.8488936937832576,61,62,65
0.8488936937832576,61,63,65
0.8488936937832576,61,64,65
0.8488936937832576,61,65,66
0.848963797543328,61,65,68
0.8491788417375781,3,4,10
0.8493418006053153,88,96
0.8493418006053153,88,89,96
0.8493418006053153,88,91,96
0.8493418006053153,88,92,96
0.8493418006053153,88,93,96
0.8493418006053153,88,94,96
0.8493418006053153,88,95,96
0.8494941338729988,26,36
0.8494941338729988,26,29,36
0.8494941338729988,26,30,36
0.8494941338729988,26,31,36
0.8494941338729988,26,32,36
0.8494941338729988,26,33,36
0.8494941338729988,26,34,36
0.8494941338729988,26,35,36
0.8494941338729988,26,36,37
0.8495175954080283,4,95
0.8495175954080283,0,4,95
0.8495175954080283,1,4,95
0.8495175954080283,4,95,98
0.849560423243066,41,43,46
0.8502436778256772,16,18,26
0.8503709791978012,0,90,94
0.8503912579565018,70,77
0.8503912579565018,70,71,77
0.8503912579565018,70,72,77
0.8503912579565018,70,73,77
0.8503912579565018,70,74,77
0.8503912579565018,70,75,77
0.850449971090149,40,48
0.850449971090149,40,42,48
0.850449971090149,40,44,48
0.850449971090149,40,45,48
0.850449971090149,40,46,48
0.850449971090149,40,47,48
0.8513432393263374,34,44
0.8513432393263374,34,35,44
0.8513432393263374,34,36,44
0.8513432393263374,34,37,44
0.8513432393263374,34,38,44
0.8513432393263374,34,40,44
0.8513432393263374,34,42,44
0.8513432393263374,34,43,44
0.8520973259667679,2,4,95
0.8525779478600403,2,94
0.8525779478600403,1,2,94
0.8525779478600403,2,94,95
0.8525779478600403,2,94,96
0.8525779478600403,2,94,97
0.8525779478600403,2,94,98
0.8525779478600403,2,94,99
0.8528831967331983,28,37
0.8528831967331983,28,29,37
0.8528831967331983,28,30,37
0.8528831967331983,28,31,37
0.8528831967331983,28,32,37
0.8528831967331983,28,33,37
0.8528831967331983,28,34,37
0.8528831967331983,28,35,37
0.8528831967331983,28,36,37
0.8531592214671362,89,97
0.8531592214671362,89,91,97
0.8531592214671362,89,92,97
0.8531592214671362,89,93,97
0.8531592214671362,89,94,97
0.8531592214671362,89,95,97
0.8531592214671362,89,96,97
0.8540529762827931,79,86
0.8540529762827931,79,81,86
0.8540529762827931,79,82,86
0.8540529762827931,79,83,86
0.8540529762827931,79,84,86
0.8542186762558078,78,88
0.8542186762558078,78,80,88
0.8542186762558078,78,82,88
0.8542186762558078,78,85,88
0.8542325060278394,81,86,89
0.8544673550829416,60,64,69
0.8547502306708421,13,16,21
0.854996414344675,31,38,43
0.8550078810526299,78,90
0.8550078810526299,78,80,90
0.8550078810526299,78,85,90
0.8552452688491688,31,40
0.8552452688491688,31,33,40
0.8552452688491688,31,34,40
0.8552452688491688,31,35,40
0.8552452688491688,31,36,40
0.8552452688491688,31,37,40
0.8552452688491688,31,38,40
0.8554320168625121,14,17,24
0.855589918698989,15,16
0.855589918698989,11,15,16
0.855589918698989,12,15,16
0.855589918698989,13,15,16
0.855589918698989,14,15,16
0.855589918698989,15,16,17
0.855589918698989,15,16,18
0.855589918698989,15,16,20
0.8557852678141996,31,32,40
0.8558189679084303,40,43,48
0.8558729782002024,58,66
0.8558729782002024,58,59,66
0.8558729782002024,58,60,66
0.8558729782002024,58,62,66
0.8558729782002024,58,63,66
0.8558729782002024,58,64,66
0.8561126257425064,34,39,44
0.8561944245669957,37,39,46
0.8562896396533604,92,98
0.8562896396533604,92,93,98
0.8562896396533604,92,94,98
0.8562896396533604,92,95,98
0.8562896396533604,92,96,98
0.8562896396533604,92,97,98
0.8566102064086683,82,91
0.8566102064086683,82,85,91
0.8566102064086683,82,88,91
0.8566102064086683,82,89,91
0.8566102064086683,82,90,91
0.8568223308063652,27,36
0.8568223308063652,27,28,36
0.8568223308063652,27,29,36
0.8568223308063652,27,30,36
0.8568223308063652,27,31,36
0.8568223308063652,27,32,36
0.8568223308063652,27,33,36
0.8568223308063652,27,34,36
0.8568223308063652,27,35,36
0.856922275938258,4,95,97
0.8570844366794599,39,47
0.8570844366794599,39,40,47
0.8570844366794599,39,42,47
0.8570844366794599,39,43,47
0.8570844366794599,39,44,47
0.8570844366794599,39,45,47
0.8570844366794599,39,46,47
0.8571588901400662,47,48,56
0.8571691565262793,77,84
0.8571691565262793,77,79,84
0.8571691565262793,77,81,84
0.8571691565262793,77,82,84
0.8571691565262793,77,83,84
0.8571999253780662,58,65,66
0.8572877950354394,78,81,88
0.8579961195841281,82,87,91
0.8582480981672925,43,48,52
0.8584714210199256,73,79,80
0.8589343450593911,89,97,98
0.8590997606711754,77,78,83
0.8593889981667249,4,16
0.8593889981667249,4,9,16
0.8593889981667249,4,11,16
0.8593889981667249,4,14,16
0.8597081037341785,61,65,67
0.8598617714250291,51,60
0.8598617714250291,51,53,60
0.8598617714250291,51,54,60
0.8598617714250291,51,55,60
0.8598617714250291,51,56,60
0.8598617714250291,51,57,60
0.8598617714250291,51,58,60
0.8602758581842372,33,43
0.8602758581842372,33,34,43
0.8602758581842372,33,35,43
0.8602758581842372,33,36,43
0.8602758581842372,33,37,43
0.8602758581842372,33,38,43
0.8602758581842372,33,40,43
0.8602758581842372,33,42,43
0.8605405293145562,14,21,26
0.8606711834789497,31,40,42
0.8607972835337048,57,66
0.8607972835337048,57,59,66
0.8607972835337048,57,60,66
0.8607972835337048,57,61,66
0.8607972835337048,57,62,66
0.8607972835337048,57,64,66
0.8609620665965491,56,61,63
0.8610074859365796,57,63,66
0.8610253471225806,37,47
0.8610253471225806,37,40,47
0.8610253471225806,37,42,47
0.8610253471225806,37,43,47
0.8610253471225806,37,44,47
0.8610253471225806,37,45,47
0.8610253471225806,37,46,47
0.8615686462777046,19,21,29
0.8615888162218696,70,76,77
0.8616036582673186,13,19,21
0.8618868844270691,66,69,74
0.8619650334976714,91,92,98
0.8621990001090442,5,9,10
0.8622191009763042,29,38
0.8622191009763042,29,31,38
0.8622191009763042,29,32,38
0.8622191009763042,29,33,38
0.8622191009763042,29,34,38
0.8622191009763042,29,35,38
0.8622191009763042,29,36,38
0.8622191009763042,29,37,38
0.8626084162886529,48,55,56
0.8629328342676179,19,31
0.8629328342676179,19,22,31
0.8629328342676179,19,23,31
0.8629328342676179,19,24,31
0.8629328342676179,19,25,31
0.8629328342676179,19,26,31
0.8629328342676179,19,30,31
0.8630400112967357,19,29,31
0.86311371506299,51,59,60
0.863223421945804,6,9
0.863223421945804,4,6,9
0.863223421945804,5,6,9
0.863223421945804,6,8,9
0.863223421945804,6,9,11
0.8637331421858024,90,96
0.8637331421858024,89,90,96
0.8637331421858024,90,91,96
0.8637331421858024,90,93,96
0.8637331421858024,90,94,96
0.8637331421858024,90,95,96
0.8637331421858024,90,96,98
0.8645887654339447,24,35
0.8645887654339447,24,25,35
0.8645887654339447,24,26,35
0.8645887654339447,24,28,35
0.8645887654339447,24,29,35
0.8645887654339447,24,30,35
0.8645887654339447,24,31,35
0.8645887654339447,24,32,35
0.8645887654339447,24,33,35
0.8645887654339447,24,34,35
0.8650941551199691,31,33,43
0.8661008569376576,80,82,91
0.866607505517725,39,41,47
0.8666410415237134,4,93,95
0.8669272811388083,41,48
0.8669272811388083,41,45,48
0.8669272811388083,41,46,48
0.8669372476471116,41,44,48
0.8669649608416649,80,84,89
0.8676107279800285,29,30,38
0.8679897020639553,87,90,92
0.8680257946897405,72,78
0.8680257946897405,72,73,78
0.8680257946897405,72,74,78
0.8680257946897405,72,75,78
0.8680257946897405,72,76,78
0.8683219529483471,26,28,36
0.8685217410894117,93,99
0.8685217410894117,93,94,99
0.8685217410894117,93,95,99
0.8685217410894117,93,96,99
0.8685217410894117,93,97,99
0.8685217410894117,93,98,99
0.8685402217830245,76,83,85
0.8686321009737448,87,90,94
0.8693041589064288,19,27
0.8693041589064288,19,20,27
0.8693041589064288,19,21,27
0.8693041589064288,19,22,27
0.8693041589064288,19,23,27
0.8693041589064288,19,24,27
0.8693041589064288,19,25,27
0.8693041589064288,19,26,27
0.8693343626026386,64,72
0.8693343626026386,64,65,72
0.8693343626026386,64,66,72
0.8693343626026386,64,68,72
0.8693343626026386,64,70,72
0.8693343626026386,64,71,72
0.8698054497852141,67,74
0.8698054497852141,67,68,74
0.8698054497852141,67,69,74
0.8698054497852141,67,73,74
0.8698301041168366,19,27,29
0.8701147523781985,6,9,10
0.8704379514197278,67,74,76
0.8704414073749328,0,5,9
0.8705039012361002,38,47
0.8705039012361002,38,40,47
0.8705039012361002,38,42,47
0.8705039012361002,38,43,47
0.8705039012361002,38,44,47
0.8705039012361002,38,45,47
0.8705039012361002,38,46,47
0.870730558890382,1,93,99
0.8707351799642128,24,27,35
0.8712689931805127,38,39,47
0.871271543910813,58,61,66
0.8712943786486268,0,89
0.8712943786486268,0,89,90
0.8712943786486268,0,89,91
0.8712943786486268,0,89,93
0.8712943786486268,0,89,95
0.8712943786486268,0,89,98
0.8718722821264467,59,61,65
0.8722777068324197,57,58,66
0.872317653297828,41,47,48
0.8728580728977602,26,28,37
0.8730902852444604,0,3,96
0.8731779195086057,7,9
0.8731779195086057,4,7,9
0.8731779195086057,5,7,9
0.8731779195086057,6,7,9
0.8731779195086057,7,8,9
0.8731779195086057,7,9,10
0.8731779195086057,7,9,11
0.8745660676818092,0,5,99
0.8745788454753912,87,90,95
0.8747249490562643,5,9,12
0.874786627214267,7,9,12
0.8749128370602072,78,82,90
0.8753220732945227,5,13
0.8753220732945227,5,6,13
0.8753220732945227,5,7,13
0.8753220732945227,5,8,13
0.8753220732945227,5,10,13
0.8753220732945227,5,11,13
0.8753220732945227,5,12,13
0.8754068698348698,19,27,30
0.8754556306955694,63,67
0.8754556306955694,60,63,67
0.8754556306955694,62,63,67
0.8754556306955694,63,64,67
0.8754556306955694,63,65,67
0.8754556306955694,63,66,67
0.8754556306955694,63,67,68
0.8755939069938438,42,51
0.8755939069938438,42,43,51
0.8755939069938438,42,44,51
0.8755939069938438,42,45,51
0.8755939069938438,42,46,51
0.8755939069938438,42,47,51
0.8755939069938438,42,48,51
0.8755939069938438,42,49,51
0.8755939069938438,42,50,51
0.8756734437403004,72,79
0.8756734437403004,72,73,79
0.8756734437403004,72,74,79
0.8756734437403004,72,75,79
0.8756734437403004,72,76,79
0.8756734437403004,72,77,79
0.8761392306850622,61,63,67
0.8767155568821676,36,41,43
0.8767828942997415,88,98
0.8767828942997415,88,89,98
0.8767828942997415,88,90,98
0.8767828942997415,88,91,98
0.8767828942997415,88,93,98
0.8767828942997415,88,94,98
0.8767828942997415,88,95,98
0.877322182165329,0,93,99
0.8777490279351572,6,9,12
0.8778557192708838,89,92,98
0.8778710132014793,51,52,60
0.8779162155012077,1,4,93
0.8787964756759628,14,25
0.8787964756759628,14,16,25
0.8787964756759628,14,19,25
0.8787964756759628,14,20,25
0.8787964756759628,14,21,25
0.8787964756759628,14,22,25
0.8787964756759628,14,23,25
0.8787964756759628,14,24,25
0.8787964756759628,14,25,26
0.8792358784085079,41,43,47
0.8792400982411293,14,18,25
0.8795603471702867,69,72
0.8795603471702867,68,69,72
0.8795603471702867,69,72,73
0.8795603471702867,69,72,74
0.8799013988112461,78,84
0.8799013988112461,78,80,84
0.8799013988112461,78,81,84
0.8799013988112461,78,82,84
0.8799013988112461,78,83,84
0.8799013988112461,78,84,85
0.8805146556880883,69,72,76
0.8809781141695073,2,10
0.8809781141695073,2,3,10
0.8809781141695073,2,5,10
0.8809781141695073,2,6,10
0.8809781141695073,2,7,10
0.8809781141695073,2,8,10
0.8811719712274817,4,95,99
0.8814680302399927,36,41,45
0.881625505725051,72,77,78
0.8819102065212882,50,51,60
0.8822316404627087,21,30
0.8822316404627087,20,21,30
0.8822316404627087,21,22,30
0.8822316404627087,21,23,30
0.8822316404627087,21,24,30
0.8822316404627087,21,25,30
0.8822316404627087,21,26,30
0.8822316404627087,21,27,30
0.8822316404627087,21,28,30
0.8822316404627087,21,29,30
0.8828174200953609,31,40,43
0.8830769702052731,3,95
0.8830769702052731,1,3,95
0.8830769702052731,2,3,95
0.8830769702052731,3,95,96
0.8830769702052731,3,95,97
0.8830769702052731,3,95,98
0.8830769702052731,3,95,99
0.8831017582057354,66,69,72
0.8832334473360454,35,41
0.8832334473360454,35,36,41
0.8832334473360454,35,38,41
0.8832334473360454,35,39,41
0.8832334473360454,35,40,41
0.8832419375003994,78,89
0.8832419375003994,78,80,89
0.8832419375003994,78,82,89
0.8832419375003994,78,85,89
0.8832419375003994,78,88,89
0.883417987533122,33,39,43
0.8834624887187433,78,88,90
0.8835381984483518,4,6,99
0.8849402295730293,15,16,21
0.8850579874570078,69,73,80
0.885110862334771,30,43
0.885110862334771,30,31,43
0.885110862334771,30,34,43
0.885110862334771,30,35,43
0.885110862334771,30,36,43
0.885110862334771,30,37,43
0.8851440277827907,0,2,94
0.8853664723619047,66,67,74
0.88539215375609,40,41,48
0.8856938898794655,88,90,96
0.886067325763239,2,4,10
0.886154966167083,11,22
0.886154966167083,11,14,22
0.886154966167083,11,16,22
0.886154966167083,11,19,22
0.886154966167083,11,20,22
0.8866059483243174,35,41,42
0.8867739472164891,67,73,78
0.8868966531295631,45,55
0.8868966531295631,45,46,55
0.8868966531295631,45,47,55
0.8868966531295631,45,49,55
0.8868966531295631,45,50,55
0.8868966531295631,45,51,55
0.8868966531295631,45,52,55
0.8868966531295631,45,53,55
0.8868966531295631,45,54,55
0.8869561623010374,78,89,90
0.8870279744481622,30,42
0.8870279744481622,30,31,42
0.8870279744481622,30,34,42
0.8870279744481622,30,35,42
0.8870279744481622,30,36,42
0.8870279744481622,30,37,42
0.8871516855491385,14,18,26
0.887583629496723,4,10,14
0.8880335844415418,16,17,25
0.8882045727994741,19,21,30
0.8885354351835624,30,42,43
0.8889302908478472,43,55
0.8889302908478472,43,47,55
0.8889302908478472,43,50,55
0.8889302908478472,43,52,55
0.8889349232359858,43,46,55
0.8889946697278897,78,83,88
0.889115183753911,57,67
0.889115183753911,55,57,67
0.889115183753911,57,60,67
0.889115183753911,57,61,67
0.8892644836706193,30,33,42
0.889514395332694,9,11,22
0.889606264091023,69,74,80
0.8897558618341542,36,46
0.8897558618341542,36,37,46
0.8897558618341542,36,38,46
0.8897558618341542,36,40,46
0.8897558618341542,36,42,46
0.8897558618341542,36,43,46
0.8897558618341542,36,44,46
0.8897558618341542,36,45,46
0.8899263194620447,44,54
0.8899263194620447,44,45,54
0.8899263194620447,44,46,54
0.8899263194620447,44,47,54
0.8899263194620447,44,48,54
0.8899263194620447,44,49,54
0.8899263194620447,44,50,54
0.8899263194620447,44,51,54
0.8899263194620447,44,52,54
0.8899263194620447,44,53,54
0.8900433076970007,36,39,46
0.8906322599776891,18,27
0.8906322599776891,18,20,27
0.8906322599776891,18,21,27
0.8906322599776891,18,23,27
0.8906322599776891,18,24,27
0.8906322599776891,18,25,27
0.8906469132089345,0,90,96
0.8912588756854034,90,92,96
0.8913684231495043,75,83
0.8913684231495043,75,76,83
0.8913684231495043,75,77,83
0.8913684231495043,75,79,83
0.8913684231495043,75,81,83
0.8913684231495043,75,82,83
0.8916772984480521,42,48,52
0.8920698341773541,8,14,15
0.8923810675206981,5,97
0.8923810675206981,1,5,97
0.8923810675206981,2,5,97
0.8923810675206981,3,5,97
0.8923810675206981,5,97,99
0.8923886038384135,45,48,55
0.8924353061313928,42,51,52
0.8927933856802298,0,3,95
0.8930253982117369,0,89,94
0.8930825422970889,0,11
0.8930825422970889,0,4,11
0.8930825422970889,0,9,11
0.8931482815940494,75,80,83
0.8931971668725763,80,87,90
0.8936047012399905,18,22,27
0.8938342851744602,9,20
0.8938342851744602,9,11,20
0.8938342851744602,9,14,20
0.8938342851744602,9,16,20
0.8938342851744602,9,19,20
0.8940941428687438,23,33
0.8940941428687438,23,24,33
0.8940941428687438,23,25,33
0.8940941428687438,23,26,33
0.8940941428687438,23,27,33
0.8940941428687438,23,28,33
0.8940941428687438,23,29,33
0.8940941428687438,23,30,33
0.8940941428687438,23,31,33
0.8940941428687438,23,32,33
0.8943827058192542,2,9
0.8943827058192542,0,2,9
0.8943827058192542,2,4,9
0.8943827058192542,2,5,9
0.8951016638504317,65,73
0.8951016638504317,65,66,73
0.8951016638504317,65,68,73
0.8951016638504317,65,70,73
0.8951016638504317,65,71,73
0.8951016638504317,65,72,73
0.8952559950514636,11,18,22
0.8952858949857819,48,52,56
0.8954230746670013,9,20,22
0.8958275242185546,78,79,84
0.8960845191518996,37,38,47
0.8971711854046194,43,53
0.8971711854046194,43,44,53
0.8971711854046194,43,45,53
0.8971711854046194,43,46,53
0.8971711854046194,43,47,53
0.8971711854046194,43,49,53
0.8971711854046194,43,50,53
0.8971711854046194,43,51,53
0.8971711854046194,43,52,53
0.8979740959807369,2,8,9
0.8984514099101304,38,41,47
0.8994898174267478,44,55
0.8994898174267478,44,46,55
0.8994898174267478,44,47,55
0.8994898174267478,44,49,55
0.8994898174267478,44,50,55
0.8994898174267478,44,51,55
0.8994898174267478,44,52,55
0.8994898174267478,44,53,55
0.8995043274111458,44,45,55
0.9004010606475716,40,49
0.9004010606475716,40,42,49
0.9004010606475716,40,43,49
0.9004010606475716,40,44,49
0.9004010606475716,40,45,49
0.9004010606475716,40,46,49
0.9004010606475716,40,47,49
0.9004010606475716,40,48,49
0.9005447119193986,47,57
0.9005447119193986,47,49,57
0.9005447119193986,47,50,57
0.9005447119193986,47,51,57
0.9005447119193986,47,52,57
0.9005447119193986,47,53,57
0.9005447119193986,47,54,57
0.9005447119193986,47,55,57
0.9005447119193986,47,56,57
0.9012203017083986,5,97,98
0.90125870414811,73,82
0.90125870414811,73,74,82
0.90125870414811,73,75,82
0.90125870414811,73,76,82
0.90125870414811,73,77,82
0.90125870414811,73,78,82
0.90125870414811,73,80,82
0.90125870414811,73,81,82
0.9012723065205412,78,81,89
0.9019515212142031,43,48,53
0.901995641690133,57,62,67
0.9027417892831071,37,41
0.9027417892831071,36,37,41
0.9027417892831071,37,38,41
0.9027417892831071,37,39,41
0.9027417892831071,37,40,41
0.9027417892831071,37,41,42
0.9028845812626158,37,41,44
0.9029626189251116,73,79,82
0.9029833638390683,26,27,36
0.903632942036013,15,19
0.903632942036013,13,15,19
0.903632942036013,14,15,19
0.903632942036013,15,16,19
0.903632942036013,15,17,19
0.903632942036013,15,18,19
0.903632942036013,15,19,20
0.9036420002066021,43,44,55
0.9037896670815866,15,19,21
0.9038400091338096,32,42
0.9038400091338096,31,32,42
0.9038400091338096,32,33,42
0.9038400091338096,32,34,42
0.9038400091338096,32,35,42
0.9038400091338096,32,36,42
0.9038400091338096,32,37,42
0.9038400091338096,32,38,42
0.9038400091338096,32,40,42
0.9038524868536816,35,37,41
0.9039341026772322,35,45
0.9039341026772322,35,36,45
0.9039341026772322,35,37,45
0.9039341026772322,35,38,45
0.9039341026772322,35,39,45
0.9039341026772322,35,40,45
0.9039341026772322,35,42,45
0.9039341026772322,35,43,45
0.9039341026772322,35,44,45
0.9039759865952197,75,78,83
0.9042054687527781,69,75
0.9042054687527781,69,73,75
0.9042054687527781,69,74,75
0.9042054687527781,69,75,76
0.9042054687527781,69,75,78
0.9043025442163242,7,9,13
0.904478440151179,4,96
0.904478440151179,0,4,96
0.904478440151179,1,4,96
0.904478440151179,2,4,96
0.904478440151179,4,95,96
0.904478440151179,4,96,97
0.904478440151179,4,96,98
0.904478440151179,4,96,99
0.9045287650464895,30,33,43
0.9046636351693291,10,18
0.9046636351693291,10,11,18
0.9046636351693291,10,12,18
0.9046636351693291,10,13,18
0.9046636351693291,10,15,18
0.9046636351693291,10,17,18
0.9047202957808036,12,15,19
0.9051726523779846,11,15,19
0.9054976012215866,30,38,42
0.9056434878792529,12,21
0.9056434878792529,12,13,21
0.9056434878792529,12,14,21
0.9056434878792529,12,15,21
0.9056434878792529,12,17,21
0.9056434878792529,12,18,21
0.9056434878792529,12,20,21
0.9062501148427038,68,69,75
0.906560469593988,10,14,18
0.9069293976007964,44,54,55
0.9071857709798812,80,87,91
0.9074062307285631,88,96,98
0.907917638511885,77,80,84
0.9080942873803856,3,11
0.9080942873803856,3,4,11
0.9080942873803856,3,5,11
0.9080942873803856,3,6,11
0.9080942873803856,3,7,11
0.9080942873803856,3,8,11
0.9081188801963994,32,39,42
0.9082097349733067,4,93,97
0.9082391876704092,3,10,11
0.9084140213230305,67,70
0.9084140213230305,66,67,70
0.9084140213230305,67,68,70
0.908433129374113,67,70,73
0.9087454395450626,80,86
0.9087454395450626,80,81,86
0.9087454395450626,80,82,86
0.9087454395450626,80,83,86
0.9087454395450626,80,84,86
0.9087454395450626,80,85,86
0.9087454395450626,80,86,87
0.9087454395450626,80,86,88
0.9090887518319917,37,41,43
0.9092937260882044,0,8
0.9092937260882044,0,2,8
0.9092937260882044,0,4,8
0.9092937260882044,0,5,8
0.9093279648508314,0,1,8
0.9093511719971235,43,49,55
0.9095793288987911,43,53,55
0.9096845874414304,4,13
0.9096845874414304,4,8,13
0.9096845874414304,4,9,13
0.9096845874414304,4,10,13
0.9096845874414304,4,11,13
0.9096845874414304,4,12,13
0.9096845874414304,4,13,14
0.9098964402522611,0,3,8
0.9100471679437108,90,97
0.9100471679437108,89,90,97
0.9100471679437108,90,91,97
0.9100471679437108,90,93,97
0.9100471679437108,90,94,97
0.9100471679437108,90,95,97
0.9100471679437108,90,96,97
0.9100471679437108,90,97,98
0.9101312978810474,41,42,48
0.91033683100457,69,71
0.91033683100457,66,69,71
0.91033683100457,68,69,71
0.91033683100457,69,71,72
0.91033683100457,69,71,73
0.91033683100457,69,71,74
0.9103434403843842,4,5,97
0.9104858067494574,0,8,9
0.9105306660078649,67,74,78
0.9105315895517241,92,98,99
0.9109343674516721,43,45,55
0.9122179025500388,19,27,31
0.912757083573571,3,4,96
0.9129252861379182,57,66,67
0.9129882164579468,2,9,98
0.9137494739311137,69,70
0.9137494739311137,66,69,70
0.9137494739311137,68,69,70
0.9137494739311137,69,70,72
0.9137494739311137,69,70,73
0.9142759927620527,43,51,55
0.9145001393853995,69,70,74
0.9145188058611529,19,28
0.9145188058611529,19,20,28
0.9145188058611529,19,21,28
0.9145188058611529,19,22,28
0.9145188058611529,19,23,28
0.9145188058611529,19,24,28
0.9145188058611529,19,25,28
0.9145188058611529,19,26,28
0.9145188058611529,19,27,28
0.9145188058611529,19,28,29
0.9145188058611529,19,28,30
0.9145553014141156,2,6,9
0.9146847461180999,69,72,75
0.9147863310889843,69,70,71
0.9148710871243022,11,17,22
0.9151519451056498,64,67,70
0.9151537580172207,0,6
0.9151537580172207,0,1,6
0.9151537580172207,0,2,6
0.9151537580172207,0,3,6
0.9151537580172207,0,4,6
0.9151537580172207,0,5,6
0.9151726074996741,16,30
0.9151726074996741,16,19,30
0.9151726074996741,16,22,30
0.9151726074996741,16,23,30
0.9151726074996741,16,24,30
0.9151726074996741,16,25,30
0.9151726074996741,16,26,30
0.9155092868426851,67,69,70
0.915620036784759,48,57
0.915620036784759,48,49,57
0.915620036784759,48,50,57
0.915620036784759,48,51,57
0.915620036784759,48,53,57
0.915620036784759,48,54,57
0.915620036784759,48,55,57
0.915620036784759,48,56,57
0.9157414308194464,24,37
0.9157414308194464,24,26,37
0.9157414308194464,24,29,37
0.9157414308194464,24,30,37
0.9157414308194464,24,31,37
0.9157414308194464,24,33,37
0.9157414308194464,24,34,37
0.9157414308194464,24,35,37
0.9158376359390792,35,41,44
0.9161127795614672,0,90,97
0.916659590752058,69,71,76
0.9168279832625911,12,16,21
0.9169047611578472,14,17,25
0.9170888022515316,57,64,67
0.9175953214679551,31,39
0.9175953214679551,31,32,39
0.9175953214679551,31,33,39
0.9175953214679551,31,34,39
0.9175953214679551,31,35,39
0.9175953214679551,31,36,39
0.9175953214679551,31,37,39
0.9175953214679551,31,38,39
0.9175953214679551,31,39,40
0.9176250699435442,24,32,37
0.9177834671599636,90,92,98
0.9179127867392048,62,70
0.9179127867392048,62,63,70
0.9179127867392048,62,64,70
0.9179127867392048,62,65,70
0.9179127867392048,62,66,70
0.9179127867392048,62,68,70
0.9179937831746532,3,4,95
0.9182112579252749,22,34
0.9182112579252749,22,24,34
0.9182112579252749,22,25,34
0.9182112579252749,22,26,34
0.9182112579252749,22,29,34
0.9182112579252749,22,30,34
0.9182112579252749,22,31,34
0.9182118656708096,22,28,34
0.9183022462817013,20,31
0.9183022462817013,20,22,31
0.9183022462817013,20,23,31
0.9183022462817013,20,24,31
0.9183022462817013,20,25,31
0.9183022462817013,20,26,31
0.9183022462817013,20,27,31
0.9183022462817013,20,28,31
0.9183022462817013,20,29,31
0.9183022462817013,20,30,31
0.918731445323939,18,26,27
0.9190196520127497,67,72
0.9190196520127497,66,67,72
0.9190196520127497,67,68,72
0.9190196520127497,67,69,72
0.9190196520127497,67,72,73
0.9190196520127497,67,72,74
0.9192333341108564,9,13,20
0.9195108647251495,44,48,55
0.9197086278115509,37,41,45
0.9197210209335094,4,7,13
0.9198646913233515,16,20,30
0.9201547198349357,1,9
0.9201547198349357,0,1,9
0.9201547198349357,1,2,9
0.9201547198349357,1,4,9
0.920259624087254,1,5,9
0.9203640325297071,22,27,34
0.9203714824899316,2,11
0.9203714824899316,2,4,11
0.9203714824899316,2,5,11
0.9203714824899316,2,6,11
0.9203714824899316,2,7,11
0.9203714824899316,2,8,11
0.9203791233919685,2,3,11
0.9204314678703103,19,20,31
0.9205927964694615,0,6,8
0.9209430396121009,68,78
0.9209430396121009,68,69,78
0.9209430396121009,68,73,78
0.9209430396121009,68,74,78
0.9209430396121009,68,76,78
0.9218773768675691,65,69
0.9218773768675691,64,65,69
0.9218773768675691,65,66,69
0.9218773768675691,65,67,69
0.9218773768675691,65,68,69
0.9220391653553313,1,9,98
0.9225863634762757,67,70,72
0.9226470832107165,47,48,57
0.9226607585285269,85,95
0.9226607585285269,85,88,95
0.9226607585285269,85,89,95
0.9226607585285269,85,90,95
0.9226607585285269,85,91,95
0.9226607585285269,85,93,95
0.9228794379744096,79,85
0.9228794379744096,79,80,85
0.9228794379744096,79,81,85
0.9228794379744096,79,82,85
0.9228794379744096,79,83,85
0.9228794379744096,79,84,85
0.9228841189240036,78,79,85
0.9229268405362635,53,62
0.9229268405362635,53,54,62
0.9229268405362635,53,55,62
0.9229268405362635,53,56,62
0.9229268405362635,53,57,62
0.9229268405362635,53,58,62
0.9229268405362635,53,59,62
0.9229268405362635,53,60,62
0.9230985885425818,37,39,47
0.9237658235304921,4,12,16
0.9238479535965216,65,67,70
0.9238874958886666,6,9,13
0.9245245018147408,0,89,96
0.924610273443177,88,92,98
0.9248824255788385,58,61,65
0.9249027453702744,15,23
0.9249027453702744,15,17,23
0.9249027453702744,15,18,23
0.9249027453702744,15,20,23
0.9249027453702744,15,21,23
0.9249903953820173,67,68,78
0.9251675489027675,92,93,99
0.9256931191937809,12,19,21
0.9257708051244012,30,38,43
0.9258335516378436,53,61,62
0.9262065748644324,4,6,13
0.926902018182352,22,32
0.926902018182352,22,23,32
0.926902018182352,22,24,32
0.926902018182352,22,25,32
0.926902018182352,22,26,32
0.926902018182352,22,27,32
0.926902018182352,22,28,32
0.926902018182352,22,29,32
0.926902018182352,22,30,32
0.926902018182352,22,31,32
0.9271421285043434,57,65
0.9271421285043434,57,58,65
0.9271421285043434,57,59,65
0.9271421285043434,57,60,65
0.9271421285043434,57,62,65
0.9271421285043434,57,63,65
0.9271421285043434,57,64,65
0.9271421285043434,57,65,66
0.9271988587971935,19,28,31
0.9274364888641207,68,75,78
0.9275216651415266,9,12,20
0.9277849374087265,0,5,97
0.9283759828695072,80,86,89
0.9287583087309261,31,39,42
0.9288694412146149,2,93
0.9288694412146149,0,2,93
0.9288694412146149,1,2,93
0.9288694412146149,2,93,95
0.9288694412146149,2,93,96
0.9288694412146149,2,93,97
0.9288694412146149,2,93,98
0.9295378710444976,78,84,88
0.9296608294366515,67,71
0.9296608294366515,66,67,71
0.9296608294366515,67,68,71
0.9296608294366515,67,69,71
0.9296608294366515,67,70,71
0.9296608294366515,67,71,72
0.9296608294366515,67,71,73
0.9297292677679871,52,59
0.9297292677679871,52,53,59
0.9297292677679871,52,54,59
0.9297292677679871,52,55,59
0.9297292677679871,52,56,59
0.9297292677679871,52,57,59
0.9297292677679871,52,59,60
0.9297292677679871,52,59,61
0.929887152647744,2,9,11
0.9301469579018542,67,70,74
0.930476738586651,85,92
0.930476738586651,85,87,92
0.930476738586651,85,88,92
0.930476738586651,85,89,92
0.930476738586651,85,91,92
0.930476738586651,85,92,93
0.9305777844657062,30,32,42
0.9307872195479795,64,73
0.9307872195479795,64,65,73
0.9307872195479795,64,66,73
0.9307872195479795,64,68,73
0.9307872195479795,64,70,73
0.9307872195479795,64,71,73
0.9307872195479795,64,72,73
0.9308214751578551,2,93,99
0.9309322201164971,52,67
0.9309322201164971,52,55,67
0.9309322201164971,52,61,67
0.9309837090884342,88,97
0.9309837090884342,88,89,97
0.9309837090884342,88,91,97
0.9309837090884342,88,92,97
0.9309837090884342,88,93,97
0.9309837090884342,88,94,97
0.9309837090884342,88,95,97
0.9309837090884342,88,96,97
0.9317392748849731,86,91
0.9317392748849731,85,86,91
0.9317392748849731,86,87,91
0.9317392748849731,86,88,91
0.9317392748849731,86,89,91
0.9317929441594561,67,71,74
0.931905496331022,85,90,92
0.9322083719275341,4,93,96
0.9324298213180211,0,8,11
0.9324467686057943,35,41,43
0.9326160480374862,1,8,9
0.9330100948538034,22,32,34
0.9331297059144633,37,50
0.9331297059144633,37,42,50
0.9331297059144633,37,43,50
0.9331297059144633,37,44,50
0.9331297059144633,37,45,50
0.9331297059144633,37,46,50
0.9333692025390556,0,5,11
0.9335189034780436,37,47,50
0.9335430491932701,27,37
0.9335430491932701,27,28,37
0.9335430491932701,27,29,37
0.9335430491932701,27,30,37
0.9335430491932701,27,31,37
0.9335430491932701,27,32,37
0.9335430491932701,27,33,37
0.9335430491932701,27,34,37
0.9335430491932701,27,35,37
0.9335430491932701,27,36,37
0.9335594547374295,24,28,37
0.933716160067745,4,5,13
0.9337226762717991,46,56
0.9337226762717991,46,47,56
0.9337226762717991,46,48,56
0.9337226762717991,46,49,56
0.9337226762717991,46,50,56
0.9337226762717991,46,51,56
0.9337226762717991,46,52,56
0.9337226762717991,46,53,56
0.9337226762717991,46,54,56
0.9337226762717991,46,55,56
0.933835427778128,2,10,11
0.933881240831014,90,92,97
0.9339921962839564,2,4,93
0.9340054625166768,18,19,27
0.9342635680671288,76,79,85
0.9342796727879559,85,87,95
0.9343249621777205,26,27,37
0.9345431365767438,67,72,76
0.9345818094800258,52,58
0.9345818094800258,52,53,58
0.9345818094800258,52,54,58
0.9345818094800258,52,55,58
0.9345818094800258,52,56,58
0.9345818094800258,52,57,58
0.9345818094800258,52,58,60
0.9345844590360373,52,58,61
0.9346540196259248,52,58,59
0.9348899497540097,52,60,67
0.9352348874430798,7,99
0.9352348874430798,1,7,99
0.9352348874430798,2,7,99
0.9352348874430798,3,7,99
0.9352348874430798,5,7,99
0.9352348874430798,6,7,99
0.9354752611501405,2,93,94
0.9357806874072464,22,33
0.9357806874072464,22,24,33
0.9357806874072464,22,25,33
0.9357806874072464,22,26,33
0.9357806874072464,22,27,33
0.9357806874072464,22,28,33
0.9357806874072464,22,29,33
0.9357806874072464,22,30,33
0.9357806874072464,22,31,33
0.9357806874072464,22,32,33
0.9357806874072464,22,33,34
0.9363209620407499,11,21
0.9363209620407499,11,13,21
0.9363209620407499,11,14,21
0.9363209620407499,11,16,21
0.9363209620407499,11,17,21
0.9363209620407499,11,18,21
0.9363209620407499,11,19,21
0.9363209620407499,11,20,21
0.9364954318018104,57,61,65
0.9367023779638637,62,69
0.9367023779638637,60,62,69
0.9367023779638637,61,62,69
0.9367023779638637,62,64,69
0.9367023779638637,62,66,69
0.9367023779638637,62,67,69
0.9367023779638637,62,68,69
0.9367531839066978,48,52,57
0.9370083196102132,11,15,21
0.9370723391052973,2,7,9
0.9373648115052696,9,18
0.9373648115052696,9,11,18
0.9373648115052696,9,12,18
0.9373648115052696,9,13,18
0.9373648115052696,9,14,18
0.9373648115052696,9,16,18
0.9373648115052696,9,18,19
0.9373648115052696,9,18,20
0.9373876448600229,11,12,21
0.9381464783226809,22,23,33
0.9383050954682561,51,52,58
0.9384416653678154,23,34
0.9384416653678154,23,24,34
0.9384416653678154,23,25,34
0.9384416653678154,23,26,34
0.9384416653678154,23,27,34
0.9384416653678154,23,28,34
0.9384416653678154,23,29,34
0.9384416653678154,23,30,34
0.9384416653678154,23,31,34
0.9384416653678154,23,32,34
0.9384416653678154,23,33,34
0.9384821976851409,25,37
0.9384821976851409,25,26,37
0.9384821976851409,25,28,37
0.9384821976851409,25,29,37
0.9384821976851409,25,30,37
0.9384821976851409,25,31,37
0.9384821976851409,25,32,37
0.9384821976851409,25,33,37
0.9384821976851409,25,34,37
0.9384821976851409,25,35,37
0.9385006668307085,24,25,37
0.9390680123095234,25,36
0.9390680123095234,25,26,36
0.9390680123095234,25,27,36
0.9390680123095234,25,28,36
0.9390680123095234,25,29,36
0.9390680123095234,25,30,36
0.9390680123095234,25,31,36
0.9390680123095234,25,32,36
0.9390680123095234,25,33,36
0.9390680123095234,25,34,36
0.9390680123095234,25,35,36
0.9392609307808173,5,9,13
0.9397350003155489,68,72,78
0.9398971376135921,61,65,69
0.9400272328520158,69,70,76
0.9401045863425385,78,83,89
0.9401051758450576,69,75,80
0.9405639702703761,14,15,23
0.9406299505866975,55,62,67
0.9407110507518858,66,76
0.9407110507518858,66,68,76
0.9407110507518858,66,69,76
0.9407110507518858,66,72,76
0.9407110507518858,66,73,76
0.9407110507518858,66,74,76
0.9407115058146802,66,71,76
0.9420291259415303,66,70,76
0.9420686443521165,66,67,76
0.9428533162241098,69,71,75
0.9433241878251789,0,89,97
0.9440255189996417,63,71
0.9440255189996417,63,64,71
0.9440255189996417,63,65,71
0.9440255189996417,63,66,71
0.9440255189996417,63,68,71
0.9440255189996417,63,70,71
0.9448403110181338,10,16
0.9448403110181338,9,10,16
0.9448403110181338,10,11,16
0.9448403110181338,10,12,16
0.9448403110181338,10,13,16
0.9448403110181338,10,14,16
0.9449998624227987,56,66
0.9449998624227987,56,57,66
0.9449998624227987,56,58,66
0.9449998624227987,56,59,66
0.9449998624227987,56,60,66
0.9449998624227987,56,61,66
0.9449998624227987,56,62,66
0.9449998624227987,56,63,66
0.9449998624227987,56,64,66
0.9450316972298516,36,41,46
0.9451193206809373,3,9
0.9451193206809373,2,3,9
0.9451193206809373,3,4,9
0.9451193206809373,3,5,9
0.9451193206809373,3,6,9
0.9451193206809373,3,8,9
0.945125640588841,9,17
0.945125640588841,9,11,17
0.945125640588841,9,12,17
0.945125640588841,9,13,17
0.945125640588841,9,14,17
0.945125640588841,9,16,17
0.945125640588841,9,17,19
0.9453369445823645,88,97,98
0.9454584113175427,9,17,18
0.945949844288851,1,3,9
0.9461941493569159,59,67
0.9461941493569159,57,59,67
0.9461941493569159,59,60,67
0.9461941493569159,59,61,67
0.9461941493569159,59,62,67
0.9461941493569159,59,64,67
0.9461941493569159,59,66,67
0.9463210010254272,0,3,9
0.9463626293225929,25,36,37
0.9464664925826654,22,23,34
0.9467297318216628,69,72,78
0.9468145152624146,85,86,92
0.9474405906691913,59,68
0.9474405906691913,59,60,68
0.9474405906691913,59,62,68
0.9474405906691913,59,63,68
0.9474405906691913,59,64,68
0.9474405906691913,59,65,68
0.9474405906691913,59,66,68
0.9475464956819635,1,6,9
0.9477976337642706,5,9,98
0.9479165019710434,51,52,59
0.9480180461166905,88,90,97
0.948455301299842,64,69,70
0.9486528614929955,15,19,23
0.9486834038612162,62,65,69
0.9488259522914384,86,91,92
0.9488896669631528,25,27,37
0.9489389918948188,59,61,68
0.9492425624771752,40,50
0.9492425624771752,40,42,50
0.9492425624771752,40,43,50
0.9492425624771752,40,44,50
0.9492425624771752,40,45,50
0.9492425624771752,40,46,50
0.9492425624771752,40,47,50
0.9498178560421062,85,94
0.9498178560421062,85,87,94
0.9498178560421062,85,88,94
0.9498178560421062,85,89,94
0.9498178560421062,85,90,94
0.9498178560421062,85,91,94
0.9498178560421062,85,93,94
0.9498178560421062,85,94,95
0.9499701548297753,50,58
0.9499701548297753,50,51,58
0.9499701548297753,50,53,58
0.9499701548297753,50,54,58
0.9499701548297753,50,55,58
0.9499701548297753,50,56,58
0.9499701548297753,50,57,58
0.9499701548297753,50,58,60
0.9503745085209219,50,52,58
0.9505497119732838,3,7,9
0.9506943630429756,7,15
0.9506943630429756,7,8,15
0.9506943630429756,7,10,15
0.9506943630429756,7,11,15
0.9506943630429756,7,12,15
0.9506943630429756,7,13,15
0.9508220907411522,3,9,11
0.9509198098013559,9,17,20
0.9515451026569163,78,91
0.9515451026569163,78,80,91
0.9515451026569163,78,85,91
0.9515451026569163,78,88,91
0.9515451026569163,78,89,91
0.9515451026569163,78,90,91
0.9518944308392022,60,65,69
0.9519790399008239,0,6,9
0.9520296345029984,76,84
0.9520296345029984,76,78,84
0.9520296345029984,76,79,84
0.9520296345029984,76,80,84
0.9520296345029984,76,81,84
0.9520296345029984,76,82,84
0.9520296345029984,76,83,84
0.9530096648846227,78,82,91
0.9531200376919411,64,67,71
0.953545707451255,85,92,94
0.9539660490326914,79,87
0.9539660490326914,79,81,87
0.9539660490326914,79,82,87
0.9539660490326914,79,83,87
0.9539660490326914,79,84,87
0.9539660490326914,79,86,87
0.9542495598553071,59,63,67
0.9544377297790572,64,67,73
0.9548223335389975,21,31
0.9548223335389975,20,21,31
0.9548223335389975,21,22,31
0.9548223335389975,21,23,31
0.9548223335389975,21,24,31
0.9548223335389975,21,25,31
0.9548223335389975,21,26,31
0.9548223335389975,21,27,31
0.9548223335389975,21,28,31
0.9548223335389975,21,29,31
0.9548223335389975,21,30,31
0.9552294784470612,76,77,84
0.9554138920384987,84,92
0.9554138920384987,84,86,92
0.9554138920384987,84,87,92
0.9554138920384987,84,88,92
0.9556083346464821,84,89,92
0.9557671561700325,11,21,22
0.9562951796440297,82,86,91
0.9564186889531142,43,54
0.9564186889531142,43,44,54
0.9564186889531142,43,45,54
0.9564186889531142,43,46,54
0.9564186889531142,43,47,54
0.9564186889531142,43,49,54
0.9564186889531142,43,50,54
0.9564186889531142,43,51,54
0.9564186889531142,43,52,54
0.9564186889531142,43,53,54
0.9564186889531142,43,54,55
0.9570314220300299,85,92,95
0.9577202023930476,4,7,99
0.9578629343786483,41,43,48
0.9579061555010391,6,98
0.9579061555010391,0,6,98
0.9579061555010391,1,6,98
0.9579061555010391,2,6,98
0.9579061555010391,3,6,98
0.9579061555010391,4,6,98
0.9579061555010391,5,6,98
0.9580770607500221,51,61
0.9580770607500221,50,51,61
0.9580770607500221,51,52,61
0.9580770607500221,51,53,61
0.9580770607500221,51,54,61
0.9580770607500221,51,55,61
0.9580770607500221,51,56,61
0.9580770607500221,51,57,61
0.9580770607500221,51,60,61
0.9582057087919847,31,39,43
0.9582575733384233,37,41,46
0.9584119048119492,55,69
0.9584119048119492,55,60,69
0.9584119048119492,55,61,69
0.9584119048119492,55,67,69
0.9597738627615969,9,18,22
0.960141070020005,77,78,84
0.9604315363304154,43,48,54
0.9605906087091983,67,71,76
0.9606200524033177,15,16,23
0.9608238586876885,76,84,85
0.9608580140918165,55,64
0.9608580140918165,55,56,64
0.9608580140918165,55,57,64
0.9608580140918165,55,58,64
0.9608580140918165,55,59,64
0.9608580140918165,55,60,64
0.9608580140918165,55,61,64
0.9608580140918165,55,62,64
0.9613459234658446,55,59,67
0.961417865513354,8,16
0.961417865513354,8,9,16
0.961417865513354,8,11,16
0.961417865513354,8,12,16
0.961417865513354,8,13,16
0.961417865513354,8,14,16
0.9616491192602171,78,87
0.9616491192602171,78,80,87
0.9616491192602171,78,81,87
0.9616491192602171,78,82,87
0.9616491192602171,78,83,87
0.9616491192602171,78,84,87
0.9616491192602171,78,85,87
0.9616491192602171,78,87,88
0.9618034540252081,65,67,71
0.9621707820499235,24,27,37
0.9623046731338478,10,15,16
0.9630890911924185,10,16,17
0.9632039032294402,40,49,50
0.9633581755169567,4,13,16
0.9635183948463548,78,87,89
0.9635437441206848,30,40
0.9635437441206848,30,31,40
0.9635437441206848,30,32,40
0.9635437441206848,30,33,40
0.9635437441206848,30,34,40
0.9635437441206848,30,35,40
0.9635437441206848,30,36,40
0.9635437441206848,30,37,40
0.9635437441206848,30,38,40
0.9635437441206848,30,40,42
0.9636915840476621,71,78
0.9636915840476621,71,72,78
0.9636915840476621,71,73,78
0.9636915840476621,71,74,78
0.9636915840476621,71,75,78
0.9636915840476621,71,76,78
0.9637978336675787,8,10,16
0.963955064424601,0,2,11
0.9641359386470765,35,41,45
0.9645255874009477,43,48,55
0.9650531356122979,50,58,61
0.9652577000029369,36,47
0.9652577000029369,36,37,47
0.9652577000029369,36,38,47
0.9652577000029369,36,40,47
0.9652577000029369,36,42,47
0.9652577000029369,36,43,47
0.9652577000029369,36,44,47
0.9652577000029369,36,45,47
0.9652577000029369,36,46,47
0.9653830999455694,49,58
0.9653830999455694,49,51,58
0.9653830999455694,49,53,58
0.9653830999455694,49,54,58
0.9653830999455694,49,55,58
0.9653830999455694,49,56,58
0.9653830999455694,49,57,58
0.9656555169889943,36,39,47
0.9657571943123586,7,14
0.9657571943123586,7,8,14
0.9657571943123586,7,9,14
0.9657571943123586,7,10,14
0.9657571943123586,7,11,14
0.9657571943123586,7,12,14
0.9657571943123586,7,13,14
0.965959260966793,13,22
0.965959260966793,11,13,22
0.965959260966793,13,14,22
0.965959260966793,13,16,22
0.965959260966793,13,17,22
0.965959260966793,13,18,22
0.965959260966793,13,19,22
0.965959260966793,13,20,22
0.9659717532886845,13,21,22
0.966148346654109,79,80,86
0.9673367374911783,64,69,73
0.9673624199300426,40,48,50
0.9675527236663447,86,94
0.9675527236663447,86,87,94
0.9675527236663447,86,88,94
0.9675527236663447,86,89,94
0.9675527236663447,86,92,94
0.9675582867879506,50,59
0.9675582867879506,50,51,59
0.9675582867879506,50,52,59
0.9675582867879506,50,53,59
0.9675582867879506,50,54,59
0.9675582867879506,50,55,59
0.9675582867879506,50,56,59
0.9675582867879506,50,57,59
0.9675582867879506,50,58,59
0.9675582867879506,50,59,60
0.9676299496206158,65,69,70
0.967710976826986,66,75
0.967710976826986,66,68,75
0.967710976826986,66,70,75
0.967710976826986,66,71,75
0.967710976826986,66,72,75
0.967710976826986,66,73,75
0.967710976826986,66,74,75
0.9678358660513131,69,70,75
0.9680527679903171,32,43
0.9680527679903171,31,32,43
0.9680527679903171,32,33,43
0.9680527679903171,32,34,43
0.9680527679903171,32,35,43
0.9680527679903171,32,36,43
0.9680527679903171,32,37,43
0.9680527679903171,32,38,43
0.9680527679903171,32,40,43
0.9680527679903171,32,42,43
0.9682554220506205,19,21,31
0.9684057576148412,42,53
0.9684057576148412,42,43,53
0.9684057576148412,42,44,53
0.9684057576148412,42,45,53
0.9684057576148412,42,46,53
0.9684057576148412,42,47,53
0.9684057576148412,42,48,53
0.9684057576148412,42,49,53
0.9684057576148412,42,50,53
0.9684057576148412,42,51,53
0.9684057576148412,42,52,53
0.9689497117749987,35,46
0.9689497117749987,35,36,46
0.9689497117749987,35,37,46
0.9689497117749987,35,38,46
0.9689497117749987,35,39,46
0.9689497117749987,35,40,46
0.9689497117749987,35,42,46
0.9689497117749987,35,43,46
0.9689497117749987,35,44,46
0.9689497117749987,35,45,46
0.969197347218085,34,41
0.969197347218085,34,35,41
0.969197347218085,34,36,41
0.969197347218085,34,37,41
0.969197347218085,34,38,41
0.969197347218085,34,39,41
0.969197347218085,34,40,41
0.9692254699810915,24,36
0.9692254699810915,24,25,36
0.9692254699810915,24,26,36
0.9692254699810915,24,28,36
0.9692254699810915,24,29,36
0.9692254699810915,24,30,36
0.9692254699810915,24,31,36
0.9692254699810915,24,32,36
0.9692254699810915,24,33,36
0.9692254699810915,24,34,36
0.9692254699810915,24,35,36
0.9692254699810915,24,36,37
0.9692883246152917,34,41,42
0.9693175449560104,50,59,61
0.9693865817491505,30,40,43
0.9699919904202874,6,98,99
0.9699947640464051,71,77,78
0.970244362624969,66,75,76
0.9704711417470457,64,67,72
0.970939591054506,4,7,14
0.970958286798139,24,27,36
0.9711902178615424,56,67
0.9711902178615424,55,56,67
0.9711902178615424,56,57,67
0.9711902178615424,56,60,67
0.9711902178615424,56,61,67
0.9717514074439833,51,58,61
0.9719326718316009,72,78,79
0.9719544911866511,4,8,16
0.9721123777516034,65,67,73
0.9723091897760543,30,32,43
0.9723768726668776,52,57,67
0.9726880868995466,41,49
0.9726880868995466,41,44,49
0.9726880868995466,41,45,49
0.9726880868995466,41,46,49
0.9726880868995466,41,47,49
0.9726880868995466,41,48,49
0.9732255754317949,13,23
0.9732255754317949,13,14,23
0.9732255754317949,13,15,23
0.9732255754317949,13,16,23
0.9732255754317949,13,17,23
0.9732255754317949,13,18,23
0.9732255754317949,13,19,23
0.9732255754317949,13,20,23
0.9732255754317949,13,21,23
0.9734125065787327,51,59,61
0.9737986586547591,40,41,49
0.9738352986423837,59,65,67
0.9739331073754527,79,85,86
0.9742603062348063,56,62,67
0.9743849386142689,1,7,9
0.9748422352513708,3,9,98
0.974858345611704,32,39,43
0.9750166342739032,4,93,99
0.9756889719384845,57,63,67
0.9758523309034753,37,40,50
0.9763206444156836,16,21,30
0.9764346166039252,79,80,87
0.9766544103686127,67,70,76
0.9768313443647013,72,80
0.9768313443647013,72,73,80
0.9768313443647013,72,74,80
0.9768313443647013,72,75,80
0.9768313443647013,72,76,80
0.9768313443647013,72,77,80
0.9768313443647013,72,78,80
0.9768412902402861,56,59,67
0.9776079089797862,78,84,89
0.9777441208272264,81,90
0.9777441208272264,80,81,90
0.9777441208272264,81,82,90
0.9777441208272264,81,85,90
0.9777441208272264,81,88,90
0.9777441208272264,81,89,90
0.9778301172054094,55,64,67
0.9779509904384985,18,28
0.9779509904384985,18,20,28
0.9779509904384985,18,21,28
0.9779509904384985,18,22,28
0.9779509904384985,18,23,28
0.9779509904384985,18,24,28
0.9779509904384985,18,25,28
0.9779509904384985,18,27,28
0.9780250744813273,64,69,71
0.9782175049072993,81,87,90
0.9784276868210481,78,81,90
0.978505049208904,41,42,49
0.9787403685997009,79,85,87
0.9787616267646234,0,6,99
0.9789355625360423,55,66
0.9789355625360423,55,57,66
0.9789355625360423,55,60,66
0.9789355625360423,55,61,66
0.9789355625360423,55,62,66
0.9789355625360423,55,66,67
0.9791673778407507,55,59,66
0.9794078493648057,0,6,11
0.9794548846843899,59,67,68
0.9798892093631206,68,71,78
0.9800032282217137,65,67,72
0.9802245767333815,55,64,66
0.9806505915887935,1,10
0.9806505915887935,1,2,10
0.9806505915887935,1,3,10
0.9806505915887935,1,4,10
0.9806505915887935,1,5,10
0.9806505915887935,1,6,10
0.9806505915887935,1,7,10
0.9806505915887935,1,8,10
0.980658834310058,18,26,28
0.9809072669102347,67,80
0.9809072669102347,67,69,80
0.9809072669102347,67,76,80
0.9809072669102347,67,78,80
0.9813693200500405,8,17
0.9813693200500405,8,10,17
0.9813693200500405,8,11,17
0.9813693200500405,8,12,17
0.9813693200500405,8,13,17
0.9813693200500405,8,14,17
0.9813693200500405,8,15,17
0.981775988334398,71,79
0.981775988334398,71,72,79
0.981775988334398,71,73,79
0.981775988334398,71,74,79
0.981775988334398,71,75,79
0.981775988334398,71,76,79
0.981775988334398,71,77,79
0.9840547474577327,87,96
0.9840547474577327,87,88,96
0.9840547474577327,87,89,96
0.9840547474577327,87,92,96
0.9840547474577327,87,93,96
0.9840547474577327,87,94,96
0.9840547474577327,87,95,96
0.9841245314731315,10,16,18
0.9841775681272479,39,48
0.9841775681272479,39,40,48
0.9841775681272479,39,41,48
0.9841775681272479,39,42,48
0.9841775681272479,39,44,48
0.9841775681272479,39,45,48
0.9841775681272479,39,46,48
0.9841775681272479,39,47,48
0.9842001554228024,55,56,66
0.9845285822861568,84,91
0.9845285822861568,82,84,91
0.9845285822861568,84,85,91
0.9845285822861568,84,86,91
0.9845285822861568,84,87,91
0.9845285822861568,84,88,91
0.9845285822861568,84,89,91
0.9846086499389968,87,91,96
0.9856974387073729,13,22,23
0.9860553710772171,28,38
0.9860553710772171,28,29,38
0.9860553710772171,28,31,38
0.9860553710772171,28,32,38
0.9860553710772171,28,33,38
0.9860553710772171,28,34,38
0.9860553710772171,28,35,38
0.9860553710772171,28,36,38
0.9860553710772171,28,37,38
0.9860632634456372,28,30,38
0.9861008885254571,17,26
0.9861008885254571,16,17,26
0.9861008885254571,17,18,26
0.9861008885254571,17,19,26
0.9861008885254571,17,20,26
0.9861008885254571,17,21,26
0.9861008885254571,17,22,26
0.9861008885254571,17,23,26
0.9861008885254571,17,24,26
0.9861008885254571,17,25,26
0.9865162051608481,1,11
0.9865162051608481,1,2,11
0.9865162051608481,1,3,11
0.9865162051608481,1,4,11
0.9865162051608481,1,5,11
0.9865162051608481,1,6,11
0.9865162051608481,1,7,11
0.9865162051608481,1,8,11
0.9867326080843071,39,43,48
0.9868230436208858,1,9,11
0.9868611319023277,33,44
0.9868611319023277,33,34,44
0.9868611319023277,33,35,44
0.9868611319023277,33,36,44
0.9868611319023277,33,37,44
0.9868611319023277,33,38,44
0.9868611319023277,33,39,44
0.9868611319023277,33,40,44
0.9868611319023277,33,42,44
0.9868611319023277,33,43,44
0.9869786103493607,4,91
0.9869786103493607,0,4,91
0.9869786103493607,4,91,93
0.9869786103493607,4,91,98
0.9869795637512928,4,91,95
0.9871627088123847,5,96
0.9871627088123847,1,5,96
0.9871627088123847,2,5,96
0.9871627088123847,3,5,96
0.9871627088123847,5,96,97
0.9871627088123847,5,96,98
0.9871627088123847,5,96,99
0.9875167217793456,14,17,26
0.9878671235727368,3,94
0.9878671235727368,1,3,94
0.9878671235727368,2,3,94
0.9878671235727368,3,94,95
0.9878671235727368,3,94,96
0.9878671235727368,3,94,97
0.9878671235727368,3,94,98
0.9878671235727368,3,94,99
0.987905862675935,86,90
0.987905862675935,85,86,90
0.987905862675935,86,87,90
0.987905862675935,86,88,90
0.987905862675935,86,89,90
0.987905862675935,86,90,91
0.988472507077655,9,10,17
0.9885965551727477,65,74
0.9885965551727477,65,66,74
0.9885965551727477,65,68,74
0.9885965551727477,65,70,74
0.9885965551727477,65,71,74
0.9885965551727477,65,72,74
0.9885965551727477,65,73,74
0.9886257996711582,3,12
0.9886257996711582,3,5,12
0.9886257996711582,3,6,12
0.9886257996711582,3,7,12
0.9886257996711582,3,8,12
0.9886257996711582,3,10,12
0.9886257996711582,3,11,12
0.9886280563871344,3,4,12
0.9892113889873616,46,57
0.9892113889873616,46,47,57
0.9892113889873616,46,48,57
0.9892113889873616,46,49,57
0.9892113889873616,46,50,57
0.9892113889873616,46,51,57
0.9892113889873616,46,52,57
0.9892113889873616,46,53,57
0.9892113889873616,46,54,57
0.9892113889873616,46,55,57
0.9892113889873616,46,56,57
0.9892187984300197,3,9,10
0.9902208527829723,82,86,90
0.9902285343667345,56,64,67
0.9911223674545449,49,50,58
0.9916894150742068,0,7
0.9916894150742068,0,1,7
0.9916894150742068,0,2,7
0.9916894150742068,0,3,7
0.9916894150742068,0,4,7
0.9916894150742068,0,5,7
0.9916894150742068,0,6,7
0.9916894150742068,0,7,8
0.9917956395913198,0,3,11
0.9918387112813716,66,69,75
0.9921538505862098,34,45
0.9921538505862098,34,35,45
0.9921538505862098,34,36,45
0.9921538505862098,34,37,45
0.9921538505862098,34,38,45
0.9921538505862098,34,39,45
0.9921538505862098,34,40,45
0.9921538505862098,34,42,45
0.9921538505862098,34,43,45
0.9921538505862098,34,44,45
0.9923080561408926,64,69,72
0.9924368827248498,56,66,67
0.9929376367005431,65,69,73
0.9930005187831262,9,15
0.9930005187831262,9,10,15
0.9930005187831262,9,11,15
0.9930005187831262,9,12,15
0.9930005187831262,9,13,15
0.9930005187831262,9,14,15
0.9930005187831262,9,15,16
0.9930005187831262,9,15,17
0.9934062929485175,34,41,44
0.9937118144237348,42,55
0.9937118144237348,42,43,55
0.9937118144237348,42,44,55
0.9937118144237348,42,45,55
0.9937118144237348,42,46,55
0.9937118144237348,42,47,55
0.9937118144237348,42,50,55
0.9937118144237348,42,52,55
0.9937740507496127,4,5,96
0.9939132453117019,65,69,71
0.994279683498211,42,49,55
0.9942914621943685,9,13,22
0.9950425297215484,9,17,22
0.9954013243152242,0,14
0.9954013243152242,0,4,14
0.9954013243152242,0,9,14
0.9954013243152242,0,11,14
0.9954842007445739,0,1,11
0.9959904583539269,83,91
0.9959904583539269,82,83,91
0.9959904583539269,83,84,91
0.9959904583539269,83,85,91
0.9959904583539269,83,87,91
0.9959904583539269,83,88,91
0.9959904583539269,83,89,91
0.9960551333796901,55,58,66
0.9964572049958512,83,86,91
0.9967113031771229,2,9,10
0.9969853133920603,34,41,43
0.9976912587699613,0,5,96
0.9976915823845622,6,14
0.9976915823845622,4,6,14
0.9976915823845622,6,7,14
0.9976915823845622,6,8,14
0.9976915823845622,6,9,14
0.9976915823845622,6,10,14
0.9976915823845622,6,11,14
0.9976915823845622,6,12,14
0.9976915823845622,6,13,14
0.9977063745461989,9,15,18
0.9978770619405879,42,51,55
0.998458598714488,42,53,55
0.9991738589388278,22,35
0.9991738589388278,22,24,35
0.9991738589388278,22,25,35
0.9991738589388278,22,26,35
0.9991738589388278,22,28,35
0.9991738589388278,22,29,35
0.9991738589388278,22,30,35
0.9991738589388278,22,31,35
0.9991738589388278,22,32,35
0.9991738589388278,22,33,35
0.9991738589388278,22,34,35
0.9997867694404925,22,27,35
0.9997886101078943,56,65
0.9997886101078943,56,57,65
0.9997886101078943,56,58,65
0.9997886101078943,56,59,65
0.9997886101078943,56,60,65
0.9997886101078943,56,62,65
0.9997886101078943,56,63,65
0.9997886101078943,56,64,65
0.9997889418920223,56,65,66
0.9998076989820406,18,19,28
