0,358,500
0,121,501
0,210,502
0,411,503
0,394,504
0,471,505
0,385,506
0,263,507
0,436,508
0,484,509
0,284,510
0,498,511
0,486,512
0,368,513
0,470,514
0,481,515
0,460,516
0,175,517
0,375,518
0,448,519
0,437,520
0,329,521
0,271,522
0,292,523
0,139,524
0,395,525
0,134,526
0,488,527
0,485,528
0,177,531
0,417,534
0,105,535
0,343,536
0,34,537
0,157,538
0,291,539
0,364,540
0,360,541
0,255,542
0,246,543
0,252,544
0,397,545
0,324,546
0,103,547
0,286,548
0,135,549
0,405,550
0,247,551
0,296,552
0,304,553
0,494,554
0,439,555
0,404,556
0,419,557
0,480,558
0,463,559
0,482,560
0,387,561
0,109,562
0,382,563
0,301,564
0,323,565
0,149,566
0,182,567
0,287,568
0,295,569
0,492,570
0,493,571
0,392,574
0,474,575
0,393,576
0,399,577
0,462,578
0,122,579
0,238,584
0,497,587
0,179,588
0,243,591
0,355,594
0,388,595
0,140,596
0,198,597
0,217,598
0,193,599
0,85,600
0,389,601
0,315,602
0,150,603
0,328,604
0,272,605
0,479,606
0,310,607
0,174,608
0,202,609
0,326,610
0,369,611
0,407,612
0,423,613
0,424,614
0,366,615
0,381,616
0,332,617
0,338,618
0,468,623
0,251,624
0,77,625
0,59,626
0,159,627
0,443,628
0,444,629
0,422,634
0,449,635
0,459,638
0,70,639
0,215,640
0,426,641
0,430,642
0,372,645
0,363,646
0,429,649
0,231,650
0,402,651
0,383,654
0,376,655
0,212,656
0,86,660
0,337,661
0,455,662
0,222,663
0,274,664
0,196,665
0,391,666
0,496,667
0,288,668
0,379,669
0,483,674
0,218,675
0,176,678
0,145,679
0,396,680
0,248,681
0,384,682
0,282,683
0,235,684
0,74,687
0,319,688
0,117,689
0,374,692
0,138,694
0,321,695
0,433,696
0,427,699
0,441,702
0,318,703
0,464,706
0,106,707
0,469,708
0,194,711
0,289,712
0,190,716
0,415,717
0,23,720
0,151,728
0,331,733
0,167,734
0,234,735
0,435,736
0,293,740
0,244,741
0,409,742
0,280,743
0,112,744
0,428,747
0,249,750
0,352,751
0,67,754
0,155,755
0,178,758
0,171,765
0,491,768
0,126,769
0,146,770
0,237,775
0,281,776
0,305,777
0,68,778
0,250,783
0,278,786
0,334,787
0,268,791
0,172,792
0,185,795
0,153,796
0,410,805
0,123,808
0,290,809
0,201,812
0,373,813
0,309,819
0,162,820
0,453,821
0,349,826
0,367,827
0,120,828
0,350,829
0,99,832
0,490,833
0,472,834
0,458,837
0,336,838
0,124,839
0,265,844
0,91,850
0,275,851
0,260,852
0,236,853
0,461,854
0,342,855
0,128,858
0,467,859
0,227,860
0,160,861
0,412,862
0,416,863
0,401,864
0,311,865
0,206,868
0,380,876
0,446,879
0,232,880
0,277,886
0,107,892
0,40,893
0,440,898
0,97,902
0,477,906
0,25,908
0,184,913
0,473,914
0,7,915
0,96,916
0,245,935
0,386,936
0,132,939
0,73,943
0,353,946
0,12,947
0,378,948
0,84,954
0,144,958
0,325,961
0,413,962
0,136,963
0,390,964
0,216,965
0,438,968
0,164,974
0,361,980
0,78,983
0,38,993
0,119,996
0,197,997
0,181,998
0,148,1001
0,347,1004
0,199,1011
0,98,1018
0,335,1022
0,45,1023
0,4,1024
0,173,1025
0,330,1027
0,489,1028
0,456,1037
0,442,1046
0,94,1047
0,406,1059
0,420,1067
0,131,1071
0,183,1074
0,259,1080
0,302,1082
0,466,1085
0,224,1096
0,42,1097
0,203,1112
0,308,1119
0,450,1120
0,340,1121
0,322,1126
0,32,1127
0,362,1128
0,226,1133
0,414,1134
0,306,1135
0,283,1136
0,351,1137
0,403,1140
0,447,1145
0,142,1146
0,200,1147
0,359,1148
0,95,1151
0,475,1156
0,5,1157
0,207,1158
0,300,1159
0,87,1160
0,418,1161
0,354,1162
0,81,1165
0,209,1168
0,348,1179
0,169,1180
0,47,1183
0,299,1192
0,88,1198
0,221,1212
0,257,1216
0,316,1221
0,298,1233
0,22,1234
0,156,1247
0,83,1248
0,370,1249
0,80,1250
0,63,1261
0,72,1265
0,165,1266
0,65,1269
0,303,1274
0,58,1281
0,188,1282
0,127,1285
0,100,1288
0,219,1289
0,195,1290
0,168,1291
0,267,1292
0,242,1300
0,377,1303
0,143,1304
0,114,1315
0,50,1316
0,30,1327
0,408,1333
0,229,1337
0,285,1338
0,266,1345
0,104,1346
0,434,1349
0,33,1350
0,69,1357
0,29,1358
0,341,1359
0,93,1360
0,52,1361
0,208,1362
0,20,1372
0,317,1379
0,256,1380
0,233,1387
0,262,1388
0,225,1389
0,241,1390
0,21,1391
0,129,1407
0,36,1408
0,71,1423
0,213,1426
0,432,1427
0,211,1428
0,365,1432
0,297,1437
0,166,1438
0,35,1445
0,163,1448
0,445,1459
0,223,1461
0,102,1462
0,339,1465
0,101,1476
0,130,1479
0,18,1480
0,49,1491
0,37,1497
0,39,1500
0,421,1501
0,451,1525
0,161,1528
0,258,1529
0,14,1541
0,141,1547
0,398,1550
0,189,1553
0,344,1556
0,240,1557
0,346,1563
0,454,1564
0,452,1568
0,76,1574
0,312,1593
0,113,1594
0,108,1600
0,400,1601
0,220,1602
0,230,1603
0,187,1655
0,57,1667
0,170,1680
0,110,1683
0,28,1688
0,431,1689
0,9,1706
0,152,1729
0,273,1730
0,276,1731
0,17,1735
0,133,1747
0,41,1749
0,476,1759
0,92,1762
0,228,1771
0,371,1772
0,214,1775
0,10,1776
0,270,1777
0,499,1778
0,66,1779
0,61,1785
0,48,1788
0,1,1789
0,31,1792
0,11,1793
0,79,1837
0,55,1841
0,13,1842
0,125,1851
0,44,1856
0,89,1858
0,19,1867
0,345,1874
0,357,1879
0,478,1890
0,327,1891
0,333,1895
0,465,1896
0,457,1907
0,205,1939
0,186,1942
0,307,1986
0,254,2013
0,64,2014
0,62,2029
0,313,2030
0,191,2055
0,8,2056
0,6,2059
0,3,2068
0,320,2085
0,56,2086
0,51,2127
0,43,2174
0,487,2218
0,204,2219
0,269,2220
0,294,2242
0,53,2249
0,425,2265
0,16,2274
0,115,2300
0,261,2321
0,137,2328
0,279,2352
0,90,2403
0,60,2410
0,111,2424
0,180,2436
0,147,2495
0,24,2506
0,46,2565
0,75,2571
0,158,2625
0,2,2659
0,26,2707
0,356,2743
0,239,2749
0,82,2777
0,192,2850
0,253,2872
0,154,2940
0,314,3000
0,116,3033
0,495,3171
0,118,3175
0,15,3176
0,264,3296
0,27,4650
0,54,7204
0,529,
0,532,
0,572,
0,580,
0,582,
0,585,
0,589,
0,592,
0,619,
0,621,
0,630,
0,632,
0,636,
0,643,
0,647,
0,652,
0,657,
0,670,
0,672,
0,676,
0,685,
0,690,
0,693,
0,697,
0,700,
0,704,
0,709,
0,713,
0,718,
0,721,
0,724,
0,726,
0,729,
0,731,
0,737,
0,745,
0,748,
0,752,
0,756,
0,759,
0,762,
0,766,
0,771,
0,773,
0,779,
0,781,
0,784,
0,788,
0,793,
0,797,
0,799,
0,801,
0,803,
0,806,
0,810,
0,814,
0,817,
0,822,
0,824,
0,830,
0,835,
0,840,
0,842,
0,845,
0,848,
0,856,
0,866,
0,869,
0,871,
0,874,
0,877,
0,881,
0,883,
0,887,
0,889,
0,894,
0,899,
0,903,
0,907,
0,909,
0,911,
0,917,
0,921,
0,924,
0,926,
0,928,
0,930,
0,933,
0,937,
0,940,
0,944,
0,949,
0,951,
0,955,
0,959,
0,966,
0,969,
0,971,
0,973,
0,975,
0,978,
0,981,
0,984,
0,986,
0,989,
0,991,
0,994,
0,999,
0,1002,
0,1005,
0,1007,
0,1009,
0,1012,
0,1014,
0,1016,
0,1019,
0,1020,
0,1026,
0,1029,
0,1031,
0,1035,
0,1038,
0,1041,
0,1044,
0,1048,
0,1050,
0,1052,
0,1054,
0,1056,
0,1060,
0,1064,
0,1068,
0,1072,
0,1075,
0,1078,
0,1081,
0,1083,
0,1086,
0,1088,
0,1090,
0,1094,
0,1098,
0,1102,
0,1104,
0,1109,
0,1113,
0,1116,
0,1122,
0,1129,
0,1138,
0,1141,
0,1144,
0,1149,
0,1152,
0,1154,
0,1163,
0,1166,
0,1169,
0,1171,
0,1174,
0,1177,
0,1181,
0,1184,
0,1189,
0,1190,
0,1193,
0,1196,
0,1199,
0,1201,
0,1203,
0,1207,
0,1210,
0,1213,
0,1217,
0,1222,
0,1225,
0,1230,
0,1235,
0,1237,
0,1240,
0,1244,
0,1251,
0,1254,
0,1259,
0,1262,
0,1267,
0,1270,
0,1272,
0,1275,
0,1278,
0,1283,
0,1286,
0,1293,
0,1297,
0,1298,
0,1301,
0,1305,
0,1308,
0,1309,
0,1317,
0,1319,
0,1321,
0,1324,
0,1328,
0,1330,
0,1334,
0,1339,
0,1341,
0,1343,
0,1347,
0,1351,
0,1354,
0,1363,
0,1368,
0,1373,
0,1375,
0,1377,
0,1381,
0,1385,
0,1392,
0,1394,
0,1396,
0,1400,
0,1402,
0,1409,
0,1413,
0,1415,
0,1419,
0,1421,
0,1424,
0,1429,
0,1430,
0,1433,
0,1434,
0,1439,
0,1442,
0,1446,
0,1449,
0,1452,
0,1456,
0,1458,
0,1460,
0,1463,
0,1466,
0,1469,
0,1471,
0,1473,
0,1477,
0,1481,
0,1483,
0,1486,
0,1489,
0,1492,
0,1495,
0,1498,
0,1502,
0,1504,
0,1507,
0,1509,
0,1512,
0,1515,
0,1519,
0,1521,
0,1523,
0,1526,
0,1530,
0,1535,
0,1538,
0,1542,
0,1544,
0,1548,
0,1551,
0,1554,
0,1558,
0,1565,
0,1569,
0,1575,
0,1579,
0,1582,
0,1584,
0,1586,
0,1589,
0,1591,
0,1595,
0,1597,
0,1604,
0,1606,
0,1611,
0,1613,
0,1615,
0,1619,
0,1620,
0,1623,
0,1625,
0,1627,
0,1631,
0,1632,
0,1637,
0,1639,
0,1644,
0,1646,
0,1651,
0,1653,
0,1656,
0,1660,
0,1662,
0,1664,
0,1665,
0,1668,
0,1672,
0,1676,
0,1678,
0,1681,
0,1684,
0,1690,
0,1692,
0,1694,
0,1696,
0,1698,
0,1701,
0,1703,
0,1707,
0,1708,
0,1712,
0,1714,
0,1716,
0,1718,
0,1720,
0,1722,
0,1724,
0,1726,
0,1727,
0,1732,
0,1734,
0,1736,
0,1740,
0,1745,
0,1748,
0,1750,
0,1752,
0,1754,
0,1756,
0,1758,
0,1760,
0,1763,
0,1767,
0,1769,
0,1773,
0,1780,
0,1783,
0,1786,
0,1790,
0,1794,
0,1796,
0,1799,
0,1802,
0,1807,
0,1811,
0,1813,
0,1815,
0,1818,
0,1822,
0,1823,
0,1826,
0,1828,
0,1830,
0,1833,
0,1834,
0,1838,
0,1840,
0,1843,
0,1845,
0,1846,
0,1849,
0,1852,
0,1854,
0,1857,
0,1859,
0,1862,
0,1868,
0,1870,
0,1872,
0,1875,
0,1877,
0,1880,
0,1882,
0,1884,
0,1886,
0,1888,
0,1892,
0,1897,
0,1898,
0,1900,
0,1902,
0,1903,
0,1904,
0,1908,
0,1910,
0,1913,
0,1916,
0,1920,
0,1923,
0,1926,
0,1928,
0,1931,
0,1933,
0,1935,
0,1937,
0,1940,
0,1943,
0,1946,
0,1949,
0,1951,
0,1955,
0,1957,
0,1960,
0,1962,
0,1965,
0,1967,
0,1968,
0,1970,
0,1973,
0,1975,
0,1979,
0,1982,
0,1985,
0,1987,
0,1990,
0,1993,
0,1996,
0,2002,
0,2005,
0,2007,
0,2009,
0,2012,
0,2015,
0,2018,
0,2020,
0,2022,
0,2024,
0,2026,
0,2031,
0,2032,
0,2035,
0,2040,
0,2042,
0,2045,
0,2047,
0,2053,
0,2057,
0,2060,
0,2061,
0,2063,
0,2066,
0,2069,
0,2071,
0,2075,
0,2078,
0,2080,
0,2087,
0,2089,
0,2091,
0,2096,
0,2099,
0,2100,
0,2101,
0,2106,
0,2108,
0,2110,
0,2114,
0,2117,
0,2120,
0,2126,
0,2128,
0,2131,
0,2133,
0,2136,
0,2139,
0,2142,
0,2146,
0,2152,
0,2155,
0,2159,
0,2163,
0,2165,
0,2167,
0,2169,
0,2171,
0,2172,
0,2175,
0,2176,
0,2180,
0,2183,
0,2186,
0,2190,
0,2193,
0,2200,
0,2204,
0,2207,
0,2210,
0,2213,
0,2221,
0,2223,
0,2225,
0,2229,
0,2231,
0,2233,
0,2235,
0,2240,
0,2243,
0,2247,
0,2250,
0,2253,
0,2255,
0,2257,
0,2260,
0,2262,
0,2266,
0,2271,
0,2275,
0,2276,
0,2278,
0,2280,
0,2282,
0,2284,
0,2286,
0,2289,
0,2292,
0,2294,
0,2296,
0,2298,
0,2301,
0,2303,
0,2306,
0,2308,
0,2311,
0,2313,
0,2315,
0,2322,
0,2324,
0,2325,
0,2329,
0,2331,
0,2333,
0,2335,
0,2336,
0,2337,
0,2338,
0,2341,
0,2343,
0,2345,
0,2348,
0,2353,
0,2358,
0,2360,
0,2362,
0,2366,
0,2368,
0,2372,
0,2377,
0,2378,
0,2380,
0,2385,
0,2388,
0,2390,
0,2391,
0,2394,
0,2396,
0,2399,
0,2401,
0,2404,
0,2406,
0,2408,
0,2411,
0,2415,
0,2418,
0,2421,
0,2425,
0,2427,
0,2431,
0,2434,
0,2437,
0,2441,
0,2445,
0,2451,
0,2454,
0,2455,
0,2456,
0,2458,
0,2461,
0,2465,
0,2467,
0,2473,
0,2476,
0,2480,
0,2485,
0,2487,
0,2488,
0,2496,
0,2500,
0,2502,
0,2504,
0,2507,
0,2509,
0,2511,
0,2514,
0,2516,
0,2519,
0,2521,
0,2523,
0,2526,
0,2529,
0,2531,
0,2533,
0,2535,
0,2538,
0,2540,
0,2543,
0,2547,
0,2549,
0,2552,
0,2554,
0,2558,
0,2562,
0,2566,
0,2572,
0,2575,
0,2577,
0,2579,
0,2580,
0,2584,
0,2587,
0,2590,
0,2592,
0,2594,
0,2595,
0,2597,
0,2599,
0,2601,
0,2608,
0,2609,
0,2612,
0,2613,
0,2616,
0,2617,
0,2621,
0,2623,
0,2626,
0,2630,
0,2631,
0,2636,
0,2639,
0,2643,
0,2646,
0,2648,
0,2651,
0,2654,
0,2657,
0,2660,
0,2661,
0,2667,
0,2669,
0,2672,
0,2675,
0,2676,
0,2679,
0,2682,
0,2684,
0,2686,
0,2689,
0,2692,
0,2694,
0,2697,
0,2702,
0,2703,
0,2708,
0,2711,
0,2714,
0,2716,
0,2718,
0,2723,
0,2729,
0,2736,
0,2744,
0,2750,
0,2752,
0,2756,
0,2757,
0,2761,
0,2764,
0,2765,
0,2767,
0,2770,
0,2778,
0,2781,
0,2783,
0,2784,
0,2787,
0,2789,
0,2792,
0,2794,
0,2799,
0,2803,
0,2807,
0,2809,
0,2813,
0,2818,
0,2820,
0,2823,
0,2824,
0,2829,
0,2831,
0,2832,
0,2833,
0,2840,
0,2843,
0,2844,
0,2851,
0,2856,
0,2858,
0,2861,
0,2867,
0,2870,
0,2873,
0,2878,
0,2881,
0,2883,
0,2886,
0,2890,
0,2895,
0,2898,
0,2902,
0,2903,
0,2908,
0,2911,
0,2914,
0,2916,
0,2919,
0,2922,
0,2925,
0,2927,
0,2931,
0,2934,
0,2935,
0,2941,
0,2942,
0,2949,
0,2953,
0,2956,
0,2957,
0,2961,
0,2964,
0,2967,
0,2969,
0,2973,
0,2976,
0,2979,
0,2982,
0,2983,
0,2985,
0,2987,
0,2991,
0,2993,
0,2998,
0,3001,
0,3006,
0,3011,
0,3015,
0,3019,
0,3022,
0,3025,
0,3029,
0,3034,
0,3040,
0,3045,
0,3047,
0,3049,
0,3052,
0,3058,
0,3063,
0,3066,
0,3072,
0,3073,
0,3078,
0,3079,
0,3081,
0,3083,
0,3088,
0,3093,
0,3096,
0,3100,
0,3105,
0,3108,
0,3113,
0,3114,
0,3118,
0,3122,
0,3128,
0,3129,
0,3135,
0,3138,
0,3141,
0,3143,
0,3146,
0,3150,
0,3154,
0,3156,
0,3159,
0,3162,
0,3169,
0,3172,
0,3173,
0,3177,
0,3180,
0,3183,
0,3186,
0,3188,
0,3191,
0,3195,
0,3198,
0,3201,
0,3206,
0,3207,
0,3209,
0,3210,
0,3211,
0,3213,
0,3214,
0,3218,
0,3222,
0,3229,
0,3231,
0,3234,
0,3238,
0,3241,
0,3244,
0,3247,
0,3249,
0,3254,
0,3258,
0,3263,
0,3264,
0,3266,
0,3269,
0,3273,
0,3276,
0,3279,
0,3285,
0,3288,
0,3290,
0,3293,
0,3297,
0,3301,
0,3305,
0,3309,
0,3317,
0,3320,
0,3322,
0,3323,
0,3324,
0,3326,
0,3328,
0,3333,
0,3337,
0,3339,
0,3344,
0,3347,
0,3350,
0,3352,
0,3354,
0,3358,
0,3362,
0,3364,
0,3366,
0,3368,
0,3373,
0,3376,
0,3380,
0,3383,
0,3387,
0,3392,
0,3395,
0,3396,
0,3398,
0,3401,
0,3404,
0,3409,
0,3411,
0,3414,
0,3418,
0,3420,
0,3422,
0,3425,
0,3428,
0,3430,
0,3432,
0,3434,
0,3439,
0,3446,
0,3449,
0,3453,
0,3454,
0,3459,
0,3461,
0,3462,
0,3465,
0,3466,
0,3468,
0,3473,
0,3481,
0,3485,
0,3487,
0,3490,
0,3493,
0,3498,
0,3500,
0,3501,
0,3503,
0,3506,
0,3511,
0,3513,
0,3517,
0,3520,
0,3522,
0,3526,
0,3527,
0,3531,
0,3534,
0,3537,
0,3538,
0,3543,
0,3547,
0,3549,
0,3552,
0,3554,
0,3558,
0,3563,
0,3569,
0,3572,
0,3578,
0,3581,
0,3582,
0,3583,
0,3585,
0,3588,
0,3590,
0,3593,
0,3595,
0,3598,
0,3599,
0,3602,
0,3603,
0,3607,
0,3608,
0,3614,
0,3616,
0,3621,
0,3625,
0,3627,
0,3631,
0,3635,
0,3640,
0,3645,
0,3650,
0,3656,
0,3660,
0,3662,
0,3667,
0,3669,
0,3672,
0,3676,
0,3681,
0,3682,
0,3688,
0,3693,
0,3695,
0,3699,
0,3705,
0,3708,
0,3714,
0,3717,
0,3720,
0,3721,
0,3723,
0,3726,
0,3728,
0,3730,
0,3732,
0,3736,
0,3739,
0,3743,
0,3744,
0,3745,
0,3748,
0,3750,
0,3753,
0,3760,
0,3764,
0,3768,
0,3772,
0,3775,
0,3778,
0,3780,
0,3784,
0,3788,
0,3793,
0,3796,
0,3804,
0,3805,
0,3809,
0,3811,
0,3813,
0,3817,
0,3819,
0,3827,
0,3830,
0,3833,
0,3835,
0,3838,
0,3844,
0,3846,
0,3849,
0,3851,
0,3852,
0,3855,
0,3859,
0,3862,
0,3865,
0,3867,
0,3872,
0,3875,
0,3879,
0,3880,
0,3883,
0,3885,
0,3888,
0,3892,
0,3894,
0,3896,
0,3901,
0,3905,
0,3910,
0,3912,
0,3915,
0,3919,
0,3923,
0,3928,
0,3931,
0,3932,
0,3936,
0,3938,
0,3940,
0,3948,
0,3951,
0,3952,
0,3954,
0,3955,
0,3959,
0,3962,
0,3965,
0,3968,
0,3973,
0,3977,
0,3981,
0,3986,
0,3991,
0,3996,
0,3999,
0,4004,
0,4007,
0,4010,
0,4015,
0,4018,
0,4021,
0,4023,
0,4026,
0,4028,
0,4031,
0,4033,
0,4036,
0,4042,
0,4045,
0,4050,
0,4055,
0,4057,
0,4062,
0,4064,
0,4070,
0,4073,
0,4079,
0,4081,
0,4085,
0,4088,
0,4092,
0,4098,
0,4101,
0,4107,
0,4110,
0,4112,
0,4116,
0,4118,
0,4121,
0,4125,
0,4126,
0,4129,
0,4131,
0,4135,
0,4139,
0,4141,
0,4143,
0,4149,
0,4155,
0,4162,
0,4165,
0,4167,
0,4171,
0,4175,
0,4178,
0,4184,
0,4186,
0,4187,
0,4190,
0,4193,
0,4199,
0,4206,
0,4208,
0,4212,
0,4214,
0,4219,
0,4222,
0,4226,
0,4229,
0,4235,
0,4238,
0,4244,
0,4249,
0,4252,
0,4257,
0,4261,
0,4269,
0,4276,
0,4279,
0,4282,
0,4284,
0,4287,
0,4290,
0,4295,
0,4299,
0,4305,
0,4307,
0,4309,
0,4310,
0,4313,
0,4316,
0,4319,
0,4323,
0,4326,
0,4330,
0,4332,
0,4335,
0,4341,
0,4344,
0,4350,
0,4353,
0,4355,
0,4358,
0,4362,
0,4367,
0,4374,
0,4375,
0,4380,
0,4385,
0,4390,
0,4395,
0,4396,
0,4400,
0,4404,
0,4409,
0,4411,
0,4414,
0,4421,
0,4423,
0,4426,
0,4430,
0,4432,
0,4435,
0,4443,
0,4449,
0,4451,
0,4456,
0,4458,
0,4462,
0,4468,
0,4470,
0,4476,
0,4482,
0,4486,
0,4490,
0,4492,
0,4500,
0,4504,
0,4507,
0,4508,
0,4512,
0,4516,
0,4517,
0,4524,
0,4530,
0,4534,
0,4536,
0,4539,
0,4543,
0,4545,
0,4548,
0,4551,
0,4554,
0,4556,
0,4562,
0,4565,
0,4568,
0,4570,
0,4575,
0,4578,
0,4583,
0,4590,
0,4594,
0,4595,
0,4603,
0,4610,
0,4617,
0,4619,
0,4622,
0,4627,
0,4632,
0,4637,
0,4641,
0,4646,
0,4648,
0,4651,
0,4653,
0,4655,
0,4659,
0,4662,
0,4666,
0,4671,
0,4676,
0,4679,
0,4683,
0,4690,
0,4694,
0,4696,
0,4698,
0,4704,
0,4707,
0,4710,
0,4716,
0,4717,
0,4718,
0,4726,
0,4727,
0,4730,
0,4734,
0,4736,
0,4743,
0,4745,
0,4751,
0,4755,
0,4758,
0,4764,
0,4768,
0,4775,
0,4781,
0,4784,
0,4785,
0,4787,
0,4789,
0,4791,
0,4793,
0,4798,
0,4801,
0,4804,
0,4809,
0,4810,
0,4814,
0,4815,
0,4818,
0,4824,
0,4828,
0,4833,
0,4835,
0,4841,
0,4846,
0,4851,
0,4853,
0,4856,
0,4861,
0,4866,
0,4871,
0,4876,
0,4881,
0,4882,
0,4885,
0,4887,
0,4891,
0,4893,
0,4896,
0,4898,
0,4904,
0,4906,
0,4911,
0,4913,
0,4915,
0,4917,
0,4919,
0,4924,
0,4927,
0,4929,
0,4931,
0,4933,
0,4937,
0,4942,
0,4946,
0,4949,
0,4953,
0,4961,
0,4963,
0,4969,
0,4971,
0,4975,
0,4978,
0,4981,
0,4985,
0,4989,
0,4992,
0,4994,
0,4997,
0,5004,
0,5008,
0,5010,
0,5017,
0,5020,
0,5023,
0,5031,
0,5035,
0,5039,
0,5044,
0,5048,
0,5049,
0,5054,
0,5058,
0,5063,
0,5066,
0,5072,
0,5077,
0,5081,
0,5086,
0,5093,
0,5098,
0,5103,
0,5106,
0,5111,
0,5114,
0,5115,
0,5119,
0,5123,
0,5126,
0,5130,
0,5137,
0,5146,
0,5152,
0,5156,
0,5158,
0,5163,
0,5166,
0,5173,
0,5175,
0,5178,
0,5183,
0,5186,
0,5190,
0,5194,
0,5197,
0,5204,
0,5209,
0,5213,
0,5218,
0,5220,
0,5225,
0,5226,
0,5230,
0,5233,
0,5236,
0,5240,
0,5243,
0,5248,
0,5251,
0,5255,
0,5260,
0,5264,
0,5265,
0,5271,
0,5275,
0,5279,
0,5281,
0,5284,
0,5288,
0,5293,
0,5296,
0,5298,
0,5302,
0,5308,
0,5311,
0,5314,
0,5320,
0,5324,
0,5328,
0,5332,
0,5337,
0,5340,
0,5343,
0,5346,
0,5350,
0,5353,
0,5356,
0,5357,
0,5360,
0,5364,
0,5366,
0,5370,
0,5373,
0,5376,
0,5380,
0,5383,
0,5388,
0,5393,
0,5398,
0,5403,
0,5406,
0,5410,
0,5416,
0,5420,
0,5423,
0,5429,
0,5434,
0,5438,
0,5443,
0,5446,
0,5448,
0,5451,
0,5454,
0,5462,
0,5466,
0,5470,
0,5476,
0,5481,
0,5483,
0,5487,
0,5489,
0,5491,
0,5494,
0,5500,
0,5503,
0,5505,
0,5510,
0,5512,
0,5513,
0,5522,
0,5526,
0,5528,
0,5532,
0,5536,
0,5539,
0,5540,
0,5548,
0,5555,
0,5561,
0,5563,
0,5568,
0,5575,
0,5579,
0,5581,
0,5585,
0,5591,
0,5597,
0,5604,
0,5606,
0,5611,
0,5613,
0,5622,
0,5629,
0,5632,
0,5635,
0,5640,
0,5643,
0,5652,
0,5654,
0,5658,
0,5659,
0,5663,
0,5667,
0,5672,
0,5674,
0,5681,
0,5685,
0,5688,
0,5692,
0,5696,
0,5700,
0,5702,
0,5706,
0,5711,
0,5712,
0,5715,
0,5720,
0,5721,
0,5729,
0,5733,
0,5737,
0,5745,
0,5750,
0,5756,
0,5758,
0,5763,
0,5765,
0,5768,
0,5771,
0,5776,
0,5783,
0,5785,
0,5790,
0,5795,
0,5797,
0,5803,
0,5806,
0,5813,
0,5818,
0,5822,
0,5825,
0,5830,
0,5838,
0,5844,
0,5847,
0,5855,
0,5858,
0,5860,
0,5863,
0,5866,
0,5870,
0,5877,
0,5880,
0,5886,
0,5888,
0,5893,
0,5898,
0,5903,
0,5906,
0,5909,
0,5912,
0,5917,
0,5922,
0,5924,
0,5928,
0,5929,
0,5935,
0,5937,
0,5940,
0,5942,
0,5947,
0,5950,
0,5954,
0,5958,
0,5961,
0,5965,
0,5966,
0,5973,
0,5976,
0,5977,
0,5982,
0,5987,
0,5991,
0,5996,
0,6001,
0,6005,
0,6010,
0,6015,
0,6021,
0,6025,
0,6026,
0,6028,
0,6034,
0,6037,
0,6043,
0,6048,
0,6052,
0,6058,
0,6065,
0,6067,
0,6073,
0,6076,
0,6082,
0,6088,
0,6090,
0,6094,
0,6099,
0,6103,
0,6109,
0,6116,
0,6118,
0,6123,
0,6129,
0,6135,
0,6139,
0,6141,
0,6147,
0,6153,
0,6156,
0,6160,
0,6167,
0,6170,
0,6176,
0,6179,
0,6182,
0,6188,
0,6192,
0,6193,
0,6200,
0,6204,
0,6211,
0,6217,
0,6223,
0,6228,
0,6234,
0,6238,
0,6243,
0,6248,
0,6252,
0,6259,
0,6264,
0,6268,
0,6272,
0,6274,
0,6277,
0,6279,
0,6283,
0,6287,
0,6290,
0,6292,
0,6297,
0,6299,
0,6301,
0,6307,
0,6309,
0,6310,
0,6314,
0,6318,
0,6323,
0,6327,
0,6330,
0,6335,
0,6338,
0,6339,
0,6346,
0,6350,
0,6359,
0,6365,
0,6368,
0,6373,
0,6376,
0,6381,
0,6386,
0,6392,
0,6397,
0,6401,
0,6405,
0,6409,
0,6414,
0,6417,
0,6421,
0,6422,
0,6427,
0,6433,
0,6438,
0,6443,
0,6448,
0,6455,
0,6461,
0,6464,
0,6467,
0,6470,
0,6475,
0,6479,
0,6484,
0,6489,
0,6498,
0,6502,
0,6511,
0,6518,
0,6522,
0,6526,
0,6528,
0,6533,
0,6540,
0,6543,
0,6545,
0,6547,
0,6551,
0,6555,
0,6558,
0,6564,
0,6570,
0,6575,
0,6582,
0,6585,
0,6591,
0,6596,
0,6601,
0,6604,
0,6608,
0,6614,
0,6615,
0,6620,
0,6623,
0,6628,
0,6633,
0,6635,
0,6637,
0,6642,
0,6648,
0,6651,
0,6659,
0,6663,
0,6667,
0,6674,
0,6677,
0,6679,
0,6684,
0,6687,
0,6691,
0,6695,
0,6701,
0,6704,
0,6710,
0,6713,
0,6716,
0,6720,
0,6726,
0,6730,
0,6736,
0,6737,
0,6741,
0,6747,
0,6752,
0,6759,
0,6765,
0,6768,
0,6771,
0,6777,
0,6783,
0,6788,
0,6790,
0,6796,
0,6800,
0,6805,
0,6809,
0,6814,
0,6820,
0,6823,
0,6828,
0,6831,
0,6833,
0,6837,
0,6840,
0,6842,
0,6849,
0,6854,
0,6859,
0,6864,
0,6867,
0,6870,
0,6876,
0,6881,
0,6885,
0,6889,
0,6892,
0,6897,
0,6898,
0,6907,
0,6911,
0,6912,
0,6914,
0,6921,
0,6924,
0,6929,
0,6932,
0,6940,
0,6946,
0,6955,
0,6961,
0,6968,
0,6970,
0,6973,
0,6980,
0,6984,
0,6992,
0,6998,
0,7004,
0,7008,
0,7012,
0,7019,
0,7021,
0,7027,
0,7034,
0,7041,
0,7045,
0,7051,
0,7055,
0,7062,
0,7069,
0,7074,
0,7078,
0,7080,
0,7087,
0,7090,
0,7095,
0,7101,
0,7105,
0,7109,
0,7117,
0,7124,
0,7131,
0,7138,
0,7141,
0,7146,
0,7149,
0,7156,
0,7161,
0,7165,
0,7172,
0,7177,
0,7187,
0,7192,
0,7196,
0,7205,
0,7210,
0,7215,
0,7217,
0,7221,
0,7229,
0,7235,
0,7240,
0,7244,
0,7248,
0,7253,
0,7261,
0,7266,
0,7268,
0,7273,
0,7278,
0,7280,
0,7283,
0,7286,
0,7289,
0,7293,
0,7300,
0,7306,
0,7312,
0,7315,
0,7321,
0,7328,
0,7331,
0,7339,
0,7346,
0,7353,
0,7359,
0,7362,
0,7367,
0,7371,
0,7372,
0,7373,
0,7380,
0,7384,
0,7387,
0,7393,
0,7396,
0,7400,
0,7403,
0,7409,
0,7416,
0,7421,
0,7425,
0,7428,
0,7433,
0,7437,
0,7442,
0,7449,
0,7452,
0,7457,
0,7464,
0,7466,
0,7471,
0,7478,
0,7480,
0,7484,
0,7488,
0,7496,
0,7502,
0,7508,
0,7515,
0,7517,
0,7523,
0,7531,
0,7539,
0,7542,
0,7548,
0,7553,
0,7561,
0,7568,
0,7572,
0,7574,
0,7580,
0,7585,
0,7592,
0,7600,
0,7602,
0,7604,
0,7610,
0,7621,
0,7625,
0,7628,
0,7635,
0,7639,
0,7641,
0,7646,
0,7651,
0,7662,
0,7665,
0,7669,
0,7672,
0,7678,
0,7682,
0,7685,
0,7691,
0,7698,
0,7705,
0,7713,
0,7718,
0,7726,
0,7731,
0,7734,
0,7737,
0,7746,
0,7753,
0,7760,
0,7763,
0,7769,
0,7775,
0,7777,
0,7784,
0,7789,
0,7795,
0,7799,
0,7804,
0,7807,
0,7814,
0,7821,
0,7825,
0,7829,
0,7836,
0,7839,
0,7842,
0,7848,
0,7855,
0,7857,
0,7862,
0,7865,
0,7867,
0,7872,
0,7877,
0,7881,
0,7887,
0,7893,
0,7897,
0,7902,
0,7906,
0,7912,
0,7916,
0,7922,
0,7924,
0,7928,
0,7935,
0,7937,
0,7943,
0,7948,
0,7951,
0,7953,
0,7959,
0,7962,
0,7966,
0,7969,
0,7977,
0,7981,
0,7984,
0,7988,
0,7990,
0,7995,
0,8001,
0,8011,
0,8019,
0,8027,
0,8034,
0,8038,
0,8041,
0,8046,
0,8047,
0,8054,
0,8060,
0,8062,
0,8070,
0,8075,
0,8078,
0,8084,
0,8088,
0,8097,
0,8104,
0,8110,
0,8114,
0,8118,
0,8123,
0,8126,
0,8134,
0,8137,
0,8145,
0,8151,
0,8156,
0,8160,
0,8167,
0,8171,
0,8174,
0,8180,
0,8185,
0,8187,
0,8196,
0,8199,
0,8208,
0,8210,
0,8217,
0,8219,
0,8222,
0,8227,
0,8231,
0,8234,
0,8235,
0,8236,
0,8242,
0,8248,
0,8254,
0,8260,
0,8262,
0,8267,
0,8270,
0,8275,
0,8281,
0,8284,
0,8293,
0,8298,
0,8302,
0,8306,
0,8310,
0,8315,
0,8317,
0,8321,
0,8326,
0,8335,
0,8339,
0,8345,
0,8350,
0,8356,
0,8360,
0,8366,
0,8371,
0,8376,
0,8382,
0,8386,
0,8395,
0,8401,
0,8403,
0,8410,
0,8412,
0,8420,
0,8422,
0,8430,
0,8433,
0,8438,
0,8443,
0,8449,
0,8457,
0,8462,
0,8470,
0,8473,
0,8477,
0,8480,
0,8483,
0,8487,
0,8494,
0,8497,
0,8500,
0,8503,
0,8512,
0,8520,
0,8528,
0,8535,
0,8538,
0,8542,
0,8547,
0,8552,
0,8556,
0,8562,
0,8566,
0,8573,
0,8577,
0,8582,
0,8590,
0,8596,
0,8600,
0,8608,
0,8615,
0,8618,
0,8622,
0,8624,
0,8628,
0,8634,
0,8639,
0,8643,
0,8651,
0,8655,
0,8663,
0,8670,
0,8675,
0,8679,
0,8688,
0,8692,
0,8696,
0,8701,
0,8706,
0,8713,
0,8719,
0,8721,
0,8724,
0,8731,
0,8733,
0,8739,
0,8744,
0,8753,
0,8758,
0,8766,
0,8773,
0,8779,
0,8786,
0,8791,
0,8796,
0,8799,
0,8804,
0,8809,
0,8813,
0,8818,
0,8822,
0,8828,
0,8832,
0,8835,
0,8839,
0,8845,
0,8849,
0,8853,
0,8857,
0,8860,
0,8869,
0,8871,
0,8875,
0,8881,
0,8884,
0,8888,
0,8894,
0,8899,
0,8906,
0,8912,
0,8916,
0,8926,
0,8929,
0,8934,
0,8938,
0,8943,
0,8951,
0,8956,
0,8959,
0,8965,
0,8969,
0,8975,
0,8979,
0,8984,
0,8985,
0,8987,
0,8990,
0,8997,
0,9002,
0,9010,
0,9013,
0,9015,
0,9023,
0,9027,
0,9032,
0,9039,
0,9045,
0,9048,
0,9051,
0,9058,
0,9060,
0,9064,
0,9073,
0,9079,
0,9082,
0,9093,
0,9096,
0,9102,
0,9109,
0,9113,
0,9119,
0,9123,
0,9132,
0,9135,
0,9137,
0,9144,
0,9149,
0,9155,
0,9164,
0,9170,
0,9176,
0,9182,
0,9187,
0,9196,
0,9200,
0,9203,
0,9205,
0,9210,
0,9214,
0,9217,
0,9224,
0,9230,
0,9235,
0,9243,
0,9252,
0,9254,
0,9260,
0,9266,
0,9273,
0,9277,
0,9280,
0,9291,
0,9297,
0,9300,
0,9307,
0,9314,
0,9322,
0,9328,
0,9335,
0,9337,
0,9343,
0,9345,
0,9351,
0,9355,
0,9358,
0,9361,
0,9369,
0,9374,
0,9380,
0,9382,
0,9385,
0,9392,
0,9394,
0,9403,
0,9409,
0,9418,
0,9423,
0,9427,
0,9436,
0,9440,
0,9448,
0,9456,
0,9460,
0,9465,
0,9468,
0,9473,
0,9479,
0,9482,
0,9487,
0,9497,
0,9506,
0,9512,
0,9516,
0,9523,
0,9526,
0,9530,
0,9535,
0,9541,
0,9549,
0,9557,
0,9562,
0,9569,
0,9570,
0,9576,
0,9580,
0,9584,
0,9594,
0,9597,
0,9602,
0,9607,
0,9612,
0,9618,
0,9624,
0,9627,
0,9635,
0,9642,
0,9646,
0,9650,
0,9651,
0,9654,
0,9655,
0,9660,
0,9667,
0,9668,
0,9672,
0,9679,
0,9684,
0,9689,
0,9693,
0,9699,
0,9703,
0,9708,
0,9716,
0,9719,
0,9724,
0,9729,
0,9738,
0,9745,
0,9752,
0,9756,
0,9759,
0,9765,
0,9771,
0,9775,
0,9780,
0,9783,
0,9789,
0,9795,
0,9799,
0,9808,
0,9812,
0,9819,
0,9823,
0,9832,
0,9840,
0,9843,
0,9848,
0,9854,
0,9859,
0,9864,
0,9871,
0,9878,
0,9884,
0,9888,
0,9896,
0,9904,
0,9909,
0,9913,
0,9915,
0,9922,
0,9932,
0,9938,
0,9945,
0,9951,
0,9961,
0,9964,
0,9967,
0,9974,
0,9983,
0,9987,
0,9992,
0,9999,
0,10005,
0,10015,
0,10023,
0,10029,
0,10039,
0,10042,
0,10052,
0,10060,
0,10062,
0,10069,
0,10075,
0,10083,
0,10092,
0,10095,
0,10098,
0,10106,
0,10112,
0,10115,
0,10117,
0,10125,
0,10129,
0,10137,
0,10139,
0,10142,
0,10150,
0,10156,
0,10165,
0,10174,
0,10179,
0,10185,
0,10189,
0,10196,
0,10200,
0,10205,
0,10210,
0,10215,
0,10221,
0,10229,
0,10233,
0,10237,
0,10244,
0,10249,
0,10253,
0,10261,
0,10266,
0,10268,
0,10272,
0,10275,
0,10279,
0,10283,
0,10289,
0,10293,
0,10300,
0,10307,
0,10312,
0,10316,
0,10320,
0,10325,
0,10330,
0,10334,
0,10339,
0,10347,
0,10349,
0,10359,
0,10366,
0,10374,
0,10379,
0,10384,
0,10395,
0,10402,
0,10411,
0,10416,
0,10421,
0,10424,
0,10430,
0,10436,
0,10443,
0,10444,
0,10449,
0,10454,
0,10458,
0,10468,
0,10476,
0,10483,
0,10492,
0,10496,
0,10506,
0,10515,
0,10520,
0,10525,
0,10527,
0,10533,
0,10537,
0,10543,
0,10545,
0,10548,
0,10557,
0,10563,
0,10569,
0,10572,
0,10578,
0,10587,
0,10589,
0,10595,
0,10600,
0,10603,
0,10608,
0,10617,
0,10624,
0,10627,
0,10634,
0,10636,
0,10643,
0,10650,
0,10654,
0,10659,
0,10664,
0,10672,
0,10679,
0,10682,
0,10687,
0,10690,
0,10696,
0,10702,
0,10707,
0,10710,
0,10714,
0,10722,
0,10725,
0,10729,
0,10737,
0,10740,
0,10753,
0,10759,
0,10763,
0,10767,
0,10775,
0,10784,
0,10786,
0,10790,
0,10798,
0,10801,
0,10806,
0,10811,
0,10818,
0,10821,
0,10827,
0,10833,
0,10838,
0,10842,
0,10847,
0,10851,
0,10860,
0,10865,
0,10870,
0,10874,
0,10880,
0,10885,
0,10888,
0,10891,
0,10898,
0,10904,
0,10908,
0,10916,
0,10924,
0,10927,
0,10936,
0,10937,
0,10945,
0,10950,
0,10957,
0,10963,
0,10970,
0,10976,
0,10980,
0,10986,
0,10990,
0,10998,
0,11003,
0,11009,
0,11016,
0,11022,
0,11029,
0,11035,
0,11043,
0,11051,
0,11060,
0,11066,
0,11073,
0,11079,
0,11084,
0,11092,
0,11099,
0,11103,
0,11108,
0,11116,
0,11122,
0,11126,
0,11132,
0,11134,
0,11142,
0,11145,
0,11149,
0,11150,
0,11154,
0,11161,
0,11170,
0,11173,
0,11178,
0,11183,
0,11186,
0,11193,
0,11198,
0,11205,
0,11209,
0,11216,
0,11218,
0,11223,
0,11226,
0,11231,
0,11239,
0,11247,
0,11253,
0,11258,
0,11265,
0,11272,
0,11282,
0,11289,
0,11298,
0,11305,
0,11316,
0,11321,
0,11327,
0,11334,
0,11342,
0,11347,
0,11350,
0,11354,
0,11357,
0,11362,
0,11369,
0,11376,
0,11378,
0,11390,
0,11398,
0,11403,
0,11409,
0,11416,
0,11421,
0,11427,
0,11435,
0,11441,
0,11447,
0,11456,
0,11465,
0,11472,
0,11475,
0,11479,
0,11484,
0,11490,
0,11499,
0,11502,
0,11512,
0,11517,
0,11526,
0,11536,
0,11548,
0,11553,
0,11558,
0,11562,
0,11569,
0,11573,
0,11579,
0,11586,
0,11589,
0,11597,
0,11604,
0,11608,
0,11615,
0,11624,
0,11626,
0,11633,
0,11644,
0,11651,
0,11654,
0,11661,
0,11669,
0,11673,
0,11681,
0,11686,
0,11688,
0,11694,
0,11701,
0,11707,
0,11712,
0,11718,
0,11722,
0,11727,
0,11731,
0,11737,
0,11746,
0,11752,
0,11757,
0,11762,
0,11765,
0,11778,
0,11782,
0,11785,
0,11790,
0,11797,
0,11800,
0,11807,
0,11813,
0,11821,
0,11825,
0,11833,
0,11836,
0,11842,
0,11847,
0,11854,
0,11858,
0,11864,
0,11871,
0,11878,
0,11885,
0,11888,
0,11892,
0,11895,
0,11900,
0,11903,
0,11907,
0,11912,
0,11916,
0,11919,
0,11924,
0,11929,
0,11934,
0,11940,
0,11945,
0,11948,
0,11949,
0,11953,
0,11957,
0,11964,
0,11968,
0,11974,
0,11980,
0,11986,
0,11996,
0,12001,
0,12006,
0,12012,
0,12019,
0,12024,
0,12032,
0,12044,
0,12049,
0,12054,
0,12058,
0,12066,
0,12073,
0,12081,
0,12088,
0,12100,
0,12108,
0,12112,
0,12123,
0,12126,
0,12135,
0,12139,
0,12148,
0,12155,
0,12160,
0,12166,
0,12172,
0,12179,
0,12182,
0,12192,
0,12199,
0,12206,
0,12214,
0,12222,
0,12228,
0,12233,
0,12244,
0,12247,
0,12256,
0,12265,
0,12272,
0,12276,
0,12287,
0,12293,
0,12298,
0,12303,
0,12309,
0,12316,
0,12326,
0,12331,
0,12338,
0,12342,
0,12349,
0,12359,
0,12363,
0,12372,
0,12378,
0,12386,
0,12395,
0,12405,
0,12407,
0,12416,
0,12421,
0,12426,
0,12429,
1,529,530
1,532,533
1,572,573
1,580,581
1,582,583
1,585,586
1,589,590
1,592,593
1,619,620
1,621,622
1,630,631
1,632,633
1,636,637
1,643,644
1,647,648
1,652,653
1,657,658
1,670,671
1,672,673
1,676,677
1,685,686
1,690,691
1,697,698
1,700,701
1,704,705
1,709,710
1,713,714
1,718,719
1,721,722
1,724,725
1,726,727
1,729,730
1,731,732
1,737,738
1,745,746
1,748,749
1,752,753
1,756,757
1,759,760
1,762,763
1,766,767
1,771,772
1,773,774
1,779,780
1,781,782
1,784,785
1,788,789
1,793,794
1,797,798
1,799,800
1,801,802
1,803,804
1,806,807
1,810,811
1,814,815
1,817,818
1,822,823
1,824,825
1,830,831
1,835,836
1,840,841
1,842,843
1,845,846
1,848,849
1,856,857
1,866,867
1,869,870
1,871,872
1,693,873
1,874,875
1,877,878
1,881,882
1,883,884
1,887,888
1,889,890
1,894,895
1,899,900
1,903,904
1,909,910
1,911,912
1,917,918
1,921,922
1,924,925
1,926,927
1,928,929
1,930,931
1,933,934
1,937,938
1,940,941
1,944,945
1,949,950
1,951,952
1,907,953
1,955,956
1,959,960
1,966,967
1,969,970
1,971,972
1,975,976
1,978,979
1,981,982
1,984,985
1,986,987
1,989,990
1,991,992
1,994,995
1,999,1000
1,1002,1003
1,1005,1006
1,1007,1008
1,1009,1010
1,1012,1013
1,1014,1015
1,1016,1017
1,1020,1021
1,1029,1030
1,1031,1032
1,1035,1036
1,1038,1039
1,973,1040
1,1041,1042
1,1044,1045
1,1048,1049
1,1050,1051
1,1052,1053
1,1054,1055
1,1056,1057
1,1060,1061
1,1064,1065
1,1068,1069
1,1072,1073
1,1075,1076
1,1078,1079
1,1083,1084
1,1086,1087
1,1088,1089
1,1090,1091
1,1094,1095
1,1098,1099
1,1102,1103
1,1104,1105
1,1109,1110
1,1113,1114
1,1116,1117
1,1122,1123
1,1129,1130
1,1138,1139
1,1141,1142
1,1149,1150
1,1152,1153
1,1154,1155
1,1163,1164
1,1166,1167
1,1169,1170
1,1171,1172
1,1174,1175
1,1177,1178
1,1181,1182
1,1184,1185
1,1190,1191
1,1193,1194
1,1196,1197
1,1199,1200
1,1201,1202
1,1203,1204
1,1207,1208
1,1210,1211
1,1213,1214
1,1217,1218
1,1222,1223
1,1081,1224
1,1225,1226
1,1230,1231
1,1235,1236
1,1237,1238
1,1240,1241
1,1244,1245
1,1251,1252
1,1026,1253
1,1254,1255
1,1259,1260
1,1262,1263
1,1267,1268
1,1270,1271
1,1272,1273
1,1275,1276
1,1278,1279
1,1283,1284
1,1286,1287
1,1293,1294
1,1298,1299
1,1301,1302
1,1305,1306
1,1309,1310
1,1317,1318
1,1319,1320
1,1321,1322
1,1324,1325
1,1189,1326
1,1328,1329
1,1330,1331
1,1144,1332
1,1334,1335
1,1339,1340
1,1341,1342
1,1343,1344
1,1347,1348
1,1351,1352
1,1354,1355
1,1363,1364
1,1368,1369
1,1373,1374
1,1375,1376
1,1377,1378
1,1381,1382
1,1385,1386
1,1392,1393
1,1394,1395
1,1396,1397
1,1400,1401
1,1402,1403
1,1409,1410
1,1413,1414
1,1415,1416
1,1419,1420
1,1421,1422
1,1424,1425
1,1430,1431
1,1434,1435
1,1439,1440
1,1442,1443
1,1446,1447
1,1449,1450
1,1433,1451
1,1452,1453
1,1456,1457
1,1463,1464
1,1466,1467
1,1469,1470
1,1471,1472
1,1473,1474
1,1019,1475
1,1477,1478
1,1481,1482
1,1483,1484
1,1486,1487
1,1489,1490
1,1492,1493
1,1495,1496
1,1498,1499
1,1502,1503
1,1504,1505
1,1507,1508
1,1509,1510
1,1512,1513
1,1515,1516
1,1519,1520
1,1521,1522
1,1523,1524
1,1526,1527
1,1530,1531
1,1535,1536
1,1538,1539
1,1542,1543
1,1544,1545
1,1548,1549
1,1551,1552
1,1554,1555
1,1558,1559
1,1565,1566
1,1429,1567
1,1569,1570
1,1575,1576
1,1579,1580
1,1582,1583
1,1584,1585
1,1586,1587
1,1458,1588
1,1589,1590
1,1591,1592
1,1595,1596
1,1597,1598
1,1604,1605
1,1606,1607
1,1611,1612
1,1613,1614
1,1615,1616
1,1620,1621
1,1623,1624
1,1625,1626
1,1627,1628
1,1632,1633
1,1637,1638
1,1639,1640
1,1644,1645
1,1646,1647
1,1651,1652
1,1653,1654
1,1656,1657
1,1660,1661
1,1662,1663
1,1665,1666
1,1668,1669
1,1672,1673
1,1676,1677
1,1678,1679
1,1681,1682
1,1684,1685
1,1690,1691
1,1692,1693
1,1694,1695
1,1696,1697
1,1698,1699
1,1701,1702
1,1703,1704
1,1708,1709
1,1712,1713
1,1714,1715
1,1716,1717
1,1718,1719
1,1720,1721
1,1722,1723
1,1724,1725
1,1727,1728
1,1732,1733
1,1736,1737
1,1740,1741
1,1745,1746
1,1750,1751
1,1752,1753
1,1754,1755
1,1756,1757
1,1760,1761
1,1763,1764
1,1767,1768
1,1769,1770
1,1773,1774
1,1780,1781
1,1619,1782
1,1783,1784
1,1786,1787
1,1790,1791
1,1794,1795
1,1796,1797
1,1799,1800
1,1802,1803
1,1807,1808
1,1811,1812
1,1813,1814
1,1815,1816
1,1818,1819
1,1823,1824
1,1826,1827
1,1828,1829
1,1830,1831
1,1834,1835
1,1838,1839
1,1843,1844
1,1846,1847
1,1849,1850
1,1852,1853
1,1854,1855
1,1859,1860
1,1862,1863
1,1868,1869
1,1870,1871
1,1872,1873
1,1875,1876
1,1877,1878
1,1880,1881
1,1882,1883
1,1884,1885
1,1886,1887
1,1888,1889
1,1892,1893
1,1748,1894
1,1898,1899
1,1900,1901
1,1904,1905
1,1908,1909
1,1910,1911
1,1913,1914
1,1916,1917
1,1920,1921
1,1923,1924
1,1926,1927
1,1928,1929
1,1833,1930
1,1931,1932
1,1933,1934
1,1935,1936
1,1937,1938
1,1940,1941
1,1943,1944
1,1840,1945
1,1946,1947
1,1949,1950
1,1951,1952
1,1955,1956
1,1957,1958
1,1960,1961
1,1962,1963
1,1965,1966
1,1968,1969
1,1970,1971
1,1973,1974
1,1975,1976
1,1979,1980
1,1982,1983
1,1987,1988
1,1990,1991
1,1993,1994
1,1996,1997
1,2002,2003
1,2005,2006
1,2007,2008
1,2009,2010
1,2015,2016
1,1664,2017
1,2018,2019
1,2020,2021
1,2022,2023
1,2024,2025
1,2026,2027
1,2032,2033
1,2035,2036
1,2040,2041
1,2042,2043
1,2045,2046
1,2047,2048
1,2053,2054
1,2057,2058
1,2061,2062
1,2063,2064
1,2066,2067
1,2069,2070
1,2071,2072
1,2075,2076
1,2078,2079
1,2080,2081
1,2087,2088
1,2089,2090
1,2091,2092
1,2096,2097
1,2101,2102
1,2106,2107
1,2108,2109
1,2110,2111
1,2114,2115
1,1726,2116
1,2117,2118
1,2120,2121
1,2128,2129
1,2031,2130
1,2131,2132
1,2133,2134
1,2136,2137
1,2139,2140
1,2142,2143
1,2146,2147
1,2152,2153
1,2155,2156
1,2159,2160
1,1707,2162
1,2163,2164
1,2165,2166
1,2167,2168
1,2169,2170
1,2172,2173
1,2176,2177
1,2180,2181
1,2183,2184
1,2186,2187
1,1758,2188
1,2190,2191
1,2193,2194
1,2200,2201
1,2204,2205
1,2207,2208
1,2210,2211
1,2213,2214
1,2221,2222
1,2223,2224
1,2225,2226
1,2229,2230
1,2231,2232
1,2233,2234
1,2235,2236
1,2240,2241
1,2243,2244
1,2247,2248
1,2250,2251
1,2253,2254
1,2255,2256
1,2257,2258
1,2260,2261
1,2262,2263
1,1734,2264
1,2266,2267
1,2271,2272
1,2276,2277
1,2278,2279
1,2280,2281
1,2282,2283
1,2284,2285
1,2286,2287
1,2289,2290
1,2292,2293
1,2294,2295
1,2296,2297
1,2298,2299
1,2301,2302
1,2303,2304
1,2306,2307
1,2308,2309
1,2311,2312
1,2313,2314
1,2315,2316
1,1308,2320
1,2322,2323
1,2325,2326
1,2329,2330
1,2331,2332
1,2333,2334
1,2338,2339
1,2341,2342
1,2343,2344
1,2345,2346
1,2348,2349
1,2353,2354
1,2358,2359
1,2360,2361
1,2362,2363
1,2366,2367
1,2368,2369
1,2372,2373
1,2378,2379
1,2380,2381
1,2385,2386
1,2388,2389
1,2391,2392
1,2394,2395
1,2396,2397
1,2399,2400
1,2401,2402
1,2404,2405
1,2406,2407
1,2408,2409
1,2411,2412
1,2415,2416
1,2418,2419
1,1967,2420
1,2421,2422
1,2425,2426
1,2427,2428
1,2431,2432
1,2434,2435
1,2437,2438
1,2441,2442
1,2445,2446
1,2451,2452
1,2456,2457
1,2458,2459
1,1631,2460
1,2461,2462
1,2465,2466
1,2467,2468
1,2473,2474
1,2476,2477
1,2480,2481
1,2485,2486
1,2488,2489
1,2496,2497
1,2500,2501
1,2502,2503
1,2504,2505
1,2507,2508
1,2509,2510
1,2511,2512
1,2514,2515
1,2516,2517
1,2519,2520
1,2521,2522
1,2523,2524
1,2526,2527
1,2336,2528
1,2529,2530
1,2531,2532
1,2533,2534
1,2535,2536
1,2538,2539
1,2540,2541
1,2543,2544
1,2547,2548
1,2549,2550
1,1897,2551
1,2552,2553
1,2554,2555
1,2558,2559
1,1460,2560
1,2562,2563
1,2455,2564
1,2566,2567
1,2572,2573
1,2575,2576
1,2577,2578
1,2580,2581
1,2584,2585
1,2587,2588
1,2590,2591
1,2592,2593
1,2595,2596
1,2597,2598
1,2599,2600
1,2601,2602
1,2609,2610
1,2613,2614
1,2617,2618
1,2621,2622
1,2623,2624
1,2626,2627
1,2631,2632
1,2636,2637
1,2639,2640
1,2643,2644
1,2646,2647
1,2648,2649
1,2651,2652
1,2654,2655
1,2657,2658
1,2661,2662
1,2667,2668
1,2669,2670
1,2672,2673
1,2676,2677
1,2679,2680
1,2682,2683
1,2684,2685
1,2686,2687
1,2689,2690
1,2692,2693
1,2694,2695
1,2171,2696
1,2697,2698
1,2703,2704
1,2708,2709
1,2711,2712
1,2714,2715
1,2716,2717
1,2718,2719
1,2723,2724
1,2729,2730
1,2736,2737
1,2744,2745
1,2750,2751
1,2752,2753
1,2757,2758
1,2761,2762
1,2765,2766
1,2767,2768
1,2770,2771
1,2778,2779
1,2781,2782
1,2784,2785
1,2787,2788
1,2789,2790
1,2792,2793
1,2794,2795
1,2799,2800
1,2803,2804
1,2337,2806
1,2807,2808
1,2809,2810
1,2813,2814
1,2818,2819
1,2820,2821
1,2824,2825
1,2829,2830
1,2833,2834
1,2840,2841
1,2630,2842
1,2844,2845
1,2851,2852
1,2856,2857
1,2858,2859
1,2783,2860
1,2861,2862
1,2867,2868
1,1822,2869
1,2870,2871
1,2873,2874
1,2878,2879
1,2881,2882
1,2883,2884
1,2886,2887
1,2890,2891
1,1857,2892
1,2895,2896
1,2898,2899
1,2903,2904
1,2908,2909
1,2911,2912
1,2914,2915
1,2916,2917
1,2919,2920
1,2922,2923
1,2925,2926
1,2927,2928
1,2099,2930
1,2931,2932
1,2935,2936
1,2942,2943
1,2949,2950
1,2953,2954
1,2324,2955
1,2957,2958
1,2961,2962
1,2964,2965
1,2967,2968
1,2969,2970
1,2973,2974
1,2976,2977
1,2979,2980
1,2983,2984
1,2985,2986
1,2987,2988
1,2991,2992
1,2993,2994
1,2998,2999
1,3001,3002
1,3006,3007
1,3011,3012
1,3015,3016
1,3019,3020
1,3022,3023
1,2012,3024
1,3025,3026
1,3029,3030
1,3034,3035
1,3040,3041
1,3045,3046
1,3047,3048
1,3049,3050
1,3052,3053
1,3058,3059
1,3063,3064
1,3066,3067
1,3073,3074
1,3079,3080
1,3081,3082
1,3083,3084
1,3088,3089
1,3093,3094
1,2100,3095
1,3096,3097
1,3100,3101
1,3105,3106
1,3108,3109
1,3114,3115
1,3118,3119
1,3122,3123
1,3129,3130
1,3135,3136
1,3138,3139
1,3141,3142
1,3143,3144
1,3146,3147
1,3150,3151
1,3154,3155
1,3156,3157
1,3159,3160
1,3162,3163
1,3169,3170
1,3173,3174
1,3177,3178
1,3072,3179
1,3180,3181
1,3183,3184
1,2982,3185
1,3186,3187
1,3188,3189
1,3191,3192
1,3195,3196
1,3113,3197
1,3198,3199
1,3201,3202
1,3207,3208
1,3211,3212
1,3214,3215
1,3128,3216
1,3218,3219
1,3222,3223
1,3229,3230
1,3231,3232
1,3234,3235
1,3238,3239
1,3241,3242
1,3244,3245
1,3247,3248
1,3249,3250
1,3254,3255
1,3258,3259
1,3264,3265
1,3266,3267
1,3269,3270
1,3273,3274
1,3276,3277
1,3279,3280
1,3285,3286
1,3288,3289
1,3290,3291
1,3293,3294
1,3297,3298
1,3301,3302
1,3305,3306
1,3309,3310
1,3317,3318
1,3320,3321
1,3324,3325
1,3326,3327
1,3328,3329
1,3333,3334
1,3337,3338
1,3339,3340
1,3344,3345
1,3347,3348
1,3350,3351
1,3352,3353
1,3354,3355
1,3358,3359
1,3362,3363
1,3364,3365
1,3366,3367
1,3368,3369
1,3373,3374
1,3376,3377
1,3380,3381
1,2675,3382
1,3383,3384
1,3387,3388
1,3392,3393
1,3396,3397
1,3398,3399
1,3401,3402
1,3404,3405
1,3409,3410
1,3411,3412
1,3414,3415
1,2608,3416
1,3418,3419
1,3420,3421
1,3422,3423
1,3425,3426
1,3428,3429
1,3430,3431
1,3432,3433
1,3434,3435
1,3439,3440
1,3446,3447
1,2832,3448
1,3449,3450
1,2335,3451
1,3454,3455
1,3459,3460
1,3462,3463
1,3466,3467
1,3468,3469
1,3473,3474
1,3481,3482
1,3485,3486
1,3487,3488
1,3490,3491
1,1903,3492
1,3493,3494
1,3498,3499
1,3501,3502
1,3503,3504
1,3506,3507
1,3511,3512
1,3513,3514
1,3517,3518
1,3520,3521
1,3522,3523
1,3527,3528
1,3531,3532
1,3534,3535
1,3538,3539
1,3543,3544
1,3547,3548
1,3549,3550
1,3552,3553
1,3554,3555
1,3558,3559
1,3563,3564
1,3569,3570
1,2454,3571
1,3572,3573
1,3578,3579
1,3583,3584
1,3585,3586
1,3588,3589
1,3590,3591
1,2831,3592
1,3593,3594
1,3595,3596
1,3599,3600
1,3603,3604
1,3608,3609
1,3614,3615
1,3616,3617
1,3621,3622
1,3625,3626
1,3627,3628
1,3631,3632
1,3635,3636
1,3640,3641
1,3645,3646
1,3650,3651
1,3656,3657
1,3660,3661
1,3662,3663
1,3667,3668
1,3669,3670
1,3672,3673
1,3676,3677
1,3682,3683
1,3688,3689
1,3693,3694
1,3695,3696
1,3699,3700
1,3705,3706
1,3708,3709
1,3714,3715
1,3717,3718
1,3721,3722
1,3723,3724
1,3726,3727
1,3728,3729
1,3730,3731
1,3732,3733
1,3736,3737
1,2764,3738
1,3739,3740
1,3745,3746
1,3748,3749
1,3750,3751
1,3753,3754
1,3760,3761
1,3764,3765
1,3768,3769
1,3772,3773
1,3775,3776
1,3778,3779
1,3780,3781
1,3784,3785
1,3788,3789
1,3793,3794
1,3796,3797
1,3805,3806
1,3809,3810
1,3811,3812
1,3813,3814
1,1297,3816
1,3817,3818
1,3819,3820
1,3827,3828
1,3830,3831
1,3833,3834
1,3835,3836
1,3838,3839
1,3844,3845
1,3846,3847
1,2594,3848
1,3849,3850
1,3852,3853
1,3855,3856
1,3859,3860
1,3862,3863
1,3865,3866
1,3867,3868
1,3872,3873
1,3875,3876
1,3880,3881
1,3883,3884
1,3885,3886
1,3888,3889
1,3892,3893
1,3894,3895
1,3896,3897
1,3901,3902
1,3905,3906
1,3910,3911
1,3912,3913
1,3915,3916
1,3919,3920
1,3923,3924
1,3928,3929
1,3932,3933
1,3936,3937
1,3938,3939
1,3940,3941
1,3948,3949
1,3952,3953
1,3955,3956
1,3959,3960
1,3962,3963
1,3965,3966
1,3968,3969
1,3263,3971
1,3973,3974
1,3977,3978
1,3981,3982
1,3986,3987
1,3991,3992
1,3996,3997
1,3999,4000
1,4004,4005
1,4007,4008
1,4010,4011
1,4015,4016
1,4018,4019
1,4021,4022
1,4023,4024
1,4026,4027
1,4028,4029
1,4031,4032
1,4033,4034
1,4036,4037
1,4042,4043
1,4045,4046
1,4050,4051
1,4055,4056
1,4057,4058
1,4062,4063
1,4064,4065
1,4070,4071
1,4073,4074
1,4079,4080
1,4081,4082
1,4085,4086
1,4088,4089
1,4092,4093
1,4098,4099
1,4101,4102
1,4107,4108
1,2843,4109
1,4110,4111
1,4112,4113
1,4116,4117
1,4118,4119
1,3213,4120
1,4121,4122
1,4126,4127
1,4129,4130
1,4131,4132
1,4135,4136
1,4139,4140
1,4141,4142
1,4143,4144
1,4149,4150
1,4155,4156
1,4162,4163
1,4165,4166
1,4167,4168
1,4171,4172
1,4175,4176
1,4178,4179
1,4184,4185
1,4187,4188
1,4190,4191
1,4193,4194
1,4199,4200
1,4206,4207
1,4208,4209
1,4212,4213
1,4214,4215
1,4219,4220
1,4222,4223
1,4226,4227
1,2616,4228
1,4229,4230
1,4235,4236
1,4238,4239
1,4244,4245
1,4249,4250
1,4252,4253
1,4257,4258
1,4261,4262
1,4269,4270
1,4276,4277
1,3526,4278
1,4279,4280
1,4282,4283
1,4284,4285
1,4287,4288
1,3537,4289
1,4290,4291
1,4295,4296
1,4299,4300
1,4305,4306
1,4307,4308
1,4310,4311
1,4313,4314
1,3453,4315
1,4316,4317
1,4319,4320
1,4323,4324
1,4326,4327
1,4330,4331
1,4332,4333
1,4335,4336
1,4341,4342
1,4344,4345
1,4350,4351
1,4353,4354
1,4355,4356
1,4358,4359
1,4362,4363
1,4367,4368
1,4375,4376
1,4380,4381
1,4385,4386
1,4390,4391
1,4396,4397
1,4400,4401
1,2390,4402
1,4404,4405
1,4409,4410
1,4411,4412
1,3581,4413
1,4414,4415
1,4421,4422
1,4423,4424
1,4426,4427
1,4430,4431
1,4432,4433
1,4435,4436
1,4443,4444
1,4449,4450
1,4451,4452
1,4456,4457
1,4458,4459
1,4462,4463
1,4468,4469
1,4470,4471
1,4476,4477
1,4482,4483
1,4486,4487
1,2175,4489
1,4490,4491
1,4492,4493
1,4500,4501
1,4504,4505
1,4508,4509
1,4512,4513
1,4517,4518
1,4524,4525
1,1985,4526
1,4530,4531
1,4534,4535
1,4536,4537
1,4539,4540
1,4543,4544
1,4545,4546
1,4548,4549
1,4551,4552
1,4554,4555
1,4556,4557
1,4562,4563
1,4565,4566
1,4568,4569
1,4570,4571
1,4575,4576
1,4578,4579
1,4583,4584
1,4590,4591
1,4595,4596
1,4603,4604
1,4610,4611
1,4617,4618
1,4619,4620
1,4622,4623
1,4627,4628
1,4632,4633
1,4637,4638
1,4641,4642
1,4646,4647
1,4648,4649
1,4651,4652
1,4653,4654
1,4655,4656
1,4659,4660
1,4662,4663
1,1902,4665
1,4666,4667
1,4671,4672
1,4676,4677
1,4679,4680
1,4683,4684
1,4690,4691
1,4694,4695
1,4696,4697
1,4698,4699
1,4704,4705
1,4707,4708
1,3681,4709
1,4710,4711
1,4718,4719
1,4727,4728
1,4730,4731
1,4734,4735
1,4736,4737
1,4743,4744
1,4745,4746
1,4751,4752
1,4755,4756
1,4758,4759
1,4764,4765
1,4768,4769
1,4775,4776
1,4781,4782
1,4785,4786
1,4787,4788
1,4789,4790
1,4791,4792
1,4793,4794
1,4798,4799
1,3851,4800
1,4801,4802
1,4804,4805
1,4810,4811
1,4815,4816
1,4818,4819
1,4824,4825
1,4828,4829
1,4833,4834
1,4835,4836
1,4841,4842
1,4846,4847
1,4851,4852
1,4853,4854
1,4856,4857
1,4861,4862
1,4866,4867
1,4871,4872
1,4876,4877
1,4882,4883
1,4885,4886
1,4887,4888
1,4891,4892
1,4893,4894
1,4896,4897
1,4898,4899
1,4904,4905
1,4906,4907
1,4911,4912
1,4913,4914
1,4915,4916
1,4917,4918
1,4919,4920
1,4924,4925
1,4927,4928
1,4929,4930
1,4931,4932
1,4933,4934
1,4937,4938
1,4942,4943
1,4946,4947
1,4949,4950
1,4953,4954
1,4961,4962
1,4963,4964
1,4969,4970
1,4971,4972
1,4975,4976
1,4978,4979
1,4981,4982
1,2487,4984
1,4985,4986
1,4989,4990
1,4717,4991
1,4992,4993
1,4994,4995
1,4997,4998
1,5004,5005
1,5008,5009
1,5010,5011
1,5017,5018
1,4726,5019
1,5020,5021
1,5023,5024
1,5031,5032
1,5035,5036
1,5039,5040
1,5044,5045
1,5049,5050
1,5054,5055
1,5058,5059
1,5063,5064
1,5066,5067
1,5072,5073
1,3879,5074
1,5077,5078
1,5081,5082
1,5086,5087
1,5093,5094
1,5098,5099
1,5103,5104
1,5106,5107
1,5111,5112
1,5115,5116
1,5119,5120
1,5123,5124
1,5126,5127
1,5130,5131
1,5137,5138
1,5146,5147
1,5152,5153
1,5156,5157
1,5158,5159
1,5163,5164
1,5166,5167
1,5173,5174
1,5175,5176
1,5178,5179
1,5183,5184
1,5186,5187
1,5190,5191
1,5194,5195
1,5197,5198
1,5204,5205
1,5209,5210
1,5213,5214
1,5218,5219
1,5220,5221
1,5226,5227
1,5230,5231
1,5233,5234
1,5236,5237
1,5240,5241
1,5243,5244
1,5248,5249
1,2823,5250
1,5251,5252
1,5255,5256
1,5260,5261
1,5265,5266
1,5271,5272
1,5275,5276
1,5279,5280
1,5281,5282
1,5284,5285
1,5288,5289
1,4309,5292
1,5293,5294
1,5296,5297
1,5298,5299
1,5302,5303
1,5308,5309
1,5311,5312
1,5314,5315
1,5320,5321
1,5324,5325
1,5328,5329
1,5332,5333
1,5337,5338
1,5340,5341
1,5343,5344
1,5346,5347
1,5350,5351
1,5353,5354
1,5357,5358
1,5360,5361
1,5364,5365
1,5366,5367
1,5370,5371
1,2377,5372
1,5373,5374
1,3954,5375
1,5376,5377
1,3720,5378
1,5380,5381
1,2612,5382
1,5383,5384
1,5388,5389
1,5393,5394
1,5398,5399
1,5403,5404
1,5406,5407
1,5410,5411
1,5416,5417
1,5420,5421
1,5423,5424
1,5429,5430
1,5434,5435
1,5438,5439
1,5443,5444
1,5446,5447
1,5448,5449
1,5451,5452
1,5454,5455
1,5462,5463
1,5466,5467
1,5470,5471
1,5476,5477
1,5481,5482
1,5483,5484
1,5487,5488
1,5489,5490
1,5491,5492
1,5494,5495
1,5500,5501
1,3078,5502
1,5503,5504
1,5505,5506
1,5510,5511
1,5513,5514
1,5522,5523
1,5526,5527
1,5528,5529
1,5532,5533
1,5536,5537
1,5540,5541
1,5548,5549
1,5555,5556
1,5561,5562
1,5563,5564
1,5568,5569
1,5575,5576
1,5579,5580
1,5581,5582
1,4881,5583
1,5585,5586
1,5591,5592
1,5597,5598
1,5604,5605
1,5606,5607
1,5611,5612
1,5613,5614
1,5622,5623
1,5629,5630
1,5632,5633
1,5635,5636
1,5640,5641
1,5643,5644
1,5652,5653
1,5654,5655
1,5659,5660
1,5663,5664
1,5667,5668
1,5672,5673
1,5674,5675
1,5681,5682
1,5685,5686
1,5688,5689
1,5692,5693
1,5696,5697
1,5700,5701
1,5702,5703
1,5706,5707
1,5712,5713
1,5715,5716
1,2956,5718
1,5721,5722
1,5729,5730
1,5048,5731
1,5733,5734
1,5737,5738
1,5745,5746
1,5750,5751
1,5756,5757
1,5758,5759
1,3744,5760
1,5763,5764
1,5765,5766
1,5768,5769
1,5771,5772
1,5776,5777
1,5783,5784
1,5785,5786
1,5790,5791
1,5795,5796
1,5797,5798
1,5803,5804
1,5806,5807
1,5813,5814
1,5818,5819
1,5822,5823
1,3461,5824
1,5825,5826
1,5830,5831
1,5838,5839
1,5844,5845
1,5847,5848
1,5855,5856
1,5858,5859
1,5860,5861
1,5863,5864
1,5866,5867
1,5870,5871
1,5877,5878
1,5880,5881
1,5886,5887
1,5888,5889
1,5893,5894
1,5898,5899
1,5903,5904
1,5906,5907
1,5909,5910
1,5912,5913
1,5917,5918
1,5922,5923
1,5924,5925
1,5929,5930
1,5935,5936
1,5937,5938
1,5940,5941
1,5942,5943
1,5947,5948
1,2902,5949
1,5950,5951
1,5954,5955
1,5958,5959
1,5961,5962
1,5966,5967
1,5973,5974
1,5977,5978
1,5982,5983
1,5987,5988
1,5991,5992
1,5996,5997
1,6001,6002
1,6005,6006
1,6010,6011
1,6015,6016
1,6021,6022
1,6026,6027
1,6028,6029
1,6034,6035
1,6037,6038
1,6043,6044
1,6048,6049
1,6052,6053
1,6058,6059
1,6065,6066
1,6067,6068
1,6073,6074
1,6076,6077
1,6082,6083
1,6088,6089
1,6090,6091
1,6094,6095
1,6099,6100
1,6103,6104
1,6109,6110
1,6116,6117
1,6118,6119
1,6123,6124
1,6129,6130
1,6135,6136
1,5658,6137
1,6139,6140
1,6141,6142
1,6147,6148
1,6153,6154
1,6156,6157
1,6160,6161
1,6167,6168
1,6170,6171
1,6176,6177
1,4125,6178
1,6179,6180
1,6182,6183
1,6188,6189
1,6193,6194
1,6200,6201
1,6204,6205
1,6211,6212
1,6217,6218
1,6223,6224
1,6228,6229
1,1845,6230
1,6234,6235
1,6238,6239
1,6243,6244
1,6248,6249
1,6252,6253
1,6259,6260
1,6264,6265
1,6268,6269
1,6272,6273
1,6274,6275
1,5114,6276
1,6277,6278
1,6279,6280
1,6283,6284
1,6287,6288
1,6290,6291
1,6292,6293
1,6297,6298
1,6299,6300
1,6301,6302
1,3500,6304
1,6307,6308
1,6310,6311
1,5225,6313
1,6314,6315
1,6318,6319
1,6323,6324
1,6327,6328
1,6330,6331
1,6335,6336
1,6339,6340
1,6346,6347
1,6350,6351
1,6359,6360
1,6365,6366
1,6368,6369
1,6373,6374
1,6376,6377
1,6381,6382
1,6386,6387
1,6392,6393
1,6397,6398
1,6401,6402
1,6405,6406
1,6409,6410
1,6414,6415
1,6417,6418
1,6422,6423
1,6427,6428
1,6433,6434
1,6438,6439
1,6443,6444
1,3607,6446
1,6448,6449
1,6455,6456
1,6461,6462
1,6464,6465
1,6467,6468
1,6470,6471
1,2941,6473
1,6475,6476
1,6479,6480
1,6484,6485
1,6489,6490
1,6498,6499
1,6502,6503
1,6511,6512
1,6518,6519
1,6522,6523
1,6526,6527
1,6528,6529
1,6533,6534
1,6540,6541
1,6543,6544
1,6545,6546
1,6547,6548
1,6551,6552
1,6555,6556
1,6558,6559
1,6564,6565
1,6570,6571
1,6575,6576
1,6582,6583
1,5976,6584
1,6585,6586
1,6591,6592
1,6596,6597
1,6601,6602
1,6604,6605
1,6608,6609
1,6615,6616
1,6620,6621
1,6623,6624
1,6628,6629
1,6633,6634
1,6635,6636
1,6637,6638
1,6642,6643
1,6648,6649
1,6651,6652
1,6659,6660
1,6663,6664
1,4809,6665
1,6667,6668
1,6674,6675
1,6677,6678
1,6679,6680
1,6684,6685
1,6687,6688
1,6691,6692
1,6695,6696
1,6701,6702
1,6614,6703
1,6704,6705
1,6710,6711
1,6713,6714
1,6716,6717
1,6720,6721
1,6726,6727
1,6730,6731
1,6737,6738
1,6741,6742
1,6747,6748
1,6752,6753
1,6759,6760
1,6765,6766
1,6768,6769
1,6771,6772
1,6777,6778
1,6783,6784
1,6788,6789
1,6790,6791
1,6796,6797
1,6800,6801
1,6805,6806
1,6809,6810
1,6814,6815
1,6820,6821
1,6823,6824
1,6828,6829
1,6831,6832
1,6833,6834
1,6837,6838
1,5356,6839
1,6840,6841
1,6842,6843
1,6849,6850
1,6854,6855
1,6859,6860
1,6864,6865
1,6867,6868
1,6870,6871
1,6876,6877
1,6881,6882
1,6885,6886
1,6889,6890
1,6892,6893
1,6898,6899
1,6907,6908
1,3395,6909
1,6912,6913
1,6914,6915
1,6921,6922
1,6924,6925
1,6929,6930
1,6932,6933
1,6940,6941
1,6946,6947
1,6955,6956
1,6961,6962
1,6968,6969
1,6970,6971
1,6973,6974
1,6980,6981
1,6984,6985
1,6992,6993
1,6998,6999
1,7004,7005
1,7008,7009
1,7012,7013
1,7019,7020
1,7021,7022
1,7027,7028
1,7034,7035
1,7041,7042
1,7045,7046
1,7051,7052
1,7055,7056
1,7062,7063
1,7069,7070
1,2126,7072
1,7074,7075
1,7078,7079
1,7080,7081
1,7087,7088
1,7090,7091
1,7095,7096
1,7101,7102
1,7105,7106
1,7109,7110
1,7117,7118
1,7124,7125
1,7131,7132
1,7138,7139
1,7141,7142
1,7146,7147
1,7149,7150
1,7156,7157
1,7161,7162
1,7165,7166
1,7172,7173
1,7177,7178
1,7187,7188
1,7192,7193
1,7196,7197
1,7205,7206
1,7210,7211
1,7215,7216
1,7217,7218
1,7221,7222
1,7229,7230
1,7235,7236
1,7240,7241
1,7244,7245
1,7248,7249
1,7253,7254
1,7261,7262
1,7266,7267
1,7268,7269
1,7273,7274
1,7278,7279
1,7280,7281
1,7283,7284
1,7286,7287
1,7289,7290
1,7293,7294
1,7300,7301
1,7306,7307
1,7312,7313
1,3951,7314
1,7315,7316
1,7321,7322
1,7328,7329
1,7331,7332
1,7339,7340
1,7346,7347
1,2579,7349
1,7353,7354
1,7359,7360
1,7362,7363
1,7367,7368
1,7373,7374
1,7380,7381
1,7384,7385
1,7387,7388
1,7393,7394
1,7396,7397
1,4594,7398
1,7400,7401
1,7403,7404
1,7409,7410
1,7416,7417
1,7421,7422
1,7425,7426
1,7428,7429
1,7433,7434
1,7437,7438
1,7442,7443
1,7449,7450
1,7452,7453
1,7457,7458
1,7464,7465
1,7466,7467
1,7471,7472
1,7478,7479
1,7480,7481
1,7484,7485
1,7488,7489
1,7496,7497
1,7502,7503
1,7508,7509
1,7515,7516
1,7517,7518
1,7523,7524
1,7531,7532
1,7539,7540
1,7542,7543
1,7548,7549
1,7553,7554
1,7561,7562
1,7568,7569
1,7572,7573
1,7574,7575
1,7580,7581
1,7585,7586
1,7592,7593
1,7600,7601
1,7602,7603
1,7604,7605
1,7610,7611
1,7621,7622
1,7625,7626
1,7628,7629
1,7635,7636
1,7639,7640
1,7641,7642
1,7646,7647
1,7651,7652
1,7662,7663
1,7665,7666
1,7669,7670
1,7672,7673
1,7678,7679
1,7682,7683
1,5720,7684
1,7685,7686
1,7691,7692
1,7698,7699
1,7705,7706
1,7713,7714
1,7718,7719
1,7726,7727
1,7731,7732
1,7734,7735
1,7737,7738
1,7746,7747
1,7753,7754
1,7760,7761
1,7763,7764
1,7769,7770
1,7775,7776
1,7777,7778
1,7784,7785
1,7789,7790
1,7795,7796
1,7799,7800
1,7804,7805
1,7807,7808
1,7814,7815
1,7821,7822
1,7825,7826
1,7829,7830
1,7836,7837
1,7839,7840
1,7842,7843
1,7848,7849
1,7855,7856
1,7857,7858
1,7862,7863
1,3598,7864
1,7865,7866
1,7867,7868
1,7872,7873
1,7877,7878
1,7881,7882
1,7887,7888
1,7893,7894
1,7897,7898
1,7902,7903
1,7906,7907
1,7912,7913
1,7916,7917
1,7922,7923
1,7924,7925
1,7928,7929
1,7935,7936
1,7937,7938
1,7943,7944
1,7948,7949
1,7951,7952
1,7953,7954
1,7959,7960
1,5711,7961
1,7962,7963
1,7966,7967
1,7969,7970
1,7977,7978
1,3602,7979
1,7981,7982
1,7984,7985
1,7988,7989
1,7990,7991
1,7995,7996
1,8001,8002
1,8011,8012
1,8019,8020
1,8027,8028
1,8034,8035
1,8038,8039
1,8041,8042
1,8047,8048
1,8054,8055
1,8060,8061
1,8062,8063
1,8070,8071
1,8075,8076
1,8078,8079
1,8084,8085
1,8088,8089
1,8097,8098
1,8104,8105
1,8110,8111
1,8114,8115
1,8118,8119
1,8123,8124
1,8126,8127
1,8134,8135
1,8137,8138
1,8145,8146
1,8151,8152
1,8156,8157
1,8160,8161
1,8167,8168
1,8171,8172
1,5264,8173
1,8174,8175
1,8180,8181
1,8185,8186
1,8187,8188
1,8196,8197
1,5965,8198
1,8199,8200
1,8208,8209
1,8210,8211
1,8217,8218
1,8219,8220
1,8222,8223
1,8227,8228
1,8231,8232
1,8236,8237
1,8242,8243
1,8248,8249
1,8254,8255
1,8260,8261
1,8262,8263
1,4784,8264
1,8267,8268
1,7371,8269
1,8270,8271
1,8275,8276
1,8281,8282
1,8284,8285
1,8293,8294
1,8298,8299
1,8302,8303
1,8306,8307
1,8310,8311
1,8315,8316
1,8317,8318
1,8321,8322
1,8326,8327
1,8335,8336
1,8339,8340
1,8345,8346
1,8350,8351
1,8356,8357
1,8360,8361
1,8366,8367
1,8371,8372
1,8376,8377
1,8382,8383
1,8386,8387
1,8395,8396
1,8401,8402
1,8403,8404
1,8410,8411
1,8412,8413
1,8420,8421
1,8422,8423
1,8430,8431
1,8433,8434
1,8438,8439
1,8443,8444
1,8449,8450
1,8457,8458
1,8462,8463
1,8470,8471
1,8473,8474
1,8477,8478
1,8480,8481
1,8483,8484
1,8487,8488
1,8494,8495
1,8497,8498
1,3582,8499
1,8500,8501
1,6338,8502
1,8503,8504
1,8512,8513
1,8520,8521
1,8528,8529
1,8535,8536
1,8538,8539
1,8542,8543
1,8547,8548
1,8552,8553
1,8556,8557
1,8562,8563
1,8566,8567
1,8573,8574
1,8577,8578
1,8582,8583
1,8590,8591
1,8596,8597
1,8600,8601
1,8608,8609
1,8615,8616
1,8618,8619
1,8622,8623
1,8624,8625
1,8628,8629
1,8634,8635
1,8639,8640
1,8643,8644
1,8651,8652
1,2702,8653
1,8655,8656
1,8663,8664
1,8670,8671
1,8675,8676
1,8679,8680
1,8688,8689
1,8692,8693
1,8696,8697
1,8701,8702
1,8706,8707
1,8713,8714
1,8719,8720
1,8721,8722
1,8724,8725
1,8731,8732
1,8733,8734
1,8739,8740
1,8744,8745
1,8753,8754
1,8758,8759
1,8766,8767
1,8773,8774
1,8779,8780
1,8786,8787
1,8791,8792
1,8796,8797
1,8799,8800
1,8804,8805
1,8809,8810
1,8813,8814
1,8818,8819
1,8822,8823
1,8828,8829
1,8832,8833
1,8835,8836
1,8839,8840
1,8845,8846
1,8849,8850
1,8853,8854
1,8857,8858
1,8235,8859
1,8860,8861
1,8869,8870
1,8871,8872
1,8875,8876
1,8881,8882
1,8884,8885
1,8888,8889
1,8894,8895
1,8899,8900
1,8906,8907
1,8912,8913
1,8916,8917
1,8926,8927
1,8929,8930
1,8934,8935
1,8938,8939
1,8943,8944
1,8951,8952
1,8956,8957
1,8959,8960
1,8965,8966
1,8969,8970
1,8975,8976
1,8979,8980
1,8985,8986
1,8987,8988
1,8990,8991
1,8997,8998
1,9002,9003
1,9010,9011
1,9013,9014
1,9015,9016
1,9023,9024
1,9027,9028
1,9032,9033
1,9039,9040
1,9045,9046
1,9048,9049
1,9051,9052
1,9058,9059
1,9060,9061
1,9064,9065
1,9073,9074
1,9079,9080
1,9082,9083
1,9093,9094
1,9096,9097
1,9102,9103
1,9109,9110
1,9113,9114
1,9119,9120
1,9123,9124
1,9132,9133
1,9135,9136
1,9137,9138
1,9144,9145
1,9149,9150
1,9155,9156
1,9164,9165
1,9170,9171
1,9176,9177
1,9182,9183
1,9187,9188
1,9196,9197
1,9200,9201
1,9203,9204
1,9205,9206
1,9210,9211
1,9214,9215
1,9217,9218
1,9224,9225
1,9230,9231
1,9235,9236
1,9243,9244
1,9252,9253
1,9254,9255
1,9260,9261
1,9266,9267
1,9273,9274
1,9277,9278
1,9280,9281
1,9291,9292
1,9297,9298
1,9300,9301
1,9307,9308
1,9314,9315
1,9322,9323
1,9328,9329
1,9335,9336
1,9337,9338
1,9343,9344
1,9345,9346
1,9351,9352
1,9355,9356
1,9358,9359
1,9361,9362
1,9369,9370
1,9374,9375
1,9380,9381
1,9382,9383
1,9385,9386
1,9392,9393
1,9394,9395
1,9403,9404
1,9409,9410
1,9418,9419
1,9423,9424
1,9427,9428
1,9436,9437
1,9440,9441
1,9448,9449
1,9456,9457
1,9460,9461
1,9465,9466
1,9468,9469
1,9473,9474
1,9479,9480
1,8234,9481
1,9482,9483
1,9487,9488
1,9497,9498
1,9506,9507
1,9512,9513
1,9516,9517
1,9523,9524
1,9526,9527
1,9530,9531
1,9535,9536
1,9541,9542
1,9549,9550
1,9557,9558
1,9562,9563
1,9570,9571
1,9576,9577
1,9580,9581
1,9584,9585
1,9594,9595
1,9597,9598
1,9602,9603
1,9607,9608
1,9612,9613
1,9618,9619
1,9624,9625
1,9627,9628
1,9635,9636
1,9642,9643
1,9646,9647
1,9651,9652
1,4516,9653
1,9655,9656
1,9660,9661
1,9668,9669
1,9672,9673
1,9679,9680
1,9684,9685
1,9689,9690
1,9693,9694
1,9699,9700
1,9703,9704
1,9708,9709
1,9716,9717
1,9719,9720
1,9724,9725
1,9729,9730
1,9738,9739
1,9745,9746
1,9752,9753
1,9756,9757
1,9759,9760
1,9765,9766
1,9771,9772
1,9775,9776
1,9780,9781
1,9783,9784
1,9789,9790
1,9795,9796
1,9799,9800
1,9808,9809
1,9812,9813
1,9819,9820
1,9823,9824
1,9832,9833
1,9840,9841
1,9843,9844
1,9848,9849
1,9854,9855
1,9859,9860
1,9864,9865
1,9871,9872
1,9878,9879
1,9884,9885
1,9888,9889
1,9896,9897
1,9904,9905
1,9909,9910
1,9913,9914
1,9915,9916
1,9922,9923
1,9932,9933
1,9938,9939
1,9945,9946
1,9951,9952
1,9961,9962
1,9964,9965
1,9967,9968
1,9974,9975
1,9983,9984
1,9987,9988
1,9992,9993
1,9999,10000
1,10005,10006
1,10015,10016
1,10023,10024
1,10029,10030
1,10039,10040
1,10042,10043
1,10052,10053
1,10060,10061
1,10062,10063
1,10069,10070
1,10075,10076
1,10083,10084
1,10092,10093
1,10095,10096
1,6911,10097
1,10098,10099
1,10106,10107
1,10112,10113
1,10115,10116
1,10117,10118
1,10125,10126
1,10129,10130
1,10137,10138
1,10139,10140
1,10142,10143
1,10150,10151
1,10156,10157
1,10165,10166
1,10174,10175
1,10179,10180
1,10185,10186
1,10189,10190
1,10196,10197
1,10200,10201
1,10205,10206
1,2275,10207
1,10210,10211
1,10215,10216
1,10221,10222
1,10229,10230
1,10233,10234
1,7372,10235
1,10237,10238
1,10244,10245
1,10249,10250
1,10253,10254
1,10261,10262
1,10266,10267
1,10268,10269
1,10272,10273
1,10275,10276
1,10279,10280
1,10283,10284
1,10289,10290
1,10293,10294
1,10300,10301
1,10307,10308
1,10312,10313
1,10316,10317
1,10320,10321
1,10325,10326
1,10330,10331
1,10334,10335
1,10339,10340
1,10347,10348
1,10349,10350
1,10359,10360
1,10366,10367
1,10374,10375
1,10379,10380
1,10384,10385
1,10395,10396
1,10402,10403
1,10411,10412
1,10416,10417
1,10421,10422
1,9667,10423
1,10424,10425
1,10430,10431
1,10436,10437
1,10444,10445
1,10449,10450
1,10454,10455
1,10458,10459
1,10468,10469
1,10476,10477
1,10483,10484
1,10492,10493
1,10496,10497
1,10506,10507
1,10515,10516
1,10520,10521
1,10525,10526
1,10527,10528
1,10533,10534
1,10537,10538
1,10543,10544
1,10545,10546
1,10548,10549
1,10557,10558
1,10563,10564
1,10569,10570
1,10572,10573
1,10578,10579
1,10587,10588
1,10589,10590
1,10595,10596
1,10600,10601
1,10603,10604
1,10608,10609
1,10617,10618
1,10624,10625
1,10627,10628
1,10634,10635
1,10636,10637
1,10643,10644
1,10650,10651
1,10654,10655
1,10659,10660
1,10664,10665
1,10672,10673
1,10679,10680
1,10682,10683
1,10687,10688
1,4507,10689
1,10690,10691
1,10696,10697
1,10702,10703
1,10707,10708
1,10710,10711
1,10714,10715
1,10722,10723
1,10725,10726
1,10729,10730
1,10737,10738
1,10740,10741
1,10753,10754
1,10759,10760
1,10763,10764
1,10767,10768
1,10775,10776
1,10784,10785
1,10786,10787
1,10790,10791
1,10798,10799
1,10801,10802
1,10806,10807
1,10811,10812
1,10818,10819
1,10821,10822
1,10827,10828
1,10833,10834
1,10838,10839
1,10842,10843
1,10847,10848
1,10851,10852
1,10860,10861
1,10865,10866
1,10870,10871
1,10874,10875
1,10880,10881
1,10885,10886
1,10888,10889
1,10891,10892
1,10898,10899
1,10904,10905
1,10908,10909
1,10916,10917
1,10924,10925
1,10927,10928
1,10937,10938
1,10945,10946
1,10950,10951
1,10957,10958
1,10963,10964
1,10970,10971
1,10976,10977
1,10980,10981
1,10986,10987
1,6421,10988
1,10990,10991
1,10998,10999
1,11003,11004
1,11009,11010
1,11016,11017
1,11022,11023
1,11029,11030
1,11035,11036
1,11043,11044
1,11051,11052
1,11060,11061
1,11066,11067
1,11073,11074
1,11079,11080
1,11084,11085
1,11092,11093
1,11099,11100
1,11103,11104
1,11108,11109
1,11116,11117
1,11122,11123
1,11126,11127
1,11132,11133
1,11134,11135
1,11142,11143
1,11145,11146
1,11150,11151
1,11154,11155
1,11161,11162
1,11170,11171
1,11173,11174
1,11178,11179
1,11183,11184
1,11186,11187
1,11193,11194
1,11198,11199
1,11205,11206
1,11209,11210
1,11216,11217
1,11218,11219
1,11223,11224
1,11226,11227
1,11231,11232
1,11239,11240
1,11247,11248
1,11253,11254
1,11258,11259
1,11265,11266
1,11272,11273
1,11282,11283
1,11289,11290
1,11298,11299
1,11305,11306
1,11316,11317
1,11321,11322
1,11327,11328
1,11334,11335
1,11342,11343
1,11347,11348
1,6736,11349
1,11350,11351
1,11354,11355
1,11357,11358
1,11362,11363
1,11369,11370
1,11376,11377
1,11378,11379
1,11390,11391
1,11398,11399
1,11403,11404
1,11409,11410
1,11416,11417
1,4395,11418
1,11421,11422
1,11427,11428
1,11435,11436
1,11441,11442
1,11447,11448
1,11456,11457
1,11465,11466
1,11472,11473
1,11475,11476
1,11479,11480
1,11484,11485
1,11490,11491
1,11499,11500
1,11502,11503
1,11512,11513
1,11517,11518
1,11526,11527
1,11536,11537
1,11548,11549
1,11553,11554
1,11558,11559
1,11562,11563
1,11569,11570
1,11573,11574
1,11579,11580
1,11586,11587
1,11589,11590
1,11597,11598
1,11604,11605
1,11608,11609
1,11615,11616
1,11624,11625
1,11626,11627
1,11633,11634
1,11644,11645
1,11651,11652
1,11654,11655
1,11661,11662
1,11669,11670
1,11673,11674
1,11681,11682
1,11686,11687
1,11688,11689
1,11694,11695
1,11701,11702
1,11707,11708
1,11712,11713
1,11718,11719
1,11722,11723
1,11727,11728
1,11731,11732
1,11737,11738
1,11746,11747
1,11752,11753
1,11757,11758
1,11762,11763
1,11765,11766
1,11778,11779
1,11782,11783
1,5512,11784
1,11785,11786
1,11790,11791
1,11797,11798
1,11800,11801
1,11807,11808
1,11813,11814
1,11821,11822
1,11825,11826
1,11833,11834
1,11836,11837
1,11842,11843
1,11847,11848
1,11854,11855
1,11858,11859
1,11864,11865
1,11871,11872
1,11878,11879
1,11885,11886
1,11888,11889
1,11892,11893
1,11895,11896
1,11900,11901
1,11903,11904
1,11907,11908
1,11912,11913
1,4374,11915
1,11916,11917
1,11919,11920
1,11924,11925
1,11929,11930
1,11934,11935
1,11940,11941
1,11945,11946
1,11949,11950
1,11953,11954
1,11957,11958
1,11964,11965
1,11968,11969
1,11974,11975
1,11980,11981
1,11986,11987
1,11996,11997
1,12001,12002
1,12006,12007
1,12012,12013
1,12019,12020
1,12024,12025
1,12032,12033
1,12044,12045
1,12049,12050
1,12054,12055
1,12058,12059
1,12066,12067
1,12073,12074
1,12081,12082
1,12088,12089
1,12100,12101
1,12108,12109
1,12112,12113
1,12123,12124
1,12126,12127
1,12135,12136
1,12139,12140
1,12148,12149
1,12155,12156
1,12160,12161
1,12166,12167
1,12172,12173
1,12179,12180
1,12182,12183
1,12192,12193
1,12199,12200
1,12206,12207
1,12214,12215
1,12222,12223
1,12228,12229
1,4716,12232
1,12233,12234
1,12244,12245
1,6025,12246
1,12247,12248
1,12256,12257
1,12265,12266
1,12272,12273
1,12276,12277
1,12287,12288
1,12293,12294
1,12298,12299
1,12303,12304
1,12309,12310
1,12316,12317
1,12326,12327
1,12331,12332
1,12338,12339
1,12342,12343
1,12349,12350
1,12359,12360
1,12363,12364
1,12372,12373
1,12378,12379
1,12386,12387
1,12395,12396
1,12405,12406
1,12407,12408
1,12416,12417
1,12421,12422
1,12426,12427
1,12429,12430
1,10936,12433
1,659,
1,715,
1,723,
1,739,
1,761,
1,764,
1,790,
1,816,
1,847,
1,885,
1,891,
1,896,
1,897,
1,901,
1,905,
1,919,
1,920,
1,923,
1,932,
1,942,
1,957,
1,977,
1,988,
1,1033,
1,1034,
1,1043,
1,1058,
1,1062,
1,1063,
1,1066,
1,1070,
1,1077,
1,1092,
1,1093,
1,1100,
1,1101,
1,1106,
1,1107,
1,1108,
1,1111,
1,1115,
1,1118,
1,1124,
1,1125,
1,1131,
1,1132,
1,1143,
1,1173,
1,1176,
1,1186,
1,1187,
1,1188,
1,1195,
1,1205,
1,1206,
1,1209,
1,1215,
1,1219,
1,1220,
1,1227,
1,1228,
1,1229,
1,1232,
1,1239,
1,1242,
1,1243,
1,1246,
1,1256,
1,1257,
1,1258,
1,1264,
1,1277,
1,1280,
1,1295,
1,1296,
1,1307,
1,1311,
1,1312,
1,1313,
1,1314,
1,1323,
1,1336,
1,1353,
1,1356,
1,1365,
1,1366,
1,1367,
1,1370,
1,1371,
1,1383,
1,1384,
1,1398,
1,1399,
1,1404,
1,1405,
1,1406,
1,1411,
1,1412,
1,1417,
1,1418,
1,1436,
1,1441,
1,1444,
1,1454,
1,1455,
1,1468,
1,1485,
1,1488,
1,1494,
1,1506,
1,1511,
1,1514,
1,1517,
1,1518,
1,1532,
1,1533,
1,1534,
1,1537,
1,1540,
1,1546,
1,1560,
1,1561,
1,1562,
1,1571,
1,1572,
1,1573,
1,1577,
1,1578,
1,1581,
1,1599,
1,1608,
1,1609,
1,1610,
1,1617,
1,1618,
1,1622,
1,1629,
1,1630,
1,1634,
1,1635,
1,1636,
1,1641,
1,1642,
1,1643,
1,1648,
1,1649,
1,1650,
1,1658,
1,1659,
1,1670,
1,1671,
1,1674,
1,1675,
1,1686,
1,1687,
1,1700,
1,1705,
1,1710,
1,1711,
1,1738,
1,1739,
1,1742,
1,1743,
1,1744,
1,1765,
1,1766,
1,1798,
1,1801,
1,1804,
1,1805,
1,1806,
1,1809,
1,1810,
1,1817,
1,1820,
1,1821,
1,1825,
1,1832,
1,1836,
1,1848,
1,1861,
1,1864,
1,1865,
1,1866,
1,1906,
1,1912,
1,1915,
1,1918,
1,1919,
1,1922,
1,1925,
1,1948,
1,1953,
1,1954,
1,1959,
1,1964,
1,1972,
1,1977,
1,1978,
1,1981,
1,1984,
1,1989,
1,1992,
1,1995,
1,1998,
1,1999,
1,2000,
1,2001,
1,2004,
1,2011,
1,2028,
1,2034,
1,2037,
1,2038,
1,2039,
1,2044,
1,2049,
1,2050,
1,2051,
1,2052,
1,2065,
1,2073,
1,2074,
1,2077,
1,2082,
1,2083,
1,2084,
1,2093,
1,2094,
1,2095,
1,2098,
1,2103,
1,2104,
1,2105,
1,2112,
1,2113,
1,2119,
1,2122,
1,2123,
1,2124,
1,2125,
1,2135,
1,2138,
1,2141,
1,2144,
1,2145,
1,2148,
1,2149,
1,2150,
1,2151,
1,2154,
1,2157,
1,2158,
1,2161,
1,2178,
1,2179,
1,2182,
1,2185,
1,2189,
1,2192,
1,2195,
1,2196,
1,2197,
1,2198,
1,2199,
1,2202,
1,2203,
1,2206,
1,2209,
1,2212,
1,2215,
1,2216,
1,2217,
1,2227,
1,2228,
1,2237,
1,2238,
1,2239,
1,2245,
1,2246,
1,2252,
1,2259,
1,2268,
1,2269,
1,2270,
1,2273,
1,2288,
1,2291,
1,2305,
1,2310,
1,2317,
1,2318,
1,2319,
1,2327,
1,2340,
1,2347,
1,2350,
1,2351,
1,2355,
1,2356,
1,2357,
1,2364,
1,2365,
1,2370,
1,2371,
1,2374,
1,2375,
1,2376,
1,2382,
1,2383,
1,2384,
1,2387,
1,2393,
1,2398,
1,2413,
1,2414,
1,2417,
1,2423,
1,2429,
1,2430,
1,2433,
1,2439,
1,2440,
1,2443,
1,2444,
1,2447,
1,2448,
1,2449,
1,2450,
1,2453,
1,2463,
1,2464,
1,2469,
1,2470,
1,2471,
1,2472,
1,2475,
1,2478,
1,2479,
1,2482,
1,2483,
1,2484,
1,2490,
1,2491,
1,2492,
1,2493,
1,2494,
1,2498,
1,2499,
1,2513,
1,2518,
1,2525,
1,2537,
1,2542,
1,2545,
1,2546,
1,2556,
1,2557,
1,2561,
1,2568,
1,2569,
1,2570,
1,2574,
1,2582,
1,2583,
1,2586,
1,2589,
1,2603,
1,2604,
1,2605,
1,2606,
1,2607,
1,2611,
1,2615,
1,2619,
1,2620,
1,2628,
1,2629,
1,2633,
1,2634,
1,2635,
1,2638,
1,2641,
1,2642,
1,2645,
1,2650,
1,2653,
1,2656,
1,2663,
1,2664,
1,2665,
1,2666,
1,2671,
1,2674,
1,2678,
1,2681,
1,2688,
1,2691,
1,2699,
1,2700,
1,2701,
1,2705,
1,2706,
1,2710,
1,2713,
1,2720,
1,2721,
1,2722,
1,2725,
1,2726,
1,2727,
1,2728,
1,2731,
1,2732,
1,2733,
1,2734,
1,2735,
1,2738,
1,2739,
1,2740,
1,2741,
1,2742,
1,2746,
1,2747,
1,2748,
1,2754,
1,2755,
1,2759,
1,2760,
1,2763,
1,2769,
1,2772,
1,2773,
1,2774,
1,2775,
1,2776,
1,2780,
1,2786,
1,2791,
1,2796,
1,2797,
1,2798,
1,2801,
1,2802,
1,2805,
1,2811,
1,2812,
1,2815,
1,2816,
1,2817,
1,2822,
1,2826,
1,2827,
1,2828,
1,2835,
1,2836,
1,2837,
1,2838,
1,2839,
1,2846,
1,2847,
1,2848,
1,2849,
1,2853,
1,2854,
1,2855,
1,2863,
1,2864,
1,2865,
1,2866,
1,2875,
1,2876,
1,2877,
1,2880,
1,2885,
1,2888,
1,2889,
1,2893,
1,2894,
1,2897,
1,2900,
1,2901,
1,2905,
1,2906,
1,2907,
1,2910,
1,2913,
1,2918,
1,2921,
1,2924,
1,2929,
1,2933,
1,2937,
1,2938,
1,2939,
1,2944,
1,2945,
1,2946,
1,2947,
1,2948,
1,2951,
1,2952,
1,2959,
1,2960,
1,2963,
1,2966,
1,2971,
1,2972,
1,2975,
1,2978,
1,2981,
1,2989,
1,2990,
1,2995,
1,2996,
1,2997,
1,3003,
1,3004,
1,3005,
1,3008,
1,3009,
1,3010,
1,3013,
1,3014,
1,3017,
1,3018,
1,3021,
1,3027,
1,3028,
1,3031,
1,3032,
1,3036,
1,3037,
1,3038,
1,3039,
1,3042,
1,3043,
1,3044,
1,3051,
1,3054,
1,3055,
1,3056,
1,3057,
1,3060,
1,3061,
1,3062,
1,3065,
1,3068,
1,3069,
1,3070,
1,3071,
1,3075,
1,3076,
1,3077,
1,3085,
1,3086,
1,3087,
1,3090,
1,3091,
1,3092,
1,3098,
1,3099,
1,3102,
1,3103,
1,3104,
1,3107,
1,3110,
1,3111,
1,3112,
1,3116,
1,3117,
1,3120,
1,3121,
1,3124,
1,3125,
1,3126,
1,3127,
1,3131,
1,3132,
1,3133,
1,3134,
1,3137,
1,3140,
1,3145,
1,3148,
1,3149,
1,3152,
1,3153,
1,3158,
1,3161,
1,3164,
1,3165,
1,3166,
1,3167,
1,3168,
1,3182,
1,3190,
1,3193,
1,3194,
1,3200,
1,3203,
1,3204,
1,3205,
1,3217,
1,3220,
1,3221,
1,3224,
1,3225,
1,3226,
1,3227,
1,3228,
1,3233,
1,3236,
1,3237,
1,3240,
1,3243,
1,3246,
1,3251,
1,3252,
1,3253,
1,3256,
1,3257,
1,3260,
1,3261,
1,3262,
1,3268,
1,3271,
1,3272,
1,3275,
1,3278,
1,3281,
1,3282,
1,3283,
1,3284,
1,3287,
1,3292,
1,3295,
1,3299,
1,3300,
1,3303,
1,3304,
1,3307,
1,3308,
1,3311,
1,3312,
1,3313,
1,3314,
1,3315,
1,3316,
1,3319,
1,3330,
1,3331,
1,3332,
1,3335,
1,3336,
1,3341,
1,3342,
1,3343,
1,3346,
1,3349,
1,3356,
1,3357,
1,3360,
1,3361,
1,3370,
1,3371,
1,3372,
1,3375,
1,3378,
1,3379,
1,3385,
1,3386,
1,3389,
1,3390,
1,3391,
1,3394,
1,3400,
1,3403,
1,3406,
1,3407,
1,3408,
1,3413,
1,3417,
1,3424,
1,3427,
1,3436,
1,3437,
1,3438,
1,3441,
1,3442,
1,3443,
1,3444,
1,3445,
1,3452,
1,3456,
1,3457,
1,3458,
1,3464,
1,3470,
1,3471,
1,3472,
1,3475,
1,3476,
1,3477,
1,3478,
1,3479,
1,3480,
1,3483,
1,3484,
1,3489,
1,3495,
1,3496,
1,3497,
1,3505,
1,3508,
1,3509,
1,3510,
1,3515,
1,3516,
1,3519,
1,3524,
1,3525,
1,3529,
1,3530,
1,3533,
1,3536,
1,3540,
1,3541,
1,3542,
1,3545,
1,3546,
1,3551,
1,3556,
1,3557,
1,3560,
1,3561,
1,3562,
1,3565,
1,3566,
1,3567,
1,3568,
1,3574,
1,3575,
1,3576,
1,3577,
1,3580,
1,3587,
1,3597,
1,3601,
1,3605,
1,3606,
1,3610,
1,3611,
1,3612,
1,3613,
1,3618,
1,3619,
1,3620,
1,3623,
1,3624,
1,3629,
1,3630,
1,3633,
1,3634,
1,3637,
1,3638,
1,3639,
1,3642,
1,3643,
1,3644,
1,3647,
1,3648,
1,3649,
1,3652,
1,3653,
1,3654,
1,3655,
1,3658,
1,3659,
1,3664,
1,3665,
1,3666,
1,3671,
1,3674,
1,3675,
1,3678,
1,3679,
1,3680,
1,3684,
1,3685,
1,3686,
1,3687,
1,3690,
1,3691,
1,3692,
1,3697,
1,3698,
1,3701,
1,3702,
1,3703,
1,3704,
1,3707,
1,3710,
1,3711,
1,3712,
1,3713,
1,3716,
1,3719,
1,3725,
1,3734,
1,3735,
1,3741,
1,3742,
1,3747,
1,3752,
1,3755,
1,3756,
1,3757,
1,3758,
1,3759,
1,3762,
1,3763,
1,3766,
1,3767,
1,3770,
1,3771,
1,3774,
1,3777,
1,3782,
1,3783,
1,3786,
1,3787,
1,3790,
1,3791,
1,3792,
1,3795,
1,3798,
1,3799,
1,3800,
1,3801,
1,3802,
1,3803,
1,3807,
1,3808,
1,3815,
1,3821,
1,3822,
1,3823,
1,3824,
1,3825,
1,3826,
1,3829,
1,3832,
1,3837,
1,3840,
1,3841,
1,3842,
1,3843,
1,3854,
1,3857,
1,3858,
1,3861,
1,3864,
1,3869,
1,3870,
1,3871,
1,3874,
1,3877,
1,3878,
1,3882,
1,3887,
1,3890,
1,3891,
1,3898,
1,3899,
1,3900,
1,3903,
1,3904,
1,3907,
1,3908,
1,3909,
1,3914,
1,3917,
1,3918,
1,3921,
1,3922,
1,3925,
1,3926,
1,3927,
1,3930,
1,3934,
1,3935,
1,3942,
1,3943,
1,3944,
1,3945,
1,3946,
1,3947,
1,3950,
1,3957,
1,3958,
1,3961,
1,3964,
1,3967,
1,3970,
1,3972,
1,3975,
1,3976,
1,3979,
1,3980,
1,3983,
1,3984,
1,3985,
1,3988,
1,3989,
1,3990,
1,3993,
1,3994,
1,3995,
1,3998,
1,4001,
1,4002,
1,4003,
1,4006,
1,4009,
1,4012,
1,4013,
1,4014,
1,4017,
1,4020,
1,4025,
1,4030,
1,4035,
1,4038,
1,4039,
1,4040,
1,4041,
1,4044,
1,4047,
1,4048,
1,4049,
1,4052,
1,4053,
1,4054,
1,4059,
1,4060,
1,4061,
1,4066,
1,4067,
1,4068,
1,4069,
1,4072,
1,4075,
1,4076,
1,4077,
1,4078,
1,4083,
1,4084,
1,4087,
1,4090,
1,4091,
1,4094,
1,4095,
1,4096,
1,4097,
1,4100,
1,4103,
1,4104,
1,4105,
1,4106,
1,4114,
1,4115,
1,4123,
1,4124,
1,4128,
1,4133,
1,4134,
1,4137,
1,4138,
1,4145,
1,4146,
1,4147,
1,4148,
1,4151,
1,4152,
1,4153,
1,4154,
1,4157,
1,4158,
1,4159,
1,4160,
1,4161,
1,4164,
1,4169,
1,4170,
1,4173,
1,4174,
1,4177,
1,4180,
1,4181,
1,4182,
1,4183,
1,4189,
1,4192,
1,4195,
1,4196,
1,4197,
1,4198,
1,4201,
1,4202,
1,4203,
1,4204,
1,4205,
1,4210,
1,4211,
1,4216,
1,4217,
1,4218,
1,4221,
1,4224,
1,4225,
1,4231,
1,4232,
1,4233,
1,4234,
1,4237,
1,4240,
1,4241,
1,4242,
1,4243,
1,4246,
1,4247,
1,4248,
1,4251,
1,4254,
1,4255,
1,4256,
1,4259,
1,4260,
1,4263,
1,4264,
1,4265,
1,4266,
1,4267,
1,4268,
1,4271,
1,4272,
1,4273,
1,4274,
1,4275,
1,4281,
1,4286,
1,4292,
1,4293,
1,4294,
1,4297,
1,4298,
1,4301,
1,4302,
1,4303,
1,4304,
1,4312,
1,4318,
1,4321,
1,4322,
1,4325,
1,4328,
1,4329,
1,4334,
1,4337,
1,4338,
1,4339,
1,4340,
1,4343,
1,4346,
1,4347,
1,4348,
1,4349,
1,4352,
1,4357,
1,4360,
1,4361,
1,4364,
1,4365,
1,4366,
1,4369,
1,4370,
1,4371,
1,4372,
1,4373,
1,4377,
1,4378,
1,4379,
1,4382,
1,4383,
1,4384,
1,4387,
1,4388,
1,4389,
1,4392,
1,4393,
1,4394,
1,4398,
1,4399,
1,4403,
1,4406,
1,4407,
1,4408,
1,4416,
1,4417,
1,4418,
1,4419,
1,4420,
1,4425,
1,4428,
1,4429,
1,4434,
1,4437,
1,4438,
1,4439,
1,4440,
1,4441,
1,4442,
1,4445,
1,4446,
1,4447,
1,4448,
1,4453,
1,4454,
1,4455,
1,4460,
1,4461,
1,4464,
1,4465,
1,4466,
1,4467,
1,4472,
1,4473,
1,4474,
1,4475,
1,4478,
1,4479,
1,4480,
1,4481,
1,4484,
1,4485,
1,4488,
1,4494,
1,4495,
1,4496,
1,4497,
1,4498,
1,4499,
1,4502,
1,4503,
1,4506,
1,4510,
1,4511,
1,4514,
1,4515,
1,4519,
1,4520,
1,4521,
1,4522,
1,4523,
1,4527,
1,4528,
1,4529,
1,4532,
1,4533,
1,4538,
1,4541,
1,4542,
1,4547,
1,4550,
1,4553,
1,4558,
1,4559,
1,4560,
1,4561,
1,4564,
1,4567,
1,4572,
1,4573,
1,4574,
1,4577,
1,4580,
1,4581,
1,4582,
1,4585,
1,4586,
1,4587,
1,4588,
1,4589,
1,4592,
1,4593,
1,4597,
1,4598,
1,4599,
1,4600,
1,4601,
1,4602,
1,4605,
1,4606,
1,4607,
1,4608,
1,4609,
1,4612,
1,4613,
1,4614,
1,4615,
1,4616,
1,4621,
1,4624,
1,4625,
1,4626,
1,4629,
1,4630,
1,4631,
1,4634,
1,4635,
1,4636,
1,4639,
1,4640,
1,4643,
1,4644,
1,4645,
1,4657,
1,4658,
1,4661,
1,4664,
1,4668,
1,4669,
1,4670,
1,4673,
1,4674,
1,4675,
1,4678,
1,4681,
1,4682,
1,4685,
1,4686,
1,4687,
1,4688,
1,4689,
1,4692,
1,4693,
1,4700,
1,4701,
1,4702,
1,4703,
1,4706,
1,4712,
1,4713,
1,4714,
1,4715,
1,4720,
1,4721,
1,4722,
1,4723,
1,4724,
1,4725,
1,4729,
1,4732,
1,4733,
1,4738,
1,4739,
1,4740,
1,4741,
1,4742,
1,4747,
1,4748,
1,4749,
1,4750,
1,4753,
1,4754,
1,4757,
1,4760,
1,4761,
1,4762,
1,4763,
1,4766,
1,4767,
1,4770,
1,4771,
1,4772,
1,4773,
1,4774,
1,4777,
1,4778,
1,4779,
1,4780,
1,4783,
1,4795,
1,4796,
1,4797,
1,4803,
1,4806,
1,4807,
1,4808,
1,4812,
1,4813,
1,4817,
1,4820,
1,4821,
1,4822,
1,4823,
1,4826,
1,4827,
1,4830,
1,4831,
1,4832,
1,4837,
1,4838,
1,4839,
1,4840,
1,4843,
1,4844,
1,4845,
1,4848,
1,4849,
1,4850,
1,4855,
1,4858,
1,4859,
1,4860,
1,4863,
1,4864,
1,4865,
1,4868,
1,4869,
1,4870,
1,4873,
1,4874,
1,4875,
1,4878,
1,4879,
1,4880,
1,4884,
1,4889,
1,4890,
1,4895,
1,4900,
1,4901,
1,4902,
1,4903,
1,4908,
1,4909,
1,4910,
1,4921,
1,4922,
1,4923,
1,4926,
1,4935,
1,4936,
1,4939,
1,4940,
1,4941,
1,4944,
1,4945,
1,4948,
1,4951,
1,4952,
1,4955,
1,4956,
1,4957,
1,4958,
1,4959,
1,4960,
1,4965,
1,4966,
1,4967,
1,4968,
1,4973,
1,4974,
1,4977,
1,4980,
1,4983,
1,4987,
1,4988,
1,4996,
1,4999,
1,5000,
1,5001,
1,5002,
1,5003,
1,5006,
1,5007,
1,5012,
1,5013,
1,5014,
1,5015,
1,5016,
1,5022,
1,5025,
1,5026,
1,5027,
1,5028,
1,5029,
1,5030,
1,5033,
1,5034,
1,5037,
1,5038,
1,5041,
1,5042,
1,5043,
1,5046,
1,5047,
1,5051,
1,5052,
1,5053,
1,5056,
1,5057,
1,5060,
1,5061,
1,5062,
1,5065,
1,5068,
1,5069,
1,5070,
1,5071,
1,5075,
1,5076,
1,5079,
1,5080,
1,5083,
1,5084,
1,5085,
1,5088,
1,5089,
1,5090,
1,5091,
1,5092,
1,5095,
1,5096,
1,5097,
1,5100,
1,5101,
1,5102,
1,5105,
1,5108,
1,5109,
1,5110,
1,5113,
1,5117,
1,5118,
1,5121,
1,5122,
1,5125,
1,5128,
1,5129,
1,5132,
1,5133,
1,5134,
1,5135,
1,5136,
1,5139,
1,5140,
1,5141,
1,5142,
1,5143,
1,5144,
1,5145,
1,5148,
1,5149,
1,5150,
1,5151,
1,5154,
1,5155,
1,5160,
1,5161,
1,5162,
1,5165,
1,5168,
1,5169,
1,5170,
1,5171,
1,5172,
1,5177,
1,5180,
1,5181,
1,5182,
1,5185,
1,5188,
1,5189,
1,5192,
1,5193,
1,5196,
1,5199,
1,5200,
1,5201,
1,5202,
1,5203,
1,5206,
1,5207,
1,5208,
1,5211,
1,5212,
1,5215,
1,5216,
1,5217,
1,5222,
1,5223,
1,5224,
1,5228,
1,5229,
1,5232,
1,5235,
1,5238,
1,5239,
1,5242,
1,5245,
1,5246,
1,5247,
1,5253,
1,5254,
1,5257,
1,5258,
1,5259,
1,5262,
1,5263,
1,5267,
1,5268,
1,5269,
1,5270,
1,5273,
1,5274,
1,5277,
1,5278,
1,5283,
1,5286,
1,5287,
1,5290,
1,5291,
1,5295,
1,5300,
1,5301,
1,5304,
1,5305,
1,5306,
1,5307,
1,5310,
1,5313,
1,5316,
1,5317,
1,5318,
1,5319,
1,5322,
1,5323,
1,5326,
1,5327,
1,5330,
1,5331,
1,5334,
1,5335,
1,5336,
1,5339,
1,5342,
1,5345,
1,5348,
1,5349,
1,5352,
1,5355,
1,5359,
1,5362,
1,5363,
1,5368,
1,5369,
1,5379,
1,5385,
1,5386,
1,5387,
1,5390,
1,5391,
1,5392,
1,5395,
1,5396,
1,5397,
1,5400,
1,5401,
1,5402,
1,5405,
1,5408,
1,5409,
1,5412,
1,5413,
1,5414,
1,5415,
1,5418,
1,5419,
1,5422,
1,5425,
1,5426,
1,5427,
1,5428,
1,5431,
1,5432,
1,5433,
1,5436,
1,5437,
1,5440,
1,5441,
1,5442,
1,5445,
1,5450,
1,5453,
1,5456,
1,5457,
1,5458,
1,5459,
1,5460,
1,5461,
1,5464,
1,5465,
1,5468,
1,5469,
1,5472,
1,5473,
1,5474,
1,5475,
1,5478,
1,5479,
1,5480,
1,5485,
1,5486,
1,5493,
1,5496,
1,5497,
1,5498,
1,5499,
1,5507,
1,5508,
1,5509,
1,5515,
1,5516,
1,5517,
1,5518,
1,5519,
1,5520,
1,5521,
1,5524,
1,5525,
1,5530,
1,5531,
1,5534,
1,5535,
1,5538,
1,5542,
1,5543,
1,5544,
1,5545,
1,5546,
1,5547,
1,5550,
1,5551,
1,5552,
1,5553,
1,5554,
1,5557,
1,5558,
1,5559,
1,5560,
1,5565,
1,5566,
1,5567,
1,5570,
1,5571,
1,5572,
1,5573,
1,5574,
1,5577,
1,5578,
1,5584,
1,5587,
1,5588,
1,5589,
1,5590,
1,5593,
1,5594,
1,5595,
1,5596,
1,5599,
1,5600,
1,5601,
1,5602,
1,5603,
1,5608,
1,5609,
1,5610,
1,5615,
1,5616,
1,5617,
1,5618,
1,5619,
1,5620,
1,5621,
1,5624,
1,5625,
1,5626,
1,5627,
1,5628,
1,5631,
1,5634,
1,5637,
1,5638,
1,5639,
1,5642,
1,5645,
1,5646,
1,5647,
1,5648,
1,5649,
1,5650,
1,5651,
1,5656,
1,5657,
1,5661,
1,5662,
1,5665,
1,5666,
1,5669,
1,5670,
1,5671,
1,5676,
1,5677,
1,5678,
1,5679,
1,5680,
1,5683,
1,5684,
1,5687,
1,5690,
1,5691,
1,5694,
1,5695,
1,5698,
1,5699,
1,5704,
1,5705,
1,5708,
1,5709,
1,5710,
1,5714,
1,5717,
1,5719,
1,5723,
1,5724,
1,5725,
1,5726,
1,5727,
1,5728,
1,5732,
1,5735,
1,5736,
1,5739,
1,5740,
1,5741,
1,5742,
1,5743,
1,5744,
1,5747,
1,5748,
1,5749,
1,5752,
1,5753,
1,5754,
1,5755,
1,5761,
1,5762,
1,5767,
1,5770,
1,5773,
1,5774,
1,5775,
1,5778,
1,5779,
1,5780,
1,5781,
1,5782,
1,5787,
1,5788,
1,5789,
1,5792,
1,5793,
1,5794,
1,5799,
1,5800,
1,5801,
1,5802,
1,5805,
1,5808,
1,5809,
1,5810,
1,5811,
1,5812,
1,5815,
1,5816,
1,5817,
1,5820,
1,5821,
1,5827,
1,5828,
1,5829,
1,5832,
1,5833,
1,5834,
1,5835,
1,5836,
1,5837,
1,5840,
1,5841,
1,5842,
1,5843,
1,5846,
1,5849,
1,5850,
1,5851,
1,5852,
1,5853,
1,5854,
1,5857,
1,5862,
1,5865,
1,5868,
1,5869,
1,5872,
1,5873,
1,5874,
1,5875,
1,5876,
1,5879,
1,5882,
1,5883,
1,5884,
1,5885,
1,5890,
1,5891,
1,5892,
1,5895,
1,5896,
1,5897,
1,5900,
1,5901,
1,5902,
1,5905,
1,5908,
1,5911,
1,5914,
1,5915,
1,5916,
1,5919,
1,5920,
1,5921,
1,5926,
1,5927,
1,5931,
1,5932,
1,5933,
1,5934,
1,5939,
1,5944,
1,5945,
1,5946,
1,5952,
1,5953,
1,5956,
1,5957,
1,5960,
1,5963,
1,5964,
1,5968,
1,5969,
1,5970,
1,5971,
1,5972,
1,5975,
1,5979,
1,5980,
1,5981,
1,5984,
1,5985,
1,5986,
1,5989,
1,5990,
1,5993,
1,5994,
1,5995,
1,5998,
1,5999,
1,6000,
1,6003,
1,6004,
1,6007,
1,6008,
1,6009,
1,6012,
1,6013,
1,6014,
1,6017,
1,6018,
1,6019,
1,6020,
1,6023,
1,6024,
1,6030,
1,6031,
1,6032,
1,6033,
1,6036,
1,6039,
1,6040,
1,6041,
1,6042,
1,6045,
1,6046,
1,6047,
1,6050,
1,6051,
1,6054,
1,6055,
1,6056,
1,6057,
1,6060,
1,6061,
1,6062,
1,6063,
1,6064,
1,6069,
1,6070,
1,6071,
1,6072,
1,6075,
1,6078,
1,6079,
1,6080,
1,6081,
1,6084,
1,6085,
1,6086,
1,6087,
1,6092,
1,6093,
1,6096,
1,6097,
1,6098,
1,6101,
1,6102,
1,6105,
1,6106,
1,6107,
1,6108,
1,6111,
1,6112,
1,6113,
1,6114,
1,6115,
1,6120,
1,6121,
1,6122,
1,6125,
1,6126,
1,6127,
1,6128,
1,6131,
1,6132,
1,6133,
1,6134,
1,6138,
1,6143,
1,6144,
1,6145,
1,6146,
1,6149,
1,6150,
1,6151,
1,6152,
1,6155,
1,6158,
1,6159,
1,6162,
1,6163,
1,6164,
1,6165,
1,6166,
1,6169,
1,6172,
1,6173,
1,6174,
1,6175,
1,6181,
1,6184,
1,6185,
1,6186,
1,6187,
1,6190,
1,6191,
1,6195,
1,6196,
1,6197,
1,6198,
1,6199,
1,6202,
1,6203,
1,6206,
1,6207,
1,6208,
1,6209,
1,6210,
1,6213,
1,6214,
1,6215,
1,6216,
1,6219,
1,6220,
1,6221,
1,6222,
1,6225,
1,6226,
1,6227,
1,6231,
1,6232,
1,6233,
1,6236,
1,6237,
1,6240,
1,6241,
1,6242,
1,6245,
1,6246,
1,6247,
1,6250,
1,6251,
1,6254,
1,6255,
1,6256,
1,6257,
1,6258,
1,6261,
1,6262,
1,6263,
1,6266,
1,6267,
1,6270,
1,6271,
1,6281,
1,6282,
1,6285,
1,6286,
1,6289,
1,6294,
1,6295,
1,6296,
1,6303,
1,6305,
1,6306,
1,6312,
1,6316,
1,6317,
1,6320,
1,6321,
1,6322,
1,6325,
1,6326,
1,6329,
1,6332,
1,6333,
1,6334,
1,6337,
1,6341,
1,6342,
1,6343,
1,6344,
1,6345,
1,6348,
1,6349,
1,6352,
1,6353,
1,6354,
1,6355,
1,6356,
1,6357,
1,6358,
1,6361,
1,6362,
1,6363,
1,6364,
1,6367,
1,6370,
1,6371,
1,6372,
1,6375,
1,6378,
1,6379,
1,6380,
1,6383,
1,6384,
1,6385,
1,6388,
1,6389,
1,6390,
1,6391,
1,6394,
1,6395,
1,6396,
1,6399,
1,6400,
1,6403,
1,6404,
1,6407,
1,6408,
1,6411,
1,6412,
1,6413,
1,6416,
1,6419,
1,6420,
1,6424,
1,6425,
1,6426,
1,6429,
1,6430,
1,6431,
1,6432,
1,6435,
1,6436,
1,6437,
1,6440,
1,6441,
1,6442,
1,6445,
1,6447,
1,6450,
1,6451,
1,6452,
1,6453,
1,6454,
1,6457,
1,6458,
1,6459,
1,6460,
1,6463,
1,6466,
1,6469,
1,6472,
1,6474,
1,6477,
1,6478,
1,6481,
1,6482,
1,6483,
1,6486,
1,6487,
1,6488,
1,6491,
1,6492,
1,6493,
1,6494,
1,6495,
1,6496,
1,6497,
1,6500,
1,6501,
1,6504,
1,6505,
1,6506,
1,6507,
1,6508,
1,6509,
1,6510,
1,6513,
1,6514,
1,6515,
1,6516,
1,6517,
1,6520,
1,6521,
1,6524,
1,6525,
1,6530,
1,6531,
1,6532,
1,6535,
1,6536,
1,6537,
1,6538,
1,6539,
1,6542,
1,6549,
1,6550,
1,6553,
1,6554,
1,6557,
1,6560,
1,6561,
1,6562,
1,6563,
1,6566,
1,6567,
1,6568,
1,6569,
1,6572,
1,6573,
1,6574,
1,6577,
1,6578,
1,6579,
1,6580,
1,6581,
1,6587,
1,6588,
1,6589,
1,6590,
1,6593,
1,6594,
1,6595,
1,6598,
1,6599,
1,6600,
1,6603,
1,6606,
1,6607,
1,6610,
1,6611,
1,6612,
1,6613,
1,6617,
1,6618,
1,6619,
1,6622,
1,6625,
1,6626,
1,6627,
1,6630,
1,6631,
1,6632,
1,6639,
1,6640,
1,6641,
1,6644,
1,6645,
1,6646,
1,6647,
1,6650,
1,6653,
1,6654,
1,6655,
1,6656,
1,6657,
1,6658,
1,6661,
1,6662,
1,6666,
1,6669,
1,6670,
1,6671,
1,6672,
1,6673,
1,6676,
1,6681,
1,6682,
1,6683,
1,6686,
1,6689,
1,6690,
1,6693,
1,6694,
1,6697,
1,6698,
1,6699,
1,6700,
1,6706,
1,6707,
1,6708,
1,6709,
1,6712,
1,6715,
1,6718,
1,6719,
1,6722,
1,6723,
1,6724,
1,6725,
1,6728,
1,6729,
1,6732,
1,6733,
1,6734,
1,6735,
1,6739,
1,6740,
1,6743,
1,6744,
1,6745,
1,6746,
1,6749,
1,6750,
1,6751,
1,6754,
1,6755,
1,6756,
1,6757,
1,6758,
1,6761,
1,6762,
1,6763,
1,6764,
1,6767,
1,6770,
1,6773,
1,6774,
1,6775,
1,6776,
1,6779,
1,6780,
1,6781,
1,6782,
1,6785,
1,6786,
1,6787,
1,6792,
1,6793,
1,6794,
1,6795,
1,6798,
1,6799,
1,6802,
1,6803,
1,6804,
1,6807,
1,6808,
1,6811,
1,6812,
1,6813,
1,6816,
1,6817,
1,6818,
1,6819,
1,6822,
1,6825,
1,6826,
1,6827,
1,6830,
1,6835,
1,6836,
1,6844,
1,6845,
1,6846,
1,6847,
1,6848,
1,6851,
1,6852,
1,6853,
1,6856,
1,6857,
1,6858,
1,6861,
1,6862,
1,6863,
1,6866,
1,6869,
1,6872,
1,6873,
1,6874,
1,6875,
1,6878,
1,6879,
1,6880,
1,6883,
1,6884,
1,6887,
1,6888,
1,6891,
1,6894,
1,6895,
1,6896,
1,6900,
1,6901,
1,6902,
1,6903,
1,6904,
1,6905,
1,6906,
1,6910,
1,6916,
1,6917,
1,6918,
1,6919,
1,6920,
1,6923,
1,6926,
1,6927,
1,6928,
1,6931,
1,6934,
1,6935,
1,6936,
1,6937,
1,6938,
1,6939,
1,6942,
1,6943,
1,6944,
1,6945,
1,6948,
1,6949,
1,6950,
1,6951,
1,6952,
1,6953,
1,6954,
1,6957,
1,6958,
1,6959,
1,6960,
1,6963,
1,6964,
1,6965,
1,6966,
1,6967,
1,6972,
1,6975,
1,6976,
1,6977,
1,6978,
1,6979,
1,6982,
1,6983,
1,6986,
1,6987,
1,6988,
1,6989,
1,6990,
1,6991,
1,6994,
1,6995,
1,6996,
1,6997,
1,7000,
1,7001,
1,7002,
1,7003,
1,7006,
1,7007,
1,7010,
1,7011,
1,7014,
1,7015,
1,7016,
1,7017,
1,7018,
1,7023,
1,7024,
1,7025,
1,7026,
1,7029,
1,7030,
1,7031,
1,7032,
1,7033,
1,7036,
1,7037,
1,7038,
1,7039,
1,7040,
1,7043,
1,7044,
1,7047,
1,7048,
1,7049,
1,7050,
1,7053,
1,7054,
1,7057,
1,7058,
1,7059,
1,7060,
1,7061,
1,7064,
1,7065,
1,7066,
1,7067,
1,7068,
1,7071,
1,7073,
1,7076,
1,7077,
1,7082,
1,7083,
1,7084,
1,7085,
1,7086,
1,7089,
1,7092,
1,7093,
1,7094,
1,7097,
1,7098,
1,7099,
1,7100,
1,7103,
1,7104,
1,7107,
1,7108,
1,7111,
1,7112,
1,7113,
1,7114,
1,7115,
1,7116,
1,7119,
1,7120,
1,7121,
1,7122,
1,7123,
1,7126,
1,7127,
1,7128,
1,7129,
1,7130,
1,7133,
1,7134,
1,7135,
1,7136,
1,7137,
1,7140,
1,7143,
1,7144,
1,7145,
1,7148,
1,7151,
1,7152,
1,7153,
1,7154,
1,7155,
1,7158,
1,7159,
1,7160,
1,7163,
1,7164,
1,7167,
1,7168,
1,7169,
1,7170,
1,7171,
1,7174,
1,7175,
1,7176,
1,7179,
1,7180,
1,7181,
1,7182,
1,7183,
1,7184,
1,7185,
1,7186,
1,7189,
1,7190,
1,7191,
1,7194,
1,7195,
1,7198,
1,7199,
1,7200,
1,7201,
1,7202,
1,7203,
1,7207,
1,7208,
1,7209,
1,7212,
1,7213,
1,7214,
1,7219,
1,7220,
1,7223,
1,7224,
1,7225,
1,7226,
1,7227,
1,7228,
1,7231,
1,7232,
1,7233,
1,7234,
1,7237,
1,7238,
1,7239,
1,7242,
1,7243,
1,7246,
1,7247,
1,7250,
1,7251,
1,7252,
1,7255,
1,7256,
1,7257,
1,7258,
1,7259,
1,7260,
1,7263,
1,7264,
1,7265,
1,7270,
1,7271,
1,7272,
1,7275,
1,7276,
1,7277,
1,7282,
1,7285,
1,7288,
1,7291,
1,7292,
1,7295,
1,7296,
1,7297,
1,7298,
1,7299,
1,7302,
1,7303,
1,7304,
1,7305,
1,7308,
1,7309,
1,7310,
1,7311,
1,7317,
1,7318,
1,7319,
1,7320,
1,7323,
1,7324,
1,7325,
1,7326,
1,7327,
1,7330,
1,7333,
1,7334,
1,7335,
1,7336,
1,7337,
1,7338,
1,7341,
1,7342,
1,7343,
1,7344,
1,7345,
1,7348,
1,7350,
1,7351,
1,7352,
1,7355,
1,7356,
1,7357,
1,7358,
1,7361,
1,7364,
1,7365,
1,7366,
1,7369,
1,7370,
1,7375,
1,7376,
1,7377,
1,7378,
1,7379,
1,7382,
1,7383,
1,7386,
1,7389,
1,7390,
1,7391,
1,7392,
1,7395,
1,7399,
1,7402,
1,7405,
1,7406,
1,7407,
1,7408,
1,7411,
1,7412,
1,7413,
1,7414,
1,7415,
1,7418,
1,7419,
1,7420,
1,7423,
1,7424,
1,7427,
1,7430,
1,7431,
1,7432,
1,7435,
1,7436,
1,7439,
1,7440,
1,7441,
1,7444,
1,7445,
1,7446,
1,7447,
1,7448,
1,7451,
1,7454,
1,7455,
1,7456,
1,7459,
1,7460,
1,7461,
1,7462,
1,7463,
1,7468,
1,7469,
1,7470,
1,7473,
1,7474,
1,7475,
1,7476,
1,7477,
1,7482,
1,7483,
1,7486,
1,7487,
1,7490,
1,7491,
1,7492,
1,7493,
1,7494,
1,7495,
1,7498,
1,7499,
1,7500,
1,7501,
1,7504,
1,7505,
1,7506,
1,7507,
1,7510,
1,7511,
1,7512,
1,7513,
1,7514,
1,7519,
1,7520,
1,7521,
1,7522,
1,7525,
1,7526,
1,7527,
1,7528,
1,7529,
1,7530,
1,7533,
1,7534,
1,7535,
1,7536,
1,7537,
1,7538,
1,7541,
1,7544,
1,7545,
1,7546,
1,7547,
1,7550,
1,7551,
1,7552,
1,7555,
1,7556,
1,7557,
1,7558,
1,7559,
1,7560,
1,7563,
1,7564,
1,7565,
1,7566,
1,7567,
1,7570,
1,7571,
1,7576,
1,7577,
1,7578,
1,7579,
1,7582,
1,7583,
1,7584,
1,7587,
1,7588,
1,7589,
1,7590,
1,7591,
1,7594,
1,7595,
1,7596,
1,7597,
1,7598,
1,7599,
1,7606,
1,7607,
1,7608,
1,7609,
1,7612,
1,7613,
1,7614,
1,7615,
1,7616,
1,7617,
1,7618,
1,7619,
1,7620,
1,7623,
1,7624,
1,7627,
1,7630,
1,7631,
1,7632,
1,7633,
1,7634,
1,7637,
1,7638,
1,7643,
1,7644,
1,7645,
1,7648,
1,7649,
1,7650,
1,7653,
1,7654,
1,7655,
1,7656,
1,7657,
1,7658,
1,7659,
1,7660,
1,7661,
1,7664,
1,7667,
1,7668,
1,7671,
1,7674,
1,7675,
1,7676,
1,7677,
1,7680,
1,7681,
1,7687,
1,7688,
1,7689,
1,7690,
1,7693,
1,7694,
1,7695,
1,7696,
1,7697,
1,7700,
1,7701,
1,7702,
1,7703,
1,7704,
1,7707,
1,7708,
1,7709,
1,7710,
1,7711,
1,7712,
1,7715,
1,7716,
1,7717,
1,7720,
1,7721,
1,7722,
1,7723,
1,7724,
1,7725,
1,7728,
1,7729,
1,7730,
1,7733,
1,7736,
1,7739,
1,7740,
1,7741,
1,7742,
1,7743,
1,7744,
1,7745,
1,7748,
1,7749,
1,7750,
1,7751,
1,7752,
1,7755,
1,7756,
1,7757,
1,7758,
1,7759,
1,7762,
1,7765,
1,7766,
1,7767,
1,7768,
1,7771,
1,7772,
1,7773,
1,7774,
1,7779,
1,7780,
1,7781,
1,7782,
1,7783,
1,7786,
1,7787,
1,7788,
1,7791,
1,7792,
1,7793,
1,7794,
1,7797,
1,7798,
1,7801,
1,7802,
1,7803,
1,7806,
1,7809,
1,7810,
1,7811,
1,7812,
1,7813,
1,7816,
1,7817,
1,7818,
1,7819,
1,7820,
1,7823,
1,7824,
1,7827,
1,7828,
1,7831,
1,7832,
1,7833,
1,7834,
1,7835,
1,7838,
1,7841,
1,7844,
1,7845,
1,7846,
1,7847,
1,7850,
1,7851,
1,7852,
1,7853,
1,7854,
1,7859,
1,7860,
1,7861,
1,7869,
1,7870,
1,7871,
1,7874,
1,7875,
1,7876,
1,7879,
1,7880,
1,7883,
1,7884,
1,7885,
1,7886,
1,7889,
1,7890,
1,7891,
1,7892,
1,7895,
1,7896,
1,7899,
1,7900,
1,7901,
1,7904,
1,7905,
1,7908,
1,7909,
1,7910,
1,7911,
1,7914,
1,7915,
1,7918,
1,7919,
1,7920,
1,7921,
1,7926,
1,7927,
1,7930,
1,7931,
1,7932,
1,7933,
1,7934,
1,7939,
1,7940,
1,7941,
1,7942,
1,7945,
1,7946,
1,7947,
1,7950,
1,7955,
1,7956,
1,7957,
1,7958,
1,7964,
1,7965,
1,7968,
1,7971,
1,7972,
1,7973,
1,7974,
1,7975,
1,7976,
1,7980,
1,7983,
1,7986,
1,7987,
1,7992,
1,7993,
1,7994,
1,7997,
1,7998,
1,7999,
1,8000,
1,8003,
1,8004,
1,8005,
1,8006,
1,8007,
1,8008,
1,8009,
1,8010,
1,8013,
1,8014,
1,8015,
1,8016,
1,8017,
1,8018,
1,8021,
1,8022,
1,8023,
1,8024,
1,8025,
1,8026,
1,8029,
1,8030,
1,8031,
1,8032,
1,8033,
1,8036,
1,8037,
1,8040,
1,8043,
1,8044,
1,8045,
1,8049,
1,8050,
1,8051,
1,8052,
1,8053,
1,8056,
1,8057,
1,8058,
1,8059,
1,8064,
1,8065,
1,8066,
1,8067,
1,8068,
1,8069,
1,8072,
1,8073,
1,8074,
1,8077,
1,8080,
1,8081,
1,8082,
1,8083,
1,8086,
1,8087,
1,8090,
1,8091,
1,8092,
1,8093,
1,8094,
1,8095,
1,8096,
1,8099,
1,8100,
1,8101,
1,8102,
1,8103,
1,8106,
1,8107,
1,8108,
1,8109,
1,8112,
1,8113,
1,8116,
1,8117,
1,8120,
1,8121,
1,8122,
1,8125,
1,8128,
1,8129,
1,8130,
1,8131,
1,8132,
1,8133,
1,8136,
1,8139,
1,8140,
1,8141,
1,8142,
1,8143,
1,8144,
1,8147,
1,8148,
1,8149,
1,8150,
1,8153,
1,8154,
1,8155,
1,8158,
1,8159,
1,8162,
1,8163,
1,8164,
1,8165,
1,8166,
1,8169,
1,8170,
1,8176,
1,8177,
1,8178,
1,8179,
1,8182,
1,8183,
1,8184,
1,8189,
1,8190,
1,8191,
1,8192,
1,8193,
1,8194,
1,8195,
1,8201,
1,8202,
1,8203,
1,8204,
1,8205,
1,8206,
1,8207,
1,8212,
1,8213,
1,8214,
1,8215,
1,8216,
1,8221,
1,8224,
1,8225,
1,8226,
1,8229,
1,8230,
1,8233,
1,8238,
1,8239,
1,8240,
1,8241,
1,8244,
1,8245,
1,8246,
1,8247,
1,8250,
1,8251,
1,8252,
1,8253,
1,8256,
1,8257,
1,8258,
1,8259,
1,8265,
1,8266,
1,8272,
1,8273,
1,8274,
1,8277,
1,8278,
1,8279,
1,8280,
1,8283,
1,8286,
1,8287,
1,8288,
1,8289,
1,8290,
1,8291,
1,8292,
1,8295,
1,8296,
1,8297,
1,8300,
1,8301,
1,8304,
1,8305,
1,8308,
1,8309,
1,8312,
1,8313,
1,8314,
1,8319,
1,8320,
1,8323,
1,8324,
1,8325,
1,8328,
1,8329,
1,8330,
1,8331,
1,8332,
1,8333,
1,8334,
1,8337,
1,8338,
1,8341,
1,8342,
1,8343,
1,8344,
1,8347,
1,8348,
1,8349,
1,8352,
1,8353,
1,8354,
1,8355,
1,8358,
1,8359,
1,8362,
1,8363,
1,8364,
1,8365,
1,8368,
1,8369,
1,8370,
1,8373,
1,8374,
1,8375,
1,8378,
1,8379,
1,8380,
1,8381,
1,8384,
1,8385,
1,8388,
1,8389,
1,8390,
1,8391,
1,8392,
1,8393,
1,8394,
1,8397,
1,8398,
1,8399,
1,8400,
1,8405,
1,8406,
1,8407,
1,8408,
1,8409,
1,8414,
1,8415,
1,8416,
1,8417,
1,8418,
1,8419,
1,8424,
1,8425,
1,8426,
1,8427,
1,8428,
1,8429,
1,8432,
1,8435,
1,8436,
1,8437,
1,8440,
1,8441,
1,8442,
1,8445,
1,8446,
1,8447,
1,8448,
1,8451,
1,8452,
1,8453,
1,8454,
1,8455,
1,8456,
1,8459,
1,8460,
1,8461,
1,8464,
1,8465,
1,8466,
1,8467,
1,8468,
1,8469,
1,8472,
1,8475,
1,8476,
1,8479,
1,8482,
1,8485,
1,8486,
1,8489,
1,8490,
1,8491,
1,8492,
1,8493,
1,8496,
1,8505,
1,8506,
1,8507,
1,8508,
1,8509,
1,8510,
1,8511,
1,8514,
1,8515,
1,8516,
1,8517,
1,8518,
1,8519,
1,8522,
1,8523,
1,8524,
1,8525,
1,8526,
1,8527,
1,8530,
1,8531,
1,8532,
1,8533,
1,8534,
1,8537,
1,8540,
1,8541,
1,8544,
1,8545,
1,8546,
1,8549,
1,8550,
1,8551,
1,8554,
1,8555,
1,8558,
1,8559,
1,8560,
1,8561,
1,8564,
1,8565,
1,8568,
1,8569,
1,8570,
1,8571,
1,8572,
1,8575,
1,8576,
1,8579,
1,8580,
1,8581,
1,8584,
1,8585,
1,8586,
1,8587,
1,8588,
1,8589,
1,8592,
1,8593,
1,8594,
1,8595,
1,8598,
1,8599,
1,8602,
1,8603,
1,8604,
1,8605,
1,8606,
1,8607,
1,8610,
1,8611,
1,8612,
1,8613,
1,8614,
1,8617,
1,8620,
1,8621,
1,8626,
1,8627,
1,8630,
1,8631,
1,8632,
1,8633,
1,8636,
1,8637,
1,8638,
1,8641,
1,8642,
1,8645,
1,8646,
1,8647,
1,8648,
1,8649,
1,8650,
1,8654,
1,8657,
1,8658,
1,8659,
1,8660,
1,8661,
1,8662,
1,8665,
1,8666,
1,8667,
1,8668,
1,8669,
1,8672,
1,8673,
1,8674,
1,8677,
1,8678,
1,8681,
1,8682,
1,8683,
1,8684,
1,8685,
1,8686,
1,8687,
1,8690,
1,8691,
1,8694,
1,8695,
1,8698,
1,8699,
1,8700,
1,8703,
1,8704,
1,8705,
1,8708,
1,8709,
1,8710,
1,8711,
1,8712,
1,8715,
1,8716,
1,8717,
1,8718,
1,8723,
1,8726,
1,8727,
1,8728,
1,8729,
1,8730,
1,8735,
1,8736,
1,8737,
1,8738,
1,8741,
1,8742,
1,8743,
1,8746,
1,8747,
1,8748,
1,8749,
1,8750,
1,8751,
1,8752,
1,8755,
1,8756,
1,8757,
1,8760,
1,8761,
1,8762,
1,8763,
1,8764,
1,8765,
1,8768,
1,8769,
1,8770,
1,8771,
1,8772,
1,8775,
1,8776,
1,8777,
1,8778,
1,8781,
1,8782,
1,8783,
1,8784,
1,8785,
1,8788,
1,8789,
1,8790,
1,8793,
1,8794,
1,8795,
1,8798,
1,8801,
1,8802,
1,8803,
1,8806,
1,8807,
1,8808,
1,8811,
1,8812,
1,8815,
1,8816,
1,8817,
1,8820,
1,8821,
1,8824,
1,8825,
1,8826,
1,8827,
1,8830,
1,8831,
1,8834,
1,8837,
1,8838,
1,8841,
1,8842,
1,8843,
1,8844,
1,8847,
1,8848,
1,8851,
1,8852,
1,8855,
1,8856,
1,8862,
1,8863,
1,8864,
1,8865,
1,8866,
1,8867,
1,8868,
1,8873,
1,8874,
1,8877,
1,8878,
1,8879,
1,8880,
1,8883,
1,8886,
1,8887,
1,8890,
1,8891,
1,8892,
1,8893,
1,8896,
1,8897,
1,8898,
1,8901,
1,8902,
1,8903,
1,8904,
1,8905,
1,8908,
1,8909,
1,8910,
1,8911,
1,8914,
1,8915,
1,8918,
1,8919,
1,8920,
1,8921,
1,8922,
1,8923,
1,8924,
1,8925,
1,8928,
1,8931,
1,8932,
1,8933,
1,8936,
1,8937,
1,8940,
1,8941,
1,8942,
1,8945,
1,8946,
1,8947,
1,8948,
1,8949,
1,8950,
1,8953,
1,8954,
1,8955,
1,8958,
1,8961,
1,8962,
1,8963,
1,8964,
1,8967,
1,8968,
1,8971,
1,8972,
1,8973,
1,8974,
1,8977,
1,8978,
1,8981,
1,8982,
1,8983,
1,8989,
1,8992,
1,8993,
1,8994,
1,8995,
1,8996,
1,8999,
1,9000,
1,9001,
1,9004,
1,9005,
1,9006,
1,9007,
1,9008,
1,9009,
1,9012,
1,9017,
1,9018,
1,9019,
1,9020,
1,9021,
1,9022,
1,9025,
1,9026,
1,9029,
1,9030,
1,9031,
1,9034,
1,9035,
1,9036,
1,9037,
1,9038,
1,9041,
1,9042,
1,9043,
1,9044,
1,9047,
1,9050,
1,9053,
1,9054,
1,9055,
1,9056,
1,9057,
1,9062,
1,9063,
1,9066,
1,9067,
1,9068,
1,9069,
1,9070,
1,9071,
1,9072,
1,9075,
1,9076,
1,9077,
1,9078,
1,9081,
1,9084,
1,9085,
1,9086,
1,9087,
1,9088,
1,9089,
1,9090,
1,9091,
1,9092,
1,9095,
1,9098,
1,9099,
1,9100,
1,9101,
1,9104,
1,9105,
1,9106,
1,9107,
1,9108,
1,9111,
1,9112,
1,9115,
1,9116,
1,9117,
1,9118,
1,9121,
1,9122,
1,9125,
1,9126,
1,9127,
1,9128,
1,9129,
1,9130,
1,9131,
1,9134,
1,9139,
1,9140,
1,9141,
1,9142,
1,9143,
1,9146,
1,9147,
1,9148,
1,9151,
1,9152,
1,9153,
1,9154,
1,9157,
1,9158,
1,9159,
1,9160,
1,9161,
1,9162,
1,9163,
1,9166,
1,9167,
1,9168,
1,9169,
1,9172,
1,9173,
1,9174,
1,9175,
1,9178,
1,9179,
1,9180,
1,9181,
1,9184,
1,9185,
1,9186,
1,9189,
1,9190,
1,9191,
1,9192,
1,9193,
1,9194,
1,9195,
1,9198,
1,9199,
1,9202,
1,9207,
1,9208,
1,9209,
1,9212,
1,9213,
1,9216,
1,9219,
1,9220,
1,9221,
1,9222,
1,9223,
1,9226,
1,9227,
1,9228,
1,9229,
1,9232,
1,9233,
1,9234,
1,9237,
1,9238,
1,9239,
1,9240,
1,9241,
1,9242,
1,9245,
1,9246,
1,9247,
1,9248,
1,9249,
1,9250,
1,9251,
1,9256,
1,9257,
1,9258,
1,9259,
1,9262,
1,9263,
1,9264,
1,9265,
1,9268,
1,9269,
1,9270,
1,9271,
1,9272,
1,9275,
1,9276,
1,9279,
1,9282,
1,9283,
1,9284,
1,9285,
1,9286,
1,9287,
1,9288,
1,9289,
1,9290,
1,9293,
1,9294,
1,9295,
1,9296,
1,9299,
1,9302,
1,9303,
1,9304,
1,9305,
1,9306,
1,9309,
1,9310,
1,9311,
1,9312,
1,9313,
1,9316,
1,9317,
1,9318,
1,9319,
1,9320,
1,9321,
1,9324,
1,9325,
1,9326,
1,9327,
1,9330,
1,9331,
1,9332,
1,9333,
1,9334,
1,9339,
1,9340,
1,9341,
1,9342,
1,9347,
1,9348,
1,9349,
1,9350,
1,9353,
1,9354,
1,9357,
1,9360,
1,9363,
1,9364,
1,9365,
1,9366,
1,9367,
1,9368,
1,9371,
1,9372,
1,9373,
1,9376,
1,9377,
1,9378,
1,9379,
1,9384,
1,9387,
1,9388,
1,9389,
1,9390,
1,9391,
1,9396,
1,9397,
1,9398,
1,9399,
1,9400,
1,9401,
1,9402,
1,9405,
1,9406,
1,9407,
1,9408,
1,9411,
1,9412,
1,9413,
1,9414,
1,9415,
1,9416,
1,9417,
1,9420,
1,9421,
1,9422,
1,9425,
1,9426,
1,9429,
1,9430,
1,9431,
1,9432,
1,9433,
1,9434,
1,9435,
1,9438,
1,9439,
1,9442,
1,9443,
1,9444,
1,9445,
1,9446,
1,9447,
1,9450,
1,9451,
1,9452,
1,9453,
1,9454,
1,9455,
1,9458,
1,9459,
1,9462,
1,9463,
1,9464,
1,9467,
1,9470,
1,9471,
1,9472,
1,9475,
1,9476,
1,9477,
1,9478,
1,9484,
1,9485,
1,9486,
1,9489,
1,9490,
1,9491,
1,9492,
1,9493,
1,9494,
1,9495,
1,9496,
1,9499,
1,9500,
1,9501,
1,9502,
1,9503,
1,9504,
1,9505,
1,9508,
1,9509,
1,9510,
1,9511,
1,9514,
1,9515,
1,9518,
1,9519,
1,9520,
1,9521,
1,9522,
1,9525,
1,9528,
1,9529,
1,9532,
1,9533,
1,9534,
1,9537,
1,9538,
1,9539,
1,9540,
1,9543,
1,9544,
1,9545,
1,9546,
1,9547,
1,9548,
1,9551,
1,9552,
1,9553,
1,9554,
1,9555,
1,9556,
1,9559,
1,9560,
1,9561,
1,9564,
1,9565,
1,9566,
1,9567,
1,9568,
1,9572,
1,9573,
1,9574,
1,9575,
1,9578,
1,9579,
1,9582,
1,9583,
1,9586,
1,9587,
1,9588,
1,9589,
1,9590,
1,9591,
1,9592,
1,9593,
1,9596,
1,9599,
1,9600,
1,9601,
1,9604,
1,9605,
1,9606,
1,9609,
1,9610,
1,9611,
1,9614,
1,9615,
1,9616,
1,9617,
1,9620,
1,9621,
1,9622,
1,9623,
1,9626,
1,9629,
1,9630,
1,9631,
1,9632,
1,9633,
1,9634,
1,9637,
1,9638,
1,9639,
1,9640,
1,9641,
1,9644,
1,9645,
1,9648,
1,9649,
1,9657,
1,9658,
1,9659,
1,9662,
1,9663,
1,9664,
1,9665,
1,9666,
1,9670,
1,9671,
1,9674,
1,9675,
1,9676,
1,9677,
1,9678,
1,9681,
1,9682,
1,9683,
1,9686,
1,9687,
1,9688,
1,9691,
1,9692,
1,9695,
1,9696,
1,9697,
1,9698,
1,9701,
1,9702,
1,9705,
1,9706,
1,9707,
1,9710,
1,9711,
1,9712,
1,9713,
1,9714,
1,9715,
1,9718,
1,9721,
1,9722,
1,9723,
1,9726,
1,9727,
1,9728,
1,9731,
1,9732,
1,9733,
1,9734,
1,9735,
1,9736,
1,9737,
1,9740,
1,9741,
1,9742,
1,9743,
1,9744,
1,9747,
1,9748,
1,9749,
1,9750,
1,9751,
1,9754,
1,9755,
1,9758,
1,9761,
1,9762,
1,9763,
1,9764,
1,9767,
1,9768,
1,9769,
1,9770,
1,9773,
1,9774,
1,9777,
1,9778,
1,9779,
1,9782,
1,9785,
1,9786,
1,9787,
1,9788,
1,9791,
1,9792,
1,9793,
1,9794,
1,9797,
1,9798,
1,9801,
1,9802,
1,9803,
1,9804,
1,9805,
1,9806,
1,9807,
1,9810,
1,9811,
1,9814,
1,9815,
1,9816,
1,9817,
1,9818,
1,9821,
1,9822,
1,9825,
1,9826,
1,9827,
1,9828,
1,9829,
1,9830,
1,9831,
1,9834,
1,9835,
1,9836,
1,9837,
1,9838,
1,9839,
1,9842,
1,9845,
1,9846,
1,9847,
1,9850,
1,9851,
1,9852,
1,9853,
1,9856,
1,9857,
1,9858,
1,9861,
1,9862,
1,9863,
1,9866,
1,9867,
1,9868,
1,9869,
1,9870,
1,9873,
1,9874,
1,9875,
1,9876,
1,9877,
1,9880,
1,9881,
1,9882,
1,9883,
1,9886,
1,9887,
1,9890,
1,9891,
1,9892,
1,9893,
1,9894,
1,9895,
1,9898,
1,9899,
1,9900,
1,9901,
1,9902,
1,9903,
1,9906,
1,9907,
1,9908,
1,9911,
1,9912,
1,9917,
1,9918,
1,9919,
1,9920,
1,9921,
1,9924,
1,9925,
1,9926,
1,9927,
1,9928,
1,9929,
1,9930,
1,9931,
1,9934,
1,9935,
1,9936,
1,9937,
1,9940,
1,9941,
1,9942,
1,9943,
1,9944,
1,9947,
1,9948,
1,9949,
1,9950,
1,9953,
1,9954,
1,9955,
1,9956,
1,9957,
1,9958,
1,9959,
1,9960,
1,9963,
1,9966,
1,9969,
1,9970,
1,9971,
1,9972,
1,9973,
1,9976,
1,9977,
1,9978,
1,9979,
1,9980,
1,9981,
1,9982,
1,9985,
1,9986,
1,9989,
1,9990,
1,9991,
1,9994,
1,9995,
1,9996,
1,9997,
1,9998,
1,10001,
1,10002,
1,10003,
1,10004,
1,10007,
1,10008,
1,10009,
1,10010,
1,10011,
1,10012,
1,10013,
1,10014,
1,10017,
1,10018,
1,10019,
1,10020,
1,10021,
1,10022,
1,10025,
1,10026,
1,10027,
1,10028,
1,10031,
1,10032,
1,10033,
1,10034,
1,10035,
1,10036,
1,10037,
1,10038,
1,10041,
1,10044,
1,10045,
1,10046,
1,10047,
1,10048,
1,10049,
1,10050,
1,10051,
1,10054,
1,10055,
1,10056,
1,10057,
1,10058,
1,10059,
1,10064,
1,10065,
1,10066,
1,10067,
1,10068,
1,10071,
1,10072,
1,10073,
1,10074,
1,10077,
1,10078,
1,10079,
1,10080,
1,10081,
1,10082,
1,10085,
1,10086,
1,10087,
1,10088,
1,10089,
1,10090,
1,10091,
1,10094,
1,10100,
1,10101,
1,10102,
1,10103,
1,10104,
1,10105,
1,10108,
1,10109,
1,10110,
1,10111,
1,10114,
1,10119,
1,10120,
1,10121,
1,10122,
1,10123,
1,10124,
1,10127,
1,10128,
1,10131,
1,10132,
1,10133,
1,10134,
1,10135,
1,10136,
1,10141,
1,10144,
1,10145,
1,10146,
1,10147,
1,10148,
1,10149,
1,10152,
1,10153,
1,10154,
1,10155,
1,10158,
1,10159,
1,10160,
1,10161,
1,10162,
1,10163,
1,10164,
1,10167,
1,10168,
1,10169,
1,10170,
1,10171,
1,10172,
1,10173,
1,10176,
1,10177,
1,10178,
1,10181,
1,10182,
1,10183,
1,10184,
1,10187,
1,10188,
1,10191,
1,10192,
1,10193,
1,10194,
1,10195,
1,10198,
1,10199,
1,10202,
1,10203,
1,10204,
1,10208,
1,10209,
1,10212,
1,10213,
1,10214,
1,10217,
1,10218,
1,10219,
1,10220,
1,10223,
1,10224,
1,10225,
1,10226,
1,10227,
1,10228,
1,10231,
1,10232,
1,10236,
1,10239,
1,10240,
1,10241,
1,10242,
1,10243,
1,10246,
1,10247,
1,10248,
1,10251,
1,10252,
1,10255,
1,10256,
1,10257,
1,10258,
1,10259,
1,10260,
1,10263,
1,10264,
1,10265,
1,10270,
1,10271,
1,10274,
1,10277,
1,10278,
1,10281,
1,10282,
1,10285,
1,10286,
1,10287,
1,10288,
1,10291,
1,10292,
1,10295,
1,10296,
1,10297,
1,10298,
1,10299,
1,10302,
1,10303,
1,10304,
1,10305,
1,10306,
1,10309,
1,10310,
1,10311,
1,10314,
1,10315,
1,10318,
1,10319,
1,10322,
1,10323,
1,10324,
1,10327,
1,10328,
1,10329,
1,10332,
1,10333,
1,10336,
1,10337,
1,10338,
1,10341,
1,10342,
1,10343,
1,10344,
1,10345,
1,10346,
1,10351,
1,10352,
1,10353,
1,10354,
1,10355,
1,10356,
1,10357,
1,10358,
1,10361,
1,10362,
1,10363,
1,10364,
1,10365,
1,10368,
1,10369,
1,10370,
1,10371,
1,10372,
1,10373,
1,10376,
1,10377,
1,10378,
1,10381,
1,10382,
1,10383,
1,10386,
1,10387,
1,10388,
1,10389,
1,10390,
1,10391,
1,10392,
1,10393,
1,10394,
1,10397,
1,10398,
1,10399,
1,10400,
1,10401,
1,10404,
1,10405,
1,10406,
1,10407,
1,10408,
1,10409,
1,10410,
1,10413,
1,10414,
1,10415,
1,10418,
1,10419,
1,10420,
1,10426,
1,10427,
1,10428,
1,10429,
1,10432,
1,10433,
1,10434,
1,10435,
1,10438,
1,10439,
1,10440,
1,10441,
1,10442,
1,10446,
1,10447,
1,10448,
1,10451,
1,10452,
1,10453,
1,10456,
1,10457,
1,10460,
1,10461,
1,10462,
1,10463,
1,10464,
1,10465,
1,10466,
1,10467,
1,10470,
1,10471,
1,10472,
1,10473,
1,10474,
1,10475,
1,10478,
1,10479,
1,10480,
1,10481,
1,10482,
1,10485,
1,10486,
1,10487,
1,10488,
1,10489,
1,10490,
1,10491,
1,10494,
1,10495,
1,10498,
1,10499,
1,10500,
1,10501,
1,10502,
1,10503,
1,10504,
1,10505,
1,10508,
1,10509,
1,10510,
1,10511,
1,10512,
1,10513,
1,10514,
1,10517,
1,10518,
1,10519,
1,10522,
1,10523,
1,10524,
1,10529,
1,10530,
1,10531,
1,10532,
1,10535,
1,10536,
1,10539,
1,10540,
1,10541,
1,10542,
1,10547,
1,10550,
1,10551,
1,10552,
1,10553,
1,10554,
1,10555,
1,10556,
1,10559,
1,10560,
1,10561,
1,10562,
1,10565,
1,10566,
1,10567,
1,10568,
1,10571,
1,10574,
1,10575,
1,10576,
1,10577,
1,10580,
1,10581,
1,10582,
1,10583,
1,10584,
1,10585,
1,10586,
1,10591,
1,10592,
1,10593,
1,10594,
1,10597,
1,10598,
1,10599,
1,10602,
1,10605,
1,10606,
1,10607,
1,10610,
1,10611,
1,10612,
1,10613,
1,10614,
1,10615,
1,10616,
1,10619,
1,10620,
1,10621,
1,10622,
1,10623,
1,10626,
1,10629,
1,10630,
1,10631,
1,10632,
1,10633,
1,10638,
1,10639,
1,10640,
1,10641,
1,10642,
1,10645,
1,10646,
1,10647,
1,10648,
1,10649,
1,10652,
1,10653,
1,10656,
1,10657,
1,10658,
1,10661,
1,10662,
1,10663,
1,10666,
1,10667,
1,10668,
1,10669,
1,10670,
1,10671,
1,10674,
1,10675,
1,10676,
1,10677,
1,10678,
1,10681,
1,10684,
1,10685,
1,10686,
1,10692,
1,10693,
1,10694,
1,10695,
1,10698,
1,10699,
1,10700,
1,10701,
1,10704,
1,10705,
1,10706,
1,10709,
1,10712,
1,10713,
1,10716,
1,10717,
1,10718,
1,10719,
1,10720,
1,10721,
1,10724,
1,10727,
1,10728,
1,10731,
1,10732,
1,10733,
1,10734,
1,10735,
1,10736,
1,10739,
1,10742,
1,10743,
1,10744,
1,10745,
1,10746,
1,10747,
1,10748,
1,10749,
1,10750,
1,10751,
1,10752,
1,10755,
1,10756,
1,10757,
1,10758,
1,10761,
1,10762,
1,10765,
1,10766,
1,10769,
1,10770,
1,10771,
1,10772,
1,10773,
1,10774,
1,10777,
1,10778,
1,10779,
1,10780,
1,10781,
1,10782,
1,10783,
1,10788,
1,10789,
1,10792,
1,10793,
1,10794,
1,10795,
1,10796,
1,10797,
1,10800,
1,10803,
1,10804,
1,10805,
1,10808,
1,10809,
1,10810,
1,10813,
1,10814,
1,10815,
1,10816,
1,10817,
1,10820,
1,10823,
1,10824,
1,10825,
1,10826,
1,10829,
1,10830,
1,10831,
1,10832,
1,10835,
1,10836,
1,10837,
1,10840,
1,10841,
1,10844,
1,10845,
1,10846,
1,10849,
1,10850,
1,10853,
1,10854,
1,10855,
1,10856,
1,10857,
1,10858,
1,10859,
1,10862,
1,10863,
1,10864,
1,10867,
1,10868,
1,10869,
1,10872,
1,10873,
1,10876,
1,10877,
1,10878,
1,10879,
1,10882,
1,10883,
1,10884,
1,10887,
1,10890,
1,10893,
1,10894,
1,10895,
1,10896,
1,10897,
1,10900,
1,10901,
1,10902,
1,10903,
1,10906,
1,10907,
1,10910,
1,10911,
1,10912,
1,10913,
1,10914,
1,10915,
1,10918,
1,10919,
1,10920,
1,10921,
1,10922,
1,10923,
1,10926,
1,10929,
1,10930,
1,10931,
1,10932,
1,10933,
1,10934,
1,10935,
1,10939,
1,10940,
1,10941,
1,10942,
1,10943,
1,10944,
1,10947,
1,10948,
1,10949,
1,10952,
1,10953,
1,10954,
1,10955,
1,10956,
1,10959,
1,10960,
1,10961,
1,10962,
1,10965,
1,10966,
1,10967,
1,10968,
1,10969,
1,10972,
1,10973,
1,10974,
1,10975,
1,10978,
1,10979,
1,10982,
1,10983,
1,10984,
1,10985,
1,10989,
1,10992,
1,10993,
1,10994,
1,10995,
1,10996,
1,10997,
1,11000,
1,11001,
1,11002,
1,11005,
1,11006,
1,11007,
1,11008,
1,11011,
1,11012,
1,11013,
1,11014,
1,11015,
1,11018,
1,11019,
1,11020,
1,11021,
1,11024,
1,11025,
1,11026,
1,11027,
1,11028,
1,11031,
1,11032,
1,11033,
1,11034,
1,11037,
1,11038,
1,11039,
1,11040,
1,11041,
1,11042,
1,11045,
1,11046,
1,11047,
1,11048,
1,11049,
1,11050,
1,11053,
1,11054,
1,11055,
1,11056,
1,11057,
1,11058,
1,11059,
1,11062,
1,11063,
1,11064,
1,11065,
1,11068,
1,11069,
1,11070,
1,11071,
1,11072,
1,11075,
1,11076,
1,11077,
1,11078,
1,11081,
1,11082,
1,11083,
1,11086,
1,11087,
1,11088,
1,11089,
1,11090,
1,11091,
1,11094,
1,11095,
1,11096,
1,11097,
1,11098,
1,11101,
1,11102,
1,11105,
1,11106,
1,11107,
1,11110,
1,11111,
1,11112,
1,11113,
1,11114,
1,11115,
1,11118,
1,11119,
1,11120,
1,11121,
1,11124,
1,11125,
1,11128,
1,11129,
1,11130,
1,11131,
1,11136,
1,11137,
1,11138,
1,11139,
1,11140,
1,11141,
1,11144,
1,11147,
1,11148,
1,11152,
1,11153,
1,11156,
1,11157,
1,11158,
1,11159,
1,11160,
1,11163,
1,11164,
1,11165,
1,11166,
1,11167,
1,11168,
1,11169,
1,11172,
1,11175,
1,11176,
1,11177,
1,11180,
1,11181,
1,11182,
1,11185,
1,11188,
1,11189,
1,11190,
1,11191,
1,11192,
1,11195,
1,11196,
1,11197,
1,11200,
1,11201,
1,11202,
1,11203,
1,11204,
1,11207,
1,11208,
1,11211,
1,11212,
1,11213,
1,11214,
1,11215,
1,11220,
1,11221,
1,11222,
1,11225,
1,11228,
1,11229,
1,11230,
1,11233,
1,11234,
1,11235,
1,11236,
1,11237,
1,11238,
1,11241,
1,11242,
1,11243,
1,11244,
1,11245,
1,11246,
1,11249,
1,11250,
1,11251,
1,11252,
1,11255,
1,11256,
1,11257,
1,11260,
1,11261,
1,11262,
1,11263,
1,11264,
1,11267,
1,11268,
1,11269,
1,11270,
1,11271,
1,11274,
1,11275,
1,11276,
1,11277,
1,11278,
1,11279,
1,11280,
1,11281,
1,11284,
1,11285,
1,11286,
1,11287,
1,11288,
1,11291,
1,11292,
1,11293,
1,11294,
1,11295,
1,11296,
1,11297,
1,11300,
1,11301,
1,11302,
1,11303,
1,11304,
1,11307,
1,11308,
1,11309,
1,11310,
1,11311,
1,11312,
1,11313,
1,11314,
1,11315,
1,11318,
1,11319,
1,11320,
1,11323,
1,11324,
1,11325,
1,11326,
1,11329,
1,11330,
1,11331,
1,11332,
1,11333,
1,11336,
1,11337,
1,11338,
1,11339,
1,11340,
1,11341,
1,11344,
1,11345,
1,11346,
1,11352,
1,11353,
1,11356,
1,11359,
1,11360,
1,11361,
1,11364,
1,11365,
1,11366,
1,11367,
1,11368,
1,11371,
1,11372,
1,11373,
1,11374,
1,11375,
1,11380,
1,11381,
1,11382,
1,11383,
1,11384,
1,11385,
1,11386,
1,11387,
1,11388,
1,11389,
1,11392,
1,11393,
1,11394,
1,11395,
1,11396,
1,11397,
1,11400,
1,11401,
1,11402,
1,11405,
1,11406,
1,11407,
1,11408,
1,11411,
1,11412,
1,11413,
1,11414,
1,11415,
1,11419,
1,11420,
1,11423,
1,11424,
1,11425,
1,11426,
1,11429,
1,11430,
1,11431,
1,11432,
1,11433,
1,11434,
1,11437,
1,11438,
1,11439,
1,11440,
1,11443,
1,11444,
1,11445,
1,11446,
1,11449,
1,11450,
1,11451,
1,11452,
1,11453,
1,11454,
1,11455,
1,11458,
1,11459,
1,11460,
1,11461,
1,11462,
1,11463,
1,11464,
1,11467,
1,11468,
1,11469,
1,11470,
1,11471,
1,11474,
1,11477,
1,11478,
1,11481,
1,11482,
1,11483,
1,11486,
1,11487,
1,11488,
1,11489,
1,11492,
1,11493,
1,11494,
1,11495,
1,11496,
1,11497,
1,11498,
1,11501,
1,11504,
1,11505,
1,11506,
1,11507,
1,11508,
1,11509,
1,11510,
1,11511,
1,11514,
1,11515,
1,11516,
1,11519,
1,11520,
1,11521,
1,11522,
1,11523,
1,11524,
1,11525,
1,11528,
1,11529,
1,11530,
1,11531,
1,11532,
1,11533,
1,11534,
1,11535,
1,11538,
1,11539,
1,11540,
1,11541,
1,11542,
1,11543,
1,11544,
1,11545,
1,11546,
1,11547,
1,11550,
1,11551,
1,11552,
1,11555,
1,11556,
1,11557,
1,11560,
1,11561,
1,11564,
1,11565,
1,11566,
1,11567,
1,11568,
1,11571,
1,11572,
1,11575,
1,11576,
1,11577,
1,11578,
1,11581,
1,11582,
1,11583,
1,11584,
1,11585,
1,11588,
1,11591,
1,11592,
1,11593,
1,11594,
1,11595,
1,11596,
1,11599,
1,11600,
1,11601,
1,11602,
1,11603,
1,11606,
1,11607,
1,11610,
1,11611,
1,11612,
1,11613,
1,11614,
1,11617,
1,11618,
1,11619,
1,11620,
1,11621,
1,11622,
1,11623,
1,11628,
1,11629,
1,11630,
1,11631,
1,11632,
1,11635,
1,11636,
1,11637,
1,11638,
1,11639,
1,11640,
1,11641,
1,11642,
1,11643,
1,11646,
1,11647,
1,11648,
1,11649,
1,11650,
1,11653,
1,11656,
1,11657,
1,11658,
1,11659,
1,11660,
1,11663,
1,11664,
1,11665,
1,11666,
1,11667,
1,11668,
1,11671,
1,11672,
1,11675,
1,11676,
1,11677,
1,11678,
1,11679,
1,11680,
1,11683,
1,11684,
1,11685,
1,11690,
1,11691,
1,11692,
1,11693,
1,11696,
1,11697,
1,11698,
1,11699,
1,11700,
1,11703,
1,11704,
1,11705,
1,11706,
1,11709,
1,11710,
1,11711,
1,11714,
1,11715,
1,11716,
1,11717,
1,11720,
1,11721,
1,11724,
1,11725,
1,11726,
1,11729,
1,11730,
1,11733,
1,11734,
1,11735,
1,11736,
1,11739,
1,11740,
1,11741,
1,11742,
1,11743,
1,11744,
1,11745,
1,11748,
1,11749,
1,11750,
1,11751,
1,11754,
1,11755,
1,11756,
1,11759,
1,11760,
1,11761,
1,11764,
1,11767,
1,11768,
1,11769,
1,11770,
1,11771,
1,11772,
1,11773,
1,11774,
1,11775,
1,11776,
1,11777,
1,11780,
1,11781,
1,11787,
1,11788,
1,11789,
1,11792,
1,11793,
1,11794,
1,11795,
1,11796,
1,11799,
1,11802,
1,11803,
1,11804,
1,11805,
1,11806,
1,11809,
1,11810,
1,11811,
1,11812,
1,11815,
1,11816,
1,11817,
1,11818,
1,11819,
1,11820,
1,11823,
1,11824,
1,11827,
1,11828,
1,11829,
1,11830,
1,11831,
1,11832,
1,11835,
1,11838,
1,11839,
1,11840,
1,11841,
1,11844,
1,11845,
1,11846,
1,11849,
1,11850,
1,11851,
1,11852,
1,11853,
1,11856,
1,11857,
1,11860,
1,11861,
1,11862,
1,11863,
1,11866,
1,11867,
1,11868,
1,11869,
1,11870,
1,11873,
1,11874,
1,11875,
1,11876,
1,11877,
1,11880,
1,11881,
1,11882,
1,11883,
1,11884,
1,11887,
1,11890,
1,11891,
1,11894,
1,11897,
1,11898,
1,11899,
1,11902,
1,11905,
1,11906,
1,11909,
1,11910,
1,11911,
1,11914,
1,11918,
1,11921,
1,11922,
1,11923,
1,11926,
1,11927,
1,11928,
1,11931,
1,11932,
1,11933,
1,11936,
1,11937,
1,11938,
1,11939,
1,11942,
1,11943,
1,11944,
1,11947,
1,11951,
1,11952,
1,11955,
1,11956,
1,11959,
1,11960,
1,11961,
1,11962,
1,11963,
1,11966,
1,11967,
1,11970,
1,11971,
1,11972,
1,11973,
1,11976,
1,11977,
1,11978,
1,11979,
1,11982,
1,11983,
1,11984,
1,11985,
1,11988,
1,11989,
1,11990,
1,11991,
1,11992,
1,11993,
1,11994,
1,11995,
1,11998,
1,11999,
1,12000,
1,12003,
1,12004,
1,12005,
1,12008,
1,12009,
1,12010,
1,12011,
1,12014,
1,12015,
1,12016,
1,12017,
1,12018,
1,12021,
1,12022,
1,12023,
1,12026,
1,12027,
1,12028,
1,12029,
1,12030,
1,12031,
1,12034,
1,12035,
1,12036,
1,12037,
1,12038,
1,12039,
1,12040,
1,12041,
1,12042,
1,12043,
1,12046,
1,12047,
1,12048,
1,12051,
1,12052,
1,12053,
1,12056,
1,12057,
1,12060,
1,12061,
1,12062,
1,12063,
1,12064,
1,12065,
1,12068,
1,12069,
1,12070,
1,12071,
1,12072,
1,12075,
1,12076,
1,12077,
1,12078,
1,12079,
1,12080,
1,12083,
1,12084,
1,12085,
1,12086,
1,12087,
1,12090,
1,12091,
1,12092,
1,12093,
1,12094,
1,12095,
1,12096,
1,12097,
1,12098,
1,12099,
1,12102,
1,12103,
1,12104,
1,12105,
1,12106,
1,12107,
1,12110,
1,12111,
1,12114,
1,12115,
1,12116,
1,12117,
1,12118,
1,12119,
1,12120,
1,12121,
1,12122,
1,12125,
1,12128,
1,12129,
1,12130,
1,12131,
1,12132,
1,12133,
1,12134,
1,12137,
1,12138,
1,12141,
1,12142,
1,12143,
1,12144,
1,12145,
1,12146,
1,12147,
1,12150,
1,12151,
1,12152,
1,12153,
1,12154,
1,12157,
1,12158,
1,12159,
1,12162,
1,12163,
1,12164,
1,12165,
1,12168,
1,12169,
1,12170,
1,12171,
1,12174,
1,12175,
1,12176,
1,12177,
1,12178,
1,12181,
1,12184,
1,12185,
1,12186,
1,12187,
1,12188,
1,12189,
1,12190,
1,12191,
1,12194,
1,12195,
1,12196,
1,12197,
1,12198,
1,12201,
1,12202,
1,12203,
1,12204,
1,12205,
1,12208,
1,12209,
1,12210,
1,12211,
1,12212,
1,12213,
1,12216,
1,12217,
1,12218,
1,12219,
1,12220,
1,12221,
1,12224,
1,12225,
1,12226,
1,12227,
1,12230,
1,12231,
1,12235,
1,12236,
1,12237,
1,12238,
1,12239,
1,12240,
1,12241,
1,12242,
1,12243,
1,12249,
1,12250,
1,12251,
1,12252,
1,12253,
1,12254,
1,12255,
1,12258,
1,12259,
1,12260,
1,12261,
1,12262,
1,12263,
1,12264,
1,12267,
1,12268,
1,12269,
1,12270,
1,12271,
1,12274,
1,12275,
1,12278,
1,12279,
1,12280,
1,12281,
1,12282,
1,12283,
1,12284,
1,12285,
1,12286,
1,12289,
1,12290,
1,12291,
1,12292,
1,12295,
1,12296,
1,12297,
1,12300,
1,12301,
1,12302,
1,12305,
1,12306,
1,12307,
1,12308,
1,12311,
1,12312,
1,12313,
1,12314,
1,12315,
1,12318,
1,12319,
1,12320,
1,12321,
1,12322,
1,12323,
1,12324,
1,12325,
1,12328,
1,12329,
1,12330,
1,12333,
1,12334,
1,12335,
1,12336,
1,12337,
1,12340,
1,12341,
1,12344,
1,12345,
1,12346,
1,12347,
1,12348,
1,12351,
1,12352,
1,12353,
1,12354,
1,12355,
1,12356,
1,12357,
1,12358,
1,12361,
1,12362,
1,12365,
1,12366,
1,12367,
1,12368,
1,12369,
1,12370,
1,12371,
1,12374,
1,12375,
1,12376,
1,12377,
1,12380,
1,12381,
1,12382,
1,12383,
1,12384,
1,12385,
1,12388,
1,12389,
1,12390,
1,12391,
1,12392,
1,12393,
1,12394,
1,12397,
1,12398,
1,12399,
1,12400,
1,12401,
1,12402,
1,12403,
1,12404,
1,12409,
1,12410,
1,12411,
1,12412,
1,12413,
1,12414,
1,12415,
1,12418,
1,12419,
1,12420,
1,12423,
1,12424,
1,12425,
1,12428,
1,12431,
1,12432,
1,12434,
