0,0
0,1
0,2
0,3
0,4
0,5
0,6
0,7
0,8
0,9
0,10
0,11
0,12
0,13
0,14
0,15
0,16
0,17
0,18
0,19
0,20
0,21
0,22
0,23
0,24
0,25
0,26
0,27
0,28
0,29
0,30
0,31
0,32
0,33
0,34
0,35
0,36
0,37
0,38
0,39
0,40
0,41
0,42
0,43
0,44
0,45
0,46
0,47
0,48
0,49
0,50
0,51
0,52
0,53
0,54
0,55
0,56
0,57
0,58
0,59
0,60
0,61
0,62
0,63
0,64
0,65
0,66
0,67
0,68
0,69
0,70
0,71
0,72
0,73
0,74
0,75
0,76
0,77
0,78
0,79
0,80
0,81
0,82
0,83
0,84
0,85
0,86
0,87
0,88
0,89
0,90
0,91
0,92
0,93
0,94
0,95
0,96
0,97
0,98
0,99
0,100
0,101
0,102
0,103
0,104
0,105
0,106
0,107
0,108
0,109
0,110
0,111
0,112
0,113
0,114
0,115
0,116
0,117
0,118
0,119
0,120
0,121
0,122
0,123
0,124
0,125
0,126
0,127
0,128
0,129
0,130
0,131
0,132
0,133
0,134
0,135
0,136
0,137
0,138
0,139
0,140
0,141
0,142
0,143
0,144
0,145
0,146
0,147
0,148
0,149
0,150
0,151
0,152
0,153
0,154
0,155
0,156
0,157
0,158
0,159
0,160
0,161
0,162
0,163
0,164
0,165
0,166
0,167
0,168
0,169
0,170
0,171
0,172
0,173
0,174
0,175
0,176
0,177
0,178
0,179
0,180
0,181
0,182
0,183
0,184
0,185
0,186
0,187
0,188
0,189
0,190
0,191
0,192
0,193
0,194
0,195
0,196
0,197
0,198
0,199
0,200
0,201
0,202
0,203
0,204
0,205
0,206
0,207
0,208
0,209
0,210
0,211
0,212
0,213
0,214
0,215
0,216
0,217
0,218
0,219
0,220
0,221
0,222
0,223
0,224
0,225
0,226
0,227
0,228
0,229
0,230
0,231
0,232
0,233
0,234
0,235
0,236
0,237
0,238
0,239
0,240
0,241
0,242
0,243
0,244
0,245
0,246
0,247
0,248
0,249
0,250
0,251
0,252
0,253
0,254
0,255
0,256
0,257
0,258
0,259
0,260
0,261
0,262
0,263
0,264
0,265
0,266
0,267
0,268
0,269
0,270
0,271
0,272
0,273
0,274
0,275
0,276
0,277
0,278
0,279
0,280
0,281
0,282
0,283
0,284
0,285
0,286
0,287
0,288
0,289
0,290
0,291
0,292
0,293
0,294
0,295
0,296
0,297
0,298
0,299
0,300
0,301
0,302
0,303
0,304
0,305
0,306
0,307
0,308
0,309
0,310
0,311
0,312
0,313
0,314
0,315
0,316
0,317
0,318
0,319
0,320
0,321
0,322
0,323
0,324
0,325
0,326
0,327
0,328
0,329
0,330
0,331
0,332
0,333
0,334
0,335
0,336
0,337
0,338
0,339
0,340
0,341
0,342
0,343
0,344
0,345
0,346
0,347
0,348
0,349
0,350
0,351
0,352
0,353
0,354
0,355
0,356
0,357
0,358
0,359
0,360
0,361
0,362
0,363
0,364
0,365
0,366
0,367
0,368
0,369
0,370
0,371
0,372
0,373
0,374
0,375
0,376
0,377
0,378
0,379
0,380
0,381
0,382
0,383
0,384
0,385
0,386
0,387
0,388
0,389
0,390
0,391
0,392
0,393
0,394
0,395
0,396
0,397
0,398
0,399
0,400
0,401
0,402
0,403
0,404
0,405
0,406
0,407
0,408
0,409
0,410
0,411
0,412
0,413
0,414
0,415
0,416
0,417
0,418
0,419
0,420
0,421
0,422
0,423
0,424
0,425
0,426
0,427
0,428
0,429
0,430
0,431
0,432
0,433
0,434
0,435
0,436
0,437
0,438
0,439
0,440
0,441
0,442
0,443
0,444
0,445
0,446
0,447
0,448
0,449
0,450
0,451
0,452
0,453
0,454
0,455
0,456
0,457
0,458
0,459
0,460
0,461
0,462
0,463
0,464
0,465
0,466
0,467
0,468
0,469
0,470
0,471
0,472
0,473
0,474
0,475
0,476
0,477
0,478
0,479
0,480
0,481
0,482
0,483
0,484
0,485
0,486
0,487
0,488
0,489
0,490
0,491
0,492
0,493
0,494
0,495
0,496
0,497
0,498
0,499
0.05803872574354837,150,358
0.06724439447193692,60,121
0.07147209360972065,167,210
0.07748291669932292,69,411
0.07914760499091054,106,394
0.08308775194522384,467,471
0.09290013409659512,74,385
0.09717954298489857,26,263
0.10547684373975764,28,436
0.10569478399284064,463,484
0.11483737012934551,263,284
0.11876916072987166,344,498
0.12033714697463331,395,486
0.1236575806550185,246,368
0.1251033382894135,420,470
0.12728548078651786,399,481
0.12902343181857706,380,460
0.1340635063005548,90,175
0.13865627971568265,160,375
0.1470510062921146,50,448
0.14759794661162187,350,437
0.14940696860149338,77,329
0.15105789830671312,47,271
0.1528748623895868,292,358
0.15357013463523347,105,139
0.15752268874615208,174,486
0.15761313915314704,122,134
0.16097191299328878,195,488
0.16399208911828325,405,485
0.16712291642179847,26,284
0.16712291642179847,26,263,284
0.1672634333851304,53,177
0.1709768532799838,150,292
0.1709768532799838,150,292,358
0.17417878483986152,245,417
0.17639680290812812,105,177
0.1765123794137672,74,343
0.17954586487813395,5,34
0.18184163038976828,147,157
0.18204358615097546,47,291
0.18250277289854372,364,385
0.18353369887609988,107,360
0.18858094487494906,16,255
0.18994640675813385,228,246
0.19078004258028267,112,252
0.1921398898031671,322,397
0.19423021013898423,217,324
0.19888900061848006,7,103
0.20007904873151522,63,286
0.2002340213632563,49,135
0.20280143722361368,223,405
0.2044609210534553,236,247
0.20492769977884645,30,296
0.20564627699816476,88,304
0.2066982702245046,247,494
0.20687140942417742,157,439
0.20813545375521236,10,404
0.20820036727401608,176,419
0.20976623507676362,468,480
0.21067125845734566,328,484
0.2136426205359283,206,482
0.21529827549500152,225,387
0.21593792113405458,109,343
0.2186752837112565,31,382
0.21904308187196678,237,301
0.21917618102156214,216,323
0.21932491969900575,12,149
0.22070178549034838,136,182
0.223393056175873,287,382
0.22341036463581324,194,295
0.22417168186215145,55,492
0.22540950359441123,143,493
0.22759219365008895,328,463
0.22759219365008895,328,463,484
0.22766763250216984,64,392
0.22916140631973217,119,474
0.22942864529068688,60,393
0.23004587466875878,238,481
0.23152396579942583,117,462
0.23174640282777553,42,134
0.23194272690024856,223,485
0.23194272690024856,223,405,485
0.23414574136434366,174,395
0.23414574136434366,174,395,486
0.2360024014277472,145,238
0.23612603031180585,139,177
0.23612603031180585,105,139,177
0.23658498570898714,331,497
0.23749910787110068,114,179
0.23845521812053014,121,393
0.23845521812053014,60,121,393
0.2392982839124523,119,243
0.2397353617771842,271,291
0.2397353617771842,47,271,291
0.2406836174385485,58,355
0.24147412682943745,121,388
0.24169670009102814,4,140
0.24230285554529737,124,198
0.2428207040609793,138,217
0.24487068884406563,15,193
0.24641946945899756,81,85
0.2470037723399749,282,389
0.24953038237002811,147,315
0.24987567512188505,135,292
0.2502083284594113,52,484
0.2505460460016723,157,272
0.25111960912799,374,479
0.2520970365738649,310,494
0.2539176923442191,35,486
0.2548910856144467,202,355
0.2563831121572468,272,326
0.2598558118592541,190,369
0.2604420439541447,115,407
0.26123398138764337,80,423
0.26169021502527023,57,424
0.2618511186583243,185,366
0.2620404676221114,224,381
0.26246514068511523,14,332
0.2628684985386362,338,497
0.2648900843094869,343,385
0.2648900843094869,74,343,385
0.2663270104544909,74,364
0.2663270104544909,74,364,385
0.26758617530708045,55,468
0.2678192234520672,152,251
0.26955512536212795,61,329
0.2699738494051807,29,59
0.271016121955551,17,159
0.2714786246106349,396,443
0.2715668105312301,331,444
0.2716746619312779,147,439
0.2716746619312779,147,157,439
0.27186778426234093,444,497
0.27186778426234093,331,444,497
0.2735865801897017,74,422
0.27365350516327847,359,449
0.2736705436477298,42,122
0.2736705436477298,42,122,134
0.2751622991488952,337,459
0.2768764834628727,70,388
0.27705467980571086,205,215
0.2774132426499551,267,426
0.28130890082972265,244,430
0.28288015756331164,385,422
0.28288015756331164,74,385,422
0.28647515125169376,372,485
0.28788979439657963,113,363
0.28845414860420177,53,105
0.28845414860420177,53,105,177
0.2891197716555919,258,429
0.2895987810395782,166,231
0.2905599282149166,257,402
0.2905654573284289,58,202
0.2905654573284289,58,202,355
0.2906396565023699,213,383
0.2912043613328126,81,376
0.2912838873868157,212,366
0.2916799576921945,364,422
0.2916799576921945,74,364,422
0.2916799576921945,364,385,422
0.29297558175501665,86,422
0.2932412589169251,40,337
0.293295236618852,143,455
0.2936158619163419,222,296
0.29404043675792757,5,274
0.29441953417475525,196,369
0.294503898560928,197,391
0.29461394907090827,416,496
0.29529811485752666,71,288
0.2962897829233507,67,379
0.29629459757415033,60,388
0.29629459757415033,60,121,388
0.2967148264225351,228,368
0.2967148264225351,228,246,368
0.2979758522996416,354,483
0.2986678334016794,170,218
0.29870952360854547,238,399
0.29870952360854547,238,399,481
0.29898867778620963,153,419
0.30011990354062845,113,238
0.30329462366514737,23,443
0.3035540498897855,161,248
0.30376615013775715,242,384
0.30630465656990996,146,389
0.30673271094424814,131,235
0.30818618537792297,35,395
0.30818618537792297,35,395,486
0.30924275938011153,149,385
0.3101568189415183,135,319
0.31033141873837056,58,117
0.31047889074218865,247,310
0.31047889074218865,247,310,494
0.31069171152308817,78,479
0.31099818385568123,363,399
0.3140604331611138,99,324
0.3141690993685585,155,321
0.3154207110523264,281,433
0.3161430424135002,157,326
0.3161430424135002,157,272,326
0.3176016046684083,267,427
0.3178513276361051,468,492
0.3178513276361051,55,468,492
0.3185702690782644,191,441
0.3186363440145228,199,318
0.3190477776385549,49,292
0.3190477776385549,49,135,292
0.3194405036386802,235,464
0.32276748965661706,159,394
0.32323188319189916,88,469
0.32423907652966755,52,463
0.32423907652966755,52,463,484
0.32535298839721954,194,474
0.32550268815525646,289,388
0.3268927227390417,53,139
0.3268927227390417,53,105,139
0.3268927227390417,53,139,177
0.3274082545748549,98,196
0.32741705970354584,244,415
0.32784041044159634,338,444
0.32784041044159634,338,444,497
0.3281966863389281,8,443
0.32903729795354053,388,393
0.32903729795354053,60,388,393
0.32903729795354053,121,388,393
0.3293733720321462,121,289
0.3293733720321462,121,289,388
0.3297282640075439,106,159
0.3297282640075439,106,159,394
0.33102994517876666,111,151
0.33137075096406476,149,364
0.33137075096406476,149,364,385
0.33206540655496997,8,396
0.33206540655496997,8,396,443
0.3321392681783228,144,331
0.3322899749059005,40,210
0.3330347177978476,23,234
0.33310358501972803,17,435
0.33371923027734296,35,174
0.33371923027734296,35,174,395
0.33371923027734296,35,174,486
0.3348848191061771,48,293
0.3349658976174302,244,468
0.33544650478380506,268,409
0.33626998241871114,29,280
0.3365741820061906,13,112
0.3370321457565489,455,493
0.3370321457565489,143,455,493
0.33727795658931553,428,448
0.338030067528994,157,315
0.338030067528994,147,157,315
0.3385036497781274,101,249
0.33859195399865993,198,352
0.3396817687370205,138,324
0.3396817687370205,138,217,324
0.34058070722732,22,67
0.3409884486954027,139,155
0.3412769781068821,55,480
0.3412769781068821,55,468,480
0.342170836446749,98,178
0.34228356576879415,74,149
0.34228356576879415,74,149,364
0.34228356576879415,74,149,385
0.34314962860575426,315,439
0.34314962860575426,147,315,439
0.34314962860575426,157,315,439
0.3435908072036881,77,171
0.344404912729445,70,289
0.344404912729445,70,289,388
0.3463115246006995,254,491
0.34677125649182433,126,468
0.3469929750705191,17,146
0.34705488642731896,363,481
0.34705488642731896,363,399,481
0.3472557949658235,139,321
0.3472557949658235,139,155,321
0.3475989578091537,211,237
0.3476182010387587,216,433
0.34779546877056877,157,305
0.3482767007408543,38,68
0.3484549899345475,234,443
0.3484549899345475,23,234,443
0.34878689547642583,145,481
0.34878689547642583,145,238,481
0.34891907023746344,68,250
0.34907730717893815,234,396
0.34907730717893815,234,396,443
0.34965430049673857,278,494
0.349823394436609,20,334
0.35015146815236564,23,396
0.35015146815236564,23,234,396
0.35015146815236564,23,396,443
0.3506680445622609,255,409
0.35142600845865596,172,374
0.3519379234529581,40,167
0.3519379234529581,40,167,210
0.35216123276548617,231,366
0.3535292314489949,153,235
0.3542660604398761,61,77
0.3542660604398761,61,77,329
0.35433489411270525,74,109
0.35433489411270525,74,109,343
0.354522493486275,17,394
0.354522493486275,17,159,394
0.3550287686754643,55,126
0.3550287686754643,55,126,468
0.35641158575704535,337,410
0.3564741708351249,147,326
0.3564741708351249,147,157,326
0.3573268016034652,82,123
0.35737591125198187,290,381
0.3574924603700862,235,419
0.3574924603700862,153,235,419
0.3575864276708389,175,201
0.35794390717791513,184,373
0.3587496822478701,326,439
0.3587496822478701,147,326,439
0.3587496822478701,157,326,439
0.35876163988851284,117,355
0.35876163988851284,58,117,355
0.3597242447510702,289,309
0.3600675368639147,120,162
0.3606474599782105,101,453
0.3609562186886053,40,459
0.3609562186886053,40,337,459
0.36105389207839617,135,358
0.36105389207839617,135,292,358
0.36200561770941064,29,349
0.3624942214012409,367,382
0.36265622942801234,103,162
0.3633216642259976,232,437
0.36336791359177356,243,474
0.36336791359177356,119,243,474
0.36374956602314673,80,217
0.363754131820813,177,490
0.36407510560170125,122,472
0.36424243328985334,295,474
0.36424243328985334,194,295,474
0.36434912107299255,270,458
0.3645915817395732,86,336
0.36483205690337256,69,124
0.3653172292025538,49,319
0.3653172292025538,49,135,319
0.3664805709319318,255,268
0.3664805709319318,255,268,409
0.3665050540745523,265,280
0.3666855247473589,343,422
0.3666855247473589,74,343,422
0.3666855247473589,343,385,422
0.36697092952736227,34,274
0.36697092952736227,5,34,274
0.3691880925388777,34,91
0.37051972944141587,275,287
0.3705512120977872,229,260
0.3731086766344761,93,236
0.3731725869298718,20,461
0.37378765333466973,342,493
0.3740125318670781,78,374
0.3740125318670781,78,374,479
0.37422489225300076,128,389
0.3744453753497882,197,471
0.3750807645459195,227,423
0.37606136755571845,56,375
0.37756574999868153,382,412
0.3779433675806985,12,496
0.37816701168954187,119,401
0.3794912245688682,252,311
0.38090997384034375,98,369
0.38090997384034375,98,196,369
0.3821966223162109,274,482
0.38262245653293625,50,428
0.38262245653293625,50,428,448
0.3828849772024953,113,481
0.3828849772024953,113,238,481
0.3828849772024953,113,363,481
0.382943967705179,367,412
0.382943967705179,367,382,412
0.38346223694054143,65,380
0.3836590289485289,128,146
0.3836590289485289,128,146,389
0.38389792802698697,36,446
0.3841330751838408,232,411
0.38498694390012983,53,490
0.38498694390012983,53,177,490
0.3860287051101948,113,145
0.3860287051101948,113,145,238
0.3860287051101948,113,145,481
0.3862133166990715,160,277
0.3863719678981644,85,376
0.3863719678981644,81,85,376
0.38676797102648824,272,439
0.38676797102648824,157,272,439
0.38676797102648824,272,326,439
0.3870980470744853,360,394
0.38731579661913446,336,459
0.3875098946581878,147,272
0.3875098946581878,147,157,272
0.3875098946581878,147,272,326
0.3875098946581878,147,272,439
0.3879309628863273,398,440
0.3898774532485313,126,480
0.3898774532485313,55,126,480
0.3898774532485313,126,468,480
0.38992367546617357,97,396
0.3899752789414906,60,289
0.3899752789414906,60,121,289
0.3899752789414906,60,289,388
0.39050553834422685,384,477
0.3913253256416258,389,394
0.3913318344033821,21,25
0.391434117151926,106,360
0.391434117151926,106,360,394
0.3924419633170701,97,234
0.3924419633170701,97,234,396
0.3939963161638738,19,184
0.3948458387049677,250,473
0.3949388772676426,4,120
0.3950314636926165,96,358
0.395391748071889,113,399
0.395391748071889,113,238,399
0.395391748071889,113,363,399
0.395391748071889,113,399,481
0.3954720713817802,105,490
0.3954720713817802,53,105,490
0.3954720713817802,105,177,490
0.3955205668784996,210,337
0.3955205668784996,40,210,337
0.3956525974395495,4,162
0.3956525974395495,4,120,162
0.3958454172304566,287,367
0.3958454172304566,287,367,382
0.39637369516867044,480,492
0.39637369516867044,55,480,492
0.39637369516867044,468,480,492
0.396385468294068,415,430
0.396385468294068,244,415,430
0.3963866896258458,137,417
0.39676437233702183,386,427
0.397048271820157,124,411
0.397048271820157,69,124,411
0.39717305172508155,32,132
0.3973956804219607,135,150
0.3973956804219607,135,150,292
0.3973956804219607,135,150,358
0.3974580810457165,14,73
0.397700318483331,96,292
0.397700318483331,96,292,358
0.39816812046552397,9,353
0.3993073890486982,206,416
0.40000648545974504,200,378
0.40051560405872066,236,494
0.40051560405872066,236,247,494
0.40074936908334696,146,394
0.40074936908334696,17,146,394
0.40074936908334696,146,389,394
0.40185647385158,84,159
0.4020200676217816,17,106
0.4020200676217816,17,106,159
0.4020200676217816,17,106,394
0.40228349055777424,1,497
0.40248750489656554,80,324
0.40248750489656554,80,217,324
0.4026452089963289,309,325
0.4040165494407528,45,413
0.40461234357665476,87,182
0.4057982355125502,141,390
0.40650075706474825,216,334
0.4071165491846865,126,244
0.4071165491846865,126,244,468
0.4073113570528966,434,438
0.40771919570010157,185,212
0.40771919570010157,185,212,366
0.40803338348776774,153,464
0.40803338348776774,153,235,464
0.4082202790890081,107,128
0.40824606015351034,103,164
0.40827335200796405,149,343
0.40827335200796405,74,149,343
0.40827335200796405,149,343,385
0.40869255865652987,87,136
0.40869255865652987,87,136,182
0.40890555237843257,348,361
0.4091462998780689,69,232
0.4091462998780689,69,232,411
0.4091806913317227,150,479
0.409236673031757,90,201
0.409236673031757,90,175,201
0.41015749980010624,70,121
0.41015749980010624,70,121,289
0.41015749980010624,70,121,388
0.41025827577966023,155,177
0.41025827577966023,139,155,177
0.41081972163778113,61,171
0.41081972163778113,61,77,171
0.4114985788326656,38,164
0.4117719851588647,242,477
0.4117719851588647,242,384,477
0.4122126259001492,87,295
0.41245468869717716,181,467
0.41270461162236327,135,181
0.41310065362813286,292,479
0.41310065362813286,150,292,479
0.41326545923977814,148,272
0.4146535638399708,1,331
0.4146535638399708,1,331,497
0.4151500942744904,221,347
0.415726624813282,53,321
0.415726624813282,53,139,321
0.4166757549261715,78,292
0.4166757549261715,78,292,479
0.4166826431549152,107,389
0.4166826431549152,107,128,389
0.41781035576727016,281,318
0.4179320697467503,372,405
0.4179320697467503,372,405,485
0.417950420366394,334,433
0.417950420366394,216,334,433
0.4180739419536175,131,464
0.4180739419536175,131,235,464
0.4186835543271357,0,190
0.4192896052068824,87,401
0.41938400706074686,147,305
0.41938400706074686,147,157,305
0.41977324421723433,108,335
0.41994085429458183,45,332
0.42010374413506485,162,338
0.42013219846469585,142,173
0.4211699885103686,319,467
0.42211889255771723,328,330
0.42292317529562923,57,489
0.42297559100696597,96,479
0.42297559100696597,96,292,479
0.42429176059010415,96,150
0.42429176059010415,96,150,292
0.42429176059010415,96,150,358
0.42429176059010415,96,150,479
0.4244130774224755,391,471
0.4244130774224755,197,391,471
0.4251746553710218,418,456
0.42555886712904467,107,394
0.42555886712904467,107,360,394
0.42555886712904467,107,389,394
0.4256934471443773,244,480
0.4256934471443773,126,244,480
0.4256934471443773,244,468,480
0.42591031214144565,181,471
0.42591031214144565,181,467,471
0.4260174949139101,440,442
0.4263370693062715,21,94
0.4263628559527135,86,459
0.4263628559527135,86,336,459
0.42817187205925195,112,311
0.42817187205925195,112,252,311
0.4282283011425502,65,460
0.4282283011425502,65,380,460
0.4285600910129322,181,292
0.4285600910129322,135,181,292
0.42910182114933226,52,328
0.42910182114933226,52,328,463
0.42910182114933226,52,328,484
0.42910200306303886,406,461
0.42913249518296764,107,146
0.42913249518296764,107,128,146
0.42913249518296764,107,146,389
0.42913249518296764,107,146,394
0.42922138924230363,181,358
0.42922138924230363,135,181,358
0.42922138924230363,181,292,358
0.42987813993434326,227,420
0.4314646495232578,171,329
0.4314646495232578,61,171,329
0.4314646495232578,77,171,329
0.43154946742416805,105,131
0.43156316376166043,197,467
0.43156316376166043,197,467,471
0.4319127342385634,183,212
0.4322417388097145,236,310
0.4322417388097145,236,247,310
0.4322417388097145,236,310,494
0.43308419694362454,69,198
0.43308419694362454,69,124,198
0.4334523512993113,206,259
0.4336805201831437,124,350
0.4342377430004315,300,302
0.4344369716855563,29,265
0.4344369716855563,29,265,280
0.43477603490649225,8,466
0.43491026593184257,124,437
0.43491026593184257,124,350,437
0.43517103471255925,40,336
0.43517103471255925,40,336,459
0.43519986965808954,150,181
0.43519986965808954,135,150,181
0.43519986965808954,150,181,292
0.43519986965808954,150,181,358
0.43530875488351684,7,162
0.43530875488351684,7,103,162
0.43575824575873917,290,401
0.43583988373103266,5,472
0.43609060462257193,358,479
0.43609060462257193,96,358,479
0.43609060462257193,150,358,479
0.43609060462257193,292,358,479
0.43614446079343233,31,287
0.43614446079343233,31,287,382
0.43619624307013216,343,364
0.43619624307013216,74,343,364
0.43619624307013216,149,343,364
0.43619624307013216,343,364,385
0.43619624307013216,343,364,422
0.43664040119593045,272,305
0.43664040119593045,147,272,305
0.43664040119593045,157,272,305
0.43666823854010417,26,203
0.43691423956922587,391,467
0.43691423956922587,197,391,467
0.43691423956922587,391,467,471
0.4372758239815884,109,385
0.4372758239815884,74,109,385
0.4372758239815884,109,343,385
0.4380458348046294,308,406
0.438300510992982,283,450
0.4385807354954211,340,473
0.4385995942883165,53,155
0.4385995942883165,53,139,155
0.4385995942883165,53,155,177
0.4385995942883165,53,155,321
0.43968449566158435,22,397
0.4398395369847928,11,32
0.43989864353669256,161,362
0.44101770666786794,238,363
0.44101770666786794,113,238,363
0.44101770666786794,238,363,399
0.44101770666786794,238,363,481
0.4416596152353706,226,265
0.4419532772708017,14,414
0.4422799209063586,306,453
0.44256693840120703,257,283
0.44374145695051026,71,351
0.4441448540012141,30,222
0.4441448540012141,30,222,296
0.4442140660876694,123,403
0.4445080141760214,223,372
0.4445080141760214,223,372,405
0.4445080141760214,223,372,485
0.4446998899664124,235,490
0.4455441383851527,328,447
0.4455971796207134,142,336
0.4460442886873336,104,378
0.44637513674496343,332,449
0.4468188669228504,16,409
0.4468188669228504,16,255,409
0.4468520568965709,95,289
0.4481946281854793,148,326
0.4481946281854793,148,272,326
0.4498376471637054,247,278
0.4498376471637054,247,278,494
0.45022226403320026,44,475
0.4502358088657248,250,364
0.4504479548613052,67,207
0.451306550801557,92,302
0.4514777755363738,290,409
0.45167360737700923,222,418
0.45231863359896207,199,483
0.45301315659696106,332,359
0.45301315659696106,332,359,449
0.45318963109519156,33,81
0.45389336440954814,137,245
0.45389336440954814,137,245,417
0.4545801420886939,56,209
0.4548932372550694,56,160
0.4548932372550694,56,160,375
0.4549954325605562,305,315
0.4549954325605562,147,305,315
0.4549954325605562,157,305,315
0.455277898057998,167,337
0.455277898057998,40,167,337
0.455277898057998,167,210,337
0.4553754409956458,22,379
0.4553754409956458,22,67,379
0.4558322339930123,348,423
0.4558822990681517,1,169
0.4569760378625822,149,496
0.4569760378625822,12,149,496
0.4570683769482301,47,282
0.4570723695424775,149,422
0.4570723695424775,74,149,422
0.4570723695424775,149,343,422
0.4570723695424775,149,364,422
0.4570723695424775,149,385,422
0.4572982744133867,74,459
0.4583613614358161,106,389
0.4583613614358161,106,389,394
0.4585787685581103,299,335
0.4591146502882286,105,321
0.4591146502882286,53,105,321
0.4591146502882286,105,139,321
0.4591566184725149,52,330
0.4591566184725149,52,328,330
0.45939055543845686,304,456
0.4594983517863364,31,412
0.4594983517863364,31,382,412
0.4595665618676658,277,375
0.4595665618676658,160,277,375
0.4597535082980027,106,107
0.4597535082980027,106,107,360
0.4597535082980027,106,107,389
0.4597535082980027,106,107,394
0.4599538673619436,49,358
0.4599538673619436,49,135,358
0.4599538673619436,49,292,358
0.46018659154525776,104,200
0.46018659154525776,104,200,378
0.4607246210263024,347,413
0.4609393696640705,56,277
0.4609393696640705,56,160,277
0.4609393696640705,56,277,375
0.46107258434212894,257,460
0.4612958772738888,145,399
0.4612958772738888,113,145,399
0.4612958772738888,145,238,399
0.4612958772738888,145,399,481
0.4614441096876616,241,316
0.46177188981840284,69,437
0.46177188981840284,69,124,437
0.46177188981840284,69,232,437
0.46200000150993936,177,321
0.46200000150993936,53,177,321
0.46200000150993936,105,177,321
0.46200000150993936,139,177,321
0.46200000150993936,155,177,321
0.46216926798301694,331,338
0.46216926798301694,331,338,444
0.46216926798301694,331,338,497
0.46217925829514994,259,298
0.46220236986942537,21,397
0.4623320079809332,59,349
0.4623320079809332,29,59,349
0.4625850122085794,198,411
0.4625850122085794,69,198,411
0.4625850122085794,124,198,411
0.46262236407915996,60,70
0.46262236407915996,60,70,121
0.46262236407915996,60,70,289
0.46262236407915996,60,70,388
0.4632416442861131,78,150
0.4632416442861131,78,150,292
0.4632416442861131,78,150,479
0.4633982037344333,156,296
0.46369731172760087,83,449
0.46395222945430825,324,370
0.46469004730929087,126,138
0.4646951388747338,135,467
0.4646951388747338,135,181,467
0.4646951388747338,135,319,467
0.46508968585403737,105,155
0.46508968585403737,53,105,155
0.46508968585403737,105,139,155
0.46508968585403737,105,155,177
0.46508968585403737,105,155,321
0.466709954133425,323,334
0.466709954133425,216,323,334
0.46697864152426727,63,156
0.4670550664227419,330,484
0.4670550664227419,52,330,484
0.4670550664227419,328,330,484
0.46732016325687503,31,72
0.4677427014361729,118,165
0.46857735032085757,282,394
0.46857735032085757,282,389,394
0.46874051756678403,391,402
0.46931176260105706,131,177
0.46931176260105706,105,131,177
0.4694490603319439,99,217
0.4694490603319439,99,217,324
0.46963372898168493,3,303
0.4698919585331078,146,159
0.4698919585331078,17,146,159
0.4698919585331078,146,159,394
0.46995544551961993,40,86
0.46995544551961993,40,86,336
0.46995544551961993,40,86,459
0.47092819954621357,35,462
0.47212223962791067,188,309
0.47224866262535564,402,460
0.47224866262535564,257,402,460
0.4722627325852718,20,127
0.47232467628464714,259,416
0.47232467628464714,206,259,416
0.4723560672715428,100,304
0.472531868742215,211,219
0.4728478357423781,39,488
0.4728503256424757,3,168
0.47323200807372073,260,427
0.47332844352180387,287,412
0.47332844352180387,31,287,412
0.47332844352180387,287,367,412
0.47332844352180387,287,382,412
0.4739763044255984,169,340
0.47418244967940804,153,176
0.47418244967940804,153,176,419
0.47473103588089627,409,477
0.47495299409627567,190,196
0.47495299409627567,190,196,369
0.47503617330735587,200,377
0.47535023934115206,193,342
0.4766491127499375,131,139
0.4766491127499375,105,131,139
0.4766491127499375,131,139,177
0.4776540602902701,140,169
0.4777839033816779,106,146
0.4777839033816779,17,106,146
0.4777839033816779,106,107,146
0.4777839033816779,106,146,159
0.4777839033816779,106,146,389
0.4777839033816779,106,146,394
0.4778144438800533,114,355
0.47782319388396716,15,50
0.47877385078849694,319,471
0.47877385078849694,319,467,471
0.4792761288287011,144,444
0.4792761288287011,144,331,444
0.4804454662450973,176,235
0.4804454662450973,153,176,235
0.4804454662450973,176,235,419
0.4804551915253893,422,459
0.4804551915253893,74,422,459
0.4804551915253893,86,422,459
0.4808491359768325,30,353
0.4811204901209954,4,103
0.4811204901209954,4,103,162
0.4812560460921454,177,235
0.4812560460921454,131,177,235
0.4812560460921454,177,235,490
0.4819696620466676,181,408
0.48282004110314564,323,433
0.48282004110314564,216,323,433
0.48282004110314564,323,334,433
0.4833771047333741,89,229
0.4849516270574208,266,285
0.48532319045539074,119,295
0.48532319045539074,119,295,474
0.4853607204692343,42,472
0.4853607204692343,42,122,472
0.48570029337359844,58,462
0.48570029337359844,58,117,462
0.4857312046839603,205,285
0.48586457138341044,76,378
0.48593671925203125,391,460
0.48593671925203125,391,402,460
0.48595356011564894,202,438
0.48607673382094224,28,81
0.4860859338728231,159,360
0.4860859338728231,106,159,360
0.4860859338728231,159,360,394
0.48635117909260506,49,96
0.48635117909260506,49,96,292
0.48635117909260506,49,96,358
0.4863573675706956,22,350
0.48640203073520005,226,242
0.48659381529368334,341,403
0.48759055963514847,236,318
0.4879860552386241,330,469
0.48851497278978884,7,208
0.48855712417184444,49,150
0.48855712417184444,49,96,150
0.48855712417184444,49,135,150
0.48855712417184444,49,150,292
0.48855712417184444,49,150,358
0.4889404348297372,31,367
0.4889404348297372,31,287,367
0.4889404348297372,31,367,382
0.4889404348297372,31,367,412
0.489207372171267,18,127
0.48971295463292197,416,482
0.48971295463292197,206,416,482
0.49031290724882365,109,459
0.49031290724882365,74,109,459
0.4905167505590401,12,385
0.4905167505590401,12,149,385
0.49057052799684125,240,317
0.49072022828327766,129,256
0.4910784157018743,343,459
0.4910784157018743,74,343,459
0.4910784157018743,109,343,459
0.4910784157018743,343,422,459
0.4913835097432635,182,295
0.4913835097432635,87,182,295
0.49233379941782285,202,233
0.4924770752575073,37,262
0.49284528346619844,72,387
0.4930048554939579,241,349
0.4931400052596317,25,435
0.4941537451189058,296,353
0.4941537451189058,30,296,353
0.4963838373263756,185,231
0.4963838373263756,185,231,366
0.4964368125056336,289,393
0.4964368125056336,60,289,393
0.4964368125056336,121,289,393
0.4964368125056336,289,388,393
0.4966108117881448,232,350
0.4966108117881448,232,350,437
0.4970055052513676,385,459
0.4970055052513676,74,385,459
0.4970055052513676,109,385,459
0.4970055052513676,343,385,459
0.4970055052513676,385,422,459
0.4970904532881295,55,129
0.4975947290936191,33,446
0.49809943940599377,78,358
0.49809943940599377,78,150,358
0.49809943940599377,78,292,358
0.49809943940599377,78,358,479
0.4981605289620772,99,370
0.4981605289620772,99,324,370
0.49819862305488133,411,437
0.49819862305488133,69,411,437
0.49819862305488133,124,411,437
0.49819862305488133,232,411,437
0.4988062992658509,282,291
0.4988062992658509,47,282,291
0.499208680920629,352,411
0.499208680920629,198,352,411
0.49934378091930703,36,288
0.49952182962023584,324,423
0.49952182962023584,80,324,423
0.4996261543892641,63,213
0.5003035955021489,312,432
0.5003926172038978,154,219
0.5009588050546581,52,88
0.5012869921445479,65,257
0.5012869921445479,65,257,460
0.5012996818949995,298,365
0.5015581970453485,219,301
0.5015813256675089,12,74
0.5015813256675089,12,74,149
0.5015813256675089,12,74,385
0.5024806032033181,258,297
0.5026389190071571,37,183
0.5026479583278038,69,352
0.5026479583278038,69,198,352
0.5026479583278038,69,352,411
0.5030611147295491,278,310
0.5030611147295491,247,278,310
0.5030611147295491,278,310,494
0.5031160418636837,174,413
0.5032135712867488,72,382
0.5032135712867488,31,72,382
0.5037945734571919,163,384
0.504275347121953,211,301
0.504275347121953,211,219,301
0.504275347121953,211,237,301
0.5044515634033765,12,343
0.5044515634033765,12,74,343
0.5044515634033765,12,149,343
0.5044515634033765,12,343,385
0.5045583738703744,398,442
0.5045583738703744,398,440,442
0.5048263011033585,241,265
0.5049768871285676,361,445
0.5060935259883076,100,418
0.5062727300982478,207,405
0.5065353561452811,102,293
0.5065935548270543,37,212
0.5065935548270543,37,183,212
0.5067220629891949,313,339
0.5068683228617485,419,464
0.5068683228617485,153,419,464
0.5068683228617485,235,419,464
0.5068900161784001,140,162
0.5068900161784001,4,140,162
0.5069410335334043,20,323
0.5069410335334043,20,323,334
0.5069837883292292,295,401
0.5069837883292292,87,295,401
0.5069837883292292,119,295,401
0.5073958021141455,303,306
0.5076700028043079,15,342
0.5076700028043079,15,193,342
0.5079037468109329,112,130
0.5092231112475709,241,308
0.5095448556298791,210,410
0.5095448556298791,210,337,410
0.5097900278954183,106,282
0.5097900278954183,106,282,389
0.5097900278954183,106,282,394
0.510131464870789,103,120
0.510131464870789,4,103,120
0.510131464870789,103,120,162
0.5102362648910818,22,322
0.5102362648910818,22,322,397
0.5105926519235872,308,374
0.5106256369826725,134,472
0.5106256369826725,42,134,472
0.5106256369826725,122,134,472
0.5110691007593595,13,252
0.5110691007593595,13,112,252
0.5114468743861589,166,381
0.51161532670861,109,337
0.51161532670861,109,337,459
0.51176939264578,168,488
0.5119826679645418,3,421
0.5120369827775662,168,303
0.5120369827775662,3,168,303
0.5128547668128658,257,380
0.5128547668128658,65,257,380
0.5128547668128658,257,380,460
0.5129549909899558,215,285
0.5129549909899558,205,215,285
0.5131617111659657,74,86
0.5131617111659657,74,86,422
0.5131617111659657,74,86,459
0.5133851416500044,16,268
0.5133851416500044,16,255,268
0.5133851416500044,16,268,409
0.5135552639398755,105,235
0.5135552639398755,105,131,235
0.5135552639398755,105,177,235
0.5135552639398755,105,235,490
0.5141874329046713,330,447
0.5141874329046713,328,330,447
0.5152093340735434,140,338
0.5152093340735434,140,162,338
0.5157649021374617,67,350
0.5157649021374617,22,67,350
0.515839221584554,299,451
0.5160418230540696,304,469
0.5160418230540696,88,304,469
0.516046127282646,100,248
0.5166942162138586,297,480
0.5172353208310534,96,135
0.5172353208310534,49,96,135
0.5172353208310534,96,135,150
0.5172353208310534,96,135,292
0.5172353208310534,96,135,358
0.5173471862092471,259,482
0.5173471862092471,206,259,482
0.5173471862092471,259,416,482
0.517508632371187,119,194
0.517508632371187,119,194,295
0.517508632371187,119,194,474
0.5180443630539762,202,444
0.5186674110028484,203,263
0.5186674110028484,26,203,263
0.5187817710292538,401,474
0.5187817710292538,119,401,474
0.5187817710292538,295,401,474
0.5191789361788718,141,299
0.5193260612523086,22,124
0.5193260612523086,22,124,350
0.5193418918712105,15,440
0.5194142883419545,1,144
0.5194142883419545,1,144,331
0.5197789435304986,189,375
0.5199790619195829,227,470
0.5199790619195829,227,420,470
0.520351872814622,2,498
0.5207741556722949,85,317
0.5209507977304983,305,439
0.5209507977304983,147,305,439
0.5209507977304983,157,305,439
0.5209507977304983,272,305,439
0.5209507977304983,305,315,439
0.521034588947436,256,346
0.5212778275538773,270,454
0.5233016710161476,88,330
0.5233016710161476,52,88,330
0.5233016710161476,88,330,469
0.523921115119046,209,452
0.5241392518191266,146,360
0.5241392518191266,106,146,360
0.5241392518191266,107,146,360
0.5241392518191266,146,159,360
0.5241392518191266,146,360,394
0.5243724370144144,31,76
0.5244550379813518,144,497
0.5244550379813518,1,144,497
0.5244550379813518,144,331,497
0.5244550379813518,144,444,497
0.5246343510077399,219,237
0.5246343510077399,211,219,237
0.5246343510077399,219,237,301
0.5248764594539682,28,85
0.5248764594539682,28,81,85
0.5250461432324656,29,226
0.5250461432324656,29,226,265
0.5251129732079776,29,241
0.5251129732079776,29,241,265
0.5251129732079776,29,241,349
0.5251339969261078,199,354
0.5251339969261078,199,354,483
0.5258052659399136,52,304
0.5258052659399136,52,88,304
0.5260163868085223,263,432
0.5260418897961137,93,399
0.5260435007801615,73,414
0.5260435007801615,14,73,414
0.5264659697565256,86,364
0.5264659697565256,74,86,364
0.5264659697565256,86,364,422
0.5265222387608944,108,252
0.5268876313354217,275,400
0.5271894581391906,220,247
0.5288842041286829,200,230
0.5290945525104029,5,91
0.5290945525104029,5,34,91
0.5292038506618433,145,363
0.5292038506618433,113,145,363
0.5292038506618433,145,238,363
0.5292038506618433,145,363,399
0.5292038506618433,145,363,481
0.5293428000611888,172,308
0.5293428000611888,172,308,374
0.5296762717730267,55,138
0.5296762717730267,55,126,138
0.5296950109771918,49,78
0.5296950109771918,49,78,150
0.5296950109771918,49,78,292
0.5296950109771918,49,78,358
0.5299030462950572,378,412
0.5302027406058712,87,474
0.5302027406058712,87,295,474
0.5302027406058712,87,401,474
0.5302980058583311,318,433
0.5302980058583311,281,318,433
0.5305843241032427,236,399
0.5305843241032427,93,236,399
0.5306035433334473,124,352
0.5306035433334473,69,124,352
0.5306035433334473,124,198,352
0.5306035433334473,124,352,411
0.5306506516331518,82,341
0.5310555765258552,86,385
0.5310555765258552,74,86,385
0.5310555765258552,86,364,385
0.5310555765258552,86,385,422
0.5310555765258552,86,385,459
0.5311013951480149,206,298
0.5311013951480149,206,259,298
0.5312153452706296,360,389
0.5312153452706296,106,360,389
0.5312153452706296,107,360,389
0.5312153452706296,146,360,389
0.5312153452706296,360,389,394
0.5312856180507085,8,97
0.5312856180507085,8,97,396
0.5314728280487131,124,232
0.5314728280487131,69,124,232
0.5314728280487131,124,232,350
0.5314728280487131,124,232,411
0.5314728280487131,124,232,437
0.5314830019236635,86,142
0.5314830019236635,86,142,336
0.532038292831592,80,348
0.532038292831592,80,348,423
0.5322048842614329,187,435
0.5322061593925973,135,471
0.5322061593925973,135,181,471
0.5322061593925973,135,319,471
0.5322061593925973,135,467,471
0.5325702672232623,70,309
0.5325702672232623,70,289,309
0.5328564326011165,430,468
0.5328564326011165,244,430,468
0.5330311694241283,1,208
0.5333439225246402,395,413
0.5333439225246402,174,395,413
0.5342923239625815,57,127
0.5351218180651187,17,389
0.5351218180651187,17,106,389
0.5351218180651187,17,146,389
0.5351218180651187,17,389,394
0.5351235457136364,146,282
0.5351235457136364,106,146,282
0.5351235457136364,146,282,389
0.5351235457136364,146,282,394
0.5352194582820916,255,477
0.5352194582820916,255,409,477
0.5355217361045655,15,448
0.5355217361045655,15,50,448
0.5360995501258976,89,170
0.5361989667790185,38,103
0.5361989667790185,38,103,164
0.5364998519088129,110,293
0.5365829908872821,8,234
0.5365829908872821,8,97,234
0.5365829908872821,8,234,396
0.5365829908872821,8,234,443
0.5366610863376471,6,436
0.5370006384220063,431,485
0.5374455764241145,30,156
0.5374455764241145,30,156,296
0.5376512854850529,230,378
0.5376512854850529,200,230,378
0.5378246033286586,208,497
0.5378246033286586,1,208,497
0.5378824592978092,308,349
0.5378824592978092,241,308,349
0.5382013349153901,298,482
0.5382013349153901,206,298,482
0.5382013349153901,259,298,482
0.5384275581350881,47,389
0.5384275581350881,47,282,389
0.5388188622455335,217,423
0.5388188622455335,80,217,423
0.5388188622455335,217,324,423
0.5390677023801037,330,395
0.53935526541181,187,394
0.5394090244562741,139,490
0.5394090244562741,53,139,490
0.5394090244562741,105,139,490
0.5394090244562741,139,177,490
0.5397674950854273,283,460
0.5397674950854273,257,283,460
0.5406484280841675,142,364
0.5406484280841675,86,142,364
0.5407153085541739,172,406
0.5407153085541739,172,308,406
0.5409193131942714,224,290
0.5409193131942714,224,290,381
0.5412017165748936,83,359
0.5412017165748936,83,359,449
0.5414667481822946,169,208
0.5414667481822946,1,169,208
0.5415432533892367,93,247
0.5415432533892367,93,236,247
0.5418215031377112,114,438
0.5423604100643226,14,45
0.5423604100643226,14,45,332
0.5427379561436209,152,315
0.5427862686792017,273,309
0.5429766399547237,215,276
0.5430771609032923,106,187
0.5430771609032923,106,187,394
0.5431009743478252,68,496
0.5431511829193064,109,271
0.5446655534554395,87,119
0.5446655534554395,87,119,295
0.5446655534554395,87,119,401
0.5446655534554395,87,119,474
0.5448551769586347,12,364
0.5448551769586347,12,74,364
0.5448551769586347,12,149,364
0.5448551769586347,12,343,364
0.5448551769586347,12,364,385
0.54549199125995,81,436
0.54549199125995,28,81,436
0.5457022735996552,133,168
0.5458636412776382,95,325
0.5459018676180447,12,41
0.5461798781181378,63,383
0.5461798781181378,63,213,383
0.5461862392583364,206,496
0.5461862392583364,206,416,496
0.54646932716449,247,318
0.54646932716449,236,247,318
0.5466552265205824,248,362
0.5466552265205824,161,248,362
0.5469887447476908,16,224
0.5472851653866858,79,476
0.547402684501276,220,278
0.547402684501276,220,247,278
0.547637191478428,110,300
0.5481144496080631,330,463
0.5481144496080631,52,330,463
0.5481144496080631,328,330,463
0.5481144496080631,330,463,484
0.5481338948438994,284,432
0.5481338948438994,263,284,432
0.5481529302508852,188,273
0.5481529302508852,188,273,309
0.5481714434059581,65,368
0.5492696454479247,371,374
0.5495293872793243,140,208
0.5495293872793243,140,169,208
0.5496940111922232,61,214
0.5497536522744768,10,344
0.5501379901761559,269,454
0.550313512375686,176,499
0.5507426280527916,66,409
0.5507649166307527,31,378
0.5507649166307527,31,76,378
0.5507649166307527,31,378,412
0.5511900812502359,149,250
0.5511900812502359,149,250,364
0.5513247584917864,214,288
0.5514332746050574,58,444
0.5514332746050574,58,202,444
0.551445963443416,48,387
0.5520257354591573,0,9
0.5520598383629747,81,446
0.5520598383629747,33,81,446
0.5521155051906601,200,249
0.5522263322050133,32,36
0.5524736898530773,303,421
0.5524736898530773,3,303,421
0.5526490160413882,13,311
0.5526490160413882,13,112,311
0.5526490160413882,13,252,311
0.5527914027700981,80,138
0.5527914027700981,80,138,217
0.5527914027700981,80,138,324
0.5529471697113981,109,422
0.5529471697113981,74,109,422
0.5529471697113981,109,343,422
0.5529471697113981,109,385,422
0.5529471697113981,109,422,459
0.5538502512756637,69,350
0.5538502512756637,69,124,350
0.5538502512756637,69,232,350
0.5538502512756637,69,350,437
0.5542446712131528,21,322
0.5542446712131528,21,322,397
0.5547104840223459,372,431
0.5547104840223459,372,431,485
0.5547941757562731,187,282
0.5547941757562731,106,187,282
0.5547941757562731,187,282,394
0.5551058117435373,126,492
0.5551058117435373,55,126,492
0.5551058117435373,126,468,492
0.5551058117435373,126,480,492
0.5551705290959142,174,221
0.5553963827734952,405,431
0.5553963827734952,372,405,431
0.5553963827734952,405,431,485
0.5554846991349399,233,355
0.5554846991349399,202,233,355
0.5570532578632736,88,100
0.5570532578632736,88,100,304
0.5571498408298539,309,388
0.5571498408298539,70,309,388
0.5571498408298539,289,309,388
0.5574017032235667,41,259
0.557678664419106,117,202
0.557678664419106,58,117,202
0.557678664419106,117,202,355
0.5578495692955838,71,79
0.5582151395345846,126,415
0.5582151395345846,126,244,415
0.5582676263305142,189,209
0.5588180795465256,435,470
0.5591384211728666,108,346
0.5591402878127494,129,492
0.5591402878127494,55,129,492
0.5593086239651348,1,221
0.5596258246754432,292,319
0.5596258246754432,49,292,319
0.5596258246754432,135,292,319
0.5596737563946663,420,423
0.5596737563946663,227,420,423
0.5599673278377598,125,434
0.5602545423516418,4,208
0.5602545423516418,4,140,208
0.5603033675169786,38,496
0.5603033675169786,38,68,496
0.5603396635311811,43,44
0.5605496543491051,195,421
0.5613517326304186,260,329
0.5614059008230784,203,284
0.5614059008230784,26,203,284
0.5614059008230784,203,263,284
0.5617403545921199,107,159
0.5617403545921199,106,107,159
0.5617403545921199,107,146,159
0.5617403545921199,107,159,360
0.5617403545921199,107,159,394
0.5618352401535042,368,373
0.5618762043589195,349,406
0.5618762043589195,308,349,406
0.5619407869251247,100,222
0.5619407869251247,100,222,418
0.5619689094535699,426,427
0.5619689094535699,267,426,427
0.5623416172998229,261,345
0.5625013362268058,424,489
0.5625013362268058,57,424,489
0.5631511298362079,172,371
0.5631511298362079,172,371,374
0.5631989757194972,204,357
0.5633132416754677,41,206
0.5633132416754677,41,206,259
0.5636500305246342,93,220
0.5636500305246342,93,220,247
0.5643111885774325,273,388
0.5643111885774325,273,309,388
0.564350844246334,207,223
0.564350844246334,207,223,405
0.5646623563922913,59,280
0.5646623563922913,29,59,280
0.5647429117296596,431,478
0.5648016289787358,327,354
0.5648096378988025,95,309
0.5648096378988025,95,289,309
0.5648096378988025,95,309,325
0.5648636076689179,136,333
0.5648686413969694,24,465
0.5649408930970055,19,368
0.5650058594125935,182,333
0.5650058594125935,136,182,333
0.56517617625843,275,382
0.56517617625843,275,287,382
0.5656993553859825,136,231
0.5657773674722676,370,415
0.5658793893316713,156,353
0.5658793893316713,30,156,353
0.5658793893316713,156,296,353
0.5659161593074141,209,457
0.5659814258293155,73,332
0.5659814258293155,14,73,332
0.5661257225370925,280,349
0.5661257225370925,29,280,349
0.5661257225370925,59,280,349
0.5663906785345368,120,140
0.5663906785345368,4,120,140
0.5663906785345368,120,140,162
0.5665396210247237,55,244
0.5665396210247237,55,126,244
0.5665396210247237,55,244,468
0.5665396210247237,55,244,480
0.5666719925495912,88,484
0.5666719925495912,52,88,484
0.5666719925495912,88,330,484
0.566910718896343,76,412
0.566910718896343,31,76,412
0.566910718896343,76,378,412
0.567398234016117,199,433
0.567398234016117,199,318,433
0.5678210285400189,41,496
0.5678210285400189,12,41,496
0.5678210285400189,41,206,496
0.5680777490337362,207,350
0.5680777490337362,67,207,350
0.5683071331840583,84,360
0.5683071331840583,84,159,360
0.5685930085188604,66,477
0.5685930085188604,66,409,477
0.56886974040145,381,409
0.56886974040145,290,381,409
0.5691482424063119,160,215
0.5692843940346927,205,276
0.5692843940346927,205,215,276
0.56939373315137,178,186
0.5699262424208554,209,375
0.5699262424208554,56,209,375
0.5699262424208554,189,209,375
0.5700438633434584,220,236
0.5700438633434584,93,220,236
0.5700438633434584,220,236,247
0.5700936818239906,267,386
0.5700936818239906,267,386,427
0.5706145681317212,176,464
0.5706145681317212,153,176,464
0.5706145681317212,176,235,464
0.5706145681317212,176,419,464
0.5713296718782609,7,164
0.5713296718782609,7,103,164
0.5715622334772631,250,422
0.5715622334772631,149,250,422
0.5715622334772631,250,364,422
0.5716164316756043,36,132
0.5716164316756043,32,36,132
0.5717341716649698,283,380
0.5717341716649698,257,283,380
0.5717341716649698,283,380,460
0.5718719680360798,159,435
0.5718719680360798,17,159,435
0.5720824196591462,225,275
0.5723030272069534,147,152
0.5723030272069534,147,152,315
0.5723207127897069,26,432
0.5723207127897069,26,263,432
0.5723207127897069,26,284,432
0.573066254147508,32,446
0.573066254147508,32,36,446
0.5731299033716105,97,443
0.5731299033716105,8,97,443
0.5731299033716105,97,234,443
0.5731299033716105,97,396,443
0.5731676573021081,336,337
0.5731676573021081,40,336,337
0.5731676573021081,336,337,459
0.5736767872070043,380,402
0.5736767872070043,257,380,402
0.5736767872070043,380,402,460
0.5741402606083654,18,281
0.5750010455650661,307,454
0.5750105338622993,378,382
0.5750105338622993,31,378,382
0.5750105338622993,378,382,412
0.5750471306360688,99,138
0.5750471306360688,99,138,217
0.5750471306360688,99,138,324
0.5752165329756506,413,486
0.5752165329756506,174,413,486
0.5752165329756506,395,413,486
0.5752992707802013,49,479
0.5752992707802013,49,78,479
0.5752992707802013,49,96,479
0.5752992707802013,49,150,479
0.5752992707802013,49,292,479
0.5752992707802013,49,358,479
0.5753388993934705,167,410
0.5753388993934705,167,210,410
0.5753388993934705,167,337,410
0.5754002250269344,87,290
0.5754002250269344,87,290,401
0.5755434816635053,410,459
0.5755434816635053,337,410,459
0.5755614073235868,72,287
0.5755614073235868,31,72,287
0.5755614073235868,72,287,382
0.5757236378026325,68,208
0.575726676545483,18,254
0.5757675442277225,102,392
0.5760195564765542,103,208
0.5760195564765542,4,103,208
0.5760195564765542,7,103,208
0.5764427785513339,421,488
0.5764427785513339,195,421,488
0.5775374354303562,85,240
0.5775374354303562,85,240,317
0.5777373071268369,89,218
0.5777373071268369,89,170,218
0.57773794418977,65,246
0.57773794418977,65,246,368
0.5779269707815022,49,467
0.5779269707815022,49,135,467
0.5779269707815022,49,319,467
0.5781275743051246,62,452
0.5784510569856312,339,476
0.5785799913584853,52,486
0.578595700736762,304,484
0.578595700736762,52,304,484
0.578595700736762,88,304,484
0.578703033392924,78,135
0.578703033392924,49,78,135
0.578703033392924,78,135,150
0.578703033392924,78,135,292
0.578703033392924,78,135,358
0.5793503356631131,199,236
0.5793503356631131,199,236,318
0.5798740282088192,336,422
0.5798740282088192,86,336,422
0.5798740282088192,336,422,459
0.5801436170645957,162,497
0.5801436170645957,162,338,497
0.5803196158271972,86,343
0.5803196158271972,74,86,343
0.5803196158271972,86,343,364
0.5803196158271972,86,343,385
0.5803196158271972,86,343,422
0.5803196158271972,86,343,459
0.580330526344221,37,366
0.580330526344221,37,212,366
0.5805583751377034,191,415
0.5810364838921245,234,451
0.5812754680630263,166,366
0.5812754680630263,166,231,366
0.5812877444291097,117,240
0.5813983058628962,130,336
0.5814665999023789,130,459
0.5814665999023789,130,336,459
0.5821358229196707,355,462
0.5821358229196707,58,355,462
0.5821358229196707,117,355,462
0.5826893972794928,222,248
0.5826893972794928,100,222,248
0.5829074764899269,10,133
0.5829273806946182,447,469
0.5829273806946182,330,447,469
0.5830480717458085,65,402
0.5830480717458085,65,257,402
0.5830480717458085,65,380,402
0.5830480717458085,65,402,460
0.5833215446919034,20,216
0.5833215446919034,20,216,323
0.5833215446919034,20,216,334
0.5838805890140838,179,438
0.5838805890140838,114,179,438
0.5839487474281984,107,282
0.5839487474281984,106,107,282
0.5839487474281984,107,146,282
0.5839487474281984,107,282,389
0.5839487474281984,107,282,394
0.5841081503554506,195,320
0.5843597580748291,51,452
0.5846517761705579,72,225
0.5846517761705579,72,225,387
0.5846706354649847,236,481
0.5846706354649847,236,399,481
0.5848881915241108,181,319
0.5848881915241108,135,181,319
0.5848881915241108,181,292,319
0.5848881915241108,181,319,467
0.5848881915241108,181,319,471
0.5850749143151577,350,379
0.5850749143151577,22,350,379
0.5850749143151577,67,350,379
0.5856173699390474,99,420
0.5856253038891486,316,384
0.5857201832228114,70,393
0.5857201832228114,60,70,393
0.5857201832228114,70,121,393
0.5857201832228114,70,289,393
0.5857201832228114,70,388,393
0.5857385874827458,144,221
0.5857385874827458,1,144,221
0.5859773986390744,178,196
0.5859773986390744,98,178,196
0.5859955637163331,315,326
0.5859955637163331,147,315,326
0.5859955637163331,157,315,326
0.5859955637163331,315,326,439
0.5860471687676407,355,438
0.5860471687676407,114,355,438
0.5860471687676407,202,355,438
0.5860833684398378,131,419
0.5860833684398378,131,235,419
0.5860833684398378,131,419,464
0.5863483166648518,272,315
0.5863483166648518,147,272,315
0.5863483166648518,157,272,315
0.5863483166648518,272,305,315
0.5863483166648518,272,315,326
0.5863483166648518,272,315,439
0.5865823884708814,8,167
0.586671960117727,42,266
0.5868232482096324,52,395
0.5868232482096324,52,330,395
0.5868232482096324,52,395,486
0.5868536302758337,408,471
0.5868536302758337,181,408,471
0.5868606641108524,380,391
0.5868606641108524,380,391,402
0.5868606641108524,380,391,460
0.5874023208743517,243,401
0.5874023208743517,119,243,401
0.5874023208743517,243,401,474
0.5874575874642111,146,435
0.5874575874642111,17,146,435
0.5874575874642111,146,159,435
0.5875645839539195,128,360
0.5875645839539195,107,128,360
0.5875645839539195,128,146,360
0.5875645839539195,128,360,389
0.5878842437562316,364,459
0.5878842437562316,74,364,459
0.5878842437562316,86,364,459
0.5878842437562316,343,364,459
0.5878842437562316,364,385,459
0.5878842437562316,364,422,459
0.5879859829124241,152,305
0.5879859829124241,147,152,305
0.5879859829124241,152,305,315
0.5881270764744827,128,282
0.5881270764744827,107,128,282
0.5881270764744827,128,146,282
0.5881270764744827,128,282,389
0.5881773174357492,17,187
0.5881773174357492,17,106,187
0.5881773174357492,17,187,394
0.5881773174357492,17,187,435
0.5883771166618575,80,361
0.5883771166618575,80,348,361
0.5889929987745056,34,472
0.5889929987745056,5,34,472
0.5890860969353413,13,130
0.5890860969353413,13,112,130
0.5891792958973964,206,274
0.5891792958973964,206,274,482
0.5895925833619948,229,386
0.5897789838853207,8,451
0.5897789838853207,8,234,451
0.5898335349418863,43,320
0.5903466543812982,96,483
0.5907445163461889,142,422
0.5907445163461889,86,142,422
0.5907445163461889,142,336,422
0.5907445163461889,142,364,422
0.5910840921346933,130,337
0.5910840921346933,130,336,337
0.5910840921346933,130,337,459
0.5918153075654877,45,73
0.5918153075654877,14,45,73
0.5918153075654877,45,73,332
0.592429989057582,224,409
0.592429989057582,16,224,409
0.592429989057582,224,290,409
0.592429989057582,224,381,409
0.5927124384010348,374,406
0.5927124384010348,172,374,406
0.5927124384010348,308,374,406
0.593381549071015,49,181
0.593381549071015,49,135,181
0.593381549071015,49,150,181
0.593381549071015,49,181,292
0.593381549071015,49,181,319
0.593381549071015,49,181,358
0.593381549071015,49,181,467
0.5934502036331359,87,194
0.5934502036331359,87,119,194
0.5934502036331359,87,194,295
0.5934502036331359,87,194,474
0.5937123864389575,83,332
0.5937123864389575,83,332,359
0.5937123864389575,83,332,449
0.5937262707967176,183,366
0.5937262707967176,37,183,366
0.5937262707967176,183,212,366
0.5938915469329427,150,374
0.5938915469329427,78,150,374
0.5938915469329427,150,374,479
0.5940173967254229,109,149
0.5940173967254229,74,109,149
0.5940173967254229,109,149,343
0.5940173967254229,109,149,385
0.5940173967254229,109,149,422
0.5948333048611435,442,487
0.5950783537660708,44,357
0.5951176305520434,242,307
0.5951507447820554,376,446
0.5951507447820554,81,376,446
0.5954408026903422,59,226
0.5954408026903422,29,59,226
0.5955882062340658,8,23
0.5955882062340658,8,23,234
0.5955882062340658,8,23,396
0.5955882062340658,8,23,443
0.5955922686679257,120,164
0.5955922686679257,103,120,164
0.5956652836189779,370,420
0.5956652836189779,99,370,420
0.5958518024232566,45,347
0.5958518024232566,45,347,413
0.5959604269986546,131,490
0.5959604269986546,105,131,490
0.5959604269986546,131,139,490
0.5959604269986546,131,177,490
0.5959604269986546,131,235,490
0.596160577954895,143,342
0.596160577954895,143,342,493
0.5964236708350028,24,294
0.5965091894318892,4,7
0.5965091894318892,4,7,103
0.5965091894318892,4,7,162
0.5965091894318892,4,7,208
0.5966505993880322,4,38
0.5966505993880322,4,38,103
0.5966836858603317,176,249
0.5968879363800594,169,497
0.5968879363800594,1,169,497
0.5968879363800594,169,208,497
0.5972438744882974,127,323
0.5972438744882974,20,127,323
0.5973123124519216,99,470
0.5973123124519216,99,420,470
0.5981416865612715,289,325
0.5981416865612715,95,289,325
0.5981416865612715,289,309,325
0.5982775777947699,156,286
0.5982775777947699,63,156,286
0.5983841289484279,68,149
0.5983841289484279,68,149,250
0.5983841289484279,68,149,496
0.5988183143344624,351,425
0.5988618962135701,350,411
0.5988618962135701,69,350,411
0.5988618962135701,124,350,411
0.5988618962135701,232,350,411
0.5988618962135701,350,411,437
0.5992154032551731,4,338
0.5992154032551731,4,140,338
0.5992154032551731,4,162,338
0.5995091618919952,275,310
0.5996993514137227,298,430
0.5997929169959144,80,227
0.5997929169959144,80,227,423
0.5999121915340593,172,479
0.5999121915340593,172,374,479
0.6000609287870484,202,338
0.6000609287870484,202,338,444
0.6009826879081015,78,308
0.6009826879081015,78,308,374
0.6012267971953749,323,461
0.6012267971953749,20,323,461
0.6013692622240185,127,334
0.6013692622240185,20,127,334
0.6013692622240185,127,323,334
0.6014367128020968,337,343
0.6014367128020968,109,337,343
0.6014367128020968,337,343,459
0.601534715426124,202,434
0.601534715426124,202,434,438
0.6022561388155804,150,371
0.6022561388155804,150,371,374
0.6028429272059523,94,397
0.6028429272059523,21,94,397
0.6030215595128852,39,195
0.6030215595128852,39,195,488
0.6032323602614957,54,407
0.6034187652036573,10,498
0.6034187652036573,10,344,498
0.6036084852754939,148,157
0.6036084852754939,148,157,272
0.6036084852754939,148,157,326
0.6037465103929016,22,198
0.6037465103929016,22,124,198
0.6041751953764957,85,436
0.6041751953764957,28,85,436
0.6041751953764957,81,85,436
0.604968808692498,249,377
0.604968808692498,200,249,377
0.6054596967382094,268,290
0.6054596967382094,268,290,409
0.6055079953126706,162,208
0.6055079953126706,4,162,208
0.6055079953126706,7,162,208
0.6055079953126706,103,162,208
0.6055079953126706,140,162,208
0.6055079953126706,162,208,497
0.6059666201672056,52,261
0.6061313264682999,222,456
0.6061313264682999,222,418,456
0.6062603078598781,376,462
0.6062780506356704,318,494
0.6062780506356704,236,318,494
0.6062780506356704,247,318,494
0.6063131551381085,111,137
0.6063704112521207,38,416
0.6063704112521207,38,416,496
0.6066440484088894,173,336
0.6066440484088894,142,173,336
0.606683181537229,320,488
0.606683181537229,195,320,488
0.6069756803088616,365,480
0.6072364124605436,62,189
0.607418409585985,142,473
0.6074689305278526,271,282
0.6074689305278526,47,271,282
0.6074689305278526,271,282,291
0.6076736376031587,5,482
0.6076736376031587,5,274,482
0.6077929926585477,271,343
0.6077929926585477,109,271,343
0.6079576499258416,447,484
0.6079576499258416,328,447,484
0.6079576499258416,330,447,484
0.6080862364666417,41,416
0.6080862364666417,41,206,416
0.6080862364666417,41,259,416
0.6080862364666417,41,416,496
0.6081058278661292,184,279
0.6081358187004123,86,337
0.6081358187004123,40,86,337
0.6081358187004123,86,336,337
0.6081358187004123,86,337,343
0.6081358187004123,86,337,459
0.6081486863773999,133,404
0.6081486863773999,10,133,404
0.6082724336154738,6,28
0.6082724336154738,6,28,436
0.6085751583814507,210,459
0.6085751583814507,40,210,459
0.6085751583814507,210,337,459
0.6085751583814507,210,410,459
0.6085892845633712,73,413
0.6085892845633712,45,73,413
0.6087628987706254,224,268
0.6087628987706254,16,224,268
0.6087628987706254,224,268,290
0.6087628987706254,224,268,409
0.6092341158909202,140,497
0.6092341158909202,140,162,497
0.6092341158909202,140,169,497
0.6092341158909202,140,208,497
0.6092341158909202,140,338,497
0.6092455817160222,261,317
0.6092600312128327,141,335
0.6092600312128327,141,299,335
0.609740742510417,40,410
0.609740742510417,40,167,410
0.609740742510417,40,210,410
0.609740742510417,40,337,410
0.609740742510417,40,410,459
0.610092105023905,199,281
0.610092105023905,199,281,318
0.610092105023905,199,281,433
0.6101367537046807,96,199
0.6101367537046807,96,199,483
0.6103699360451045,96,216
0.6107163324054523,22,437
0.6107163324054523,22,124,437
0.6107163324054523,22,350,437
0.6107634741226489,167,443
0.6107634741226489,8,167,443
0.6115458870824113,319,391
0.6115458870824113,319,391,467
0.6115458870824113,319,391,471
0.6116787237878615,77,260
0.6116787237878615,77,260,329
0.6117826020152763,210,443
0.6117826020152763,167,210,443
0.611815285773689,175,307
0.612164461700865,175,454
0.612164461700865,175,307,454
0.6122412195633922,126,217
0.6122412195633922,126,138,217
0.6123991801420645,318,399
0.6123991801420645,236,318,399
0.6124822366542603,286,393
0.6129936874457338,224,255
0.6129936874457338,16,224,255
0.6129936874457338,224,255,268
0.6129936874457338,224,255,409
0.6133813189640074,274,472
0.6133813189640074,5,274,472
0.6133813189640074,34,274,472
0.613783368250081,225,287
0.613783368250081,72,225,287
0.613783368250081,225,275,287
0.6139058667558586,199,247
0.6139058667558586,199,236,247
0.6139058667558586,199,247,318
0.6140887921409864,111,188
0.6142351034691187,451,466
0.6142351034691187,8,451,466
0.6147787374704985,53,235
0.6147787374704985,53,105,235
0.6147787374704985,53,177,235
0.6147787374704985,53,235,490
0.6148810520062543,136,295
0.6148810520062543,87,136,295
0.6148810520062543,136,182,295
0.6151101079678907,97,466
0.6151101079678907,8,97,466
0.6151712585434039,180,327
0.61539806318176,283,402
0.61539806318176,257,283,402
0.61539806318176,283,380,402
0.61539806318176,283,402,460
0.6155280775931014,250,385
0.6155280775931014,149,250,385
0.6155280775931014,250,364,385
0.6155280775931014,250,385,422
0.6155746940481576,139,235
0.6155746940481576,53,139,235
0.6155746940481576,105,139,235
0.6155746940481576,131,139,235
0.6155746940481576,139,177,235
0.6155746940481576,139,235,490
0.6156942116310095,8,210
0.6156942116310095,8,167,210
0.6156942116310095,8,210,443
0.6157052664272686,16,201
0.6158253435060602,90,269
0.6162992789419073,25,94
0.6162992789419073,21,25,94
0.616620654509812,82,403
0.616620654509812,82,123,403
0.616620654509812,82,341,403
0.6171012338252764,1,444
0.6171012338252764,1,144,444
0.6171012338252764,1,331,444
0.6171012338252764,1,444,497
0.6174471739187329,160,189
0.6174471739187329,160,189,375
0.6174663169696574,305,326
0.6174663169696574,147,305,326
0.6174663169696574,157,305,326
0.6174663169696574,272,305,326
0.6174663169696574,305,315,326
0.6174663169696574,305,326,439
0.6175769871934524,138,370
0.6175769871934524,99,138,370
0.6175769871934524,138,324,370
0.6177537303630097,131,176
0.6177537303630097,131,176,235
0.6177537303630097,131,176,419
0.6177537303630097,131,176,464
0.617932824775882,394,435
0.617932824775882,17,394,435
0.617932824775882,146,394,435
0.617932824775882,159,394,435
0.617932824775882,187,394,435
0.6180011241089289,114,434
0.6180011241089289,114,434,438
0.6182395550126668,230,306
0.6184420065339722,109,364
0.6184420065339722,74,109,364
0.6184420065339722,109,149,364
0.6184420065339722,109,343,364
0.6184420065339722,109,364,385
0.6184420065339722,109,364,422
0.6184420065339722,109,364,459
0.618605383256515,148,169
0.618700831610335,78,172
0.618700831610335,78,172,308
0.618700831610335,78,172,374
0.618700831610335,78,172,479
0.6194155616880975,3,133
0.6194155616880975,3,133,168
0.6194179124843535,33,85
0.6194179124843535,33,81,85
0.6196894225324799,233,434
0.6196894225324799,202,233,434
0.6197663517646016,218,465
0.6198681367497777,153,490
0.6198681367497777,153,235,490
0.619984142912166,281,334
0.619984142912166,281,334,433
0.6201383624445288,330,486
0.6201383624445288,52,330,486
0.6201383624445288,330,395,486
0.6207031471547139,250,340
0.6207031471547139,250,340,473
0.6207762436783884,208,331
0.6207762436783884,1,208,331
0.6207762436783884,208,331,497
0.6209501017012625,45,449
0.6209501017012625,45,332,449
0.6209912303813494,166,224
0.6209912303813494,166,224,381
0.620999056242029,16,477
0.620999056242029,16,255,477
0.620999056242029,16,409,477
0.6213803933062017,189,452
0.6213803933062017,62,189,452
0.6213803933062017,189,209,452
0.6213995013571385,242,316
0.6213995013571385,242,316,384
0.621560843760239,193,440
0.621560843760239,15,193,440
0.6222767507174531,216,479
0.6222767507174531,96,216,479
0.622305534721895,47,128
0.622305534721895,47,128,282
0.622305534721895,47,128,389
0.6227877745308826,2,344
0.6227877745308826,2,344,498
0.6231855197975442,212,231
0.6231855197975442,185,212,231
0.6231855197975442,212,231,366
0.6231998369223752,114,202
0.6231998369223752,114,202,355
0.6231998369223752,114,202,434
0.6231998369223752,114,202,438
0.6234797741253149,35,117
0.6234797741253149,35,117,462
0.6235895176476155,19,373
0.6235895176476155,19,184,373
0.6235895176476155,19,368,373
0.6236603887365941,19,246
0.6236603887365941,19,246,368
0.624519443883506,217,370
0.624519443883506,99,217,370
0.624519443883506,138,217,370
0.624519443883506,217,324,370
0.6249476990625267,100,456
0.6249476990625267,100,222,456
0.6249476990625267,100,304,456
0.6249476990625267,100,418,456
0.6255466234842539,90,454
0.6255466234842539,90,175,454
0.6255466234842539,90,269,454
0.625899935223737,46,125
0.6260742003407544,23,97
0.6260742003407544,8,23,97
0.6260742003407544,23,97,234
0.6260742003407544,23,97,396
0.6260742003407544,23,97,443
0.6261950327108593,75,92
0.6268831386398444,291,389
0.6268831386398444,47,291,389
0.6268831386398444,282,291,389
0.6270608474389455,191,370
0.6270608474389455,191,370,415
0.6272433271533563,168,195
0.6272433271533563,168,195,488
0.6273651330454367,134,164
0.6274616661898582,292,374
0.6274616661898582,78,292,374
0.6274616661898582,150,292,374
0.6274616661898582,292,374,479
0.6276586569610216,318,481
0.6276586569610216,236,318,481
0.6276586569610216,318,399,481
0.6277679655037479,93,481
0.6277679655037479,93,236,481
0.6277679655037479,93,399,481
0.6280082374527238,420,435
0.6280082374527238,420,435,470
0.6280780776517976,47,109
0.6280780776517976,47,109,271
0.6280949435994904,220,400
0.6282358576579793,317,345
0.6282358576579793,261,317,345
0.6283257898970388,217,361
0.6283257898970388,80,217,361
0.6285240546639272,365,468
0.6285240546639272,365,468,480
0.6285737390067636,135,479
0.6285737390067636,49,135,479
0.6285737390067636,78,135,479
0.6285737390067636,96,135,479
0.6285737390067636,135,150,479
0.6285737390067636,135,292,479
0.6285737390067636,135,358,479
0.6288024983576382,354,494
0.6288657545364221,123,341
0.6288657545364221,82,123,341
0.6288657545364221,123,341,403
0.628879890540456,204,475
0.6290170637918595,183,185
0.6290170637918595,183,185,212
0.6290170637918595,183,185,366
0.6297779581930318,41,441
0.6297825515097165,7,38
0.6297825515097165,4,7,38
0.6297825515097165,7,38,103
0.6297825515097165,7,38,164
0.6298886689012033,193,493
0.6298886689012033,193,342,493
0.6301994318296842,297,365
0.6301994318296842,297,365,480
0.6302656453862289,158,478
0.6303247600213646,371,479
0.6303247600213646,150,371,479
0.6303247600213646,172,371,479
0.6303247600213646,371,374,479
0.6303602119716967,255,307
0.6306725389427931,78,371
0.6306725389427931,78,150,371
0.6306725389427931,78,172,371
0.6306725389427931,78,371,374
0.6306725389427931,78,371,479
0.630688614994931,45,359
0.630688614994931,45,332,359
0.630688614994931,45,359,449
0.6310335877647828,88,328
0.6310335877647828,52,88,328
0.6310335877647828,88,328,330
0.6310335877647828,88,328,484
0.6311680806005455,443,451
0.6311680806005455,8,443,451
0.6311680806005455,234,443,451
0.6312247255245107,108,311
0.6312247255245107,108,252,311
0.6312920130733625,14,413
0.6312920130733625,14,45,413
0.6312920130733625,14,73,413
0.6313526008966998,166,185
0.6313526008966998,166,185,231
0.6313526008966998,166,185,366
0.6313890792115906,130,252
0.6313890792115906,13,130,252
0.6313890792115906,112,130,252
0.6315986341749451,85,462
0.6315986341749451,85,376,462
0.6316443867057902,369,408
0.6318815553879061,185,279
0.6321589013363997,17,360
0.6321589013363997,17,106,360
0.6321589013363997,17,146,360
0.6321589013363997,17,159,360
0.6321589013363997,17,360,389
0.6321589013363997,17,360,394
0.6322162399265021,286,383
0.6322162399265021,63,286,383
0.6323926502886866,304,418
0.6323926502886866,100,304,418
0.6323926502886866,304,418,456
0.6324102838042792,130,410
0.6324102838042792,130,337,410
0.6324102838042792,130,410,459
0.6325553205544068,20,489
0.6328008012815834,126,324
0.6328008012815834,126,138,324
0.6328008012815834,126,217,324
0.6328827778795687,138,468
0.6328827778795687,55,138,468
0.6328827778795687,126,138,468
0.6329506236557857,225,367
0.6329506236557857,225,287,367
0.6331276023219082,136,166
0.6331276023219082,136,166,231
0.6334670921220729,96,354
0.6334670921220729,96,199,354
0.6334670921220729,96,354,483
0.6334840719687435,408,467
0.6334840719687435,181,408,467
0.6334840719687435,408,467,471
0.6335670427702014,319,460
0.6335670427702014,319,391,460
0.6338856213507555,260,386
0.6338856213507555,229,260,386
0.6338856213507555,260,386,427
0.6342440438850572,292,467
0.6342440438850572,49,292,467
0.6342440438850572,135,292,467
0.6342440438850572,181,292,467
0.6342440438850572,292,319,467
0.6344509964326543,173,251
0.6344531306928323,220,494
0.6344531306928323,220,236,494
0.6344531306928323,220,247,494
0.6344531306928323,220,278,494
0.6346985439590912,305,432
0.6349873787097758,67,437
0.6349873787097758,22,67,437
0.6349873787097758,67,350,437
0.6352361751056933,129,480
0.6352361751056933,55,129,480
0.6352361751056933,129,480,492
0.6352859333299329,79,351
0.6352859333299329,71,79,351
0.635299693204074,189,457
0.635299693204074,189,209,457
0.6354191425315249,358,374
0.6354191425315249,78,358,374
0.6354191425315249,150,358,374
0.6354191425315249,292,358,374
0.6354191425315249,358,374,479
0.6360188692593381,53,131
0.6360188692593381,53,105,131
0.6360188692593381,53,131,139
0.6360188692593381,53,131,177
0.6360188692593381,53,131,235
0.6360188692593381,53,131,490
0.6360713097633739,159,389
0.6360713097633739,17,159,389
0.6360713097633739,106,159,389
0.6360713097633739,107,159,389
0.6360713097633739,146,159,389
0.6360713097633739,159,360,389
0.6360713097633739,159,389,394
0.636112464080917,17,107
0.636112464080917,17,106,107
0.636112464080917,17,107,146
0.636112464080917,17,107,159
0.636112464080917,17,107,360
0.636112464080917,17,107,389
0.636112464080917,17,107,394
0.6362109961314331,301,356
0.636483162571643,40,130
0.636483162571643,40,130,336
0.636483162571643,40,130,337
0.636483162571643,40,130,410
0.636483162571643,40,130,459
0.6366402548297324,239,368
0.6371276735977643,344,404
0.6371276735977643,10,344,404
0.6372502820467276,415,468
0.6372502820467276,126,415,468
0.6372502820467276,244,415,468
0.6372502820467276,415,430,468
0.6373986872202886,79,245
0.6381577938722774,419,490
0.6381577938722774,131,419,490
0.6381577938722774,153,419,490
0.6381577938722774,235,419,490
0.6382068386395722,12,416
0.6382068386395722,12,41,416
0.6382068386395722,12,416,496
0.6383870388619345,30,213
0.6384057609092161,110,302
0.6384057609092161,110,300,302
0.6392747127274495,84,106
0.6392747127274495,84,106,159
0.6392747127274495,84,106,360
0.6393581416726244,78,96
0.6393581416726244,49,78,96
0.6393581416726244,78,96,135
0.6393581416726244,78,96,150
0.6393581416726244,78,96,292
0.6393581416726244,78,96,358
0.6393581416726244,78,96,479
0.6394838928412058,84,403
0.6397391177612662,98,190
0.6397391177612662,98,190,196
0.6397391177612662,98,190,369
0.640281184129344,163,477
0.640281184129344,163,384,477
0.6404807758359877,190,471
0.6406384516874,430,480
0.6406384516874,244,430,480
0.6406384516874,430,468,480
0.6407775035703553,88,261
0.6407775035703553,52,88,261
0.640782414485401,65,228
0.640782414485401,65,228,246
0.640782414485401,65,228,368
0.6408269566777351,102,110
0.6408269566777351,102,110,293
0.6412258880770987,88,447
0.6412258880770987,88,328,447
0.6412258880770987,88,330,447
0.6412258880770987,88,447,469
0.6412258880770987,88,447,484
0.6413898953160441,1,338
0.6413898953160441,1,331,338
0.6413898953160441,1,338,444
0.6413898953160441,1,338,497
0.6416439002547843,142,250
0.6416439002547843,142,250,364
0.6416439002547843,142,250,422
0.6416439002547843,142,250,473
0.6419889871986896,108,299
0.6419889871986896,108,299,335
0.642156823520452,99,126
0.642156823520452,99,126,138
0.642156823520452,99,126,217
0.642156823520452,99,126,324
0.6424142680390758,74,337
0.6424142680390758,74,86,337
0.6424142680390758,74,109,337
0.6424142680390758,74,337,343
0.6424142680390758,74,337,459
0.6425308381016668,101,306
0.6425308381016668,101,306,453
0.6425546156015121,68,364
0.6425546156015121,68,149,364
0.6425546156015121,68,250,364
0.6432968447797878,352,445
0.6434373975569344,236,278
0.6434373975569344,220,236,278
0.6434373975569344,236,247,278
0.6434373975569344,236,278,310
0.6434373975569344,236,278,494
0.6434939040327864,19,239
0.6434939040327864,19,239,368
0.6438467737884174,67,94
0.6439729550958875,21,227
0.6443372155904188,208,338
0.6443372155904188,1,208,338
0.6443372155904188,4,208,338
0.6443372155904188,140,208,338
0.6443372155904188,162,208,338
0.6443372155904188,208,331,338
0.6443372155904188,208,338,497
0.6444196724969978,307,477
0.6444196724969978,242,307,477
0.6444196724969978,255,307,477
0.6444596658352978,66,243
0.6448309328328208,12,109
0.6448309328328208,12,74,109
0.6448309328328208,12,109,149
0.6448309328328208,12,109,343
0.6448309328328208,12,109,364
0.6448309328328208,12,109,385
0.644855912294148,23,192
0.6449414951780527,4,164
0.6449414951780527,4,7,164
0.6449414951780527,4,38,164
0.6449414951780527,4,103,164
0.6449414951780527,4,120,164
0.644957431947963,197,402
0.644957431947963,197,391,402
0.6449655800483658,369,471
0.6449655800483658,190,369,471
0.6449655800483658,369,408,471
0.6449792049285057,131,153
0.6449792049285057,131,153,176
0.6449792049285057,131,153,235
0.6449792049285057,131,153,419
0.6449792049285057,131,153,464
0.6449792049285057,131,153,490
0.6459352919377119,174,347
0.6459352919377119,174,221,347
0.6459352919377119,174,347,413
0.6460684727640793,213,296
0.6460684727640793,30,213,296
0.6461491987890897,154,253
0.646290263460069,244,492
0.646290263460069,55,244,492
0.646290263460069,126,244,492
0.646290263460069,244,468,492
0.646290263460069,244,480,492
0.6464540611843608,342,455
0.6464540611843608,143,342,455
0.6464540611843608,342,455,493
0.6464566826848098,242,265
0.6464566826848098,226,242,265
0.6467367218995489,52,174
0.6467367218995489,52,174,395
0.6467367218995489,52,174,486
0.6470157677182897,308,479
0.6470157677182897,78,308,479
0.6470157677182897,172,308,479
0.6470157677182897,308,374,479
0.6471424042849552,168,421
0.6471424042849552,3,168,421
0.6471424042849552,168,195,421
0.6471424042849552,168,303,421
0.6471424042849552,168,421,488
0.6471434869000189,58,438
0.6471434869000189,58,202,438
0.6471434869000189,58,355,438
0.6471634548115958,147,148
0.6471634548115958,147,148,157
0.6471634548115958,147,148,272
0.6471634548115958,147,148,326
0.6472546173333447,59,270
0.6473370057743674,97,451
0.6473370057743674,8,97,451
0.6473370057743674,97,234,451
0.6473370057743674,97,443,451
0.6473370057743674,97,451,466
0.6473526872049208,163,242
0.6473526872049208,163,242,384
0.6473526872049208,163,242,477
0.6479336622381818,423,470
0.6479336622381818,227,423,470
0.6479336622381818,420,423,470
0.6484291175841996,18,433
0.6484291175841996,18,281,433
0.6484813419721964,34,482
0.6484813419721964,5,34,482
0.6484813419721964,34,274,482
0.6490937981871143,16,307
0.6490937981871143,16,255,307
0.6490937981871143,16,307,477
0.6494592503685683,229,427
0.6494592503685683,229,260,427
0.6494592503685683,229,386,427
0.6496886111982015,122,164
0.6496886111982015,122,134,164
0.6497261490277303,324,420
0.6497261490277303,99,324,420
0.6497261490277303,324,370,420
0.6497261490277303,324,420,423
0.6501529389843397,28,376
0.6501529389843397,28,81,376
0.6501529389843397,28,85,376
0.6504543775045446,372,499
0.6508118584249206,167,459
0.6508118584249206,40,167,459
0.6508118584249206,167,210,459
0.6508118584249206,167,337,459
0.6508118584249206,167,410,459
0.6508970535469074,132,301
0.6511979692765769,179,436
0.6512804149355919,12,422
0.6512804149355919,12,74,422
0.6512804149355919,12,109,422
0.6512804149355919,12,149,422
0.6512804149355919,12,343,422
0.6512804149355919,12,364,422
0.6512804149355919,12,385,422
0.6513578035928821,197,319
0.6513578035928821,197,319,391
0.6513578035928821,197,319,467
0.6513578035928821,197,319,471
0.6514184840741505,240,462
0.6514184840741505,85,240,462
0.6514184840741505,117,240,462
0.6518152281078492,330,449
0.6518307423521591,17,84
0.6518307423521591,17,84,106
0.6518307423521591,17,84,159
0.6518307423521591,17,84,360
0.6519758302083671,88,456
0.6519758302083671,88,100,456
0.6519758302083671,88,304,456
0.6520280934766595,274,298
0.6520280934766595,206,274,298
0.6520280934766595,274,298,482
0.6520665662735873,219,253
0.6520665662735873,154,219,253
0.652134227318415,332,413
0.652134227318415,14,332,413
0.652134227318415,45,332,413
0.652134227318415,73,332,413
0.6525686398399831,226,241
0.6525686398399831,29,226,241
0.6525686398399831,226,241,265
0.6528691654701883,213,286
0.6528691654701883,63,213,286
0.6528691654701883,213,286,383
0.6529066441270285,273,289
0.6529066441270285,273,289,309
0.6529066441270285,273,289,388
0.653186875609208,42,120
0.6532372713831789,0,369
0.6532372713831789,0,190,369
0.6532696400794665,132,237
0.6532696400794665,132,237,301
0.6535564878869934,379,437
0.6535564878869934,22,379,437
0.6535564878869934,67,379,437
0.6535564878869934,350,379,437
0.6536716092203346,89,260
0.6536716092203346,89,229,260
0.653678568207594,84,394
0.653678568207594,17,84,394
0.653678568207594,84,106,394
0.653678568207594,84,159,394
0.653678568207594,84,360,394
0.6538097508919473,461,489
0.6538097508919473,20,461,489
0.6538859945808799,314,491
0.6541500521015882,187,389
0.6541500521015882,17,187,389
0.6541500521015882,106,187,389
0.6541500521015882,187,282,389
0.6541500521015882,187,389,394
0.6543780708513668,198,350
0.6543780708513668,22,198,350
0.6543780708513668,69,198,350
0.6543780708513668,124,198,350
0.6543780708513668,198,350,411
0.6545123528128013,58,114
0.6545123528128013,58,114,202
0.6545123528128013,58,114,355
0.6545123528128013,58,114,438
0.6550281475252447,114,117
0.6550281475252447,58,114,117
0.6550281475252447,114,117,202
0.6550281475252447,114,117,355
0.655367552570774,162,444
0.655367552570774,162,338,444
0.655367552570774,162,444,497
0.6559817714513081,7,68
0.6559817714513081,7,38,68
0.6559817714513081,7,68,208
0.6561103827104897,447,463
0.6561103827104897,328,447,463
0.6561103827104897,330,447,463
0.6561103827104897,447,463,484
0.6561324589684696,226,280
0.6561324589684696,29,226,280
0.6561324589684696,59,226,280
0.6561324589684696,226,265,280
0.6562593158912448,64,116
0.6563429545159732,198,437
0.6563429545159732,22,198,437
0.6563429545159732,69,198,437
0.6563429545159732,124,198,437
0.6563429545159732,198,350,437
0.6563429545159732,198,411,437
0.65635377907905,49,471
0.65635377907905,49,135,471
0.65635377907905,49,181,471
0.65635377907905,49,319,471
0.65635377907905,49,467,471
0.6564059474912275,66,163
0.6564059474912275,66,163,477
0.6564317973349495,281,399
0.6564317973349495,281,318,399
0.6564640368734417,281,481
0.6564640368734417,281,318,481
0.6564640368734417,281,399,481
0.6565431357875138,128,394
0.6565431357875138,107,128,394
0.6565431357875138,128,146,394
0.6565431357875138,128,282,394
0.6565431357875138,128,360,394
0.6565431357875138,128,389,394
0.6569769974200217,220,310
0.6569769974200217,220,236,310
0.6569769974200217,220,247,310
0.6569769974200217,220,278,310
0.6569769974200217,220,310,494
0.6569897139712723,175,269
0.6569897139712723,90,175,269
0.6569897139712723,175,269,454
0.657033565757254,106,435
0.657033565757254,17,106,435
0.657033565757254,106,146,435
0.657033565757254,106,159,435
0.657033565757254,106,187,435
0.657033565757254,106,394,435
0.6570458361742071,207,478
0.6575485145272758,130,210
0.6575485145272758,40,130,210
0.6575485145272758,130,210,337
0.6575485145272758,130,210,410
0.6575485145272758,130,210,459
0.6577466719046412,133,230
0.6577550021431268,135,483
0.6577550021431268,96,135,483
0.6577962996891067,215,277
0.6577962996891067,160,215,277
0.6583097451737361,358,371
0.6583097451737361,78,358,371
0.6583097451737361,150,358,371
0.6583097451737361,358,371,374
0.6583097451737361,358,371,479
0.6584950215213868,142,385
0.6584950215213868,86,142,385
0.6584950215213868,142,250,385
0.6584950215213868,142,364,385
0.6584950215213868,142,385,422
0.658644769119769,226,316
0.658644769119769,226,241,316
0.658644769119769,226,242,316
0.6586693501205246,160,209
0.6586693501205246,56,160,209
0.6586693501205246,160,189,209
0.6586693501205246,160,209,375
0.6593164228971747,131,155
0.6593164228971747,53,131,155
0.6593164228971747,105,131,155
0.6593164228971747,131,139,155
0.6593164228971747,131,155,177
0.6595876515466966,334,461
0.6595876515466966,20,334,461
0.6595876515466966,323,334,461
0.6597905930806709,319,358
0.6597905930806709,49,319,358
0.6597905930806709,135,319,358
0.6597905930806709,181,319,358
0.6597905930806709,292,319,358
0.6598235501955042,101,499
0.6598287134186339,35,413
0.6598287134186339,35,174,413
0.6598287134186339,35,395,413
0.6598287134186339,35,413,486
0.6603168045776333,265,316
0.6603168045776333,226,265,316
0.6603168045776333,241,265,316
0.6603168045776333,242,265,316
0.6603262573832142,142,459
0.6603262573832142,86,142,459
0.6603262573832142,142,336,459
0.6603262573832142,142,364,459
0.6603262573832142,142,385,459
0.6603262573832142,142,422,459
0.6605076935395264,223,437
0.6609084780548248,96,374
0.6609084780548248,78,96,374
0.6609084780548248,96,150,374
0.6609084780548248,96,292,374
0.6609084780548248,96,358,374
0.6609084780548248,96,374,479
0.6609676294924952,207,485
0.6609676294924952,207,223,485
0.6609676294924952,207,405,485
0.6615142486105107,109,410
0.6615142486105107,109,337,410
0.6615142486105107,109,410,459
0.661601716825506,278,354
0.661601716825506,278,354,494
0.661652705049315,246,373
0.661652705049315,19,246,373
0.661652705049315,246,368,373
0.661692957542379,121,309
0.661692957542379,70,121,309
0.661692957542379,121,289,309
0.661692957542379,121,309,388
0.6617614586335302,40,422
0.6617614586335302,40,86,422
0.6617614586335302,40,336,422
0.6617614586335302,40,422,459
0.6617705257274417,28,179
0.6617705257274417,28,179,436
0.6618412951420658,369,467
0.6618412951420658,369,408,467
0.6618412951420658,369,467,471
0.6619072332851917,216,281
0.6619072332851917,216,281,334
0.6619072332851917,216,281,433
0.6622962013119921,282,360
0.6622962013119921,106,282,360
0.6622962013119921,107,282,360
0.6622962013119921,128,282,360
0.6622962013119921,146,282,360
0.6622962013119921,282,360,389
0.6622962013119921,282,360,394
0.6624459056169916,226,307
0.6624459056169916,226,242,307
0.6625921317337033,90,495
0.663022818831999,201,239
0.6630603072674798,5,122
0.6630603072674798,5,122,472
0.6633593581592043,73,165
0.6634454848631277,448,489
0.6634808903963796,405,478
0.6634808903963796,207,405,478
0.6634808903963796,405,431,478
0.6642953442370332,216,374
0.6642953442370332,96,216,374
0.6642953442370332,216,374,479
0.6643535457360737,120,134
0.6643535457360737,42,120,134
0.6643535457360737,120,134,164
0.6645390520550667,48,225
0.6645390520550667,48,225,387
0.6646010379171845,370,470
0.6646010379171845,99,370,470
0.6646010379171845,370,420,470
0.6646277236868218,68,103
0.6646277236868218,7,68,103
0.6646277236868218,38,68,103
0.6646277236868218,68,103,208
0.6646621320319538,101,176
0.6646621320319538,101,176,249
0.6646621320319538,101,176,499
0.6650901065418386,304,463
0.6650901065418386,52,304,463
0.6650901065418386,304,463,484
0.6659859470791736,99,423
0.6659859470791736,99,217,423
0.6659859470791736,99,324,423
0.6659859470791736,99,420,423
0.6659859470791736,99,423,470
0.6661286577436929,2,75
0.6663206979127162,164,416
0.6663206979127162,38,164,416
0.6665561105527211,82,320
0.6667482851978515,253,452
0.6669845861854079,38,250
0.6669845861854079,38,68,250
0.667028256430716,251,432
0.6670851703264692,207,437
0.6670851703264692,67,207,437
0.6670851703264692,207,223,437
0.6670851703264692,207,350,437
0.6674858518951483,76,382
0.6674858518951483,31,76,382
0.6674858518951483,76,378,382
0.6674858518951483,76,382,412
0.6677196039627072,88,463
0.6677196039627072,52,88,463
0.6677196039627072,88,304,463
0.6677196039627072,88,328,463
0.6677196039627072,88,330,463
0.6677196039627072,88,447,463
0.6677196039627072,88,463,484
0.6679945817207983,415,441
0.6679945817207983,191,415,441
0.6680808031016935,65,373
0.6680808031016935,65,246,373
0.6680808031016935,65,368,373
0.6689635136310187,65,391
0.6689635136310187,65,380,391
0.6689635136310187,65,391,402
0.6689635136310187,65,391,460
0.6691604156264925,16,381
0.6691604156264925,16,224,381
0.6691604156264925,16,381,409
0.6691975865811056,358,483
0.6691975865811056,96,358,483
0.6691975865811056,135,358,483
0.6694258007094472,177,464
0.6694258007094472,131,177,464
0.6694258007094472,177,235,464
0.6694460063420047,140,340
0.6694460063420047,140,169,340
0.6695924023586624,194,401
0.6695924023586624,87,194,401
0.6695924023586624,119,194,401
0.6695924023586624,194,295,401
0.6695924023586624,194,401,474
0.6697962251453453,271,389
0.6697962251453453,47,271,389
0.6697962251453453,271,282,389
0.6697962251453453,271,291,389
0.6700430994463247,80,99
0.6700430994463247,80,99,138
0.6700430994463247,80,99,217
0.6700430994463247,80,99,324
0.6700430994463247,80,99,423
0.6700549923039716,161,447
0.6704122510289925,182,231
0.6704122510289925,136,182,231
0.6705172509889044,95,121
0.6705172509889044,95,121,289
0.6705172509889044,95,121,309
0.6707179348997601,194,243
0.6707179348997601,119,194,243
0.6707179348997601,194,243,401
0.6707179348997601,194,243,474
0.6708168737863096,6,179
0.6708168737863096,6,28,179
0.6708168737863096,6,179,436
0.6709831889451148,21,22
0.6709831889451148,21,22,322
0.6709831889451148,21,22,397
0.6712183334134062,130,167
0.6712183334134062,40,130,167
0.6712183334134062,130,167,210
0.6712183334134062,130,167,337
0.6712183334134062,130,167,410
0.6712183334134062,130,167,459
0.6716671694982733,93,238
0.6716671694982733,93,238,399
0.6716671694982733,93,238,481
0.6718944777250772,66,290
0.6718944777250772,66,290,409
0.6722292740344205,14,449
0.6722292740344205,14,45,449
0.6722292740344205,14,332,449
0.6724730824644071,223,350
0.6724730824644071,207,223,350
0.6724730824644071,223,350,437
0.6726403620415088,97,264
0.6727093514589494,72,275
0.6727093514589494,72,225,275
0.6727093514589494,72,275,287
0.6727093514589494,72,275,382
0.6728783038585849,207,379
0.6728783038585849,67,207,379
0.6728783038585849,207,350,379
0.6728783038585849,207,379,437
0.6729855649329278,59,265
0.6729855649329278,29,59,265
0.6729855649329278,59,226,265
0.6729855649329278,59,265,280
0.673029419096509,17,282
0.673029419096509,17,106,282
0.673029419096509,17,107,282
0.673029419096509,17,146,282
0.673029419096509,17,187,282
0.673029419096509,17,282,360
0.673029419096509,17,282,389
0.673029419096509,17,282,394
0.6735193637461749,396,466
0.6735193637461749,8,396,466
0.6735193637461749,97,396,466
0.6737464953148062,225,310
0.6737464953148062,225,275,310
0.6743578110727593,203,276
0.6745656706221921,153,192
0.6745949735442549,249,453
0.6745949735442549,101,249,453
0.674606504785108,71,214
0.674606504785108,71,214,288
0.6748805215962237,103,140
0.6748805215962237,4,103,140
0.6748805215962237,103,120,140
0.6748805215962237,103,140,162
0.6748805215962237,103,140,208
0.6752016691209345,236,238
0.6752016691209345,93,236,238
0.6752016691209345,236,238,399
0.6752016691209345,236,238,481
0.6755857871719964,248,304
0.6755857871719964,100,248,304
0.6759417557243357,265,349
0.6759417557243357,29,265,349
0.6759417557243357,59,265,349
0.6759417557243357,241,265,349
0.6759417557243357,265,280,349
0.6759863382312707,190,467
0.6759863382312707,190,369,467
0.6759863382312707,190,467,471
0.6761107368537026,273,393
0.6761107368537026,273,289,393
0.6761107368537026,273,388,393
0.6762691035775563,25,470
0.6762691035775563,25,435,470
0.6765531167062823,41,415
0.6765531167062823,41,415,441
0.6768664594694355,376,436
0.6768664594694355,28,376,436
0.6768664594694355,81,376,436
0.6768664594694355,85,376,436
0.67697014359944,223,379
0.67697014359944,207,223,379
0.67697014359944,223,350,379
0.67697014359944,223,379,437
0.6770399256323043,79,214
0.6770399256323043,71,79,214
0.6770982607820818,323,374
0.6770982607820818,216,323,374
0.6771563446900684,310,387
0.6771563446900684,225,310,387
0.6772400221174264,72,367
0.6772400221174264,31,72,367
0.6772400221174264,72,225,367
0.6772400221174264,72,287,367
0.6772400221174264,72,367,382
0.6775962397365997,332,414
0.6775962397365997,14,332,414
0.6775962397365997,73,332,414
0.6782491429266923,361,423
0.6782491429266923,80,361,423
0.6782491429266923,217,361,423
0.6782491429266923,348,361,423
0.6782761690861759,20,57
0.6782761690861759,20,57,127
0.6782761690861759,20,57,489
0.67835877663258,120,338
0.67835877663258,4,120,338
0.67835877663258,120,140,338
0.67835877663258,120,162,338
0.6783758265566288,7,120
0.6783758265566288,4,7,120
0.6783758265566288,7,103,120
0.6783758265566288,7,120,162
0.6783758265566288,7,120,164
0.6787567280206055,39,168
0.6787567280206055,39,168,195
0.6787567280206055,39,168,488
0.6788716381618634,178,316
0.6788731051018821,170,465
0.6788731051018821,170,218,465
0.6788918549117503,184,368
0.6788918549117503,19,184,368
0.6788918549117503,184,368,373
0.6789479516976371,179,355
0.6789479516976371,114,179,355
0.6789479516976371,179,355,438
0.6790418678673463,304,328
0.6790418678673463,52,304,328
0.6790418678673463,88,304,328
0.6790418678673463,304,328,463
0.6790418678673463,304,328,484
0.6790468580388189,127,424
0.6790468580388189,57,127,424
0.6790528658389711,109,291
0.6790528658389711,47,109,291
0.6790528658389711,109,271,291
0.6794509769874509,247,354
0.6794509769874509,199,247,354
0.6794509769874509,247,278,354
0.6794509769874509,247,354,494
0.6795677887797449,335,451
0.6795677887797449,299,335,451
0.6797493613546107,205,277
0.6797493613546107,205,215,277
0.6798800758680144,4,169
0.6798800758680144,4,140,169
0.6798800758680144,4,169,208
0.6801374999717641,37,231
0.6801374999717641,37,212,231
0.6801374999717641,37,231,366
0.6801820062658187,171,214
0.6801820062658187,61,171,214
0.6805451995943536,208,250
0.6805451995943536,68,208,250
0.6806958933265456,98,408
0.6806958933265456,98,369,408
0.6807005047729595,126,430
0.6807005047729595,126,244,430
0.6807005047729595,126,415,430
0.6807005047729595,126,430,468
0.6807005047729595,126,430,480
0.681359212690413,304,330
0.681359212690413,52,304,330
0.681359212690413,88,304,330
0.681359212690413,304,328,330
0.681359212690413,304,330,463
0.681359212690413,304,330,469
0.681359212690413,304,330,484
0.6813728765144994,25,227
0.6813728765144994,21,25,227
0.6813728765144994,25,227,470
0.681750779074762,365,430
0.681750779074762,298,365,430
0.681750779074762,365,430,468
0.681750779074762,365,430,480
0.6820039577747756,345,469
0.6821113361355792,199,494
0.6821113361355792,199,236,494
0.6821113361355792,199,247,494
0.6821113361355792,199,318,494
0.6821113361355792,199,354,494
0.6823268412968233,76,230
0.6823268412968233,76,230,378
0.6823596250338243,155,400
0.6824312197598245,182,194
0.6824312197598245,87,182,194
0.6824312197598245,182,194,295
0.6828110246116692,390,445
0.6836512441215656,225,278
0.6836512441215656,225,278,310
0.683839292648299,162,164
0.683839292648299,4,162,164
0.683839292648299,7,162,164
0.683839292648299,103,162,164
0.683839292648299,120,162,164
0.6839024271969545,337,422
0.6839024271969545,40,337,422
0.6839024271969545,74,337,422
0.6839024271969545,86,337,422
0.6839024271969545,109,337,422
0.6839024271969545,336,337,422
0.6839024271969545,337,343,422
0.6839024271969545,337,422,459
0.6842045853758663,364,496
0.6842045853758663,12,364,496
0.6842045853758663,68,364,496
0.6842045853758663,149,364,496
0.6842539846280206,36,71
0.6842539846280206,36,71,288
0.6844589070467811,355,444
0.6844589070467811,58,355,444
0.6844589070467811,202,355,444
0.68478750726882,99,415
0.68478750726882,99,126,415
0.68478750726882,99,370,415
0.6849152064742008,74,250
0.6849152064742008,74,149,250
0.6849152064742008,74,250,364
0.6849152064742008,74,250,385
0.6849152064742008,74,250,422
0.6851702233901775,212,279
0.6851702233901775,185,212,279
0.6854545385164834,273,383
0.6856480318342769,68,473
0.6856480318342769,68,250,473
0.6858082949080383,482,496
0.6858082949080383,206,482,496
0.6858082949080383,416,482,496
0.6859832672439351,241,280
0.6859832672439351,29,241,280
0.6859832672439351,226,241,280
0.6859832672439351,241,265,280
0.6859832672439351,241,280,349
0.6859928138313838,297,429
0.6859928138313838,258,297,429
0.6864264365159486,182,401
0.6864264365159486,87,182,401
0.6864264365159486,182,194,401
0.6864264365159486,182,295,401
0.6870134797225116,41,149
0.6870134797225116,12,41,149
0.6870134797225116,41,149,496
0.6871022287751274,101,131
0.6871022287751274,101,131,176
0.6872374408377128,287,378
0.6872374408377128,31,287,378
0.6872374408377128,287,378,382
0.6872374408377128,287,378,412
0.6874950610598533,188,213
0.6875724048147431,310,318
0.6875724048147431,236,310,318
0.6875724048147431,247,310,318
0.6875724048147431,310,318,494
0.6876606733816185,215,375
0.6876606733816185,160,215,375
0.6876606733816185,215,277,375
0.6877549849392267,213,222
0.6877549849392267,30,213,222
0.6877549849392267,213,222,296
0.6878208061388589,151,245
0.6879835155429089,22,207
0.6879835155429089,22,67,207
0.6879835155429089,22,207,350
0.6879835155429089,22,207,379
0.6879835155429089,22,207,437
0.6887089596686647,128,271
0.6887089596686647,47,128,271
0.6887089596686647,128,271,282
0.6887089596686647,128,271,389
0.6888742735810145,81,317
0.6888742735810145,81,85,317
0.6889142082008659,190,391
0.6889142082008659,190,391,467
0.6889142082008659,190,391,471
0.6890200492056007,419,499
0.6890200492056007,176,419,499
0.6892371843942392,12,68
0.6892371843942392,12,68,149
0.6892371843942392,12,68,364
0.6892371843942392,12,68,496
0.6893327145831137,268,381
0.6893327145831137,16,268,381
0.6893327145831137,224,268,381
0.6893327145831137,268,290,381
0.6893327145831137,268,381,409
0.6893667953050643,169,338
0.6893667953050643,1,169,338
0.6893667953050643,4,169,338
0.6893667953050643,140,169,338
0.6893667953050643,169,208,338
0.6893667953050643,169,338,497
0.6894153416349991,16,175
0.6894153416349991,16,175,201
0.6894153416349991,16,175,307
0.6899093665614485,78,181
0.6899093665614485,49,78,181
0.6899093665614485,78,135,181
0.6899093665614485,78,150,181
0.6899093665614485,78,181,292
0.6899093665614485,78,181,358
0.6899708307998804,119,290
0.6899708307998804,87,119,290
0.6899708307998804,119,290,401
0.689984918327688,186,265
0.6901165582670091,314,424
0.6902054870755093,311,346
0.6902054870755093,108,311,346
0.6905344034766643,261,304
0.6905344034766643,52,261,304
0.6905344034766643,88,261,304
0.6906529298009397,96,334
0.6906529298009397,96,216,334
0.6907589145780527,67,397
0.6907589145780527,22,67,397
0.6907589145780527,67,94,397
0.6914118316066826,43,357
0.6914118316066826,43,44,357
0.6916389009897147,156,222
0.6916389009897147,30,156,222
0.6916389009897147,156,222,296
0.6918341730424017,0,373
0.6923281213440395,100,469
0.6923281213440395,88,100,469
0.6923281213440395,100,304,469
0.6925959771932451,151,425
0.6929351559026142,138,492
0.6929351559026142,55,138,492
0.6929351559026142,126,138,492
0.6929351559026142,138,468,492
0.6929663778990892,262,333
0.693002346909277,84,107
0.693002346909277,17,84,107
0.693002346909277,84,106,107
0.693002346909277,84,107,159
0.693002346909277,84,107,360
0.693002346909277,84,107,394
0.6930056089841143,131,453
0.6930056089841143,101,131,453
0.6930601682873954,257,391
0.6930601682873954,65,257,391
0.6930601682873954,257,380,391
0.6930601682873954,257,391,402
0.6930601682873954,257,391,460
0.6930785915514833,25,420
0.6930785915514833,25,227,420
0.6930785915514833,25,420,435
0.6930785915514833,25,420,470
0.6935566885206929,125,438
0.6935566885206929,125,434,438
0.6938364212677463,152,157
0.6938364212677463,147,152,157
0.6938364212677463,152,157,305
0.6938364212677463,152,157,315
0.6939655070748523,275,387
0.6939655070748523,72,275,387
0.6939655070748523,225,275,387
0.6939655070748523,275,310,387
0.6939944990065097,336,364
0.6939944990065097,86,336,364
0.6939944990065097,142,336,364
0.6939944990065097,336,364,422
0.6939944990065097,336,364,459
0.694647351728735,355,434
0.694647351728735,114,355,434
0.694647351728735,202,355,434
0.694647351728735,233,355,434
0.694647351728735,355,434,438
0.6947657371817942,259,496
0.6947657371817942,41,259,496
0.6947657371817942,206,259,496
0.6947657371817942,259,416,496
0.6947657371817942,259,482,496
0.6957601309028131,292,471
0.6957601309028131,49,292,471
0.6957601309028131,135,292,471
0.6957601309028131,181,292,471
0.6957601309028131,292,319,471
0.6957601309028131,292,467,471
0.6958548790254003,33,376
0.6958548790254003,33,81,376
0.6958548790254003,33,85,376
0.6958548790254003,33,376,446
0.6959889727902708,462,486
0.6959889727902708,35,462,486
0.6961456823932562,243,295
0.6961456823932562,119,243,295
0.6961456823932562,194,243,295
0.6961456823932562,243,295,401
0.6961456823932562,243,295,474
0.6965458054013903,41,430
0.6965458054013903,41,415,430
0.6966521886960877,365,492
0.6966521886960877,365,468,492
0.6966521886960877,365,480,492
0.6972604321214894,22,94
0.6972604321214894,21,22,94
0.6972604321214894,22,67,94
0.6972604321214894,22,94,397
0.6979975290265766,67,223
0.6979975290265766,67,207,223
0.6979975290265766,67,223,350
0.6979975290265766,67,223,379
0.6979975290265766,67,223,437
0.6983866328633118,319,327
0.6988129365302306,59,241
0.6988129365302306,29,59,241
0.6988129365302306,59,226,241
0.6988129365302306,59,241,265
0.6988129365302306,59,241,280
0.6988129365302306,59,241,349
0.6990906462437576,148,305
0.6990906462437576,147,148,305
0.6990906462437576,148,157,305
0.6990906462437576,148,272,305
0.6990906462437576,148,305,326
0.6997728668670614,56,457
0.6997728668670614,56,209,457
0.6998067099218659,268,477
0.6998067099218659,16,268,477
0.6998067099218659,255,268,477
0.6998067099218659,268,409,477
0.7004707850910527,74,336
0.7004707850910527,74,86,336
0.7004707850910527,74,336,337
0.7004707850910527,74,336,364
0.7004707850910527,74,336,422
0.7004707850910527,74,336,459
0.7007853629914043,395,484
0.7007853629914043,52,395,484
0.7007853629914043,330,395,484
0.7010072134335524,150,319
0.7010072134335524,49,150,319
0.7010072134335524,135,150,319
0.7010072134335524,150,181,319
0.7010072134335524,150,292,319
0.7010072134335524,150,319,358
0.7011150929873747,291,343
0.7011150929873747,109,291,343
0.7011150929873747,271,291,343
0.7011844925996846,19,228
0.7011844925996846,19,228,246
0.7011844925996846,19,228,368
0.7012728377269218,104,131
0.7014380407771014,172,241
0.7014380407771014,172,241,308
0.7016542315955757,122,274
0.7016542315955757,5,122,274
0.7016542315955757,122,274,472
0.7021554057377953,50,193
0.7021554057377953,15,50,193
0.7022242078646737,79,339
0.7022242078646737,79,339,476
0.70228720390568,252,335
0.70228720390568,108,252,335
0.7023840816620406,203,432
0.7023840816620406,26,203,432
0.7023840816620406,203,263,432
0.7023840816620406,203,284,432
0.7024572974082405,63,296
0.7024572974082405,63,156,296
0.7024572974082405,63,213,296
0.7024991868842683,247,399
0.7024991868842683,93,247,399
0.7024991868842683,236,247,399
0.7024991868842683,247,318,399
0.7027534875807331,64,193
0.702850616016567,148,347
0.7029112309042178,60,95
0.7029112309042178,60,95,121
0.7029112309042178,60,95,289
0.7029422437818224,168,306
0.7029422437818224,168,303,306
0.7031706584388767,221,413
0.7031706584388767,174,221,413
0.7031706584388767,221,347,413
0.7036246019019793,336,385
0.7036246019019793,74,336,385
0.7036246019019793,86,336,385
0.7036246019019793,142,336,385
0.7036246019019793,336,364,385
0.7036246019019793,336,385,422
0.7036246019019793,336,385,459
0.7039439885208786,131,249
0.7039439885208786,101,131,249
0.7039439885208786,131,176,249
0.7039439885208786,131,249,453
0.7039511567413751,47,343
0.7039511567413751,47,109,343
0.7039511567413751,47,271,343
0.7039511567413751,47,291,343
0.7040696408518263,385,496
0.7040696408518263,12,385,496
0.7040696408518263,149,385,496
0.7040696408518263,364,385,496
0.7044556107604679,15,493
0.7044556107604679,15,193,493
0.7044556107604679,15,342,493
0.7045298000183376,319,483
0.7045298000183376,135,319,483
0.7045298000183376,319,358,483
0.7051085460006352,43,488
0.7051085460006352,43,320,488
0.7051607527383547,174,330
0.7051607527383547,52,174,330
0.7051607527383547,174,330,395
0.7051607527383547,174,330,486
0.7052398059167967,126,129
0.7052398059167967,55,126,129
0.7052398059167967,126,129,480
0.7052398059167967,126,129,492
0.7056256210341405,138,244
0.7056256210341405,55,138,244
0.7056256210341405,126,138,244
0.7056256210341405,138,244,468
0.7056256210341405,138,244,492
0.7056267381135464,133,303
0.7056267381135464,3,133,303
0.7056267381135464,133,168,303
0.7061033048381333,86,109
0.7061033048381333,74,86,109
0.7061033048381333,86,109,337
0.7061033048381333,86,109,343
0.7061033048381333,86,109,364
0.7061033048381333,86,109,385
0.7061033048381333,86,109,422
0.7061033048381333,86,109,459
0.7061588480859837,116,495
0.7064313359661392,484,486
0.7064313359661392,52,484,486
0.7064313359661392,330,484,486
0.7064313359661392,395,484,486
0.7064422073589339,9,190
0.7064422073589339,0,9,190
0.7064762198410092,279,373
0.7064762198410092,184,279,373
0.7066130807362159,208,340
0.7066130807362159,140,208,340
0.7066130807362159,169,208,340
0.7066130807362159,208,250,340
0.7067403337625514,51,189
0.7067403337625514,51,189,452
0.7068369534683303,337,385
0.7068369534683303,74,337,385
0.7068369534683303,86,337,385
0.7068369534683303,109,337,385
0.7068369534683303,336,337,385
0.7068369534683303,337,343,385
0.7068369534683303,337,385,422
0.7068369534683303,337,385,459
0.7069621109744227,221,486
0.7069621109744227,174,221,486
0.7069621109744227,221,413,486
0.7072477261131744,61,260
0.7072477261131744,61,77,260
0.7072477261131744,61,260,329
0.7076137481543934,59,458
0.7076137481543934,59,270,458
0.7077958716129792,178,369
0.7077958716129792,98,178,369
0.7077958716129792,178,196,369
0.7079561587325527,40,109
0.7079561587325527,40,86,109
0.7079561587325527,40,109,337
0.7079561587325527,40,109,410
0.7079561587325527,40,109,422
0.7079561587325527,40,109,459
0.7080269173339115,188,325
0.7080269173339115,188,309,325
0.7081058878804122,220,275
0.7081058878804122,220,275,310
0.7081058878804122,220,275,400
0.7081665277580805,288,351
0.7081665277580805,71,288,351
0.708276450244007,76,404
0.708303693701517,132,446
0.708303693701517,32,132,446
0.708303693701517,36,132,446
0.7083146865632769,68,164
0.7083146865632769,7,68,164
0.7083146865632769,38,68,164
0.7083146865632769,68,103,164
0.7085560120802472,35,58
0.7085560120802472,35,58,117
0.7085560120802472,35,58,462
0.7086204485827293,166,182
0.7086204485827293,136,166,182
0.7086204485827293,166,182,231
0.708658459876335,154,211
0.708658459876335,154,211,219
0.708699054516506,292,483
0.708699054516506,96,292,483
0.708699054516506,135,292,483
0.708699054516506,292,319,483
0.708699054516506,292,358,483
0.7087290387257975,58,233
0.7087290387257975,58,202,233
0.7087290387257975,58,233,355
0.7091246117258666,127,461
0.7091246117258666,20,127,461
0.7091246117258666,127,323,461
0.7091246117258666,127,334,461
0.7092267349264878,129,429
0.7094506097308632,297,468
0.7094506097308632,297,365,468
0.7094506097308632,297,468,480
0.7094513151393445,144,174
0.7094513151393445,144,174,221
0.709527173694407,460,467
0.709527173694407,319,460,467
0.709527173694407,391,460,467
0.7095898757593764,14,359
0.7095898757593764,14,45,359
0.7095898757593764,14,332,359
0.7095898757593764,14,359,449
0.7097108277450869,248,447
0.7097108277450869,161,248,447
0.7097693815026809,229,329
0.7097693815026809,229,260,329
0.7098344155003102,225,382
0.7098344155003102,72,225,382
0.7098344155003102,225,275,382
0.7098344155003102,225,287,382
0.7098344155003102,225,367,382
0.7099590714216392,20,433
0.7099590714216392,20,216,433
0.7099590714216392,20,323,433
0.7099590714216392,20,334,433
0.7100390122258134,129,468
0.7100390122258134,55,129,468
0.7100390122258134,126,129,468
0.7100390122258134,129,468,480
0.7100390122258134,129,468,492
0.7100403254277139,447,449
0.7100403254277139,330,447,449
0.7101375597996786,323,479
0.7101375597996786,216,323,479
0.7101375597996786,323,374,479
0.7102326486139217,248,456
0.7102326486139217,100,248,456
0.7102326486139217,222,248,456
0.7102326486139217,248,304,456
0.710522048865091,124,379
0.710522048865091,22,124,379
0.710522048865091,124,350,379
0.710522048865091,124,379,437
0.7107998642140512,275,367
0.7107998642140512,72,275,367
0.7107998642140512,225,275,367
0.7107998642140512,275,287,367
0.7107998642140512,275,367,382
0.7108830841024578,3,488
0.7108830841024578,3,168,488
0.7108830841024578,3,421,488
0.7111034351890466,118,457
0.7111273783244306,14,83
0.7111273783244306,14,83,332
0.7111273783244306,14,83,359
0.7111273783244306,14,83,449
0.7111591352005232,169,473
0.7111591352005232,169,340,473
0.711325768185177,175,239
0.711325768185177,175,201,239
0.7114485969652571,74,142
0.7114485969652571,74,86,142
0.7114485969652571,74,142,250
0.7114485969652571,74,142,336
0.7114485969652571,74,142,364
0.7114485969652571,74,142,385
0.7114485969652571,74,142,422
0.7114485969652571,74,142,459
0.7115573386709846,319,380
0.7115573386709846,319,380,391
0.7115573386709846,319,380,460
0.7118510590810577,187,191
0.7121312801783559,248,296
0.7121312801783559,222,248,296
0.7122223761925972,104,400
0.7122801830033426,52,469
0.7122801830033426,52,88,469
0.7122801830033426,52,304,469
0.7122801830033426,52,330,469
0.712715293027059,318,334
0.712715293027059,281,318,334
0.712715293027059,318,334,433
0.7128806863690774,260,267
0.7128806863690774,260,267,386
0.7128806863690774,260,267,427
0.7131429668141087,3,39
0.7131429668141087,3,39,168
0.7131429668141087,3,39,488
0.713559683459206,88,248
0.713559683459206,88,100,248
0.713559683459206,88,248,304
0.713559683459206,88,248,447
0.713559683459206,88,248,456
0.7136793993347049,275,278
0.7136793993347049,220,275,278
0.7136793993347049,225,275,278
0.7136793993347049,275,278,310
0.7137199274703433,28,33
0.7137199274703433,28,33,81
0.7137199274703433,28,33,85
0.7137199274703433,28,33,376
0.7142579420434294,210,336
0.7142579420434294,40,210,336
0.7142579420434294,130,210,336
0.7142579420434294,210,336,337
0.7142579420434294,210,336,459
0.7143573503478714,56,189
0.7143573503478714,56,160,189
0.7143573503478714,56,189,209
0.7143573503478714,56,189,375
0.7143573503478714,56,189,457
0.7153367395429683,70,273
0.7153367395429683,70,273,289
0.7153367395429683,70,273,309
0.7153367395429683,70,273,388
0.7153367395429683,70,273,393
0.7156246855789147,404,498
0.7156246855789147,10,404,498
0.7156246855789147,344,404,498
0.7157598292392675,324,470
0.7157598292392675,99,324,470
0.7157598292392675,324,370,470
0.7157598292392675,324,420,470
0.7157598292392675,324,423,470
0.7166111844212757,16,239
0.7166111844212757,16,175,239
0.7166111844212757,16,201,239
0.7168803986373984,45,174
0.7168803986373984,45,174,347
0.7168803986373984,45,174,413
0.716929897698115,244,365
0.716929897698115,244,365,430
0.716929897698115,244,365,468
0.716929897698115,244,365,480
0.716929897698115,244,365,492
0.717089394055275,456,484
0.717089394055275,88,456,484
0.717089394055275,304,456,484
0.7170949721130787,108,112
0.7170949721130787,108,112,252
0.7170949721130787,108,112,311
0.7172019514514559,296,418
0.7172019514514559,222,296,418
0.7172568157898936,249,464
0.7172568157898936,131,249,464
0.7172568157898936,176,249,464
0.7178528972700481,180,354
0.7178528972700481,180,327,354
0.7183651915601825,45,395
0.7183651915601825,45,174,395
0.7183651915601825,45,395,413
0.7185008725456423,352,390
0.7185008725456423,352,390,445
0.718566834841044,452,457
0.718566834841044,189,452,457
0.718566834841044,209,452,457
0.7188526204879306,167,336
0.7188526204879306,40,167,336
0.7188526204879306,130,167,336
0.7188526204879306,167,210,336
0.7188526204879306,167,336,337
0.7188526204879306,167,336,459
0.7189805757053013,73,347
0.7189805757053013,45,73,347
0.7189805757053013,73,347,413
0.7190013609847627,127,489
0.7190013609847627,20,127,489
0.7190013609847627,57,127,489
0.7190013609847627,127,424,489
0.7190013609847627,127,461,489
0.7191090755311119,190,408
0.7191090755311119,98,190,408
0.7191090755311119,190,369,408
0.7191090755311119,190,408,467
0.7191090755311119,190,408,471
0.7191535403826799,104,464
0.7191535403826799,104,131,464
0.7191658930200977,255,381
0.7191658930200977,16,255,381
0.7191658930200977,224,255,381
0.7191658930200977,255,268,381
0.7191658930200977,255,381,409
0.7192356808149732,428,489
0.7192356808149732,428,448,489
0.7193243932388385,4,497
0.7193243932388385,4,140,497
0.7193243932388385,4,162,497
0.7193243932388385,4,169,497
0.7193243932388385,4,208,497
0.7193243932388385,4,338,497
0.7194368909016399,61,229
0.7194368909016399,61,229,260
0.7194368909016399,61,229,329
0.7195757095566114,159,187
0.7195757095566114,17,159,187
0.7195757095566114,106,159,187
0.7195757095566114,159,187,389
0.7195757095566114,159,187,394
0.7195757095566114,159,187,435
0.719823781343278,18,491
0.719823781343278,18,254,491
0.7200312636366305,190,197
0.7200312636366305,190,197,391
0.7200312636366305,190,197,467
0.7200312636366305,190,197,471
0.7200574582557342,342,440
0.7200574582557342,15,342,440
0.7200574582557342,193,342,440
0.7201944823412206,318,354
0.7201944823412206,199,318,354
0.7201944823412206,247,318,354
0.7201944823412206,318,354,494
0.7202336184086561,198,232
0.7202336184086561,69,198,232
0.7202336184086561,124,198,232
0.7202336184086561,198,232,350
0.7202336184086561,198,232,411
0.7202336184086561,198,232,437
0.7203427654774485,85,117
0.7203427654774485,85,117,240
0.7203427654774485,85,117,462
0.7204815945420979,358,467
0.7204815945420979,49,358,467
0.7204815945420979,135,358,467
0.7204815945420979,181,358,467
0.7204815945420979,292,358,467
0.7204815945420979,319,358,467
0.7213586697053186,66,119
0.7213586697053186,66,119,243
0.7213586697053186,66,119,290
0.7215122445133799,87,381
0.7215122445133799,87,290,381
0.72183478142823,364,473
0.72183478142823,68,364,473
0.72183478142823,142,364,473
0.72183478142823,250,364,473
0.7218353859407546,64,102
0.7218353859407546,64,102,392
0.7218550656917396,152,432
0.7218550656917396,152,251,432
0.7218550656917396,152,305,432
0.721912652214509,179,434
0.721912652214509,114,179,434
0.721912652214509,179,355,434
0.721912652214509,179,434,438
0.7225647062539244,156,196
0.7225695962760539,227,348
0.7225695962760539,80,227,348
0.7225695962760539,227,348,423
0.7226532851138096,227,322
0.7226532851138096,21,227,322
0.7228096625243222,287,387
0.7228096625243222,72,287,387
0.7228096625243222,225,287,387
0.7228096625243222,275,287,387
0.7229427308354073,93,310
0.7229427308354073,93,220,310
0.7229427308354073,93,236,310
0.7229427308354073,93,247,310
0.7232948472070558,63,393
0.7232948472070558,63,286,393
0.7234639087275822,293,387
0.7234639087275822,48,293,387
0.7237121641638041,38,208
0.7237121641638041,4,38,208
0.7237121641638041,7,38,208
0.7237121641638041,38,68,208
0.7237121641638041,38,103,208
0.7237121641638041,38,208,250
0.7237210515050925,40,343
0.7237210515050925,40,86,343
0.7237210515050925,40,109,343
0.7237210515050925,40,337,343
0.7237210515050925,40,343,422
0.7237210515050925,40,343,459
0.7238504098747199,106,128
0.7238504098747199,106,107,128
0.7238504098747199,106,128,146
0.7238504098747199,106,128,282
0.7238504098747199,106,128,360
0.7238504098747199,106,128,389
0.7238504098747199,106,128,394
0.7238666460681976,184,239
0.7238666460681976,19,184,239
0.7238666460681976,184,239,368
0.7239678796411231,79,417
0.7239678796411231,79,245,417
0.7239935881779466,216,461
0.7239935881779466,20,216,461
0.7239935881779466,216,323,461
0.7239935881779466,216,334,461
0.7240565511433026,47,107
0.7240565511433026,47,107,128
0.7240565511433026,47,107,282
0.7240565511433026,47,107,389
0.7245915815024876,91,274
0.7245915815024876,5,91,274
0.7245915815024876,34,91,274
0.7246856177727397,150,483
0.7246856177727397,96,150,483
0.7246856177727397,135,150,483
0.7246856177727397,150,292,483
0.7246856177727397,150,319,483
0.7246856177727397,150,358,483
0.7248554831753663,75,498
0.7248554831753663,2,75,498
0.72492185417651,6,356
0.7249833723491503,141,451
0.7249833723491503,141,299,451
0.7249833723491503,141,335,451
0.7250751622096195,317,376
0.7250751622096195,81,317,376
0.7250751622096195,85,317,376
0.7251863756235163,396,451
0.7251863756235163,8,396,451
0.7251863756235163,97,396,451
0.7251863756235163,234,396,451
0.7251863756235163,396,443,451
0.7251863756235163,396,451,466
0.7252570051011535,389,435
0.7252570051011535,17,389,435
0.7252570051011535,106,389,435
0.7252570051011535,146,389,435
0.7252570051011535,159,389,435
0.7252570051011535,187,389,435
0.7252570051011535,389,394,435
0.7252979480008492,148,221
0.7252979480008492,148,221,347
0.7254957271157287,79,288
0.7254957271157287,71,79,288
0.7254957271157287,79,214,288
0.7254957271157287,79,288,351
0.7256340255473107,192,490
0.7256340255473107,153,192,490
0.726000910627917,208,473
0.726000910627917,68,208,473
0.726000910627917,169,208,473
0.726000910627917,208,250,473
0.726000910627917,208,340,473
0.7262364842689443,90,307
0.7262364842689443,90,175,307
0.7262364842689443,90,307,454
0.7265820414289988,93,363
0.7265820414289988,93,238,363
0.7265820414289988,93,363,399
0.7265820414289988,93,363,481
0.7266212432673741,259,430
0.7266212432673741,41,259,430
0.7266212432673741,259,298,430
0.7266983745712018,4,68
0.7266983745712018,4,7,68
0.7266983745712018,4,38,68
0.7266983745712018,4,68,103
0.7266983745712018,4,68,164
0.7266983745712018,4,68,208
0.7267124104365145,58,338
0.7267124104365145,58,202,338
0.7267124104365145,58,338,444
0.7267273434559848,60,309
0.7267273434559848,60,70,309
0.7267273434559848,60,95,309
0.7267273434559848,60,121,309
0.7267273434559848,60,289,309
0.7267273434559848,60,309,388
0.7267722196205946,80,370
0.7267722196205946,80,99,370
0.7267722196205946,80,138,370
0.7267722196205946,80,217,370
0.7267722196205946,80,324,370
0.7269057730716622,221,331
0.7269057730716622,1,221,331
0.7269057730716622,144,221,331
0.7271975803073419,415,480
0.7271975803073419,126,415,480
0.7271975803073419,244,415,480
0.7271975803073419,415,430,480
0.7271975803073419,415,468,480
0.7273415035142762,239,373
0.7273415035142762,19,239,373
0.7273415035142762,184,239,373
0.7273415035142762,239,368,373
0.7274447863816711,17,128
0.7274447863816711,17,106,128
0.7274447863816711,17,107,128
0.7274447863816711,17,128,146
0.7274447863816711,17,128,282
0.7274447863816711,17,128,360
0.7274447863816711,17,128,389
0.7274447863816711,17,128,394
0.7280657409552302,12,250
0.7280657409552302,12,68,250
0.7280657409552302,12,74,250
0.7280657409552302,12,149,250
0.7280657409552302,12,250,364
0.7280657409552302,12,250,385
0.7280657409552302,12,250,422
0.7282997305347253,188,383
0.7282997305347253,188,213,383
0.7282997305347253,188,273,383
0.728593603782837,70,325
0.728593603782837,70,289,325
0.728593603782837,70,309,325
0.7286758496664326,17,25
0.7286758496664326,17,25,435
0.7289231588872929,240,355
0.7289231588872929,117,240,355
0.7289231588872929,240,355,462
0.7294819521535556,111,245
0.7294819521535556,111,137,245
0.7294819521535556,111,151,245
0.7299967906666885,162,331
0.7299967906666885,162,208,331
0.7299967906666885,162,331,338
0.7299967906666885,162,331,444
0.7299967906666885,162,331,497
0.7299996132159023,222,353
0.7299996132159023,30,222,353
0.7299996132159023,156,222,353
0.7299996132159023,222,296,353
0.7304326452593853,292,371
0.7304326452593853,78,292,371
0.7304326452593853,150,292,371
0.7304326452593853,292,358,371
0.7304326452593853,292,371,374
0.7304326452593853,292,371,479
0.7306883385671425,201,255
0.7306883385671425,16,201,255
0.7308182386424616,377,464
0.7308182386424616,249,377,464
0.7310675777162409,312,315
0.7313147686318521,90,239
0.7313147686318521,90,175,239
0.7313147686318521,90,201,239
0.7314667923525313,88,345
0.7314667923525313,88,261,345
0.7314667923525313,88,345,469
0.7314923180752195,381,401
0.7314923180752195,87,381,401
0.7314923180752195,290,381,401
0.7316217867318379,310,481
0.7316217867318379,93,310,481
0.7316217867318379,236,310,481
0.7316217867318379,310,318,481
0.7318132936936715,55,217
0.7318132936936715,55,126,217
0.7318132936936715,55,138,217
0.7319814577978927,463,486
0.7319814577978927,52,463,486
0.7319814577978927,330,463,486
0.7319814577978927,463,484,486
0.7320564279058068,9,156
0.7320564279058068,9,156,353
0.7324877530845787,61,386
0.7324877530845787,61,229,386
0.7324877530845787,61,260,386
0.7326007972064345,247,481
0.7326007972064345,93,247,481
0.7326007972064345,236,247,481
0.7326007972064345,247,310,481
0.7326007972064345,247,318,481
0.7326007972064345,247,399,481
0.7327112515929639,279,366
0.7327112515929639,185,279,366
0.7327112515929639,212,279,366
0.7327535352780347,80,420
0.7327535352780347,80,99,420
0.7327535352780347,80,227,420
0.7327535352780347,80,324,420
0.7327535352780347,80,370,420
0.7327535352780347,80,420,423
0.7327921323216502,160,205
0.7327921323216502,160,205,215
0.7327921323216502,160,205,277
0.7329975861274999,159,403
0.7329975861274999,84,159,403
0.7331428556467757,276,277
0.7331428556467757,205,276,277
0.7331428556467757,215,276,277
0.7332253105068915,105,464
0.7332253105068915,105,131,464
0.7332253105068915,105,177,464
0.7332253105068915,105,235,464
0.7334515939743377,7,338
0.7334515939743377,4,7,338
0.7334515939743377,7,120,338
0.7334515939743377,7,162,338
0.7334515939743377,7,208,338
0.7339718453163536,464,490
0.7339718453163536,105,464,490
0.7339718453163536,131,464,490
0.7339718453163536,153,464,490
0.7339718453163536,177,464,490
0.7339718453163536,235,464,490
0.7339718453163536,419,464,490
0.7341000083628867,84,321
0.7346676757054709,367,387
0.7346676757054709,72,367,387
0.7346676757054709,225,367,387
0.7346676757054709,275,367,387
0.7346676757054709,287,367,387
0.7346832086950048,174,484
0.7346832086950048,52,174,484
0.7346832086950048,174,330,484
0.7346832086950048,174,395,484
0.7346832086950048,174,484,486
0.7349757133602055,127,216
0.7349757133602055,20,127,216
0.7349757133602055,127,216,323
0.7349757133602055,127,216,334
0.7349757133602055,127,216,461
0.7350555921537024,68,416
0.7350555921537024,12,68,416
0.7350555921537024,38,68,416
0.7350555921537024,68,164,416
0.7350555921537024,68,416,496
0.7353642476146918,118,326
0.7355076057842544,238,310
0.7355076057842544,93,238,310
0.7355076057842544,236,238,310
0.7355076057842544,238,310,481
0.7355590838116651,199,216
0.7355590838116651,96,199,216
0.7355590838116651,199,216,281
0.7355590838116651,199,216,433
0.7357599899643942,395,463
0.7357599899643942,52,395,463
0.7357599899643942,330,395,463
0.7357599899643942,395,463,484
0.7357599899643942,395,463,486
0.7359235219456534,137,188
0.7359235219456534,111,137,188
0.7361280900526146,186,316
0.7361280900526146,178,186,316
0.7361280900526146,186,265,316
0.7362794985016653,150,467
0.7362794985016653,49,150,467
0.7362794985016653,135,150,467
0.7362794985016653,150,181,467
0.7362794985016653,150,292,467
0.7362794985016653,150,319,467
0.7362794985016653,150,358,467
0.7363213533521958,141,352
0.7363213533521958,141,352,390
0.7364046797548206,318,483
0.7364046797548206,199,318,483
0.7364046797548206,318,354,483
0.7365186951862247,422,473
0.7365186951862247,142,422,473
0.7365186951862247,250,422,473
0.7365186951862247,364,422,473
0.7365324306024947,84,123
0.7365324306024947,84,123,403
0.7366983364174525,193,448
0.7366983364174525,15,193,448
0.7366983364174525,50,193,448
0.7368254672022133,40,74
0.7368254672022133,40,74,86
0.7368254672022133,40,74,109
0.7368254672022133,40,74,336
0.7368254672022133,40,74,337
0.7368254672022133,40,74,343
0.7368254672022133,40,74,422
0.7368254672022133,40,74,459
0.7370722632766115,70,95
0.7370722632766115,60,70,95
0.7370722632766115,70,95,121
0.7370722632766115,70,95,289
0.7370722632766115,70,95,309
0.7370722632766115,70,95,325
0.7370954505540035,348,445
0.7370954505540035,348,361,445
0.737498537122209,443,466
0.737498537122209,8,443,466
0.737498537122209,97,443,466
0.737498537122209,396,443,466
0.737498537122209,443,451,466
0.7376018946504246,342,398
0.7376018946504246,342,398,440
0.7377063051130189,247,483
0.7377063051130189,199,247,483
0.7377063051130189,247,318,483
0.7377063051130189,247,354,483
0.7378401916017542,328,469
0.7378401916017542,52,328,469
0.7378401916017542,88,328,469
0.7378401916017542,304,328,469
0.7378401916017542,328,330,469
0.7378401916017542,328,447,469
0.7380746783076205,359,447
0.7380746783076205,359,447,449
0.7380753101379492,174,463
0.7380753101379492,52,174,463
0.7380753101379492,174,330,463
0.7380753101379492,174,395,463
0.7380753101379492,174,463,484
0.7380753101379492,174,463,486
0.7383278070782175,121,273
0.7383278070782175,70,121,273
0.7383278070782175,121,273,289
0.7383278070782175,121,273,309
0.7383278070782175,121,273,388
0.7383278070782175,121,273,393
0.7386863657160379,172,349
0.7386863657160379,172,241,349
0.7386863657160379,172,308,349
0.7386863657160379,172,349,406
0.738698507600402,374,461
0.738698507600402,216,374,461
0.738698507600402,323,374,461
0.738698507600402,374,406,461
0.7388758090128912,57,314
0.7388758090128912,57,314,424
0.7388914899432945,304,447
0.7388914899432945,88,304,447
0.7388914899432945,248,304,447
0.7388914899432945,304,328,447
0.7388914899432945,304,330,447
0.7388914899432945,304,447,463
0.7388914899432945,304,447,469
0.7388914899432945,304,447,484
0.7390241127377137,221,497
0.7390241127377137,1,221,497
0.7390241127377137,144,221,497
0.7390241127377137,221,331,497
0.7392169228889888,30,248
0.7392169228889888,30,222,248
0.7392169228889888,30,248,296
0.7393919360767708,23,128
0.7395600487219518,223,431
0.7395600487219518,223,372,431
0.7395600487219518,223,405,431
0.7395600487219518,223,431,485
0.7396482913646955,30,63
0.7396482913646955,30,63,156
0.7396482913646955,30,63,213
0.7396482913646955,30,63,296
0.7398325218921313,345,425
0.7399420942505164,103,338
0.7399420942505164,4,103,338
0.7399420942505164,7,103,338
0.7399420942505164,103,120,338
0.7399420942505164,103,140,338
0.7399420942505164,103,162,338
0.7399420942505164,103,208,338
0.7399441541460462,127,433
0.7399441541460462,18,127,433
0.7399441541460462,20,127,433
0.7399441541460462,127,216,433
0.7399441541460462,127,323,433
0.7399441541460462,127,334,433
0.740078135377331,239,246
0.740078135377331,19,239,246
0.740078135377331,239,246,368
0.740078135377331,239,246,373
0.7401080540566922,180,319
0.7401080540566922,180,319,327
0.7403051643585062,225,494
0.7403051643585062,225,278,494
0.7403051643585062,225,310,494
0.74057385910584,217,348
0.74057385910584,80,217,348
0.74057385910584,217,348,361
0.74057385910584,217,348,423
0.7406189552246831,48,110
0.7406189552246831,48,110,293
0.7406552080233021,329,427
0.7406552080233021,229,329,427
0.7406552080233021,260,329,427
0.74094864986168,350,405
0.74094864986168,207,350,405
0.74094864986168,223,350,405
0.7410022360761687,89,465
0.7410022360761687,89,170,465
0.7410022360761687,89,218,465
0.7412377046380964,51,253
0.7412377046380964,51,253,452
0.742069441339058,86,250
0.742069441339058,74,86,250
0.742069441339058,86,142,250
0.742069441339058,86,250,364
0.742069441339058,86,250,385
0.742069441339058,86,250,422
0.7420771331747683,281,363
0.7420771331747683,281,363,399
0.7420771331747683,281,363,481
0.7421749763673322,202,497
0.7421749763673322,202,338,497
0.7421749763673322,202,444,497
0.7421875196200942,54,115
0.7421875196200942,54,115,407
0.7422554950002838,31,275
0.7422554950002838,31,72,275
0.7422554950002838,31,275,287
0.7422554950002838,31,275,367
0.7422554950002838,31,275,382
0.7422985422768761,395,462
0.7422985422768761,35,395,462
0.7422985422768761,395,462,486
0.7423721412379549,67,124
0.7423721412379549,22,67,124
0.7423721412379549,67,124,350
0.7423721412379549,67,124,379
0.7423721412379549,67,124,437
0.7424496584304268,250,496
0.7424496584304268,12,250,496
0.7424496584304268,38,250,496
0.7424496584304268,68,250,496
0.7424496584304268,149,250,496
0.7424496584304268,250,364,496
0.7424496584304268,250,385,496
0.7426786005913706,405,437
0.7426786005913706,207,405,437
0.7426786005913706,223,405,437
0.7426786005913706,350,405,437
0.7430308552965436,72,498
0.7436094314522488,146,187
0.7436094314522488,17,146,187
0.7436094314522488,106,146,187
0.7436094314522488,146,159,187
0.7436094314522488,146,187,282
0.7436094314522488,146,187,389
0.7436094314522488,146,187,394
0.7436094314522488,146,187,435
0.7436402027709762,49,483
0.7436402027709762,49,96,483
0.7436402027709762,49,135,483
0.7436402027709762,49,150,483
0.7436402027709762,49,292,483
0.7436402027709762,49,319,483
0.7436402027709762,49,358,483
0.7436590491269652,7,140
0.7436590491269652,4,7,140
0.7436590491269652,7,103,140
0.7436590491269652,7,120,140
0.7436590491269652,7,140,162
0.7436590491269652,7,140,208
0.7436590491269652,7,140,338
0.7438946400917726,335,390
0.7438946400917726,141,335,390
0.74389886760923,136,366
0.74389886760923,136,166,366
0.74389886760923,136,231,366
0.7441929271233401,93,494
0.7441929271233401,93,220,494
0.7441929271233401,93,236,494
0.7441929271233401,93,247,494
0.7441929271233401,93,310,494
0.7443880332379312,144,338
0.7443880332379312,1,144,338
0.7443880332379312,144,331,338
0.7443880332379312,144,338,444
0.7443880332379312,144,338,497
0.7444299626271169,228,373
0.7444299626271169,19,228,373
0.7444299626271169,65,228,373
0.7444299626271169,228,246,373
0.7444299626271169,228,368,373
0.7446625010523551,233,444
0.7446625010523551,58,233,444
0.7446625010523551,202,233,444
0.7446625010523551,233,355,444
0.7453239006243412,328,395
0.7453239006243412,52,328,395
0.7453239006243412,328,330,395
0.7453239006243412,328,395,463
0.7453239006243412,328,395,484
0.745410926975804,104,287
0.745410926975804,104,287,378
0.7456283545292712,266,472
0.7456283545292712,42,266,472
0.7457401923858488,27,125
0.7457501276195609,28,114
0.7457501276195609,28,114,179
0.7457981560118938,429,492
0.7457981560118938,129,429,492
0.7461649254365906,66,268
0.7461649254365906,66,268,290
0.7461649254365906,66,268,409
0.7461649254365906,66,268,477
0.7461998748199317,213,418
0.7461998748199317,213,222,418
0.7461998748199317,213,296,418
0.7462189056998337,87,166
0.7462189056998337,87,136,166
0.7462189056998337,87,166,182
0.7462189056998337,87,166,381
0.7466851189465676,149,416
0.7466851189465676,12,149,416
0.7466851189465676,41,149,416
0.7466851189465676,68,149,416
0.7466851189465676,149,416,496
0.746744310189529,255,290
0.746744310189529,224,255,290
0.746744310189529,255,268,290
0.746744310189529,255,290,381
0.746744310189529,255,290,409
0.7467879622897926,226,384
0.7467879622897926,226,242,384
0.7467879622897926,226,316,384
0.7468002675363367,456,463
0.7468002675363367,88,456,463
0.7468002675363367,304,456,463
0.7468002675363367,456,463,484
0.7470153737741885,96,319
0.7470153737741885,49,96,319
0.7470153737741885,96,135,319
0.7470153737741885,96,150,319
0.7470153737741885,96,292,319
0.7470153737741885,96,319,358
0.7470153737741885,96,319,483
0.7473388445508675,196,408
0.7473388445508675,98,196,408
0.7473388445508675,190,196,408
0.7473388445508675,196,369,408
0.7478502402278379,116,392
0.7478502402278379,64,116,392
0.747982106677897,417,476
0.747982106677897,79,417,476
0.7480663763311349,7,497
0.7480663763311349,4,7,497
0.7480663763311349,7,140,497
0.7480663763311349,7,162,497
0.7480663763311349,7,208,497
0.7480663763311349,7,338,497
0.7485073241862904,251,305
0.7485073241862904,152,251,305
0.7485073241862904,251,305,432
0.7487332036702181,180,483
0.7487332036702181,180,319,483
0.7487332036702181,180,354,483
0.7489681254930387,199,334
0.7489681254930387,96,199,334
0.7489681254930387,199,216,334
0.7489681254930387,199,281,334
0.7489681254930387,199,318,334
0.7489681254930387,199,334,433
0.7490857973354743,60,163
0.7491137224042278,261,462
0.7492809249986654,86,149
0.7492809249986654,74,86,149
0.7492809249986654,86,109,149
0.7492809249986654,86,149,250
0.7492809249986654,86,149,343
0.7492809249986654,86,149,364
0.7492809249986654,86,149,385
0.7492809249986654,86,149,422
0.749685048688389,198,348
0.7502128182105144,43,195
0.7502128182105144,43,195,320
0.7502128182105144,43,195,488
0.7503476793661736,68,340
0.7503476793661736,68,208,340
0.7503476793661736,68,250,340
0.7503476793661736,68,340,473
0.750769221938,0,391
0.750769221938,0,190,391
0.7508027105968577,310,399
0.7508027105968577,93,310,399
0.7508027105968577,236,310,399
0.7508027105968577,238,310,399
0.7508027105968577,247,310,399
0.7508027105968577,310,318,399
0.7508027105968577,310,399,481
0.7508910517016394,165,326
0.7508910517016394,118,165,326
0.751247620207376,138,415
0.751247620207376,99,138,415
0.751247620207376,126,138,415
0.751247620207376,138,244,415
0.751247620207376,138,370,415
0.751247620207376,138,415,468
0.7518487426110959,96,433
0.7518487426110959,96,199,433
0.7518487426110959,96,216,433
0.7518487426110959,96,334,433
0.751957680869751,89,427
0.751957680869751,89,229,427
0.751957680869751,89,260,427
0.7522747785931896,148,439
0.7522747785931896,147,148,439
0.7522747785931896,148,157,439
0.7522747785931896,148,272,439
0.7522747785931896,148,305,439
0.7522747785931896,148,326,439
0.7523073530043418,460,471
0.7523073530043418,319,460,471
0.7523073530043418,391,460,471
0.7523073530043418,460,467,471
0.7523478682127396,469,484
0.7523478682127396,52,469,484
0.7523478682127396,88,469,484
0.7523478682127396,304,469,484
0.7523478682127396,328,469,484
0.7523478682127396,330,469,484
0.7523478682127396,447,469,484
0.7524110036142736,197,460
0.7524110036142736,197,319,460
0.7524110036142736,197,391,460
0.7524110036142736,197,402,460
0.7524110036142736,197,460,467
0.7524110036142736,197,460,471
0.752494044974325,89,267
0.752494044974325,89,260,267
0.752494044974325,89,267,427
0.7526295636094684,283,327
0.7526518808967284,158,207
0.7526518808967284,158,207,478
0.7533421592510722,218,267
0.7533421592510722,89,218,267
0.7536794043578612,299,466
0.7536794043578612,299,451,466
0.7539204119301175,198,322
0.7539204119301175,22,198,322
0.7540524548545968,329,386
0.7540524548545968,61,329,386
0.7540524548545968,229,329,386
0.7540524548545968,260,329,386
0.7540524548545968,329,386,427
0.7547527005757607,76,133
0.7547527005757607,76,133,230
0.7547527005757607,76,133,404
0.7550930994236903,41,244
0.7550930994236903,41,244,415
0.7550930994236903,41,244,430
0.7552158129640971,138,423
0.7552158129640971,80,138,423
0.7552158129640971,99,138,423
0.7552158129640971,138,217,423
0.7552158129640971,138,324,423
0.7553564222647668,163,186
0.7553651419701531,181,197
0.7553651419701531,181,197,319
0.7553651419701531,181,197,467
0.7553651419701531,181,197,471
0.7555900906883458,83,329
0.7556169949736199,104,382
0.7556169949736199,104,287,382
0.7556169949736199,104,378,382
0.755833775626791,74,496
0.755833775626791,12,74,496
0.755833775626791,74,149,496
0.755833775626791,74,250,496
0.755833775626791,74,364,496
0.755833775626791,74,385,496
0.755874598471987,307,384
0.755874598471987,226,307,384
0.755874598471987,242,307,384
0.755874598471987,307,384,477
0.7558890313427956,128,291
0.7558890313427956,47,128,291
0.7558890313427956,128,271,291
0.7558890313427956,128,282,291
0.7558890313427956,128,291,389
0.7560458749643287,101,200
0.7560458749643287,101,200,249
0.756123907900759,156,213
0.756123907900759,30,156,213
0.756123907900759,63,156,213
0.756123907900759,156,213,222
0.756123907900759,156,213,286
0.756123907900759,156,213,296
0.7562807733818528,52,456
0.7562807733818528,52,88,456
0.7562807733818528,52,304,456
0.7562807733818528,52,456,463
0.7562807733818528,52,456,484
0.7567602588072616,1,140
0.7567602588072616,1,140,169
0.7567602588072616,1,140,208
0.7567602588072616,1,140,338
0.7567602588072616,1,140,497
0.7569050148827756,43,82
0.7569050148827756,43,82,320
0.7577119576866304,81,462
0.7577119576866304,81,85,462
0.7577119576866304,81,376,462
0.7577509051508307,248,469
0.7577509051508307,88,248,469
0.7577509051508307,100,248,469
0.7577509051508307,248,304,469
0.7577509051508307,248,447,469
0.7580707950974914,275,494
0.7580707950974914,220,275,494
0.7580707950974914,225,275,494
0.7580707950974914,275,278,494
0.7580707950974914,275,310,494
0.7582654008295805,169,331
0.7582654008295805,1,169,331
0.7582654008295805,169,208,331
0.7582654008295805,169,331,338
0.7582654008295805,169,331,497
0.758346154978423,86,473
0.758346154978423,86,142,473
0.758346154978423,86,250,473
0.758346154978423,86,364,473
0.758346154978423,86,422,473
0.7585249137651775,153,177
0.7585249137651775,131,153,177
0.7585249137651775,153,177,235
0.7585249137651775,153,177,464
0.7585249137651775,153,177,490
0.7586161663505459,39,44
0.7587878338937633,51,62
0.7587878338937633,51,62,189
0.7587878338937633,51,62,452
0.7593324372008962,237,356
0.7593324372008962,237,301,356
0.7594733437259878,166,290
0.7594733437259878,87,166,290
0.7594733437259878,166,224,290
0.7594733437259878,166,290,381
0.7595686525769483,230,249
0.7595686525769483,200,230,249
0.7596488608546935,114,436
0.7596488608546935,28,114,436
0.7596488608546935,114,179,436
0.7596565633358705,284,312
0.7596565633358705,284,312,432
0.7600204889101876,87,243
0.7600204889101876,87,119,243
0.7600204889101876,87,194,243
0.7600204889101876,87,243,295
0.7600204889101876,87,243,401
0.7600204889101876,87,243,474
0.7603223957397177,288,446
0.7603223957397177,36,288,446
0.760436792407905,321,490
0.760436792407905,53,321,490
0.760436792407905,105,321,490
0.760436792407905,139,321,490
0.760436792407905,177,321,490
0.7604821982606318,92,498
0.7604821982606318,75,92,498
0.7605806281004891,123,320
0.7605806281004891,82,123,320
0.760677372611107,226,454
0.760677372611107,226,307,454
0.7607677005612042,428,461
0.7607677005612042,428,461,489
0.7608800513040819,89,386
0.7608800513040819,89,229,386
0.7608800513040819,89,260,386
0.7608800513040819,89,267,386
0.7608800513040819,89,386,427
0.7609599775297727,137,151
0.7609599775297727,111,137,151
0.7609599775297727,137,151,245
0.7613526944896661,214,339
0.7613526944896661,79,214,339
0.7613665814297904,192,396
0.7613665814297904,23,192,396
0.7614270850992989,196,286
0.7614270850992989,156,196,286
0.7618036535460811,249,419
0.7618036535460811,131,249,419
0.7618036535460811,176,249,419
0.7618036535460811,249,419,464
0.76202585794024,93,113
0.76202585794024,93,113,238
0.76202585794024,93,113,363
0.76202585794024,93,113,399
0.76202585794024,93,113,481
0.7621690456957086,202,462
0.7621690456957086,58,202,462
0.7621690456957086,117,202,462
0.7621690456957086,202,355,462
0.7627067026575358,21,470
0.7627067026575358,21,25,470
0.7627067026575358,21,227,470
0.7627585750302868,18,334
0.7627585750302868,18,127,334
0.7627585750302868,18,281,334
0.7627585750302868,18,334,433
0.7628147925220119,52,447
0.7628147925220119,52,88,447
0.7628147925220119,52,304,447
0.7628147925220119,52,328,447
0.7628147925220119,52,330,447
0.7628147925220119,52,447,463
0.7628147925220119,52,447,469
0.7628147925220119,52,447,484
0.7628637193775517,200,412
0.7628637193775517,200,378,412
0.763064410629424,95,388
0.763064410629424,60,95,388
0.763064410629424,70,95,388
0.763064410629424,95,121,388
0.763064410629424,95,289,388
0.763064410629424,95,309,388
0.7631130253150638,93,400
0.7631130253150638,93,220,400
0.7633855163916499,387,494
0.7633855163916499,225,387,494
0.7633855163916499,275,387,494
0.7633855163916499,310,387,494
0.763535374141254,36,214
0.763535374141254,36,71,214
0.763535374141254,36,214,288
0.7636504828344947,251,315
0.7636504828344947,152,251,315
0.7636504828344947,251,305,315
0.7638194360175081,101,230
0.7638194360175081,101,200,230
0.7638194360175081,101,230,249
0.7638194360175081,101,230,306
0.763850174579922,324,361
0.763850174579922,80,324,361
0.763850174579922,217,324,361
0.763850174579922,324,361,423
0.7639214593701116,261,486
0.7639214593701116,52,261,486
0.7639214593701116,261,462,486
0.7640348952853112,258,365
0.7640348952853112,258,297,365
0.7641935462370428,104,230
0.7641935462370428,104,200,230
0.7641935462370428,104,230,378
0.7643521266914327,84,146
0.7643521266914327,17,84,146
0.7643521266914327,84,106,146
0.7643521266914327,84,107,146
0.7643521266914327,84,146,159
0.7643521266914327,84,146,360
0.7643521266914327,84,146,394
0.7643607820395354,120,122
0.7643607820395354,42,120,122
0.7643607820395354,120,122,134
0.7643607820395354,120,122,164
0.7646732553327247,224,239
0.7646732553327247,16,224,239
0.7649789096283783,309,393
0.7649789096283783,60,309,393
0.7649789096283783,70,309,393
0.7649789096283783,121,309,393
0.7649789096283783,273,309,393
0.7649789096283783,289,309,393
0.7649789096283783,309,388,393
0.7652494381584094,348,352
0.7652494381584094,198,348,352
0.7652494381584094,348,352,445
0.7656100247260481,308,461
0.7656100247260481,308,374,461
0.7656100247260481,308,406,461
0.7656332869718253,370,423
0.7656332869718253,80,370,423
0.7656332869718253,99,370,423
0.7656332869718253,138,370,423
0.7656332869718253,217,370,423
0.7656332869718253,324,370,423
0.7656332869718253,370,420,423
0.7656332869718253,370,423,470
0.7661394264164777,150,216
0.7661394264164777,96,150,216
0.7661394264164777,150,216,374
0.7661394264164777,150,216,479
0.7670126022692934,209,277
0.7670126022692934,56,209,277
0.7670126022692934,160,209,277
0.7670126022692934,209,277,375
0.7670503237246875,227,324
0.7670503237246875,80,227,324
0.7670503237246875,227,324,420
0.7670503237246875,227,324,423
0.7670503237246875,227,324,470
0.7673313280626793,42,164
0.7673313280626793,42,120,164
0.7673313280626793,42,122,164
0.7673313280626793,42,134,164
0.7675990805446261,178,371
0.768088722236617,198,379
0.768088722236617,22,198,379
0.768088722236617,124,198,379
0.768088722236617,198,350,379
0.768088722236617,198,379,437
0.7684253490819994,136,185
0.7684253490819994,136,166,185
0.7684253490819994,136,185,231
0.7684253490819994,136,185,366
0.768602801586317,67,405
0.768602801586317,67,207,405
0.768602801586317,67,223,405
0.768602801586317,67,350,405
0.768602801586317,67,405,437
0.768853024835133,142,340
0.768853024835133,142,250,340
0.768853024835133,142,340,473
0.7691133409996099,382,387
0.7691133409996099,72,382,387
0.7691133409996099,225,382,387
0.7691133409996099,275,382,387
0.7691133409996099,287,382,387
0.7691133409996099,367,382,387
0.7691165595556713,297,492
0.7691165595556713,297,365,492
0.7691165595556713,297,429,492
0.7691165595556713,297,468,492
0.7691165595556713,297,480,492
0.7691300937478424,406,479
0.7691300937478424,172,406,479
0.7691300937478424,308,406,479
0.7691300937478424,374,406,479
0.7692891053943071,483,494
0.7692891053943071,199,483,494
0.7692891053943071,247,483,494
0.7692891053943071,318,483,494
0.7692891053943071,354,483,494
0.7693519833202493,93,318
0.7693519833202493,93,236,318
0.7693519833202493,93,247,318
0.7693519833202493,93,310,318
0.7693519833202493,93,318,399
0.7693519833202493,93,318,481
0.7693519833202493,93,318,494
0.7696258188828373,107,291
0.7696258188828373,47,107,291
0.7696258188828373,107,128,291
0.7696258188828373,107,282,291
0.7696258188828373,107,291,389
0.7697292747659078,184,246
0.7697292747659078,19,184,246
0.7697292747659078,184,239,246
0.7697292747659078,184,246,368
0.7697292747659078,184,246,373
0.769795071271766,193,398
0.769795071271766,193,342,398
0.769795071271766,193,398,440
0.7702625297267061,324,415
0.7702625297267061,99,324,415
0.7702625297267061,126,324,415
0.7702625297267061,138,324,415
0.7702625297267061,324,370,415
0.7703717446686066,50,489
0.7703717446686066,50,428,489
0.7703717446686066,50,448,489
0.7705034689252704,282,441
0.7705304884439254,281,323
0.7705304884439254,216,281,323
0.7705304884439254,281,323,334
0.7705304884439254,281,323,433
0.770566540924361,100,296
0.770566540924361,100,222,296
0.770566540924361,100,248,296
0.770566540924361,100,296,418
0.7706229498013325,124,322
0.7706229498013325,22,124,322
0.7706229498013325,124,198,322
0.7707325695369754,327,483
0.7707325695369754,180,327,483
0.7707325695369754,319,327,483
0.7707325695369754,327,354,483
0.7707475908709952,358,471
0.7707475908709952,49,358,471
0.7707475908709952,135,358,471
0.7707475908709952,181,358,471
0.7707475908709952,292,358,471
0.7707475908709952,319,358,471
0.7707475908709952,358,467,471
0.7713511345353969,159,282
0.7713511345353969,17,159,282
0.7713511345353969,106,159,282
0.7713511345353969,107,159,282
0.7713511345353969,146,159,282
0.7713511345353969,159,187,282
0.7713511345353969,159,282,360
0.7713511345353969,159,282,389
0.7713511345353969,159,282,394
0.7714494996197523,208,444
0.7714494996197523,1,208,444
0.7714494996197523,162,208,444
0.7714494996197523,208,331,444
0.7714494996197523,208,338,444
0.7714494996197523,208,444,497
0.7715234460637317,15,398
0.7715234460637317,15,193,398
0.7715234460637317,15,342,398
0.7715234460637317,15,398,440
0.7715933783798539,193,392
0.7715933783798539,64,193,392
0.7721586214899853,69,379
0.7721586214899853,69,124,379
0.7721586214899853,69,198,379
0.7721586214899853,69,350,379
0.7721586214899853,69,379,437
0.7724019536236681,276,285
0.7724019536236681,205,276,285
0.7724019536236681,215,276,285
0.772423950524347,155,490
0.772423950524347,53,155,490
0.772423950524347,105,155,490
0.772423950524347,131,155,490
0.772423950524347,139,155,490
0.772423950524347,155,177,490
0.772423950524347,155,321,490
0.7725346046948437,228,257
0.7725346046948437,65,228,257
0.7727815425527104,186,241
0.7727815425527104,186,241,265
0.7727815425527104,186,241,316
0.7729555998123426,41,482
0.7729555998123426,41,206,482
0.7729555998123426,41,259,482
0.7729555998123426,41,416,482
0.7729555998123426,41,482,496
0.7735642278425354,50,440
0.7735642278425354,15,50,440
0.7735642278425354,50,193,440
0.7739710315255922,261,395
0.7739710315255922,52,261,395
0.7739710315255922,261,395,462
0.7739710315255922,261,395,486
0.7742507680101851,164,496
0.7742507680101851,38,164,496
0.7742507680101851,68,164,496
0.7742507680101851,164,416,496
0.7743402362565177,48,494
0.7743402362565177,48,225,494
0.7743402362565177,48,387,494
0.7746316438216638,138,480
0.7746316438216638,55,138,480
0.7746316438216638,126,138,480
0.7746316438216638,138,244,480
0.7746316438216638,138,415,480
0.7746316438216638,138,468,480
0.7746316438216638,138,480,492
0.7746371225650168,319,354
0.7746371225650168,96,319,354
0.7746371225650168,180,319,354
0.7746371225650168,319,327,354
0.7746371225650168,319,354,483
0.7748437748911378,35,52
0.7748437748911378,35,52,174
0.7748437748911378,35,52,395
0.7748437748911378,35,52,486
0.7749816427844348,41,298
0.7749816427844348,41,206,298
0.7749816427844348,41,259,298
0.7749816427844348,41,298,430
0.7749816427844348,41,298,482
0.774984845713915,161,222
0.774984845713915,161,222,248
0.775045146109581,33,436
0.775045146109581,28,33,436
0.775045146109581,33,81,436
0.775045146109581,33,85,436
0.775045146109581,33,376,436
0.775074175482202,277,312
0.7752098935313472,77,229
0.7752098935313472,61,77,229
0.7752098935313472,77,229,260
0.7752098935313472,77,229,329
0.7753404249812478,51,457
0.7753404249812478,51,189,457
0.7753404249812478,51,452,457
0.7755359278761373,211,253
0.7755359278761373,154,211,253
0.7755359278761373,211,219,253
0.7755773338221181,478,485
0.7755773338221181,207,478,485
0.7755773338221181,405,478,485
0.7755773338221181,431,478,485
0.7759215641672375,271,337
0.7759215641672375,109,271,337
0.7759215641672375,271,337,343
0.7760945843001722,35,261
0.7760945843001722,35,52,261
0.7760945843001722,35,261,395
0.7760945843001722,35,261,462
0.7760945843001722,35,261,486
0.7762453482561127,322,348
0.7762453482561127,198,322,348
0.7762453482561127,227,322,348
0.776296212896185,66,401
0.776296212896185,66,119,401
0.776296212896185,66,243,401
0.776296212896185,66,290,401
0.776359529286513,216,358
0.776359529286513,96,216,358
0.776359529286513,150,216,358
0.776359529286513,216,358,374
0.776359529286513,216,358,479
0.7768893197760462,35,221
0.7768893197760462,35,174,221
0.7768893197760462,35,221,413
0.7768893197760462,35,221,486
0.7769866906465632,246,495
0.7771047024802292,328,486
0.7771047024802292,52,328,486
0.7771047024802292,328,330,486
0.7771047024802292,328,395,486
0.7771047024802292,328,463,486
0.7771047024802292,328,484,486
0.7772049387239259,310,400
0.7772049387239259,93,310,400
0.7772049387239259,220,310,400
0.7772049387239259,275,310,400
0.7773164154994008,74,271
0.7773164154994008,74,109,271
0.7773164154994008,74,271,337
0.7773164154994008,74,271,343
0.777424063183294,269,270
0.777424063183294,269,270,454
0.7774446806901628,48,102
0.7774446806901628,48,102,110
0.7774446806901628,48,102,293
0.7777965861201368,135,354
0.7777965861201368,96,135,354
0.7777965861201368,135,319,354
0.7777965861201368,135,354,483
0.7782220071678693,315,432
0.7782220071678693,152,315,432
0.7782220071678693,251,315,432
0.7782220071678693,305,315,432
0.7782220071678693,312,315,432
0.7786873834775876,299,390
0.7786873834775876,141,299,390
0.7786873834775876,299,335,390
0.7787056572473714,453,499
0.7787056572473714,101,453,499
0.7791450292397903,94,322
0.7791450292397903,21,94,322
0.7791450292397903,22,94,322
0.7791450292397903,94,322,397
0.779233817786256,16,290
0.779233817786256,16,224,290
0.779233817786256,16,255,290
0.779233817786256,16,268,290
0.779233817786256,16,290,381
0.779233817786256,16,290,409
0.7792618473361451,75,344
0.7792618473361451,2,75,344
0.7792618473361451,75,344,498
0.7796051535280529,111,417
0.7796051535280529,111,137,417
0.7796051535280529,111,245,417
0.7796822011412509,68,385
0.7796822011412509,12,68,385
0.7796822011412509,68,149,385
0.7796822011412509,68,250,385
0.7796822011412509,68,364,385
0.7796822011412509,68,385,496
0.7797019911079559,188,289
0.7797019911079559,188,273,289
0.7797019911079559,188,289,309
0.7797019911079559,188,289,325
0.7797176896743943,21,420
0.7797176896743943,21,25,420
0.7797176896743943,21,227,420
0.7797176896743943,21,420,470
0.7804872942622206,244,298
0.7804872942622206,41,244,298
0.7804872942622206,244,298,365
0.7804872942622206,244,298,430
0.7807699364380679,4,340
0.7807699364380679,4,68,340
0.7807699364380679,4,140,340
0.7807699364380679,4,169,340
0.7807699364380679,4,208,340
0.7808995264443146,17,470
0.7808995264443146,17,25,470
0.7808995264443146,17,435,470
0.7809926462911118,41,109
0.7809926462911118,12,41,109
0.7809926462911118,41,109,149
0.7810458214430993,295,333
0.7810458214430993,136,295,333
0.7810458214430993,182,295,333
0.781060112208292,136,401
0.781060112208292,87,136,401
0.781060112208292,136,182,401
0.781060112208292,136,295,401
0.7811876492583504,244,370
0.7811876492583504,138,244,370
0.7811876492583504,244,370,415
0.781264905721977,178,241
0.781264905721977,178,186,241
0.781264905721977,178,241,316
0.7814985059711702,305,340
0.7815542644172198,144,486
0.7815542644172198,144,174,486
0.7815542644172198,144,221,486
0.7816381434716474,45,486
0.7816381434716474,45,174,486
0.7816381434716474,45,395,486
0.7816381434716474,45,413,486
0.7820036634327763,214,229
0.7820036634327763,61,214,229
0.782620987235009,437,485
0.782620987235009,207,437,485
0.782620987235009,223,437,485
0.782620987235009,405,437,485
0.7826389534054379,240,261
0.7826389534054379,240,261,317
0.7826389534054379,240,261,462
0.7826644134483325,287,400
0.7826644134483325,104,287,400
0.7826644134483325,275,287,400
0.7828879139136803,200,464
0.7828879139136803,104,200,464
0.7828879139136803,200,249,464
0.7828879139136803,200,377,464
0.7828987015597244,44,204
0.7828987015597244,44,204,357
0.7828987015597244,44,204,475
0.7830091148826441,55,430
0.7830091148826441,55,126,430
0.7830091148826441,55,244,430
0.7830091148826441,55,430,468
0.7830091148826441,55,430,480
0.7830853976930485,38,140
0.7830853976930485,4,38,140
0.7830853976930485,7,38,140
0.7830853976930485,38,103,140
0.7830853976930485,38,140,208
0.7831121208831471,236,483
0.7831121208831471,199,236,483
0.7831121208831471,236,247,483
0.7831121208831471,236,318,483
0.7831121208831471,236,483,494
0.7831464108607282,65,283
0.7831464108607282,65,257,283
0.7831464108607282,65,283,380
0.7831464108607282,65,283,402
0.7831464108607282,65,283,460
0.7831744912546085,203,312
0.7831744912546085,203,284,312
0.7831744912546085,203,312,432
0.783560417256796,380,467
0.783560417256796,319,380,467
0.783560417256796,380,391,467
0.783560417256796,380,460,467
0.7836456177142334,38,120
0.7836456177142334,4,38,120
0.7836456177142334,7,38,120
0.7836456177142334,38,103,120
0.7836456177142334,38,120,140
0.7836456177142334,38,120,164
0.784080136547312,41,343
0.784080136547312,12,41,343
0.784080136547312,41,109,343
0.784080136547312,41,149,343
0.7842639979338332,213,273
0.7842639979338332,188,213,273
0.7842639979338332,213,273,383
0.7846623259603243,139,464
0.7846623259603243,105,139,464
0.7846623259603243,131,139,464
0.7846623259603243,139,177,464
0.7846623259603243,139,235,464
0.7846623259603243,139,464,490
0.7850443396268895,136,194
0.7850443396268895,87,136,194
0.7850443396268895,136,182,194
0.7850443396268895,136,194,295
0.7850443396268895,136,194,401
0.7851205003852776,21,67
0.7851205003852776,21,22,67
0.7851205003852776,21,67,94
0.7851205003852776,21,67,397
0.785337687486088,221,395
0.785337687486088,35,221,395
0.785337687486088,174,221,395
0.785337687486088,221,395,413
0.785337687486088,221,395,486
0.7854707963629053,245,476
0.7854707963629053,79,245,476
0.7854707963629053,245,417,476
0.785699274854209,20,406
0.785699274854209,20,406,461
0.7857435037649302,134,266
0.7857435037649302,42,134,266
0.7857435037649302,134,266,472
0.7858289301189364,252,346
0.7858289301189364,108,252,346
0.7858289301189364,252,311,346
0.7859474636616508,150,471
0.7859474636616508,49,150,471
0.7859474636616508,135,150,471
0.7859474636616508,150,181,471
0.7859474636616508,150,292,471
0.7859474636616508,150,319,471
0.7859474636616508,150,358,471
0.7859474636616508,150,467,471
0.7860563431949056,122,266
0.7860563431949056,42,122,266
0.7860563431949056,122,134,266
0.7860563431949056,122,266,472
0.7860801977522368,202,331
0.7860801977522368,202,331,338
0.7860801977522368,202,331,444
0.7860801977522368,202,331,497
0.786104756468518,261,330
0.786104756468518,52,261,330
0.786104756468518,88,261,330
0.786104756468518,261,304,330
0.786104756468518,261,330,395
0.786104756468518,261,330,486
0.786200371979158,18,323
0.786200371979158,18,127,323
0.786200371979158,18,281,323
0.786200371979158,18,323,334
0.786200371979158,18,323,433
0.7862456328199097,33,36
0.7862456328199097,33,36,446
0.7864290847562727,214,329
0.7864290847562727,61,214,329
0.7864290847562727,171,214,329
0.7864290847562727,214,229,329
0.7865355170117845,384,409
0.7865355170117845,384,409,477
0.7867668977782963,229,339
0.7867668977782963,214,229,339
0.7869493087184428,104,377
0.7869493087184428,104,200,377
0.7869493087184428,104,377,464
0.7872462389904719,22,69
0.7872462389904719,22,69,124
0.7872462389904719,22,69,198
0.7872462389904719,22,69,350
0.7872462389904719,22,69,379
0.7872462389904719,22,69,437
0.7872588410451069,230,303
0.7872588410451069,133,230,303
0.7872588410451069,230,303,306
0.7880279604090947,345,376
0.7880279604090947,317,345,376
0.7880813782688082,37,185
0.7880813782688082,37,183,185
0.7880813782688082,37,185,212
0.7880813782688082,37,185,231
0.7880813782688082,37,185,366
0.7881124998528872,78,178
0.7881124998528872,78,178,371
0.7883884757740987,42,46
0.7888587174813115,336,343
0.7888587174813115,40,336,343
0.7888587174813115,74,336,343
0.7888587174813115,86,336,343
0.7888587174813115,336,337,343
0.7888587174813115,336,343,364
0.7888587174813115,336,343,385
0.7888587174813115,336,343,422
0.7888587174813115,336,343,459
0.7889144297583768,259,274
0.7889144297583768,206,259,274
0.7889144297583768,259,274,298
0.7889144297583768,259,274,482
0.7889320736385503,257,450
0.7889320736385503,257,283,450
0.7889624366155725,49,460
0.7889624366155725,49,319,460
0.7889624366155725,49,460,467
0.7889624366155725,49,460,471
0.7891540758947293,21,435
0.7891540758947293,21,25,435
0.7891540758947293,21,420,435
0.7891540758947293,21,435,470
0.7893300019832743,143,193
0.7893300019832743,143,193,342
0.7893300019832743,143,193,493
0.7893355189731126,70,243
0.7894733559978041,96,181
0.7894733559978041,49,96,181
0.7894733559978041,78,96,181
0.7894733559978041,96,135,181
0.7894733559978041,96,150,181
0.7894733559978041,96,181,292
0.7894733559978041,96,181,319
0.7894733559978041,96,181,358
0.7895164684627093,236,354
0.7895164684627093,199,236,354
0.7895164684627093,236,247,354
0.7895164684627093,236,278,354
0.7895164684627093,236,318,354
0.7895164684627093,236,354,483
0.7895164684627093,236,354,494
0.7896336226781848,96,323
0.7896336226781848,96,216,323
0.7896336226781848,96,323,334
0.7896336226781848,96,323,374
0.7896336226781848,96,323,433
0.7896336226781848,96,323,479
0.78967708217218,231,381
0.78967708217218,166,231,381
0.7897104492013941,201,307
0.7897104492013941,16,201,307
0.7897104492013941,90,201,307
0.7897104492013941,175,201,307
0.7897104492013941,201,255,307
0.7898342847203103,155,235
0.7898342847203103,53,155,235
0.7898342847203103,105,155,235
0.7898342847203103,131,155,235
0.7898342847203103,139,155,235
0.7898342847203103,155,177,235
0.7898342847203103,155,235,490
0.7902242838745707,174,462
0.7902242838745707,35,174,462
0.7902242838745707,174,395,462
0.7902242838745707,174,462,486
0.790462479257162,78,98
0.790462479257162,78,98,178
0.7905144924622629,39,43
0.7905144924622629,39,43,44
0.7905144924622629,39,43,195
0.7905144924622629,39,43,488
0.7906771019241843,261,469
0.7906771019241843,52,261,469
0.7906771019241843,88,261,469
0.7906771019241843,261,304,469
0.7906771019241843,261,330,469
0.7906771019241843,261,345,469
0.7907636345416893,324,348
0.7907636345416893,80,324,348
0.7907636345416893,217,324,348
0.7907636345416893,227,324,348
0.7907636345416893,324,348,361
0.7907636345416893,324,348,423
0.7908332797615633,60,273
0.7908332797615633,60,70,273
0.7908332797615633,60,121,273
0.7908332797615633,60,273,289
0.7908332797615633,60,273,309
0.7908332797615633,60,273,388
0.7908332797615633,60,273,393
0.7911884768590773,72,344
0.7911884768590773,72,344,498
0.7912134091144097,347,486
0.7912134091144097,45,347,486
0.7912134091144097,174,347,486
0.7912134091144097,221,347,486
0.7912134091144097,347,413,486
0.7912226378036203,175,495
0.7912226378036203,90,175,495
0.7915977764699187,40,385
0.7915977764699187,40,74,385
0.7915977764699187,40,86,385
0.7915977764699187,40,109,385
0.7915977764699187,40,336,385
0.7915977764699187,40,337,385
0.7915977764699187,40,343,385
0.7915977764699187,40,385,422
0.7915977764699187,40,385,459
0.7918921963807415,126,370
0.7918921963807415,99,126,370
0.7918921963807415,126,138,370
0.7918921963807415,126,217,370
0.7918921963807415,126,244,370
0.7918921963807415,126,324,370
0.7918921963807415,126,370,415
0.7921860009869115,92,344
0.7921860009869115,75,92,344
0.7921860009869115,92,344,498
0.7922217049807567,448,461
0.7922217049807567,428,448,461
0.7922217049807567,448,461,489
0.7923160447778129,49,354
0.7923160447778129,49,96,354
0.7923160447778129,49,135,354
0.7923160447778129,49,319,354
0.7923160447778129,49,354,483
0.7923188127180649,2,10
0.7923188127180649,2,10,344
0.7923188127180649,2,10,498
0.7925393997132739,128,159
0.7925393997132739,17,128,159
0.7925393997132739,106,128,159
0.7925393997132739,107,128,159
0.7925393997132739,128,146,159
0.7925393997132739,128,159,282
0.7925393997132739,128,159,360
0.7925393997132739,128,159,389
0.7925393997132739,128,159,394
0.7925740101879224,121,163
0.7925740101879224,60,121,163
0.7926133731771476,30,100
0.7926133731771476,30,100,222
0.7926133731771476,30,100,248
0.7926133731771476,30,100,296
0.7929927177768793,11,33
0.7930423482241243,58,497
0.7930423482241243,58,202,497
0.7930423482241243,58,338,497
0.7930423482241243,58,444,497
0.7933405635769698,55,297
0.7933405635769698,55,297,468
0.7933405635769698,55,297,480
0.7933405635769698,55,297,492
0.7935960118177737,58,331
0.7935960118177737,58,202,331
0.7935960118177737,58,331,338
0.7935960118177737,58,331,444
0.7935960118177737,58,331,497
0.793925649603699,31,344
0.793925649603699,31,72,344
0.7939651054471046,174,328
0.7939651054471046,52,174,328
0.7939651054471046,174,328,330
0.7939651054471046,174,328,395
0.7939651054471046,174,328,463
0.7939651054471046,174,328,484
0.7939651054471046,174,328,486
0.7944502999262928,181,369
0.7944502999262928,181,369,408
0.7944502999262928,181,369,467
0.7944502999262928,181,369,471
0.7945617571938149,117,376
0.7945617571938149,85,117,376
0.7945617571938149,117,376,462
0.7946010848168068,199,358
0.7946010848168068,96,199,358
0.7946010848168068,199,216,358
0.7946010848168068,199,358,483
0.7947755400643199,76,200
0.7947755400643199,76,200,230
0.7947755400643199,76,200,378
0.7947755400643199,76,200,412
0.7948211642964543,49,327
0.7948211642964543,49,319,327
0.7948211642964543,49,327,354
0.7948211642964543,49,327,483
0.7950208010948878,46,266
0.7950208010948878,42,46,266
0.7951114212846417,85,446
0.7951114212846417,33,85,446
0.7951114212846417,81,85,446
0.7951114212846417,85,376,446
0.7952640661461445,278,387
0.7952640661461445,225,278,387
0.7952640661461445,275,278,387
0.7952640661461445,278,310,387
0.7952640661461445,278,387,494
0.7956302601715053,145,254
0.7956325021411378,168,320
0.7956325021411378,168,195,320
0.7956325021411378,168,320,488
0.7959550448254521,45,330
0.7959550448254521,45,174,330
0.7959550448254521,45,330,395
0.7959550448254521,45,330,449
0.7959550448254521,45,330,486
0.7960144665572596,89,313
0.796151722171805,181,479
0.796151722171805,49,181,479
0.796151722171805,78,181,479
0.796151722171805,96,181,479
0.796151722171805,135,181,479
0.796151722171805,150,181,479
0.796151722171805,181,292,479
0.796151722171805,181,358,479
0.7962602338287913,98,181
0.7962602338287913,78,98,181
0.7962602338287913,98,181,369
0.7962602338287913,98,181,408
0.7962673354867456,263,312
0.7962673354867456,203,263,312
0.7962673354867456,263,284,312
0.7962673354867456,263,312,432
0.7965335136668217,149,459
0.7965335136668217,74,149,459
0.7965335136668217,86,149,459
0.7965335136668217,109,149,459
0.7965335136668217,149,343,459
0.7965335136668217,149,364,459
0.7965335136668217,149,385,459
0.7965335136668217,149,422,459
0.797063626619815,197,408
0.797063626619815,181,197,408
0.797063626619815,190,197,408
0.797063626619815,197,408,467
0.797063626619815,197,408,471
0.7971977662148289,129,297
0.7971977662148289,55,129,297
0.7971977662148289,129,297,429
0.7971977662148289,129,297,468
0.7971977662148289,129,297,480
0.7971977662148289,129,297,492
0.7972137868242604,406,428
0.7972137868242604,406,428,461
0.797579550243512,169,221
0.797579550243512,1,169,221
0.797579550243512,148,169,221
0.797579550243512,169,221,331
0.797579550243512,169,221,497
0.7979194602162523,71,425
0.7979194602162523,71,351,425
0.7981517101406129,133,378
0.7981517101406129,76,133,378
0.7981517101406129,133,230,378
0.7982113084510064,377,378
0.7982113084510064,104,377,378
0.7982113084510064,200,377,378
0.7985729165729272,182,474
0.7985729165729272,87,182,474
0.7985729165729272,182,194,474
0.7985729165729272,182,295,474
0.7985729165729272,182,401,474
0.7987439381698979,49,374
0.7987439381698979,49,78,374
0.7987439381698979,49,96,374
0.7987439381698979,49,150,374
0.7987439381698979,49,292,374
0.7987439381698979,49,358,374
0.7987439381698979,49,374,479
0.7990101215131583,317,425
0.7990101215131583,317,345,425
0.7992888461868659,249,499
0.7992888461868659,101,249,499
0.7992888461868659,176,249,499
0.7992888461868659,249,419,499
0.7992888461868659,249,453,499
0.7993958238126849,179,202
0.7993958238126849,114,179,202
0.7993958238126849,179,202,355
0.7993958238126849,179,202,434
0.7993958238126849,179,202,438
0.8000161246685488,130,173
0.8000161246685488,130,173,336
0.8012338427201194,238,247
0.8012338427201194,93,238,247
0.8012338427201194,236,238,247
0.8012338427201194,238,247,310
0.8012338427201194,238,247,399
0.8012338427201194,238,247,481
0.8013560476831366,357,475
0.8013560476831366,44,357,475
0.8013560476831366,204,357,475
0.8016316275381861,430,492
0.8016316275381861,55,430,492
0.8016316275381861,126,430,492
0.8016316275381861,244,430,492
0.8016316275381861,365,430,492
0.8016316275381861,430,468,492
0.8016316275381861,430,480,492
0.8016888737330556,86,210
0.8016888737330556,40,86,210
0.8016888737330556,86,210,336
0.8016888737330556,86,210,337
0.8016888737330556,86,210,459
0.8017840087127457,151,417
0.8017840087127457,111,151,417
0.8017840087127457,137,151,417
0.8017840087127457,151,245,417
0.8020878521528942,104,155
0.8020878521528942,104,131,155
0.8020878521528942,104,155,400
0.8021333357783365,247,275
0.8021333357783365,220,247,275
0.8021333357783365,247,275,278
0.8021333357783365,247,275,310
0.8021333357783365,247,275,494
0.8022856815285331,38,162
0.8022856815285331,4,38,162
0.8022856815285331,7,38,162
0.8022856815285331,38,103,162
0.8022856815285331,38,120,162
0.8022856815285331,38,140,162
0.8022856815285331,38,162,164
0.8022856815285331,38,162,208
0.80253009134349,176,490
0.80253009134349,131,176,490
0.80253009134349,153,176,490
0.80253009134349,176,235,490
0.80253009134349,176,419,490
0.80253009134349,176,464,490
0.8026420172035538,269,495
0.8026420172035538,90,269,495
0.8026420172035538,175,269,495
0.8027580366458748,282,435
0.8027580366458748,17,282,435
0.8027580366458748,106,282,435
0.8027580366458748,146,282,435
0.8027580366458748,159,282,435
0.8027580366458748,187,282,435
0.8027580366458748,282,389,435
0.8027580366458748,282,394,435
0.8028608643488213,5,206
0.8028608643488213,5,206,274
0.8028608643488213,5,206,482
0.8030245703666218,118,209
0.8030245703666218,118,209,457
0.8030472712385062,252,299
0.8030472712385062,108,252,299
0.8030472712385062,252,299,335
0.8033201520628012,29,308
0.8033201520628012,29,241,308
0.8033201520628012,29,308,349
0.803557096007596,117,444
0.803557096007596,58,117,444
0.803557096007596,117,202,444
0.803557096007596,117,355,444
0.8037535068546552,53,464
0.8037535068546552,53,105,464
0.8037535068546552,53,131,464
0.8037535068546552,53,139,464
0.8037535068546552,53,177,464
0.8037535068546552,53,235,464
0.8037535068546552,53,464,490
0.8037694706837533,38,482
0.8037694706837533,38,416,482
0.8037694706837533,38,482,496
0.803824183445941,41,385
0.803824183445941,12,41,385
0.803824183445941,41,109,385
0.803824183445941,41,149,385
0.803824183445941,41,343,385
0.803824183445941,41,385,496
0.8038298477725045,37,333
0.8038298477725045,37,262,333
0.8038964923216971,233,438
0.8038964923216971,58,233,438
0.8038964923216971,202,233,438
0.8038964923216971,233,355,438
0.8038964923216971,233,434,438
0.8039607913209526,7,331
0.8039607913209526,7,162,331
0.8039607913209526,7,208,331
0.8039607913209526,7,331,338
0.8039607913209526,7,331,497
0.8042297215408449,235,249
0.8042297215408449,131,235,249
0.8042297215408449,176,235,249
0.8042297215408449,235,249,419
0.8042297215408449,235,249,464
0.804533847202298,31,498
0.804533847202298,31,72,498
0.804533847202298,31,344,498
0.8056535638542578,227,397
0.8056535638542578,21,227,397
0.8056535638542578,227,322,397
0.8057147045968571,146,470
0.8057147045968571,17,146,470
0.8057147045968571,146,435,470
0.8059352585897214,138,361
0.8059352585897214,80,138,361
0.8059352585897214,138,217,361
0.8059352585897214,138,324,361
0.8059352585897214,138,361,423
0.8059728495454641,323,406
0.8059728495454641,20,323,406
0.8059728495454641,323,374,406
0.8059728495454641,323,406,461
0.8059728495454641,323,406,479
0.8060288127250912,205,266
0.8060288127250912,205,266,285
0.8060546591352709,38,206
0.8060546591352709,38,206,416
0.8060546591352709,38,206,482
0.8060546591352709,38,206,496
0.8061212650966109,154,414
0.8064248003733214,248,418
0.8064248003733214,100,248,418
0.8064248003733214,222,248,418
0.8064248003733214,248,296,418
0.8064248003733214,248,304,418
0.8064248003733214,248,418,456
0.8065479190791014,3,10
0.8065479190791014,3,10,133
0.8066893398876437,0,196
0.8066893398876437,0,190,196
0.8066893398876437,0,196,369
0.8070026411909537,183,333
0.8070026411909537,37,183,333
0.8070637797347574,3,195
0.8070637797347574,3,39,195
0.8070637797347574,3,168,195
0.8070637797347574,3,195,421
0.8070637797347574,3,195,488
0.8071557148298979,226,270
0.8071557148298979,59,226,270
0.8071557148298979,226,270,454
0.807344141470643,175,255
0.807344141470643,16,175,255
0.807344141470643,175,201,255
0.807344141470643,175,255,307
0.8073767434135881,117,179
0.8073767434135881,114,117,179
0.8073767434135881,117,179,202
0.8073767434135881,117,179,355
0.8073885948938982,183,262
0.8073885948938982,37,183,262
0.8073885948938982,183,262,333
0.8075404280221324,172,323
0.8075404280221324,172,323,374
0.8075404280221324,172,323,406
0.8075404280221324,172,323,479
0.8078094675899157,24,313
0.8079667319049959,41,74
0.8079667319049959,12,41,74
0.8079667319049959,41,74,109
0.8079667319049959,41,74,149
0.8079667319049959,41,74,343
0.8079667319049959,41,74,385
0.8079667319049959,41,74,496
0.8087004674063895,167,396
0.8087004674063895,8,167,396
0.8087004674063895,167,396,443
0.8088600907746454,56,439
0.8092469796010514,114,462
0.8092469796010514,58,114,462
0.8092469796010514,114,117,462
0.8092469796010514,114,202,462
0.8092469796010514,114,355,462
0.8093113776956317,278,483
0.8093113776956317,236,278,483
0.8093113776956317,247,278,483
0.8093113776956317,278,354,483
0.8093113776956317,278,483,494
0.8100301033915224,160,276
0.8100301033915224,160,205,276
0.8100301033915224,160,215,276
0.8100301033915224,160,276,277
0.8100437134646331,26,312
0.8100437134646331,26,203,312
0.8100437134646331,26,263,312
0.8100437134646331,26,284,312
0.8100437134646331,26,312,432
0.8100803465169287,221,444
0.8100803465169287,1,221,444
0.8100803465169287,144,221,444
0.8100803465169287,221,331,444
0.8100803465169287,221,444,497
0.8101876795844271,35,144
0.8101876795844271,35,144,174
0.8101876795844271,35,144,221
0.8101876795844271,35,144,486
0.8104128816859199,350,485
0.8104128816859199,207,350,485
0.8104128816859199,223,350,485
0.8104128816859199,350,405,485
0.8104128816859199,350,437,485
0.8106628922559751,216,318
0.8106628922559751,199,216,318
0.8106628922559751,216,281,318
0.8106628922559751,216,318,334
0.8106628922559751,216,318,433
0.8107249058248687,181,371
0.8107249058248687,78,181,371
0.8107249058248687,150,181,371
0.8107249058248687,181,292,371
0.8107249058248687,181,358,371
0.8107249058248687,181,371,479
0.8107663506751291,66,384
0.8107663506751291,66,163,384
0.8107663506751291,66,384,409
0.8107663506751291,66,384,477
0.8109028517493782,110,442
0.8113193764148317,60,286
0.8113193764148317,60,286,393
0.8114362207323674,177,419
0.8114362207323674,131,177,419
0.8114362207323674,153,177,419
0.8114362207323674,177,235,419
0.8114362207323674,177,419,464
0.8114362207323674,177,419,490
0.8114678917768087,94,379
0.8114678917768087,22,94,379
0.8114678917768087,67,94,379
0.81194168984681,347,395
0.81194168984681,45,347,395
0.81194168984681,174,347,395
0.81194168984681,221,347,395
0.81194168984681,347,395,413
0.81194168984681,347,395,486
0.8120043777963819,16,90
0.8120043777963819,16,90,175
0.8120043777963819,16,90,201
0.8120043777963819,16,90,239
0.8120043777963819,16,90,307
0.8120984553126245,49,380
0.8120984553126245,49,319,380
0.8120984553126245,49,380,460
0.8120984553126245,49,380,467
0.8122790598941649,107,271
0.8122790598941649,47,107,271
0.8122790598941649,107,128,271
0.8122790598941649,107,271,282
0.8122790598941649,107,271,291
0.8122790598941649,107,271,389
0.8124303825098176,131,321
0.8124303825098176,53,131,321
0.8124303825098176,105,131,321
0.8124303825098176,131,139,321
0.8124303825098176,131,155,321
0.8124303825098176,131,177,321
0.8124303825098176,131,321,490
0.812461240658697,293,300
0.812461240658697,110,293,300
0.8124749423666956,58,179
0.8124749423666956,58,114,179
0.8124749423666956,58,117,179
0.8124749423666956,58,179,202
0.8124749423666956,58,179,355
0.8124749423666956,58,179,438
0.8125102086650533,5,134
0.8125102086650533,5,122,134
0.8125102086650533,5,134,472
0.8134736083679664,67,322
0.8134736083679664,21,67,322
0.8134736083679664,22,67,322
0.8134736083679664,67,94,322
0.8134736083679664,67,124,322
0.8134736083679664,67,322,397
0.813543642346683,234,466
0.813543642346683,8,234,466
0.813543642346683,97,234,466
0.813543642346683,234,396,466
0.813543642346683,234,443,466
0.813543642346683,234,451,466
0.8136724044131896,118,439
0.8136724044131896,118,326,439
0.8138265335760155,135,391
0.8138265335760155,135,319,391
0.8138265335760155,135,391,467
0.8138265335760155,135,391,471
0.8139403852020923,369,391
0.8139403852020923,0,369,391
0.8139403852020923,190,369,391
0.8139403852020923,369,391,467
0.8139403852020923,369,391,471
0.8139501962180345,31,104
0.8139501962180345,31,104,287
0.8139501962180345,31,104,378
0.8139501962180345,31,104,382
0.8140828069986945,104,412
0.8140828069986945,31,104,412
0.8140828069986945,104,200,412
0.8140828069986945,104,287,412
0.8140828069986945,104,378,412
0.8140828069986945,104,382,412
0.8146224805448883,103,497
0.8146224805448883,4,103,497
0.8146224805448883,7,103,497
0.8146224805448883,103,140,497
0.8146224805448883,103,162,497
0.8146224805448883,103,208,497
0.8146224805448883,103,338,497
0.8149012399659813,254,281
0.8149012399659813,18,254,281
0.8156727390393383,162,202
0.8156727390393383,162,202,331
0.8156727390393383,162,202,338
0.8156727390393383,162,202,444
0.8156727390393383,162,202,497
0.8157105596407204,379,405
0.8157105596407204,67,379,405
0.8157105596407204,207,379,405
0.8157105596407204,223,379,405
0.8157105596407204,350,379,405
0.8157105596407204,379,405,437
0.81623939640831,461,479
0.81623939640831,216,461,479
0.81623939640831,308,461,479
0.81623939640831,323,461,479
0.81623939640831,374,461,479
0.81623939640831,406,461,479
0.8163495253988797,32,33
0.8163495253988797,11,32,33
0.8163495253988797,32,33,36
0.8163495253988797,32,33,446
0.816681272062415,223,499
0.816681272062415,223,372,499
0.8169120082071493,114,233
0.8169120082071493,58,114,233
0.8169120082071493,114,202,233
0.8169120082071493,114,233,355
0.8169120082071493,114,233,434
0.8169120082071493,114,233,438
0.8170747649804478,86,167
0.8170747649804478,40,86,167
0.8170747649804478,86,167,210
0.8170747649804478,86,167,336
0.8170747649804478,86,167,337
0.8170747649804478,86,167,459
0.817094303332225,219,356
0.817094303332225,219,237,356
0.817094303332225,219,301,356
0.8171930108592508,265,384
0.8171930108592508,226,265,384
0.8171930108592508,242,265,384
0.8171930108592508,265,316,384
0.8173979128899356,78,467
0.8173979128899356,49,78,467
0.8173979128899356,78,135,467
0.8173979128899356,78,150,467
0.8173979128899356,78,181,467
0.8173979128899356,78,292,467
0.8173979128899356,78,358,467
0.8174730854036673,100,161
0.8174730854036673,100,161,222
0.8174730854036673,100,161,248
0.8178508601066325,140,444
0.8178508601066325,1,140,444
0.8178508601066325,140,162,444
0.8178508601066325,140,208,444
0.8178508601066325,140,338,444
0.8178508601066325,140,444,497
0.8179156135672827,156,190
0.8179156135672827,9,156,190
0.8179156135672827,156,190,196
0.8180366580456803,121,286
0.8180366580456803,60,121,286
0.8180366580456803,121,286,393
0.8181094047279043,35,330
0.8181094047279043,35,52,330
0.8181094047279043,35,174,330
0.8181094047279043,35,261,330
0.8181094047279043,35,330,395
0.8181094047279043,35,330,486
0.8185388117590848,241,406
0.8185388117590848,172,241,406
0.8185388117590848,241,308,406
0.8185388117590848,241,349,406
0.8187064620012334,204,254
0.818901169976412,343,496
0.818901169976412,12,343,496
0.818901169976412,41,343,496
0.818901169976412,74,343,496
0.818901169976412,149,343,496
0.818901169976412,343,364,496
0.818901169976412,343,385,496
0.8191205988252743,76,367
0.8191205988252743,31,76,367
0.8191205988252743,76,367,382
0.8191205988252743,76,367,412
0.8195202095915294,55,415
0.8195202095915294,55,126,415
0.8195202095915294,55,138,415
0.8195202095915294,55,244,415
0.8195202095915294,55,415,430
0.8195202095915294,55,415,468
0.8195202095915294,55,415,480
0.8199013475515197,217,420
0.8199013475515197,80,217,420
0.8199013475515197,99,217,420
0.8199013475515197,217,324,420
0.8199013475515197,217,370,420
0.8199013475515197,217,420,423
0.8200918906587136,105,419
0.8200918906587136,105,131,419
0.8200918906587136,105,177,419
0.8200918906587136,105,235,419
0.8200918906587136,105,419,464
0.8200918906587136,105,419,490
0.820245718697699,152,439
0.820245718697699,147,152,439
0.820245718697699,152,157,439
0.820245718697699,152,305,439
0.820245718697699,152,315,439
0.8204821035798567,58,144
0.8204821035798567,35,58,144
0.8204821035798567,58,144,331
0.8204821035798567,58,144,338
0.8204821035798567,58,144,444
0.8204821035798567,58,144,497
0.8209179692371169,72,310
0.8209179692371169,72,225,310
0.8209179692371169,72,275,310
0.8209179692371169,72,310,387
0.8209701666163286,38,149
0.8209701666163286,38,68,149
0.8209701666163286,38,149,250
0.8209701666163286,38,149,416
0.8209701666163286,38,149,496
0.8209893239188052,47,146
0.8209893239188052,47,107,146
0.8209893239188052,47,128,146
0.8209893239188052,47,146,282
0.8209893239188052,47,146,389
0.8212823936813729,34,206
0.8212823936813729,5,34,206
0.8212823936813729,34,206,274
0.8212823936813729,34,206,482
0.8213112455435646,238,318
0.8213112455435646,93,238,318
0.8213112455435646,236,238,318
0.8213112455435646,238,247,318
0.8213112455435646,238,310,318
0.8213112455435646,238,318,399
0.8213112455435646,238,318,481
0.8213788817862608,183,231
0.8213788817862608,37,183,231
0.8213788817862608,183,185,231
0.8213788817862608,183,212,231
0.8213788817862608,183,231,366
0.8214395688730832,124,397
0.8214395688730832,22,124,397
0.8214395688730832,67,124,397
0.8214395688730832,124,322,397
0.8215839462824177,401,409
0.8215839462824177,66,401,409
0.8215839462824177,290,401,409
0.8215839462824177,381,401,409
0.8216457062353526,92,300
0.8216457062353526,92,300,302
0.8217185425857204,191,282
0.8217185425857204,187,191,282
0.8217185425857204,191,282,441
0.8217325653875803,98,316
0.8217325653875803,98,178,316
0.8218305165046975,12,206
0.8218305165046975,12,41,206
0.8218305165046975,12,206,416
0.8218305165046975,12,206,496
0.8219268648731896,472,482
0.8219268648731896,5,472,482
0.8219268648731896,34,472,482
0.8219268648731896,274,472,482
0.8219804975974656,71,446
0.8219804975974656,36,71,446
0.8219804975974656,71,288,446
0.8220250129508484,142,251
0.8220250129508484,142,173,251
0.8220282110558491,131,200
0.8220282110558491,101,131,200
0.8220282110558491,104,131,200
0.8220282110558491,131,200,249
0.8220282110558491,131,200,464
0.8222206452877114,264,451
0.8222206452877114,97,264,451
0.8223664081822332,203,205
0.8223664081822332,203,205,276
0.8225253435704231,273,286
0.8225253435704231,60,273,286
0.8225253435704231,121,273,286
0.8225253435704231,213,273,286
0.8225253435704231,273,286,383
0.8225253435704231,273,286,393
0.8226950999654856,11,132
0.8226950999654856,11,32,132
0.8227114512063337,314,487
0.8229167904253155,203,277
0.8229167904253155,203,205,277
0.8229167904253155,203,276,277
0.8229167904253155,203,277,312
0.8229454690489434,81,240
0.8229454690489434,81,85,240
0.8229454690489434,81,240,317
0.8229454690489434,81,240,462
0.8231603679218185,88,418
0.8231603679218185,88,100,418
0.8231603679218185,88,248,418
0.8231603679218185,88,304,418
0.8231603679218185,88,418,456
0.8232583457488428,330,359
0.8232583457488428,45,330,359
0.8232583457488428,330,359,447
0.8232583457488428,330,359,449
0.8235528311622184,187,441
0.8235528311622184,187,191,441
0.8235528311622184,187,282,441
0.8235909954340446,236,363
0.8235909954340446,93,236,363
0.8235909954340446,236,238,363
0.8235909954340446,236,363,399
0.8235909954340446,236,363,481
0.8237808680787484,225,293
0.8237808680787484,48,225,293
0.8237808680787484,225,293,387
0.8239022315495107,118,154
0.8239324132833682,55,365
0.8239324132833682,55,244,365
0.8239324132833682,55,297,365
0.8239324132833682,55,365,430
0.8239324132833682,55,365,468
0.8239324132833682,55,365,480
0.8239324132833682,55,365,492
0.8240348519346007,11,446
0.8240348519346007,11,32,446
0.8240348519346007,11,33,446
0.8240348519346007,11,132,446
0.8242017242617977,250,343
0.8242017242617977,12,250,343
0.8242017242617977,74,250,343
0.8242017242617977,86,250,343
0.8242017242617977,149,250,343
0.8242017242617977,250,343,364
0.8242017242617977,250,343,385
0.8242017242617977,250,343,422
0.8242017242617977,250,343,496
0.8244626815672954,236,281
0.8244626815672954,199,236,281
0.8244626815672954,236,281,318
0.8244626815672954,236,281,363
0.8244626815672954,236,281,399
0.8244626815672954,236,281,481
0.8245143163198603,162,233
0.8245143163198603,162,202,233
0.8245143163198603,162,233,444
0.8245493570719832,298,416
0.8245493570719832,41,298,416
0.8245493570719832,206,298,416
0.8245493570719832,259,298,416
0.8245493570719832,298,416,482
0.8248568291977811,15,428
0.8248568291977811,15,50,428
0.8248568291977811,15,428,448
0.8251013601013558,101,419
0.8251013601013558,101,131,419
0.8251013601013558,101,176,419
0.8251013601013558,101,249,419
0.8251013601013558,101,419,499
0.8251248787742953,334,479
0.8251248787742953,96,334,479
0.8251248787742953,216,334,479
0.8251248787742953,323,334,479
0.8251248787742953,334,461,479
0.8256757887575004,328,456
0.8256757887575004,52,328,456
0.8256757887575004,88,328,456
0.8256757887575004,304,328,456
0.8256757887575004,328,456,463
0.8256757887575004,328,456,484
0.8257599272205532,39,421
0.8257599272205532,3,39,421
0.8257599272205532,39,168,421
0.8257599272205532,39,195,421
0.8257599272205532,39,421,488
0.8259153089553575,147,251
0.8259153089553575,147,152,251
0.8259153089553575,147,251,305
0.8259153089553575,147,251,315
0.8261891576456925,25,397
0.8261891576456925,21,25,397
0.8261891576456925,25,94,397
0.8261891576456925,25,227,397
0.8262965594264603,375,457
0.8262965594264603,56,375,457
0.8262965594264603,189,375,457
0.8262965594264603,209,375,457
0.8263470281313757,55,324
0.8263470281313757,55,126,324
0.8263470281313757,55,138,324
0.8263470281313757,55,217,324
0.8263470281313757,55,324,415
0.8268983463566694,386,426
0.8268983463566694,267,386,426
0.8268983463566694,386,426,427
0.8271283033484617,210,396
0.8271283033484617,8,210,396
0.8271283033484617,167,210,396
0.8271283033484617,210,396,443
0.8271459408445162,116,455
0.8278612211607236,274,416
0.8278612211607236,206,274,416
0.8278612211607236,259,274,416
0.8278612211607236,274,298,416
0.8278612211607236,274,416,482
0.8278853495480359,172,461
0.8278853495480359,172,308,461
0.8278853495480359,172,323,461
0.8278853495480359,172,374,461
0.8278853495480359,172,406,461
0.8278853495480359,172,461,479
0.8279725334182091,93,199
0.8279725334182091,93,199,236
0.8279725334182091,93,199,247
0.8279725334182091,93,199,318
0.8279725334182091,93,199,494
0.8280837670951914,343,410
0.8280837670951914,40,343,410
0.8280837670951914,109,343,410
0.8280837670951914,337,343,410
0.8280837670951914,343,410,459
0.8285504026306769,136,183
0.8285504026306769,136,183,185
0.8285504026306769,136,183,231
0.8285504026306769,136,183,333
0.8285504026306769,136,183,366
0.8287260303216064,80,470
0.8287260303216064,80,99,470
0.8287260303216064,80,227,470
0.8287260303216064,80,324,470
0.8287260303216064,80,370,470
0.8287260303216064,80,420,470
0.8287260303216064,80,423,470
0.8288655716818739,226,349
0.8288655716818739,29,226,349
0.8288655716818739,59,226,349
0.8288655716818739,226,241,349
0.8288655716818739,226,265,349
0.8288655716818739,226,280,349
0.82922485695542,10,76
0.82922485695542,10,76,133
0.82922485695542,10,76,404
0.8292732167553696,46,134
0.8292732167553696,42,46,134
0.8292732167553696,46,134,266
0.8294324265411716,258,480
0.8294324265411716,258,297,480
0.8294324265411716,258,365,480
0.8294980583000248,28,462
0.8294980583000248,28,81,462
0.8294980583000248,28,85,462
0.8294980583000248,28,114,462
0.8294980583000248,28,376,462
0.8295409236167165,187,470
0.8295409236167165,17,187,470
0.8295409236167165,146,187,470
0.8295409236167165,187,435,470
0.8297746580371052,243,290
0.8297746580371052,66,243,290
0.8297746580371052,87,243,290
0.8297746580371052,119,243,290
0.8297746580371052,243,290,401
0.8303215226402482,87,231
0.8303215226402482,87,136,231
0.8303215226402482,87,166,231
0.8303215226402482,87,182,231
0.8303215226402482,87,231,381
0.8305702442130342,337,364
0.8305702442130342,74,337,364
0.8305702442130342,86,337,364
0.8305702442130342,109,337,364
0.8305702442130342,336,337,364
0.8305702442130342,337,343,364
0.8305702442130342,337,364,385
0.8305702442130342,337,364,422
0.8305702442130342,337,364,459
0.8306591745759142,58,240
0.8306591745759142,58,117,240
0.8306591745759142,58,240,355
0.8306591745759142,58,240,462
0.8306714016826342,140,331
0.8306714016826342,1,140,331
0.8306714016826342,7,140,331
0.8306714016826342,140,162,331
0.8306714016826342,140,169,331
0.8306714016826342,140,208,331
0.8306714016826342,140,331,338
0.8306714016826342,140,331,444
0.8306714016826342,140,331,497
0.8306861637924287,105,153
0.8306861637924287,105,131,153
0.8306861637924287,105,153,177
0.8306861637924287,105,153,235
0.8306861637924287,105,153,419
0.8306861637924287,105,153,464
0.8306861637924287,105,153,490
0.830750031047223,261,376
0.830750031047223,261,317,376
0.830750031047223,261,345,376
0.830750031047223,261,376,462
0.8308666383936898,35,376
0.8308666383936898,35,117,376
0.8308666383936898,35,261,376
0.8308666383936898,35,376,462
0.8312057653223639,12,441
0.8312057653223639,12,41,441
0.8312789920520859,233,338
0.8312789920520859,58,233,338
0.8312789920520859,162,233,338
0.8312789920520859,202,233,338
0.8312789920520859,233,338,444
0.8315548744432891,95,393
0.8315548744432891,60,95,393
0.8315548744432891,70,95,393
0.8315548744432891,95,121,393
0.8315548744432891,95,289,393
0.8315548744432891,95,309,393
0.8315548744432891,95,388,393
0.8317676723248936,1,148
0.8317676723248936,1,148,169
0.8317676723248936,1,148,221
0.8317983141806952,368,495
0.8317983141806952,246,368,495
0.8318250354856845,191,430
0.8318250354856845,191,415,430
0.8320071583292608,48,310
0.8320071583292608,48,225,310
0.8320071583292608,48,310,387
0.8320071583292608,48,310,494
0.8320115907582794,134,274
0.8320115907582794,5,134,274
0.8320115907582794,122,134,274
0.8320115907582794,134,274,472
0.8320471413977083,118,272
0.8320471413977083,118,272,326
0.8320471413977083,118,272,439
0.8323133065969163,380,471
0.8323133065969163,49,380,471
0.8323133065969163,319,380,471
0.8323133065969163,380,391,471
0.8323133065969163,380,460,471
0.8323133065969163,380,467,471
0.8325149121931724,31,225
0.8325149121931724,31,72,225
0.8325149121931724,31,225,275
0.8325149121931724,31,225,287
0.8325149121931724,31,225,367
0.8325149121931724,31,225,382
0.8325251958580394,150,199
0.8325251958580394,96,150,199
0.8325251958580394,150,199,216
0.8325251958580394,150,199,358
0.8325251958580394,150,199,483
0.8326265125348643,68,422
0.8326265125348643,12,68,422
0.8326265125348643,68,149,422
0.8326265125348643,68,250,422
0.8326265125348643,68,364,422
0.8326265125348643,68,385,422
0.8326265125348643,68,422,473
0.832771449159022,209,439
0.832771449159022,56,209,439
0.832771449159022,118,209,439
0.8327824432382436,37,136
0.8327824432382436,37,136,183
0.8327824432382436,37,136,185
0.8327824432382436,37,136,231
0.8327824432382436,37,136,333
0.8327824432382436,37,136,366
0.8327933607208959,45,328
0.8327933607208959,45,174,328
0.8327933607208959,45,328,330
0.8327933607208959,45,328,395
0.8327933607208959,45,328,486
0.8328294248471835,28,446
0.8328294248471835,28,33,446
0.8328294248471835,28,81,446
0.8328294248471835,28,85,446
0.8328294248471835,28,376,446
0.8328641648668866,63,196
0.8328641648668866,63,156,196
0.8328641648668866,63,196,286
0.8330211983561743,255,384
0.8330211983561743,255,307,384
0.8330211983561743,255,384,409
0.8330211983561743,255,384,477
0.8332277421713329,135,197
0.8332277421713329,135,181,197
0.8332277421713329,135,197,319
0.8332277421713329,135,197,391
0.8332277421713329,135,197,467
0.8332277421713329,135,197,471
0.8336082985312309,335,410
0.833673920344105,222,304
0.833673920344105,100,222,304
0.833673920344105,222,248,304
0.833673920344105,222,304,418
0.833673920344105,222,304,456
0.8340762350963873,246,257
0.8340762350963873,65,246,257
0.8340762350963873,228,246,257
0.8342563691857456,275,412
0.8342563691857456,31,275,412
0.8342563691857456,275,287,412
0.8342563691857456,275,367,412
0.8342563691857456,275,382,412
0.8344500345390349,77,214
0.8344500345390349,61,77,214
0.8344500345390349,77,171,214
0.8344500345390349,77,214,229
0.8344500345390349,77,214,329
0.8344996273132903,137,325
0.8344996273132903,137,188,325
0.8346022319570418,77,83
0.8346022319570418,77,83,329
0.8347230649329892,338,355
0.8347230649329892,58,338,355
0.8347230649329892,202,338,355
0.8347230649329892,233,338,355
0.8347230649329892,338,355,444
0.8349759044726766,98,467
0.8349759044726766,78,98,467
0.8349759044726766,98,181,467
0.8349759044726766,98,190,467
0.8349759044726766,98,369,467
0.8349759044726766,98,408,467
0.8351727780859333,9,30
0.8351727780859333,9,30,156
0.8351727780859333,9,30,353
0.8354857168335262,181,483
0.8354857168335262,49,181,483
0.8354857168335262,96,181,483
0.8354857168335262,135,181,483
0.8354857168335262,150,181,483
0.8354857168335262,181,292,483
0.8354857168335262,181,319,483
0.8354857168335262,181,358,483
0.8357853583900784,211,356
0.8357853583900784,211,219,356
0.8357853583900784,211,237,356
0.8357853583900784,211,301,356
0.8358502037539957,186,384
0.8358502037539957,163,186,384
0.8358502037539957,186,265,384
0.8358502037539957,186,316,384
0.8361534877791529,68,140
0.8361534877791529,4,68,140
0.8361534877791529,7,68,140
0.8361534877791529,38,68,140
0.8361534877791529,68,103,140
0.8361534877791529,68,140,208
0.8361534877791529,68,140,340
0.8365570085765075,228,495
0.8365570085765075,228,246,495
0.8365570085765075,228,368,495
0.836927047220782,53,84
0.836927047220782,53,84,321
0.83722366787152,271,422
0.83722366787152,74,271,422
0.83722366787152,109,271,422
0.83722366787152,271,337,422
0.83722366787152,271,343,422
0.8372671870716882,201,269
0.8372671870716882,90,201,269
0.8372671870716882,175,201,269
0.8372917289261058,194,333
0.8372917289261058,136,194,333
0.8372917289261058,182,194,333
0.8372917289261058,194,295,333
0.8378953429325252,171,260
0.8378953429325252,61,171,260
0.8378953429325252,77,171,260
0.8378953429325252,171,260,329
0.8380573700094115,104,275
0.8380573700094115,31,104,275
0.8380573700094115,104,275,287
0.8380573700094115,104,275,382
0.8380573700094115,104,275,400
0.8380573700094115,104,275,412
0.8381162038803638,252,410
0.8381162038803638,130,252,410
0.8381162038803638,252,335,410
0.8384880162210314,18,216
0.8384880162210314,18,127,216
0.8384880162210314,18,216,281
0.8384880162210314,18,216,323
0.8384880162210314,18,216,334
0.8384880162210314,18,216,433
0.8385501240560815,485,499
0.8385501240560815,223,485,499
0.8385501240560815,372,485,499
0.8389301308974175,156,369
0.8389301308974175,156,190,369
0.8389301308974175,156,196,369
0.8390870033220327,164,482
0.8390870033220327,38,164,482
0.8390870033220327,164,416,482
0.8390870033220327,164,482,496
0.8391492610146366,436,446
0.8391492610146366,28,436,446
0.8391492610146366,33,436,446
0.8391492610146366,81,436,446
0.8391492610146366,85,436,446
0.8391492610146366,376,436,446
0.8395962975424718,230,453
0.8395962975424718,101,230,453
0.8395962975424718,230,249,453
0.8395962975424718,230,306,453
0.8396125057846636,23,451
0.8396125057846636,8,23,451
0.8396125057846636,23,97,451
0.8396125057846636,23,234,451
0.8396125057846636,23,396,451
0.8396125057846636,23,443,451
0.8396914863092114,143,458
0.8397284603814124,440,448
0.8397284603814124,15,440,448
0.8397284603814124,50,440,448
0.8397284603814124,193,440,448
0.840009740441634,98,471
0.840009740441634,98,181,471
0.840009740441634,98,190,471
0.840009740441634,98,369,471
0.840009740441634,98,408,471
0.840009740441634,98,467,471
0.8400919725119459,379,397
0.8400919725119459,22,379,397
0.8400919725119459,67,379,397
0.8400919725119459,94,379,397
0.8400919725119459,124,379,397
0.8402048947833686,31,387
0.8402048947833686,31,72,387
0.8402048947833686,31,225,387
0.8402048947833686,31,275,387
0.8402048947833686,31,287,387
0.8402048947833686,31,367,387
0.8402048947833686,31,382,387
0.8403652206646169,317,462
0.8403652206646169,81,317,462
0.8403652206646169,85,317,462
0.8403652206646169,240,317,462
0.8403652206646169,261,317,462
0.8403652206646169,317,376,462
0.840536013431405,38,122
0.840536013431405,38,120,122
0.840536013431405,38,122,164
0.840636199947403,117,486
0.840636199947403,35,117,486
0.840636199947403,117,462,486
0.8406426259105029,227,370
0.8406426259105029,80,227,370
0.8406426259105029,227,324,370
0.8406426259105029,227,370,420
0.8406426259105029,227,370,423
0.8406426259105029,227,370,470
0.8406693220595889,367,378
0.8406693220595889,31,367,378
0.8406693220595889,76,367,378
0.8406693220595889,287,367,378
0.8406693220595889,367,378,382
0.8406693220595889,367,378,412
0.8408199527900665,99,244
0.8408199527900665,99,126,244
0.8408199527900665,99,138,244
0.8408199527900665,99,244,370
0.8408199527900665,99,244,415
0.8408293791346112,218,426
0.8408293791346112,218,267,426
0.8410037741204239,30,418
0.8410037741204239,30,100,418
0.8410037741204239,30,213,418
0.8410037741204239,30,222,418
0.8410037741204239,30,248,418
0.8410037741204239,30,296,418
0.8413095137080927,34,122
0.8413095137080927,5,34,122
0.8413095137080927,34,122,274
0.8413095137080927,34,122,472
0.8415891580955137,198,397
0.8415891580955137,22,198,397
0.8415891580955137,124,198,397
0.8415891580955137,198,322,397
0.8415891580955137,198,379,397
0.8416063140327568,41,191
0.8416063140327568,41,191,415
0.8416063140327568,41,191,430
0.8416063140327568,41,191,441
0.8416801880945678,338,438
0.8416801880945678,58,338,438
0.8416801880945678,202,338,438
0.8416801880945678,233,338,438
0.8416801880945678,338,355,438
0.8417095290790301,199,399
0.8417095290790301,93,199,399
0.8417095290790301,199,236,399
0.8417095290790301,199,247,399
0.8417095290790301,199,281,399
0.8417095290790301,199,318,399
0.8419003674291141,163,393
0.8419003674291141,60,163,393
0.8419003674291141,121,163,393
0.8420584218358489,223,478
0.8420584218358489,207,223,478
0.8420584218358489,223,405,478
0.8420584218358489,223,431,478
0.8420584218358489,223,478,485
0.8422854301785543,305,312
0.8422854301785543,305,312,315
0.8422854301785543,305,312,432
0.8424876336684249,410,451
0.8424876336684249,335,410,451
0.8426472441528249,34,298
0.8426472441528249,34,206,298
0.8426472441528249,34,274,298
0.8426472441528249,34,298,482
0.842890145133038,148,340
0.842890145133038,148,169,340
0.842890145133038,148,305,340
0.8431660634002537,128,234
0.8431660634002537,23,128,234
0.8433130965792706,181,391
0.8433130965792706,135,181,391
0.8433130965792706,181,197,391
0.8433130965792706,181,319,391
0.8433130965792706,181,369,391
0.8433130965792706,181,391,467
0.8433130965792706,181,391,471
0.8433421559883145,370,430
0.8433421559883145,126,370,430
0.8433421559883145,191,370,430
0.8433421559883145,244,370,430
0.8433421559883145,370,415,430
0.8433762950704441,229,267
0.8433762950704441,89,229,267
0.8433762950704441,229,260,267
0.8433762950704441,229,267,386
0.8433762950704441,229,267,427
0.8435777606493186,232,352
0.8435777606493186,69,232,352
0.8435777606493186,124,232,352
0.8435777606493186,198,232,352
0.8435777606493186,232,352,411
0.8436079835661562,180,278
0.8436079835661562,180,278,354
0.8436079835661562,180,278,483
0.8439369792993971,132,356
0.8439369792993971,132,237,356
0.8439369792993971,132,301,356
0.8439578686532166,127,281
0.8439578686532166,18,127,281
0.8439578686532166,127,216,281
0.8439578686532166,127,281,323
0.8439578686532166,127,281,334
0.8439578686532166,127,281,433
0.8440150272453305,16,384
0.8440150272453305,16,255,384
0.8440150272453305,16,307,384
0.8440150272453305,16,384,409
0.8440150272453305,16,384,477
0.8444024228693264,91,472
0.8444024228693264,5,91,472
0.8444024228693264,34,91,472
0.8444024228693264,91,274,472
0.8445439468404444,129,258
0.8445439468404444,129,258,297
0.8445439468404444,129,258,429
0.8445439468404444,129,258,480
0.8446912973176147,4,42
0.8446912973176147,4,42,120
0.8446912973176147,4,42,164
0.8447213586221907,184,228
0.8447213586221907,19,184,228
0.8447213586221907,184,228,246
0.8447213586221907,184,228,368
0.8447213586221907,184,228,373
0.8447925272631718,183,218
0.8447993016164886,155,464
0.8447993016164886,53,155,464
0.8447993016164886,104,155,464
0.8447993016164886,105,155,464
0.8447993016164886,131,155,464
0.8447993016164886,139,155,464
0.8447993016164886,155,177,464
0.8447993016164886,155,235,464
0.8447993016164886,155,464,490
0.8448331798554675,172,178
0.8448331798554675,78,172,178
0.8448331798554675,172,178,241
0.8448331798554675,172,178,371
0.8449907766694378,170,262
0.8451185858484463,351,476
0.8451185858484463,79,351,476
0.8453933763539209,399,494
0.8453933763539209,93,399,494
0.8453933763539209,199,399,494
0.8453933763539209,236,399,494
0.8453933763539209,247,399,494
0.8453933763539209,310,399,494
0.8453933763539209,318,399,494
0.8455029535882003,112,410
0.8455029535882003,112,130,410
0.8455029535882003,112,252,410
0.8457474701512991,101,235
0.8457474701512991,101,131,235
0.8457474701512991,101,176,235
0.8457474701512991,101,235,249
0.8457474701512991,101,235,419
0.8458132495156285,0,197
0.8458132495156285,0,190,197
0.8458132495156285,0,197,391
0.8460913445266824,197,369
0.8460913445266824,0,197,369
0.8460913445266824,181,197,369
0.8460913445266824,190,197,369
0.8460913445266824,197,369,391
0.8460913445266824,197,369,408
0.8460913445266824,197,369,467
0.8460913445266824,197,369,471
0.8461172134917254,436,462
0.8461172134917254,28,436,462
0.8461172134917254,81,436,462
0.8461172134917254,85,436,462
0.8461172134917254,114,436,462
0.8461172134917254,376,436,462
0.846166636884771,78,319
0.846166636884771,49,78,319
0.846166636884771,78,96,319
0.846166636884771,78,135,319
0.846166636884771,78,150,319
0.846166636884771,78,181,319
0.846166636884771,78,292,319
0.846166636884771,78,319,358
0.846166636884771,78,319,467
0.8461812113156536,47,394
0.8461812113156536,47,107,394
0.8461812113156536,47,128,394
0.8461812113156536,47,146,394
0.8461812113156536,47,282,394
0.8461812113156536,47,389,394
0.8462030793520733,354,358
0.8462030793520733,49,354,358
0.8462030793520733,96,354,358
0.8462030793520733,135,354,358
0.8462030793520733,199,354,358
0.8462030793520733,319,354,358
0.8462030793520733,354,358,483
0.8464413110183305,32,356
0.8464413110183305,32,132,356
0.8468491536734908,62,209
0.8468491536734908,62,189,209
0.8468491536734908,62,209,452
0.8468854453186673,318,363
0.8468854453186673,93,318,363
0.8468854453186673,236,318,363
0.8468854453186673,238,318,363
0.8468854453186673,281,318,363
0.8468854453186673,318,363,399
0.8468854453186673,318,363,481
0.8470742845988485,78,241
0.8470742845988485,78,172,241
0.8470742845988485,78,178,241
0.8470742845988485,78,241,308
0.8471212152996376,261,484
0.8471212152996376,52,261,484
0.8471212152996376,88,261,484
0.8471212152996376,261,304,484
0.8471212152996376,261,330,484
0.8471212152996376,261,395,484
0.8471212152996376,261,469,484
0.8471212152996376,261,484,486
0.8471856140501955,18,20
0.8471856140501955,18,20,127
0.8471856140501955,18,20,216
0.8471856140501955,18,20,323
0.8471856140501955,18,20,334
0.8471856140501955,18,20,433
0.847302305417871,152,272
0.847302305417871,147,152,272
0.847302305417871,152,157,272
0.847302305417871,152,272,305
0.847302305417871,152,272,315
0.847302305417871,152,272,439
0.8476900474535314,145,310
0.8476900474535314,145,238,310
0.8476900474535314,145,310,399
0.8476900474535314,145,310,481
0.84783816036119,133,306
0.84783816036119,133,168,306
0.84783816036119,133,230,306
0.84783816036119,133,303,306
0.8478787650279928,96,318
0.8478787650279928,96,199,318
0.8478787650279928,96,216,318
0.8478787650279928,96,318,334
0.8478787650279928,96,318,354
0.8478787650279928,96,318,433
0.8478787650279928,96,318,483
0.8481214973213085,308,316
0.8481214973213085,241,308,316
0.8481392507142225,66,255
0.8481392507142225,66,255,268
0.8481392507142225,66,255,290
0.8481392507142225,66,255,384
0.8481392507142225,66,255,409
0.8481392507142225,66,255,477
0.8481894844323921,40,142
0.8481894844323921,40,74,142
0.8481894844323921,40,86,142
0.8481894844323921,40,142,336
0.8481894844323921,40,142,385
0.8481894844323921,40,142,422
0.8481894844323921,40,142,459
0.8484753022248979,199,310
0.8484753022248979,93,199,310
0.8484753022248979,199,236,310
0.8484753022248979,199,247,310
0.8484753022248979,199,310,318
0.8484753022248979,199,310,399
0.8484753022248979,199,310,494
0.8486003343297647,304,345
0.8486003343297647,88,304,345
0.8486003343297647,261,304,345
0.8486003343297647,304,345,469
0.8486694213450671,22,411
0.8486694213450671,22,69,411
0.8486694213450671,22,124,411
0.8486694213450671,22,198,411
0.8486694213450671,22,350,411
0.8486694213450671,22,411,437
0.8488119799149872,205,375
0.8488119799149872,160,205,375
0.8488119799149872,205,215,375
0.8488119799149872,205,277,375
0.8488397247530178,379,411
0.8488397247530178,22,379,411
0.8488397247530178,69,379,411
0.8488397247530178,124,379,411
0.8488397247530178,198,379,411
0.8488397247530178,350,379,411
0.8488397247530178,379,411,437
0.8488529259666825,53,153
0.8488529259666825,53,105,153
0.8488529259666825,53,131,153
0.8488529259666825,53,153,177
0.8488529259666825,53,153,235
0.8488529259666825,53,153,464
0.8488529259666825,53,153,490
0.8490512544765019,210,451
0.8490512544765019,8,210,451
0.8490512544765019,210,396,451
0.8490512544765019,210,410,451
0.8490512544765019,210,443,451
0.8490788452680585,303,488
0.8490788452680585,3,303,488
0.8490788452680585,168,303,488
0.8490788452680585,303,421,488
0.8492827371407531,173,432
0.8492827371407531,173,251,432
0.8492933433912714,292,354
0.8492933433912714,49,292,354
0.8492933433912714,96,292,354
0.8492933433912714,135,292,354
0.8492933433912714,292,319,354
0.8492933433912714,292,354,358
0.8492933433912714,292,354,483
0.8494074042381562,238,400
0.8494074042381562,93,238,400
0.8494074042381562,238,310,400
0.8494121920386416,290,474
0.8494121920386416,87,290,474
0.8494121920386416,119,290,474
0.8494121920386416,243,290,474
0.8494121920386416,290,401,474
0.8494437581120937,258,492
0.8494437581120937,129,258,492
0.8494437581120937,258,297,492
0.8494437581120937,258,365,492
0.8494437581120937,258,429,492
0.8494437581120937,258,480,492
0.8496312422486128,217,468
0.8496312422486128,55,217,468
0.8496312422486128,126,217,468
0.8496312422486128,138,217,468
0.8497043631258288,242,255
0.8497043631258288,242,255,307
0.8497043631258288,242,255,384
0.8497043631258288,242,255,477
0.8498041387694693,135,374
0.8498041387694693,49,135,374
0.8498041387694693,78,135,374
0.8498041387694693,96,135,374
0.8498041387694693,135,150,374
0.8498041387694693,135,292,374
0.8498041387694693,135,358,374
0.8498041387694693,135,374,479
0.8500489277299688,58,434
0.8500489277299688,58,114,434
0.8500489277299688,58,179,434
0.8500489277299688,58,202,434
0.8500489277299688,58,233,434
0.8500489277299688,58,355,434
0.8500489277299688,58,434,438
0.8501489287433462,481,494
0.8501489287433462,93,481,494
0.8501489287433462,236,481,494
0.8501489287433462,247,481,494
0.8501489287433462,310,481,494
0.8501489287433462,318,481,494
0.8501489287433462,399,481,494
0.8502809243086314,47,360
0.8502809243086314,47,107,360
0.8502809243086314,47,128,360
0.8502809243086314,47,146,360
0.8502809243086314,47,282,360
0.8502809243086314,47,360,389
0.8502809243086314,47,360,394
0.8506598757488597,3,404
0.8506598757488597,3,10,404
0.8506598757488597,3,133,404
0.8507114396513151,216,371
0.8507114396513151,150,216,371
0.8507114396513151,216,358,371
0.8507114396513151,216,371,374
0.8507114396513151,216,371,479
0.8512481471937918,61,83
0.8512481471937918,61,77,83
0.8512481471937918,61,83,329
0.8513611997024895,135,460
0.8513611997024895,49,135,460
0.8513611997024895,135,197,460
0.8513611997024895,135,319,460
0.8513611997024895,135,391,460
0.8513611997024895,135,460,467
0.8513611997024895,135,460,471
0.8516070922824288,63,222
0.8516070922824288,30,63,222
0.8516070922824288,63,156,222
0.8516070922824288,63,213,222
0.8516070922824288,63,222,296
0.8516593304815295,161,296
0.8516593304815295,100,161,296
0.8516593304815295,161,222,296
0.8516593304815295,161,248,296
0.8516617674962949,99,227
0.8516617674962949,80,99,227
0.8516617674962949,99,227,324
0.8516617674962949,99,227,370
0.8516617674962949,99,227,420
0.8516617674962949,99,227,423
0.8516617674962949,99,227,470
0.8520558857398894,429,480
0.8520558857398894,129,429,480
0.8520558857398894,258,429,480
0.8520558857398894,297,429,480
0.8520558857398894,429,480,492
0.852691583690593,109,336
0.852691583690593,40,109,336
0.852691583690593,74,109,336
0.852691583690593,86,109,336
0.852691583690593,109,336,337
0.852691583690593,109,336,343
0.852691583690593,109,336,364
0.852691583690593,109,336,385
0.852691583690593,109,336,422
0.852691583690593,109,336,459
0.8528917193798988,21,379
0.8528917193798988,21,22,379
0.8528917193798988,21,67,379
0.8528917193798988,21,94,379
0.8528917193798988,21,379,397
0.8535116745449088,77,427
0.8535116745449088,77,229,427
0.8535116745449088,77,260,427
0.8535116745449088,77,329,427
0.8535440281763989,463,469
0.8535440281763989,52,463,469
0.8535440281763989,88,463,469
0.8535440281763989,304,463,469
0.8535440281763989,328,463,469
0.8535440281763989,330,463,469
0.8535440281763989,447,463,469
0.8535440281763989,463,469,484
0.853799683116276,26,115
0.8539864044569194,241,374
0.8539864044569194,78,241,374
0.8539864044569194,172,241,374
0.8539864044569194,241,308,374
0.8539864044569194,241,374,406
0.8540124667916332,319,402
0.8540124667916332,197,319,402
0.8540124667916332,319,380,402
0.8540124667916332,319,391,402
0.8540124667916332,319,402,460
0.8542841298704779,383,418
0.8542841298704779,213,383,418
0.8543522371591405,328,449
0.8543522371591405,45,328,449
0.8543522371591405,328,330,449
0.8543522371591405,328,447,449
0.8543964743195495,68,74
0.8543964743195495,12,68,74
0.8543964743195495,68,74,149
0.8543964743195495,68,74,250
0.8543964743195495,68,74,364
0.8543964743195495,68,74,385
0.8543964743195495,68,74,422
0.8543964743195495,68,74,496
0.8545189778882897,61,427
0.8545189778882897,61,77,427
0.8545189778882897,61,229,427
0.8545189778882897,61,260,427
0.8545189778882897,61,329,427
0.8545189778882897,61,386,427
0.8545515017506623,1,340
0.8545515017506623,1,140,340
0.8545515017506623,1,148,340
0.8545515017506623,1,169,340
0.8545515017506623,1,208,340
0.8547901612094253,413,449
0.8547901612094253,14,413,449
0.8547901612094253,45,413,449
0.8547901612094253,332,413,449
0.8548507815406209,98,371
0.8548507815406209,78,98,371
0.8548507815406209,98,178,371
0.8548507815406209,98,181,371
0.8549716146992906,236,400
0.8549716146992906,93,236,400
0.8549716146992906,220,236,400
0.8549716146992906,236,238,400
0.8549716146992906,236,310,400
0.8550808095008177,67,198
0.8550808095008177,22,67,198
0.8550808095008177,67,124,198
0.8550808095008177,67,198,322
0.8550808095008177,67,198,350
0.8550808095008177,67,198,379
0.8550808095008177,67,198,397
0.8550808095008177,67,198,437
0.8553346519141053,114,240
0.8553346519141053,58,114,240
0.8553346519141053,114,117,240
0.8553346519141053,114,240,355
0.8553346519141053,114,240,462
0.8553999087971388,173,263
0.8553999087971388,173,263,432
0.8555871722942217,87,333
0.8555871722942217,87,136,333
0.8555871722942217,87,182,333
0.8555871722942217,87,194,333
0.8555871722942217,87,295,333
0.8556626463732862,48,278
0.8556626463732862,48,225,278
0.8556626463732862,48,278,310
0.8556626463732862,48,278,387
0.8556626463732862,48,278,494
0.8559002831473577,115,284
0.8559002831473577,26,115,284
0.8563426182130845,161,353
0.8563426182130845,161,222,353
0.8563426182130845,161,296,353
0.8563800282653117,12,291
0.8563800282653117,12,109,291
0.8563800282653117,12,291,343
0.85654322470763,118,452
0.85654322470763,118,209,452
0.85654322470763,118,452,457
0.8568816906999225,257,368
0.8568816906999225,65,257,368
0.8568816906999225,228,257,368
0.8568816906999225,246,257,368
0.8569156041331544,244,324
0.8569156041331544,55,244,324
0.8569156041331544,99,244,324
0.8569156041331544,126,244,324
0.8569156041331544,138,244,324
0.8569156041331544,244,324,370
0.8569156041331544,244,324,415
0.8569946654310867,145,236
0.8569946654310867,145,236,238
0.8569946654310867,145,236,310
0.8569946654310867,145,236,363
0.8569946654310867,145,236,399
0.8569946654310867,145,236,481
0.8575789185275294,72,412
0.8575789185275294,31,72,412
0.8575789185275294,72,275,412
0.8575789185275294,72,287,412
0.8575789185275294,72,367,412
0.8575789185275294,72,382,412
0.8576375090536716,291,441
0.8576375090536716,12,291,441
0.8576375090536716,282,291,441
0.8576790894887996,244,297
0.8576790894887996,55,244,297
0.8576790894887996,244,297,365
0.8576790894887996,244,297,468
0.8576790894887996,244,297,480
0.8576790894887996,244,297,492
0.857731138000479,216,292
0.857731138000479,96,216,292
0.857731138000479,150,216,292
0.857731138000479,216,292,358
0.857731138000479,216,292,371
0.857731138000479,216,292,374
0.857731138000479,216,292,479
0.8578553440789738,362,447
0.8578553440789738,161,362,447
0.8578553440789738,248,362,447
0.8579021022395112,169,444
0.8579021022395112,1,169,444
0.8579021022395112,140,169,444
0.8579021022395112,169,208,444
0.8579021022395112,169,221,444
0.8579021022395112,169,331,444
0.8579021022395112,169,338,444
0.8579021022395112,169,444,497
0.8579036255625907,7,444
0.8579036255625907,7,140,444
0.8579036255625907,7,162,444
0.8579036255625907,7,208,444
0.8579036255625907,7,331,444
0.8579036255625907,7,338,444
0.8579036255625907,7,444,497
0.8579648404644279,122,482
0.8579648404644279,5,122,482
0.8579648404644279,34,122,482
0.8579648404644279,38,122,482
0.8579648404644279,122,164,482
0.8579648404644279,122,274,482
0.8579648404644279,122,472,482
0.8582128248170662,117,438
0.8582128248170662,58,117,438
0.8582128248170662,114,117,438
0.8582128248170662,117,179,438
0.8582128248170662,117,202,438
0.8582128248170662,117,355,438
0.858618679651356,322,423
0.858618679651356,227,322,423
0.858618679651356,322,348,423
0.8586231609834493,23,210
0.8586231609834493,8,23,210
0.8586231609834493,23,210,396
0.8586231609834493,23,210,443
0.8586231609834493,23,210,451
0.8588465451380045,9,296
0.8588465451380045,9,30,296
0.8588465451380045,9,156,296
0.8588465451380045,9,296,353
0.859455925675471,145,357
0.8597753696950334,120,125
0.8598611187690134,12,38
0.8598611187690134,12,38,68
0.8598611187690134,12,38,149
0.8598611187690134,12,38,206
0.8598611187690134,12,38,250
0.8598611187690134,12,38,416
0.8598611187690134,12,38,496
0.8598914405882792,59,308
0.8598914405882792,29,59,308
0.8598914405882792,59,241,308
0.8598914405882792,59,308,349
0.8599105881291927,192,235
0.8599105881291927,153,192,235
0.8599105881291927,192,235,490
0.8603470201509733,104,249
0.8603470201509733,104,131,249
0.8603470201509733,104,200,249
0.8603470201509733,104,230,249
0.8603470201509733,104,249,377
0.8603470201509733,104,249,464
0.8603803872042982,209,272
0.8603803872042982,118,209,272
0.8603803872042982,209,272,439
0.8604542069362697,76,344
0.8604542069362697,10,76,344
0.8604542069362697,31,76,344
0.8604542069362697,76,344,404
0.8604767235393884,192,443
0.8604767235393884,23,192,443
0.8604767235393884,192,396,443
0.8606831417625621,136,474
0.8606831417625621,87,136,474
0.8606831417625621,136,182,474
0.8606831417625621,136,194,474
0.8606831417625621,136,295,474
0.8606831417625621,136,401,474
0.8614267055440048,240,376
0.8614267055440048,81,240,376
0.8614267055440048,85,240,376
0.8614267055440048,117,240,376
0.8614267055440048,240,261,376
0.8614267055440048,240,317,376
0.8614267055440048,240,376,462
0.8615905519552512,29,316
0.8615905519552512,29,226,316
0.8615905519552512,29,241,316
0.8615905519552512,29,265,316
0.8615905519552512,29,308,316
0.8617226121769809,15,143
0.8617226121769809,15,143,193
0.8617226121769809,15,143,342
0.8617226121769809,15,143,493
0.8620189016264488,84,341
0.8620189016264488,84,123,341
0.8620189016264488,84,341,403
0.8620778657121225,135,327
0.8620778657121225,49,135,327
0.8620778657121225,135,319,327
0.8620778657121225,135,327,354
0.8620778657121225,135,327,483
0.8621061120358485,150,408
0.8621061120358485,150,181,408
0.8621061120358485,150,408,467
0.8621061120358485,150,408,471
0.862529548584124,63,273
0.862529548584124,63,213,273
0.862529548584124,63,273,286
0.862529548584124,63,273,383
0.862529548584124,63,273,393
0.8629284648638317,197,380
0.8629284648638317,197,319,380
0.8629284648638317,197,380,391
0.8629284648638317,197,380,402
0.8629284648638317,197,380,460
0.8629284648638317,197,380,467
0.8629284648638317,197,380,471
0.8631598278903827,29,270
0.8631598278903827,29,59,270
0.8631598278903827,29,226,270
0.8634233837681906,23,167
0.8634233837681906,8,23,167
0.8634233837681906,23,167,210
0.8634233837681906,23,167,396
0.8634233837681906,23,167,443
0.8636947175135484,247,400
0.8636947175135484,93,247,400
0.8636947175135484,220,247,400
0.8636947175135484,236,247,400
0.8636947175135484,238,247,400
0.8636947175135484,247,275,400
0.8636947175135484,247,310,400
0.8638238592339077,73,118
0.8638238592339077,73,118,165
0.8639304542794046,325,388
0.8639304542794046,70,325,388
0.8639304542794046,95,325,388
0.8639304542794046,289,325,388
0.8639304542794046,309,325,388
0.8639309798131967,117,233
0.8639309798131967,58,117,233
0.8639309798131967,114,117,233
0.8639309798131967,117,202,233
0.8639309798131967,117,233,355
0.8639309798131967,117,233,438
0.8639309798131967,117,233,444
0.864005424830797,141,264
0.864005424830797,141,264,451
0.8643899638699664,226,477
0.8643899638699664,226,242,477
0.8643899638699664,226,307,477
0.8643899638699664,226,384,477
0.864474862567691,156,408
0.864474862567691,156,190,408
0.864474862567691,156,196,408
0.864474862567691,156,369,408
0.8644894149681078,49,391
0.8644894149681078,49,135,391
0.8644894149681078,49,181,391
0.8644894149681078,49,319,391
0.8644894149681078,49,380,391
0.8644894149681078,49,391,460
0.8644894149681078,49,391,467
0.8644894149681078,49,391,471
0.8645001484193919,119,182
0.8645001484193919,87,119,182
0.8645001484193919,119,182,194
0.8645001484193919,119,182,295
0.8645001484193919,119,182,401
0.8645001484193919,119,182,474
0.8645679752550914,291,360
0.8645679752550914,47,291,360
0.8645679752550914,107,291,360
0.8645679752550914,128,291,360
0.8645679752550914,282,291,360
0.8645679752550914,291,360,389
0.8646055023183075,167,451
0.8646055023183075,8,167,451
0.8646055023183075,23,167,451
0.8646055023183075,167,210,451
0.8646055023183075,167,396,451
0.8646055023183075,167,410,451
0.8646055023183075,167,443,451
0.8646939293061902,143,270
0.8646939293061902,143,270,458
0.8648871640525202,117,261
0.8648871640525202,35,117,261
0.8648871640525202,117,240,261
0.8648871640525202,117,261,376
0.8648871640525202,117,261,462
0.8648871640525202,117,261,486
0.864930000542196,162,169
0.864930000542196,4,162,169
0.864930000542196,140,162,169
0.864930000542196,162,169,208
0.864930000542196,162,169,331
0.864930000542196,162,169,338
0.864930000542196,162,169,444
0.864930000542196,162,169,497
0.8649987779097464,120,208
0.8649987779097464,4,120,208
0.8649987779097464,7,120,208
0.8649987779097464,38,120,208
0.8649987779097464,103,120,208
0.8649987779097464,120,140,208
0.8649987779097464,120,162,208
0.8649987779097464,120,208,338
0.8650432251175709,33,71
0.8650432251175709,33,36,71
0.8650432251175709,33,71,446
0.8651573090701556,290,477
0.8651573090701556,16,290,477
0.8651573090701556,66,290,477
0.8651573090701556,255,290,477
0.8651573090701556,268,290,477
0.8651573090701556,290,409,477
0.8652624960903439,74,291
0.8652624960903439,12,74,291
0.8652624960903439,74,109,291
0.8652624960903439,74,271,291
0.8652624960903439,74,291,343
0.8652979839601549,217,227
0.8652979839601549,80,217,227
0.8652979839601549,99,217,227
0.8652979839601549,217,227,324
0.8652979839601549,217,227,348
0.8652979839601549,217,227,370
0.8652979839601549,217,227,420
0.8652979839601549,217,227,423
0.8654401311107797,126,297
0.8654401311107797,55,126,297
0.8654401311107797,126,129,297
0.8654401311107797,126,244,297
0.8654401311107797,126,297,468
0.8654401311107797,126,297,480
0.8654401311107797,126,297,492
0.8661374587843286,112,335
0.8661374587843286,108,112,335
0.8661374587843286,112,252,335
0.8661374587843286,112,335,410
0.8663986908819417,440,487
0.8663986908819417,440,442,487
0.8667209840281391,271,385
0.8667209840281391,74,271,385
0.8667209840281391,109,271,385
0.8667209840281391,271,337,385
0.8667209840281391,271,343,385
0.8667209840281391,271,385,422
0.8674204879302858,176,453
0.8674204879302858,101,176,453
0.8674204879302858,131,176,453
0.8674204879302858,176,249,453
0.8674204879302858,176,453,499
0.8674351990773209,291,394
0.8674351990773209,47,291,394
0.8674351990773209,107,291,394
0.8674351990773209,128,291,394
0.8674351990773209,282,291,394
0.8674351990773209,291,360,394
0.8674351990773209,291,389,394
0.8676169685814262,142,149
0.8676169685814262,74,142,149
0.8676169685814262,86,142,149
0.8676169685814262,142,149,250
0.8676169685814262,142,149,364
0.8676169685814262,142,149,385
0.8676169685814262,142,149,422
0.8676169685814262,142,149,459
0.8679532655527329,245,425
0.8679532655527329,151,245,425
0.8679944041755008,108,256
0.8679944041755008,108,256,346
0.8680421315145346,402,471
0.8680421315145346,197,402,471
0.8680421315145346,319,402,471
0.8680421315145346,380,402,471
0.8680421315145346,391,402,471
0.8680421315145346,402,460,471
0.8685336605325,142,343
0.8685336605325,40,142,343
0.8685336605325,74,142,343
0.8685336605325,86,142,343
0.8685336605325,142,149,343
0.8685336605325,142,250,343
0.8685336605325,142,336,343
0.8685336605325,142,343,364
0.8685336605325,142,343,385
0.8685336605325,142,343,422
0.8685336605325,142,343,459
0.8687158061030428,65,495
0.8687158061030428,65,228,495
0.8687158061030428,65,246,495
0.8687158061030428,65,368,495
0.8687501967907463,86,173
0.8687501967907463,86,142,173
0.8687501967907463,86,173,336
0.8688034740598995,402,467
0.8688034740598995,197,402,467
0.8688034740598995,319,402,467
0.8688034740598995,380,402,467
0.8688034740598995,391,402,467
0.8688034740598995,402,460,467
0.8688034740598995,402,467,471
0.8691267345767946,130,311
0.8691267345767946,13,130,311
0.8691267345767946,112,130,311
0.8691267345767946,130,252,311
0.8692367195319253,169,272
0.8692367195319253,148,169,272
0.8692441841100584,365,429
0.8692441841100584,258,365,429
0.8692441841100584,297,365,429
0.8692441841100584,365,429,480
0.8692441841100584,365,429,492
0.8693459025692121,173,459
0.8693459025692121,86,173,459
0.8693459025692121,130,173,459
0.8693459025692121,142,173,459
0.8693459025692121,173,336,459
0.8699707792963388,40,364
0.8699707792963388,40,74,364
0.8699707792963388,40,86,364
0.8699707792963388,40,109,364
0.8699707792963388,40,142,364
0.8699707792963388,40,336,364
0.8699707792963388,40,337,364
0.8699707792963388,40,343,364
0.8699707792963388,40,364,385
0.8699707792963388,40,364,422
0.8699707792963388,40,364,459
0.8704023673419516,40,443
0.8704023673419516,40,167,443
0.8704023673419516,40,210,443
0.8707784374403701,163,388
0.8707784374403701,60,163,388
0.8707784374403701,121,163,388
0.8707784374403701,163,388,393
0.8708584036108834,173,284
0.8708584036108834,173,263,284
0.8708584036108834,173,284,432
0.8710132203327349,76,287
0.8710132203327349,31,76,287
0.8710132203327349,76,287,367
0.8710132203327349,76,287,378
0.8710132203327349,76,287,382
0.8710132203327349,76,287,412
0.8711290781668725,166,212
0.8711290781668725,166,185,212
0.8711290781668725,166,212,231
0.8711290781668725,166,212,366
0.8716527982666209,229,313
0.8716527982666209,89,229,313
0.8716527982666209,229,313,339
0.8718658263530418,172,216
0.8718658263530418,172,216,323
0.8718658263530418,172,216,371
0.8718658263530418,172,216,374
0.8718658263530418,172,216,461
0.8718658263530418,172,216,479
0.8723298663557009,330,413
0.8723298663557009,35,330,413
0.8723298663557009,45,330,413
0.8723298663557009,174,330,413
0.8723298663557009,330,395,413
0.8723298663557009,330,413,449
0.8723298663557009,330,413,486
0.8725571993695845,40,271
0.8725571993695845,40,74,271
0.8725571993695845,40,109,271
0.8725571993695845,40,271,337
0.8725571993695845,40,271,343
0.8725571993695845,40,271,385
0.8725571993695845,40,271,422
0.8726865680816006,271,459
0.8726865680816006,40,271,459
0.8726865680816006,74,271,459
0.8726865680816006,109,271,459
0.8726865680816006,271,337,459
0.8726865680816006,271,343,459
0.8726865680816006,271,385,459
0.8726865680816006,271,422,459
0.873385193679983,167,466
0.873385193679983,8,167,466
0.873385193679983,167,396,466
0.873385193679983,167,443,466
0.873385193679983,167,451,466
0.8734046019231911,217,415
0.8734046019231911,55,217,415
0.8734046019231911,99,217,415
0.8734046019231911,126,217,415
0.8734046019231911,138,217,415
0.8734046019231911,217,324,415
0.8734046019231911,217,370,415
0.8734046019231911,217,415,468
0.8734984475153157,358,408
0.8734984475153157,150,358,408
0.8734984475153157,181,358,408
0.8734984475153157,358,408,467
0.8734984475153157,358,408,471
0.8735603161181108,165,439
0.8735603161181108,118,165,439
0.8735603161181108,165,326,439
0.8735768087843834,18,57
0.8735768087843834,18,20,57
0.8735768087843834,18,57,127
0.8741810990640482,336,410
0.8741810990640482,40,336,410
0.8741810990640482,109,336,410
0.8741810990640482,130,336,410
0.8741810990640482,167,336,410
0.8741810990640482,210,336,410
0.8741810990640482,336,337,410
0.8741810990640482,336,343,410
0.8741810990640482,336,410,459
0.8744397892507701,101,464
0.8744397892507701,101,131,464
0.8744397892507701,101,176,464
0.8744397892507701,101,200,464
0.8744397892507701,101,235,464
0.8744397892507701,101,249,464
0.8744397892507701,101,419,464
0.874479923392604,152,326
0.874479923392604,147,152,326
0.874479923392604,152,157,326
0.874479923392604,152,272,326
0.874479923392604,152,305,326
0.874479923392604,152,315,326
0.874479923392604,152,326,439
0.8746600162078839,239,381
0.8746600162078839,16,239,381
0.8746600162078839,224,239,381
0.8748521659047408,85,261
0.8748521659047408,85,117,261
0.8748521659047408,85,240,261
0.8748521659047408,85,261,317
0.8748521659047408,85,261,376
0.8748521659047408,85,261,462
0.8750865134330268,182,290
0.8750865134330268,87,182,290
0.8750865134330268,119,182,290
0.8750865134330268,166,182,290
0.8750865134330268,182,290,401
0.8750865134330268,182,290,474
0.8752688730104559,143,269
0.8752688730104559,143,269,270
0.8753255920495613,290,295
0.8753255920495613,87,290,295
0.8753255920495613,119,290,295
0.8753255920495613,182,290,295
0.8753255920495613,243,290,295
0.8753255920495613,290,295,401
0.8753255920495613,290,295,474
0.8756256454892722,269,307
0.8756256454892722,90,269,307
0.8756256454892722,175,269,307
0.8756256454892722,201,269,307
0.8756256454892722,269,307,454
0.8756391496155944,28,117
0.8756391496155944,28,85,117
0.8756391496155944,28,114,117
0.8756391496155944,28,117,179
0.8756391496155944,28,117,376
0.8756391496155944,28,117,462
0.8756805746246754,38,134
0.8756805746246754,38,120,134
0.8756805746246754,38,122,134
0.8756805746246754,38,134,164
0.8759488420737858,286,388
0.8759488420737858,60,286,388
0.8759488420737858,121,286,388
0.8759488420737858,273,286,388
0.8759488420737858,286,388,393
0.8759995190214864,352,361
0.8759995190214864,348,352,361
0.8759995190214864,352,361,445
0.8760981537812441,113,236
0.8760981537812441,93,113,236
0.8760981537812441,113,145,236
0.8760981537812441,113,236,238
0.8760981537812441,113,236,363
0.8760981537812441,113,236,399
0.8760981537812441,113,236,481
0.8763000620631577,109,210
0.8763000620631577,40,109,210
0.8763000620631577,86,109,210
0.8763000620631577,109,210,336
0.8763000620631577,109,210,337
0.8763000620631577,109,210,410
0.8763000620631577,109,210,459
0.8766211686643253,5,42
0.8766211686643253,5,42,122
0.8766211686643253,5,42,134
0.8766211686643253,5,42,472
0.8766222104318796,161,456
0.8766222104318796,100,161,456
0.8766222104318796,161,222,456
0.8766222104318796,161,248,456
0.876781595296716,310,354
0.876781595296716,199,310,354
0.876781595296716,236,310,354
0.876781595296716,247,310,354
0.876781595296716,278,310,354
0.876781595296716,310,318,354
0.876781595296716,310,354,494
0.8769797728301967,98,186
0.8769797728301967,98,178,186
0.8769797728301967,98,186,316
0.8772995570108103,154,237
0.8772995570108103,154,211,237
0.8772995570108103,154,219,237
0.8774154288513094,350,397
0.8774154288513094,22,350,397
0.8774154288513094,67,350,397
0.8774154288513094,124,350,397
0.8774154288513094,198,350,397
0.8774154288513094,350,379,397
0.877658457319678,135,408
0.877658457319678,135,150,408
0.877658457319678,135,181,408
0.877658457319678,135,197,408
0.877658457319678,135,358,408
0.877658457319678,135,408,467
0.877658457319678,135,408,471
0.8776973860911588,454,458
0.8776973860911588,270,454,458
0.8777194771837841,389,470
0.8777194771837841,17,389,470
0.8777194771837841,146,389,470
0.8777194771837841,187,389,470
0.8777194771837841,389,435,470
0.8778691259139803,0,65
0.8778691259139803,0,65,373
0.8778691259139803,0,65,391
0.8778823634152291,23,490
0.8778823634152291,23,192,490
0.8779267729071587,47,74
0.8779267729071587,47,74,109
0.8779267729071587,47,74,271
0.8779267729071587,47,74,291
0.8779267729071587,47,74,343
0.8782098241093861,248,353
0.8782098241093861,30,248,353
0.8782098241093861,161,248,353
0.8782098241093861,222,248,353
0.8782098241093861,248,296,353
0.8783935196224927,242,409
0.8783935196224927,242,255,409
0.8783935196224927,242,384,409
0.8783935196224927,242,409,477
0.8784144225428874,78,406
0.8784144225428874,78,172,406
0.8784144225428874,78,241,406
0.8784144225428874,78,308,406
0.8784144225428874,78,374,406
0.8784144225428874,78,406,479
0.8789262746840804,38,364
0.8789262746840804,12,38,364
0.8789262746840804,38,68,364
0.8789262746840804,38,149,364
0.8789262746840804,38,250,364
0.8789262746840804,38,364,496
0.8793055803298933,57,461
0.8793055803298933,20,57,461
0.8793055803298933,57,127,461
0.8793055803298933,57,461,489
0.8793194228671537,136,381
0.8793194228671537,87,136,381
0.8793194228671537,136,166,381
0.8793194228671537,136,231,381
0.8793194228671537,136,381,401
0.8794181593522717,241,242
0.8794181593522717,226,241,242
0.8794181593522717,241,242,265
0.8794181593522717,241,242,316
0.8796806696858923,129,138
0.8796806696858923,55,129,138
0.8796806696858923,126,129,138
0.8796806696858923,129,138,468
0.8796806696858923,129,138,480
0.8796806696858923,129,138,492
0.8798418740543138,430,441
0.8798418740543138,41,430,441
0.8798418740543138,191,430,441
0.8798418740543138,415,430,441
0.8798523263773507,171,229
0.8798523263773507,61,171,229
0.8798523263773507,77,171,229
0.8798523263773507,171,214,229
0.8798523263773507,171,229,260
0.8798523263773507,171,229,329
0.8802289410292699,70,474
0.8802289410292699,70,243,474
0.8803485287831585,17,420
0.8803485287831585,17,25,420
0.8803485287831585,17,420,435
0.8803485287831585,17,420,470
0.880424824019274,199,292
0.880424824019274,96,199,292
0.880424824019274,150,199,292
0.880424824019274,199,216,292
0.880424824019274,199,292,354
0.880424824019274,199,292,358
0.880424824019274,199,292,483
0.8805389984022622,165,414
0.8805389984022622,73,165,414
0.8810335265520485,238,281
0.8810335265520485,236,238,281
0.8810335265520485,238,281,318
0.8810335265520485,238,281,363
0.8810335265520485,238,281,399
0.8810335265520485,238,281,481
0.8813114158306248,4,134
0.8813114158306248,4,38,134
0.8813114158306248,4,42,134
0.8813114158306248,4,120,134
0.8813114158306248,4,134,164
0.8813724479578245,47,441
0.8813724479578245,47,282,441
0.8813724479578245,47,291,441
0.8814115452803052,113,357
0.8814115452803052,113,145,357
0.881420249858322,150,172
0.881420249858322,78,150,172
0.881420249858322,150,172,216
0.881420249858322,150,172,371
0.881420249858322,150,172,374
0.881420249858322,150,172,479
0.8821777785213639,254,481
0.8821777785213639,145,254,481
0.8821777785213639,254,281,481
0.8822881696007296,187,420
0.8822881696007296,17,187,420
0.8822881696007296,187,420,435
0.8822881696007296,187,420,470
0.8827890540849695,108,390
0.8827890540849695,108,299,390
0.8827890540849695,108,335,390
0.8829373099119826,136,290
0.8829373099119826,87,136,290
0.8829373099119826,136,166,290
0.8829373099119826,136,182,290
0.8829373099119826,136,290,295
0.8829373099119826,136,290,381
0.8829373099119826,136,290,401
0.8829373099119826,136,290,474
0.883049159555408,245,351
0.883049159555408,79,245,351
0.883049159555408,245,351,425
0.883049159555408,245,351,476
0.8830821034087787,234,264
0.8830821034087787,97,234,264
0.8830821034087787,234,264,451
0.8832250388376146,50,342
0.8832250388376146,15,50,342
0.8832250388376146,50,193,342
0.8832250388376146,50,342,440
0.8832289193723982,64,493
0.8832289193723982,64,193,493
0.8834364307387829,410,443
0.8834364307387829,40,410,443
0.8834364307387829,167,410,443
0.8834364307387829,210,410,443
0.8834364307387829,410,443,451
0.8836724022450395,55,429
0.8836724022450395,55,129,429
0.8836724022450395,55,297,429
0.8836724022450395,55,365,429
0.8836724022450395,55,429,480
0.8836724022450395,55,429,492
0.8837178460710232,78,471
0.8837178460710232,49,78,471
0.8837178460710232,78,98,471
0.8837178460710232,78,135,471
0.8837178460710232,78,150,471
0.8837178460710232,78,181,471
0.8837178460710232,78,292,471
0.8837178460710232,78,319,471
0.8837178460710232,78,358,471
0.8837178460710232,78,467,471
0.8839030292058783,47,106
0.8839030292058783,47,106,107
0.8839030292058783,47,106,128
0.8839030292058783,47,106,146
0.8839030292058783,47,106,282
0.8839030292058783,47,106,360
0.8839030292058783,47,106,389
0.8839030292058783,47,106,394
0.8839942211445032,140,164
0.8839942211445032,4,140,164
0.8839942211445032,7,140,164
0.8839942211445032,38,140,164
0.8839942211445032,68,140,164
0.8839942211445032,103,140,164
0.8839942211445032,120,140,164
0.8839942211445032,140,162,164
0.8844667853687491,385,473
0.8844667853687491,68,385,473
0.8844667853687491,86,385,473
0.8844667853687491,142,385,473
0.8844667853687491,250,385,473
0.8844667853687491,364,385,473
0.8844667853687491,385,422,473
0.8849859105678853,85,345
0.8849859105678853,85,261,345
0.8849859105678853,85,317,345
0.8849859105678853,85,345,376
0.8850903763428196,152,173
0.8850903763428196,152,173,251
0.8850903763428196,152,173,432
0.8852787420703423,207,431
0.8852787420703423,207,223,431
0.8852787420703423,207,405,431
0.8852787420703423,207,431,478
0.8852787420703423,207,431,485
0.8852860669251168,267,362
0.8858041036909645,148,315
0.8858041036909645,147,148,315
0.8858041036909645,148,157,315
0.8858041036909645,148,272,315
0.8858041036909645,148,305,315
0.8858041036909645,148,315,326
0.8858041036909645,148,315,439
0.8858375621284382,30,161
0.8858375621284382,30,100,161
0.8858375621284382,30,161,222
0.8858375621284382,30,161,248
0.8858375621284382,30,161,296
0.8858375621284382,30,161,353
0.8862064060646425,356,436
0.8862064060646425,6,356,436
0.8867602371668243,120,497
0.8867602371668243,4,120,497
0.8867602371668243,7,120,497
0.8867602371668243,103,120,497
0.8867602371668243,120,140,497
0.8867602371668243,120,162,497
0.8867602371668243,120,208,497
0.8867602371668243,120,338,497
0.8869481851894235,130,142
0.8869481851894235,40,130,142
0.8869481851894235,130,142,173
0.8869481851894235,130,142,336
0.8869481851894235,130,142,459
0.8872370429979589,17,403
0.8872370429979589,17,84,403
0.8872370429979589,17,159,403
0.8874122994738796,307,409
0.8874122994738796,16,307,409
0.8874122994738796,242,307,409
0.8874122994738796,255,307,409
0.8874122994738796,307,384,409
0.8874122994738796,307,409,477
0.8874202988626229,192,419
0.8874202988626229,153,192,419
0.8874202988626229,192,235,419
0.8874202988626229,192,419,490
0.887432523071394,86,130
0.887432523071394,40,86,130
0.887432523071394,86,130,142
0.887432523071394,86,130,167
0.887432523071394,86,130,173
0.887432523071394,86,130,210
0.887432523071394,86,130,336
0.887432523071394,86,130,337
0.887432523071394,86,130,459
0.887581471854843,292,408
0.887581471854843,135,292,408
0.887581471854843,150,292,408
0.887581471854843,181,292,408
0.887581471854843,292,358,408
0.887581471854843,292,408,467
0.887581471854843,292,408,471
0.888211653547367,81,117
0.888211653547367,28,81,117
0.888211653547367,81,85,117
0.888211653547367,81,117,240
0.888211653547367,81,117,376
0.888211653547367,81,117,462
0.8884428910551423,1,473
0.8884428910551423,1,169,473
0.8884428910551423,1,208,473
0.8884428910551423,1,340,473
0.8888087867877317,249,306
0.8888087867877317,101,249,306
0.8888087867877317,230,249,306
0.8888087867877317,249,306,453
0.8891020380457664,100,213
0.8891020380457664,30,100,213
0.8891020380457664,100,213,222
0.8891020380457664,100,213,296
0.8891020380457664,100,213,418
0.8891907262380364,335,346
0.8891907262380364,108,335,346
0.8891907262380364,252,335,346
0.8896352484318323,217,470
0.8896352484318323,80,217,470
0.8896352484318323,99,217,470
0.8896352484318323,217,227,470
0.8896352484318323,217,324,470
0.8896352484318323,217,370,470
0.8896352484318323,217,420,470
0.8896352484318323,217,423,470
0.8899516789031243,112,167
0.8899516789031243,112,130,167
0.8899516789031243,112,167,410
0.8899740982051993,106,291
0.8899740982051993,47,106,291
0.8899740982051993,106,107,291
0.8899740982051993,106,128,291
0.8899740982051993,106,282,291
0.8899740982051993,106,291,360
0.8899740982051993,106,291,389
0.8899740982051993,106,291,394
0.8900648384637633,35,347
0.8900648384637633,35,174,347
0.8900648384637633,35,221,347
0.8900648384637633,35,347,395
0.8900648384637633,35,347,413
0.8900648384637633,35,347,486
0.890072753280269,5,298
0.890072753280269,5,34,298
0.890072753280269,5,206,298
0.890072753280269,5,274,298
0.890072753280269,5,298,482
0.8901133407964251,112,210
0.8901133407964251,112,130,210
0.8901133407964251,112,167,210
0.8901133407964251,112,210,410
0.8901192631072005,324,468
0.8901192631072005,55,324,468
0.8901192631072005,126,324,468
0.8901192631072005,138,324,468
0.8901192631072005,217,324,468
0.8901192631072005,244,324,468
0.8901192631072005,324,415,468
0.8902500218810742,108,141
0.8902500218810742,108,141,299
0.8902500218810742,108,141,335
0.8902500218810742,108,141,390
0.8903376182205631,90,368
0.8903376182205631,90,239,368
0.8903376182205631,90,368,495
0.8903594450891112,149,206
0.8903594450891112,12,149,206
0.8903594450891112,38,149,206
0.8903594450891112,41,149,206
0.8903594450891112,149,206,416
0.8903594450891112,149,206,496
0.8903788272864817,227,435
0.8903788272864817,21,227,435
0.8903788272864817,25,227,435
0.8903788272864817,227,420,435
0.8903788272864817,227,435,470
0.8904200919381113,325,474
0.8904200919381113,70,325,474
0.8905476085549493,199,481
0.8905476085549493,93,199,481
0.8905476085549493,199,236,481
0.8905476085549493,199,247,481
0.8905476085549493,199,281,481
0.8905476085549493,199,310,481
0.8905476085549493,199,318,481
0.8905476085549493,199,399,481
0.8905476085549493,199,481,494
0.8906686800210352,313,465
0.8906686800210352,24,313,465
0.8906686800210352,89,313,465
0.8909630563374152,217,244
0.8909630563374152,55,217,244
0.8909630563374152,99,217,244
0.8909630563374152,126,217,244
0.8909630563374152,138,217,244
0.8909630563374152,217,244,324
0.8909630563374152,217,244,370
0.8909630563374152,217,244,415
0.8909630563374152,217,244,468
0.8910426859840433,194,325
0.8910426859840433,194,325,474
0.8910814836436014,74,410
0.8910814836436014,40,74,410
0.8910814836436014,74,109,410
0.8910814836436014,74,336,410
0.8910814836436014,74,337,410
0.8910814836436014,74,343,410
0.8910814836436014,74,410,459
0.891674132756359,110,487
0.891674132756359,110,442,487
0.8917231038757851,115,263
0.8917231038757851,26,115,263
0.8917231038757851,115,263,284
0.8918718852319436,323,371
0.8918718852319436,172,323,371
0.8918718852319436,216,323,371
0.8918718852319436,323,371,374
0.8918718852319436,323,371,479
0.8924885371900156,6,114
0.8924885371900156,6,28,114
0.8924885371900156,6,114,179
0.8924885371900156,6,114,436
0.8925477565775792,95,474
0.8925477565775792,70,95,474
0.8925477565775792,95,325,474
0.8927031780811359,24,417
0.8927097998433481,9,279
0.8928306985327352,352,437
0.8928306985327352,69,352,437
0.8928306985327352,124,352,437
0.8928306985327352,198,352,437
0.8928306985327352,232,352,437
0.8928306985327352,352,411,437
0.8934505353002059,77,386
0.8934505353002059,61,77,386
0.8934505353002059,77,229,386
0.8934505353002059,77,260,386
0.8934505353002059,77,329,386
0.8934505353002059,77,386,427
0.8935263126054228,296,456
0.8935263126054228,100,296,456
0.8935263126054228,161,296,456
0.8935263126054228,222,296,456
0.8935263126054228,248,296,456
0.8935263126054228,296,418,456
0.893641755921719,38,340
0.893641755921719,4,38,340
0.893641755921719,38,68,340
0.893641755921719,38,140,340
0.893641755921719,38,208,340
0.893641755921719,38,250,340
0.8936557510345702,141,411
0.8936557510345702,141,352,411
0.8937254602857394,283,319
0.8937254602857394,283,319,327
0.8937254602857394,283,319,380
0.8937254602857394,283,319,402
0.8937254602857394,283,319,460
0.8939958457598257,254,357
0.8939958457598257,145,254,357
0.8939958457598257,204,254,357
0.8940076265463652,11,36
0.8940076265463652,11,32,36
0.8940076265463652,11,33,36
0.8940076265463652,11,36,132
0.8940076265463652,11,36,446
0.8940635838097005,161,304
0.8940635838097005,100,161,304
0.8940635838097005,161,222,304
0.8940635838097005,161,248,304
0.8940635838097005,161,304,447
0.8940635838097005,161,304,456
0.894303026652763,196,393
0.894303026652763,63,196,393
0.894303026652763,196,286,393
0.8943933742185389,138,430
0.8943933742185389,55,138,430
0.8943933742185389,126,138,430
0.8943933742185389,138,244,430
0.8943933742185389,138,370,430
0.8943933742185389,138,415,430
0.8943933742185389,138,430,468
0.8943933742185389,138,430,480
0.8943933742185389,138,430,492
0.8951216126135038,191,244
0.8951216126135038,41,191,244
0.8951216126135038,191,244,370
0.8951216126135038,191,244,415
0.8951216126135038,191,244,430
0.8951554713851679,286,296
0.8951554713851679,63,286,296
0.8951554713851679,156,286,296
0.8951554713851679,213,286,296
0.8951683633724868,454,495
0.8951683633724868,90,454,495
0.8951683633724868,175,454,495
0.8951683633724868,269,454,495
0.8954150459605394,60,63
0.8954150459605394,60,63,273
0.8954150459605394,60,63,286
0.8954150459605394,60,63,393
0.8954892856134617,63,121
0.8954892856134617,60,63,121
0.8954892856134617,63,121,273
0.8954892856134617,63,121,286
0.8954892856134617,63,121,393
0.8954898215951665,206,365
0.8954898215951665,206,298,365
0.8957241177834313,95,188
0.8957241177834313,95,188,289
0.8957241177834313,95,188,309
0.8957241177834313,95,188,325
0.8958946154727416,195,303
0.8958946154727416,3,195,303
0.8958946154727416,168,195,303
0.8958946154727416,195,303,421
0.8958946154727416,195,303,488
0.8959201712095082,164,208
0.8959201712095082,4,164,208
0.8959201712095082,7,164,208
0.8959201712095082,38,164,208
0.8959201712095082,68,164,208
0.8959201712095082,103,164,208
0.8959201712095082,120,164,208
0.8959201712095082,140,164,208
0.8959201712095082,162,164,208
0.8959606432696368,169,250
0.8959606432696368,169,208,250
0.8959606432696368,169,250,340
0.8959606432696368,169,250,473
0.8960844888283523,45,221
0.8960844888283523,45,174,221
0.8960844888283523,45,221,347
0.8960844888283523,45,221,395
0.8960844888283523,45,221,413
0.8960844888283523,45,221,486
0.8961171183331679,372,478
0.8961171183331679,223,372,478
0.8961171183331679,372,405,478
0.8961171183331679,372,431,478
0.8961171183331679,372,478,485
0.8962888223571766,67,485
0.8962888223571766,67,207,485
0.8962888223571766,67,223,485
0.8962888223571766,67,350,485
0.8962888223571766,67,405,485
0.8962888223571766,67,437,485
0.8969206891963312,81,345
0.8969206891963312,81,85,345
0.8969206891963312,81,317,345
0.8969206891963312,81,345,376
0.896929708740892,16,242
0.896929708740892,16,242,255
0.896929708740892,16,242,307
0.896929708740892,16,242,384
0.896929708740892,16,242,409
0.896929708740892,16,242,477
0.8971784794435907,57,334
0.8971784794435907,18,57,334
0.8971784794435907,20,57,334
0.8971784794435907,57,127,334
0.8971784794435907,57,334,461
0.8972410313272189,296,383
0.8972410313272189,63,296,383
0.8972410313272189,213,296,383
0.8972410313272189,286,296,383
0.8972410313272189,296,383,418
0.8973695258133333,66,242
0.8973695258133333,66,163,242
0.8973695258133333,66,242,255
0.8973695258133333,66,242,384
0.8973695258133333,66,242,409
0.8973695258133333,66,242,477
0.897372271130528,79,425
0.897372271130528,71,79,425
0.897372271130528,79,245,425
0.897372271130528,79,351,425
0.8974371729689413,422,496
0.8974371729689413,12,422,496
0.8974371729689413,68,422,496
0.8974371729689413,74,422,496
0.8974371729689413,149,422,496
0.8974371729689413,250,422,496
0.8974371729689413,343,422,496
0.8974371729689413,364,422,496
0.8974371729689413,385,422,496
0.8976019890717788,144,208
0.8976019890717788,1,144,208
0.8976019890717788,144,208,331
0.8976019890717788,144,208,338
0.8976019890717788,144,208,444
0.8976019890717788,144,208,497
0.8981160681021786,98,286
0.8981160681021786,98,196,286
0.8983111138372181,67,69
0.8983111138372181,22,67,69
0.8983111138372181,67,69,124
0.8983111138372181,67,69,198
0.8983111138372181,67,69,350
0.8983111138372181,67,69,379
0.8983111138372181,67,69,437
0.8983854011735286,152,340
0.8983854011735286,152,305,340
0.898605005572376,135,380
0.898605005572376,49,135,380
0.898605005572376,135,197,380
0.898605005572376,135,319,380
0.898605005572376,135,380,391
0.898605005572376,135,380,460
0.898605005572376,135,380,467
0.898605005572376,135,380,471
0.8986291743520091,362,426
0.8986291743520091,267,362,426
0.8987050087222783,117,436
0.8987050087222783,28,117,436
0.8987050087222783,81,117,436
0.8987050087222783,85,117,436
0.8987050087222783,114,117,436
0.8987050087222783,117,179,436
0.8987050087222783,117,376,436
0.8987050087222783,117,436,462
0.899072367669226,157,209
0.899072367669226,157,209,272
0.899072367669226,157,209,439
0.8991500978555912,337,443
0.8991500978555912,40,337,443
0.8991500978555912,167,337,443
0.8991500978555912,210,337,443
0.8991500978555912,337,410,443
0.8992194336958126,144,395
0.8992194336958126,35,144,395
0.8992194336958126,144,174,395
0.8992194336958126,144,221,395
0.8992194336958126,144,395,486
0.8992992201805363,20,479
0.8992992201805363,20,216,479
0.8992992201805363,20,323,479
0.8992992201805363,20,334,479
0.8992992201805363,20,406,479
0.8992992201805363,20,461,479
0.8993730371017986,1,162
0.8993730371017986,1,140,162
0.8993730371017986,1,162,169
0.8993730371017986,1,162,208
0.8993730371017986,1,162,331
0.8993730371017986,1,162,338
0.8993730371017986,1,162,444
0.8993730371017986,1,162,497
0.8994732210498892,206,430
0.8994732210498892,41,206,430
0.8994732210498892,206,259,430
0.8994732210498892,206,298,430
0.8994732210498892,206,365,430
0.8996782615482359,4,444
0.8996782615482359,4,7,444
0.8996782615482359,4,140,444
0.8996782615482359,4,162,444
0.8996782615482359,4,169,444
0.8996782615482359,4,208,444
0.8996782615482359,4,338,444
0.8996782615482359,4,444,497
0.8999814801289059,368,380
0.8999814801289059,65,368,380
0.8999814801289059,257,368,380
0.9004561451734138,298,468
0.9004561451734138,244,298,468
0.9004561451734138,298,365,468
0.9004561451734138,298,430,468
0.9005692244993011,84,105
0.9005692244993011,53,84,105
0.9005692244993011,84,105,321
0.9005731315452854,69,141
0.9005731315452854,69,141,352
0.9005731315452854,69,141,411
0.900617860629772,84,139
0.900617860629772,53,84,139
0.900617860629772,84,105,139
0.900617860629772,84,139,321
0.9006750905131335,145,281
0.9006750905131335,145,236,281
0.9006750905131335,145,238,281
0.9006750905131335,145,254,281
0.9006750905131335,145,281,363
0.9006750905131335,145,281,399
0.9006750905131335,145,281,481
0.9008369317127474,223,232
0.9008369317127474,223,232,350
0.9008369317127474,223,232,437
0.9008841517063237,57,491
0.9008841517063237,18,57,491
0.9008841517063237,57,314,491
0.9010743926192151,118,253
0.9010743926192151,118,154,253
0.9010743926192151,118,253,452
0.9011869941342433,150,354
0.9011869941342433,49,150,354
0.9011869941342433,96,150,354
0.9011869941342433,135,150,354
0.9011869941342433,150,199,354
0.9011869941342433,150,292,354
0.9011869941342433,150,319,354
0.9011869941342433,150,354,358
0.9011869941342433,150,354,483
0.9013059797568531,93,145
0.9013059797568531,93,113,145
0.9013059797568531,93,145,236
0.9013059797568531,93,145,238
0.9013059797568531,93,145,310
0.9013059797568531,93,145,363
0.9013059797568531,93,145,399
0.9013059797568531,93,145,481
0.9013549986704898,41,364
0.9013549986704898,12,41,364
0.9013549986704898,41,74,364
0.9013549986704898,41,109,364
0.9013549986704898,41,149,364
0.9013549986704898,41,343,364
0.9013549986704898,41,364,385
0.9013549986704898,41,364,496
0.9016721846442007,117,317
0.9016721846442007,81,117,317
0.9016721846442007,85,117,317
0.9016721846442007,117,240,317
0.9016721846442007,117,261,317
0.9016721846442007,117,317,376
0.9016721846442007,117,317,462
0.9019055286965819,365,482
0.9019055286965819,206,365,482
0.9019055286965819,298,365,482
0.9021886517138601,370,441
0.9021886517138601,191,370,441
0.9021886517138601,370,415,441
0.9021886517138601,370,430,441
0.9022710240849889,25,322
0.9022710240849889,21,25,322
0.9022710240849889,25,94,322
0.9022710240849889,25,227,322
0.9022710240849889,25,322,397
0.9022767094576073,47,337
0.9022767094576073,47,74,337
0.9022767094576073,47,109,337
0.9022767094576073,47,271,337
0.9022767094576073,47,337,343
0.9023504387528769,104,139
0.9023504387528769,104,131,139
0.9023504387528769,104,139,155
0.9023504387528769,104,139,464
0.9024112873919481,93,278
0.9024112873919481,93,220,278
0.9024112873919481,93,236,278
0.9024112873919481,93,247,278
0.9024112873919481,93,278,310
0.9024112873919481,93,278,494
0.9025468636574155,246,380
0.9025468636574155,65,246,380
0.9025468636574155,246,257,380
0.9025468636574155,246,368,380
0.9027021605528764,12,271
0.9027021605528764,12,74,271
0.9027021605528764,12,109,271
0.9027021605528764,12,271,291
0.9027021605528764,12,271,343
0.9027021605528764,12,271,385
0.9027021605528764,12,271,422
0.90277860403282,99,191
0.90277860403282,99,191,244
0.90277860403282,99,191,370
0.90277860403282,99,191,415
0.903075542067428,328,359
0.903075542067428,45,328,359
0.903075542067428,328,330,359
0.903075542067428,328,359,447
0.903075542067428,328,359,449
0.9031023330359237,174,261
0.9031023330359237,35,174,261
0.9031023330359237,52,174,261
0.9031023330359237,174,261,330
0.9031023330359237,174,261,395
0.9031023330359237,174,261,462
0.9031023330359237,174,261,484
0.9031023330359237,174,261,486
0.9032349285364344,20,96
0.9032349285364344,20,96,216
0.9032349285364344,20,96,323
0.9032349285364344,20,96,334
0.9032349285364344,20,96,433
0.9032349285364344,20,96,479
0.9033365958059718,53,192
0.9033365958059718,53,153,192
0.9033365958059718,53,192,235
0.9033365958059718,53,192,490
0.9036667728227354,149,473
0.9036667728227354,68,149,473
0.9036667728227354,86,149,473
0.9036667728227354,142,149,473
0.9036667728227354,149,250,473
0.9036667728227354,149,364,473
0.9036667728227354,149,385,473
0.9036667728227354,149,422,473
0.9038412810394517,20,374
0.9038412810394517,20,96,374
0.9038412810394517,20,216,374
0.9038412810394517,20,323,374
0.9038412810394517,20,374,406
0.9038412810394517,20,374,461
0.9038412810394517,20,374,479
0.9038590394285143,32,288
0.9038590394285143,32,36,288
0.9038590394285143,32,288,446
0.904076295931142,377,412
0.904076295931142,104,377,412
0.904076295931142,200,377,412
0.904076295931142,377,378,412
0.9041582107555035,327,450
0.9041582107555035,283,327,450
0.9042644001227726,133,344
0.9042644001227726,10,133,344
0.9042644001227726,76,133,344
0.9042644001227726,133,344,404
0.9043758098214068,239,255
0.9043758098214068,16,239,255
0.9043758098214068,175,239,255
0.9043758098214068,201,239,255
0.9043758098214068,224,239,255
0.9043758098214068,239,255,381
0.9047812573229645,200,382
0.9047812573229645,76,200,382
0.9047812573229645,104,200,382
0.9047812573229645,200,378,382
0.9047812573229645,200,382,412
0.9049679549275753,307,316
0.9049679549275753,226,307,316
0.9049679549275753,242,307,316
0.9049679549275753,307,316,384
0.9051443779036774,181,190
0.9051443779036774,98,181,190
0.9051443779036774,181,190,197
0.9051443779036774,181,190,369
0.9051443779036774,181,190,391
0.9051443779036774,181,190,408
0.9051443779036774,181,190,467
0.9051443779036774,181,190,471
0.905208519093384,251,340
0.905208519093384,142,251,340
0.905208519093384,152,251,340
0.905208519093384,251,305,340
0.9052122355670122,199,278
0.9052122355670122,93,199,278
0.9052122355670122,199,236,278
0.9052122355670122,199,247,278
0.9052122355670122,199,278,310
0.9052122355670122,199,278,354
0.9052122355670122,199,278,483
0.9052122355670122,199,278,494
0.905222389926742,379,485
0.905222389926742,67,379,485
0.905222389926742,207,379,485
0.905222389926742,223,379,485
0.905222389926742,350,379,485
0.905222389926742,379,405,485
0.905222389926742,379,437,485
0.9054357685834108,70,163
0.9054357685834108,60,70,163
0.9054357685834108,70,121,163
0.9054357685834108,70,163,388
0.9054357685834108,70,163,393
0.9056467705506305,94,207
0.9056467705506305,22,94,207
0.9056467705506305,67,94,207
0.9056467705506305,94,207,379
0.9058266387099754,145,318
0.9058266387099754,93,145,318
0.9058266387099754,145,236,318
0.9058266387099754,145,238,318
0.9058266387099754,145,281,318
0.9058266387099754,145,310,318
0.9058266387099754,145,318,363
0.9058266387099754,145,318,399
0.9058266387099754,145,318,481
0.9063421131315159,182,366
0.9063421131315159,136,182,366
0.9063421131315159,166,182,366
0.9063421131315159,182,231,366
0.9063915086738555,449,469
0.9063915086738555,328,449,469
0.9063915086738555,330,449,469
0.9063915086738555,447,449,469
0.9064206239943123,222,383
0.9064206239943123,63,222,383
0.9064206239943123,213,222,383
0.9064206239943123,222,296,383
0.9064206239943123,222,383,418
0.9064727885682707,164,472
0.9064727885682707,42,164,472
0.9064727885682707,122,164,472
0.9064727885682707,134,164,472
0.9064727885682707,164,472,482
0.9065877839816164,283,391
0.9065877839816164,65,283,391
0.9065877839816164,257,283,391
0.9065877839816164,283,319,391
0.9065877839816164,283,380,391
0.9065877839816164,283,391,402
0.9065877839816164,283,391,460
0.9067045750083582,104,235
0.9067045750083582,104,131,235
0.9067045750083582,104,139,235
0.9067045750083582,104,155,235
0.9067045750083582,104,235,249
0.9067045750083582,104,235,464
0.9067463445709939,373,402
0.9067463445709939,65,373,402
0.9068782033339295,64,342
0.9068782033339295,64,193,342
0.9068782033339295,64,342,493
0.9070842809467261,334,374
0.9070842809467261,20,334,374
0.9070842809467261,96,334,374
0.9070842809467261,216,334,374
0.9070842809467261,323,334,374
0.9070842809467261,334,374,461
0.9070842809467261,334,374,479
0.9072117119584135,87,95
0.9072117119584135,87,95,474
0.9073061318955663,210,466
0.9073061318955663,8,210,466
0.9073061318955663,167,210,466
0.9073061318955663,210,396,466
0.9073061318955663,210,443,466
0.9073061318955663,210,451,466
0.9074219999564815,164,206
0.9074219999564815,38,164,206
0.9074219999564815,164,206,416
0.9074219999564815,164,206,482
0.9074219999564815,164,206,496
0.9075165628933252,1,4
0.9075165628933252,1,4,140
0.9075165628933252,1,4,162
0.9075165628933252,1,4,169
0.9075165628933252,1,4,208
0.9075165628933252,1,4,338
0.9075165628933252,1,4,340
0.9075165628933252,1,4,444
0.9075165628933252,1,4,497
0.9076563432071989,225,247
0.9076563432071989,225,247,275
0.9076563432071989,225,247,278
0.9076563432071989,225,247,310
0.9076563432071989,225,247,494
0.9083768775575983,238,494
0.9083768775575983,93,238,494
0.9083768775575983,236,238,494
0.9083768775575983,238,247,494
0.9083768775575983,238,310,494
0.9083768775575983,238,318,494
0.9083768775575983,238,399,494
0.9083768775575983,238,481,494
0.9085651108947944,271,410
0.9085651108947944,40,271,410
0.9085651108947944,74,271,410
0.9085651108947944,109,271,410
0.9085651108947944,271,337,410
0.9085651108947944,271,343,410
0.9085651108947944,271,410,459
0.9086210447327269,287,310
0.9086210447327269,72,287,310
0.9086210447327269,225,287,310
0.9086210447327269,275,287,310
0.9086210447327269,287,310,387
0.9086210447327269,287,310,400
0.908814070568456,236,275
0.908814070568456,220,236,275
0.908814070568456,236,247,275
0.908814070568456,236,275,278
0.908814070568456,236,275,310
0.908814070568456,236,275,400
0.908814070568456,236,275,494
0.9091839281052008,298,480
0.9091839281052008,244,298,480
0.9091839281052008,298,365,480
0.9091839281052008,298,430,480
0.9091839281052008,298,468,480
0.9092019249561448,395,449
0.9092019249561448,45,395,449
0.9092019249561448,328,395,449
0.9092019249561448,330,395,449
0.9092019249561448,395,413,449
0.9092558850074005,224,231
0.9092558850074005,166,224,231
0.9092558850074005,224,231,381
0.9096173828103864,149,291
0.9096173828103864,12,149,291
0.9096173828103864,74,149,291
0.9096173828103864,109,149,291
0.9096173828103864,149,291,343
0.9096460592609467,117,395
0.9096460592609467,35,117,395
0.9096460592609467,117,261,395
0.9096460592609467,117,395,462
0.9096460592609467,117,395,486
0.9096793867606643,35,355
0.9096793867606643,35,58,355
0.9096793867606643,35,117,355
0.9096793867606643,35,355,462
0.9100286686102749,173,364
0.9100286686102749,86,173,364
0.9100286686102749,142,173,364
0.9100286686102749,173,336,364
0.9100286686102749,173,364,459
0.9100578983272282,201,224
0.9100578983272282,16,201,224
0.9100578983272282,201,224,239
0.9100578983272282,201,224,255
0.9100802777532876,117,174
0.9100802777532876,35,117,174
0.9100802777532876,117,174,261
0.9100802777532876,117,174,395
0.9100802777532876,117,174,462
0.9100802777532876,117,174,486
0.9103551665203822,33,317
0.9103551665203822,33,81,317
0.9103551665203822,33,85,317
0.9103551665203822,33,317,376
0.910522356110325,128,443
0.910522356110325,23,128,443
0.910522356110325,128,234,443
0.9106364767406075,34,365
0.9106364767406075,34,206,365
0.9106364767406075,34,298,365
0.9106364767406075,34,365,482
0.910777358765566,186,242
0.910777358765566,163,186,242
0.910777358765566,186,241,242
0.910777358765566,186,242,265
0.910777358765566,186,242,316
0.910777358765566,186,242,384
0.9110114565793028,132,211
0.9110114565793028,132,211,237
0.9110114565793028,132,211,301
0.9110114565793028,132,211,356
0.9110438352805524,405,499
0.9110438352805524,223,405,499
0.9110438352805524,372,405,499
0.9110438352805524,405,485,499
0.9111637978228413,90,246
0.9111637978228413,90,239,246
0.9111637978228413,90,246,368
0.9111637978228413,90,246,495
0.911238854515777,0,279
0.911238854515777,0,9,279
0.911238854515777,0,279,373
0.9116269018035839,149,271
0.9116269018035839,12,149,271
0.9116269018035839,74,149,271
0.9116269018035839,109,149,271
0.9116269018035839,149,271,291
0.9116269018035839,149,271,343
0.9116269018035839,149,271,385
0.9116269018035839,149,271,422
0.9116269018035839,149,271,459
0.9116529337252463,256,297
0.9116529337252463,129,256,297
0.9116948384914091,380,495
0.9116948384914091,65,380,495
0.9116948384914091,246,380,495
0.9116948384914091,368,380,495
0.9120019921080116,188,388
0.9120019921080116,95,188,388
0.9120019921080116,188,273,388
0.9120019921080116,188,289,388
0.9120019921080116,188,309,388
0.9120019921080116,188,325,388
0.9126989325358712,170,267
0.9126989325358712,89,170,267
0.9126989325358712,170,218,267
0.9128252650685001,83,427
0.9128252650685001,61,83,427
0.9128252650685001,77,83,427
0.9128252650685001,83,329,427
0.9132287177976987,217,492
0.9132287177976987,55,217,492
0.9132287177976987,126,217,492
0.9132287177976987,138,217,492
0.9132287177976987,217,244,492
0.9132287177976987,217,468,492
0.9132557663062644,197,257
0.9132557663062644,197,257,380
0.9132557663062644,197,257,391
0.9132557663062644,197,257,402
0.9132557663062644,197,257,460
0.9134808324942582,20,281
0.9134808324942582,18,20,281
0.9134808324942582,20,127,281
0.9134808324942582,20,216,281
0.9134808324942582,20,281,323
0.9134808324942582,20,281,334
0.9134808324942582,20,281,433
0.913515682037154,88,161
0.913515682037154,88,100,161
0.913515682037154,88,161,248
0.913515682037154,88,161,304
0.913515682037154,88,161,447
0.913515682037154,88,161,456
0.9135875286993905,20,424
0.9135875286993905,20,57,424
0.9135875286993905,20,127,424
0.9135875286993905,20,424,489
0.9136876775277678,96,371
0.9136876775277678,78,96,371
0.9136876775277678,96,150,371
0.9136876775277678,96,181,371
0.9136876775277678,96,216,371
0.9136876775277678,96,292,371
0.9136876775277678,96,323,371
0.9136876775277678,96,358,371
0.9136876775277678,96,371,374
0.9136876775277678,96,371,479
0.9137065878931395,198,445
0.9137065878931395,198,348,445
0.9137065878931395,198,352,445
0.9137914575429285,268,401
0.9137914575429285,66,268,401
0.9137914575429285,268,290,401
0.9137914575429285,268,381,401
0.9137914575429285,268,401,409
0.9137976182459775,133,498
0.9137976182459775,10,133,498
0.9137976182459775,133,344,498
0.9137976182459775,133,404,498
0.9138216279335697,12,259
0.9138216279335697,12,41,259
0.9138216279335697,12,206,259
0.9138216279335697,12,259,416
0.9138216279335697,12,259,496
0.9138721289411547,68,162
0.9138721289411547,4,68,162
0.9138721289411547,7,68,162
0.9138721289411547,38,68,162
0.9138721289411547,68,103,162
0.9138721289411547,68,140,162
0.9138721289411547,68,162,164
0.9138721289411547,68,162,208
0.9139105014881967,235,453
0.9139105014881967,101,235,453
0.9139105014881967,131,235,453
0.9139105014881967,176,235,453
0.9139105014881967,235,249,453
0.914100544585356,56,157
0.914100544585356,56,157,209
0.914100544585356,56,157,439
0.914241836429112,96,327
0.914241836429112,49,96,327
0.914241836429112,96,135,327
0.914241836429112,96,319,327
0.914241836429112,96,327,354
0.914241836429112,96,327,483
0.9144999153707415,169,305
0.9144999153707415,148,169,305
0.9144999153707415,169,272,305
0.9144999153707415,169,305,340
0.9145128225159045,433,479
0.9145128225159045,20,433,479
0.9145128225159045,96,433,479
0.9145128225159045,216,433,479
0.9145128225159045,323,433,479
0.9145128225159045,334,433,479
0.9152283358798735,157,432
0.9152283358798735,152,157,432
0.9152283358798735,157,305,432
0.9152283358798735,157,315,432
0.9152625368591137,58,486
0.9152625368591137,35,58,486
0.9152625368591137,58,117,486
0.9152625368591137,58,144,486
0.9152625368591137,58,462,486
0.9152689700805176,264,499
0.9158133161864246,372,453
0.9158133161864246,372,453,499
0.9159250648530403,151,188
0.9159250648530403,111,151,188
0.9159250648530403,137,151,188
0.9159580445697975,103,331
0.9159580445697975,7,103,331
0.9159580445697975,103,140,331
0.9159580445697975,103,162,331
0.9159580445697975,103,208,331
0.9159580445697975,103,331,338
0.9159580445697975,103,331,497
0.9161182541738582,0,471
0.9161182541738582,0,190,471
0.9161182541738582,0,197,471
0.9161182541738582,0,369,471
0.9161182541738582,0,391,471
0.9162750282356305,187,360
0.9162750282356305,17,187,360
0.9162750282356305,106,187,360
0.9162750282356305,146,187,360
0.9162750282356305,159,187,360
0.9162750282356305,187,282,360
0.9162750282356305,187,360,389
0.9162750282356305,187,360,394
0.9163420534755878,25,159
0.9163420534755878,17,25,159
0.9163420534755878,25,159,435
0.9165663368592046,145,491
0.9165663368592046,145,254,491
0.9166307389644606,179,462
0.9166307389644606,28,179,462
0.9166307389644606,58,179,462
0.9166307389644606,114,179,462
0.9166307389644606,117,179,462
0.9166307389644606,179,202,462
0.9166307389644606,179,355,462
0.9166307389644606,179,436,462
0.9166778650816673,192,234
0.9166778650816673,23,192,234
0.9166778650816673,192,234,396
0.9166778650816673,192,234,443
0.9167020520902552,103,134
0.9167020520902552,4,103,134
0.9167020520902552,38,103,134
0.9167020520902552,103,120,134
0.9167020520902552,103,134,164
0.9168112026172861,22,232
0.9168112026172861,22,69,232
0.9168112026172861,22,124,232
0.9168112026172861,22,198,232
0.9168112026172861,22,232,350
0.9168112026172861,22,232,411
0.9168112026172861,22,232,437
0.9169100181656018,30,383
0.9169100181656018,30,63,383
0.9169100181656018,30,213,383
0.9169100181656018,30,222,383
0.9169100181656018,30,296,383
0.9169100181656018,30,383,418
0.9169509239717618,105,453
0.9169509239717618,105,131,453
0.9169509239717618,105,235,453
0.9169754043189537,316,454
0.9169754043189537,226,316,454
0.9169754043189537,307,316,454
0.9170486046468771,438,444
0.9170486046468771,58,438,444
0.9170486046468771,117,438,444
0.9170486046468771,202,438,444
0.9170486046468771,233,438,444
0.9170486046468771,338,438,444
0.9170486046468771,355,438,444
0.9171480512099665,313,476
0.9171480512099665,313,339,476
0.9173777467662301,9,369
0.9173777467662301,0,9,369
0.9173777467662301,9,156,369
0.9173777467662301,9,190,369
0.9173869384494779,319,479
0.9173869384494779,49,319,479
0.9173869384494779,78,319,479
0.9173869384494779,96,319,479
0.9173869384494779,135,319,479
0.9173869384494779,150,319,479
0.9173869384494779,181,319,479
0.9173869384494779,292,319,479
0.9173869384494779,319,358,479
0.9174361588162755,336,473
0.9174361588162755,86,336,473
0.9174361588162755,142,336,473
0.9174361588162755,336,364,473
0.9174361588162755,336,385,473
0.9174361588162755,336,422,473
0.9179917154281002,213,309
0.9179917154281002,188,213,309
0.9179917154281002,213,273,309
0.9180760461411182,4,331
0.9180760461411182,1,4,331
0.9180760461411182,4,7,331
0.9180760461411182,4,103,331
0.9180760461411182,4,140,331
0.9180760461411182,4,162,331
0.9180760461411182,4,169,331
0.9180760461411182,4,208,331
0.9180760461411182,4,331,338
0.9180760461411182,4,331,444
0.9180760461411182,4,331,497
0.9182108896389027,15,442
0.9182108896389027,15,398,442
0.9182108896389027,15,440,442
0.9187063947005848,322,350
0.9187063947005848,22,322,350
0.9187063947005848,67,322,350
0.9187063947005848,124,322,350
0.9187063947005848,198,322,350
0.9187063947005848,322,350,397
0.9187245266572865,221,338
0.9187245266572865,1,221,338
0.9187245266572865,144,221,338
0.9187245266572865,169,221,338
0.9187245266572865,221,331,338
0.9187245266572865,221,338,444
0.9187245266572865,221,338,497
0.9189291498956138,8,40
0.9189291498956138,8,40,167
0.9189291498956138,8,40,210
0.9189291498956138,8,40,443
0.9189847241962981,235,499
0.9189847241962981,101,235,499
0.9189847241962981,176,235,499
0.9189847241962981,235,249,499
0.9189847241962981,235,419,499
0.9189847241962981,235,453,499
0.9189964240154653,152,312
0.9189964240154653,152,305,312
0.9189964240154653,152,312,315
0.9189964240154653,152,312,432
0.9192303022469086,278,318
0.9192303022469086,93,278,318
0.9192303022469086,199,278,318
0.9192303022469086,236,278,318
0.9192303022469086,247,278,318
0.9192303022469086,278,310,318
0.9192303022469086,278,318,354
0.9192303022469086,278,318,483
0.9192303022469086,278,318,494
0.9195447927245218,71,476
0.9195447927245218,71,79,476
0.9195447927245218,71,351,476
0.9197944044145622,53,360
0.9197944044145622,53,84,360
0.9198435387815742,136,212
0.9198435387815742,37,136,212
0.9198435387815742,136,166,212
0.9198435387815742,136,183,212
0.9198435387815742,136,185,212
0.9198435387815742,136,212,231
0.9198435387815742,136,212,366
0.9199137803603261,118,157
0.9199137803603261,118,157,209
0.9199137803603261,118,157,272
0.9199137803603261,118,157,326
0.9199137803603261,118,157,439
0.9199961374012544,196,471
0.9199961374012544,0,196,471
0.9199961374012544,98,196,471
0.9199961374012544,190,196,471
0.9199961374012544,196,369,471
0.9199961374012544,196,408,471
0.920189525993835,322,379
0.920189525993835,21,322,379
0.920189525993835,22,322,379
0.920189525993835,67,322,379
0.920189525993835,94,322,379
0.920189525993835,124,322,379
0.920189525993835,198,322,379
0.920189525993835,322,350,379
0.920189525993835,322,379,397
0.9202946409252322,4,122
0.9202946409252322,4,38,122
0.9202946409252322,4,42,122
0.9202946409252322,4,120,122
0.9202946409252322,4,122,134
0.9202946409252322,4,122,164
0.9203000133562098,257,373
0.9203000133562098,65,257,373
0.9203000133562098,228,257,373
0.9203000133562098,246,257,373
0.9203000133562098,257,368,373
0.9203000133562098,257,373,402
0.9207371616976179,144,202
0.9207371616976179,58,144,202
0.9207371616976179,144,202,331
0.9207371616976179,144,202,338
0.9207371616976179,144,202,444
0.9207371616976179,144,202,497
0.920788917225094,37,182
0.920788917225094,37,136,182
0.920788917225094,37,182,231
0.920788917225094,37,182,333
0.920788917225094,37,182,366
0.9208108291886126,146,291
0.9208108291886126,47,146,291
0.9208108291886126,106,146,291
0.9208108291886126,107,146,291
0.9208108291886126,128,146,291
0.9208108291886126,146,282,291
0.9208108291886126,146,291,360
0.9208108291886126,146,291,389
0.9208108291886126,146,291,394
0.9208248685829941,29,406
0.9208248685829941,29,241,406
0.9208248685829941,29,308,406
0.9208248685829941,29,349,406
0.9208696379887155,55,256
0.9208696379887155,55,129,256
0.9208696379887155,55,256,297
0.9209539838052802,269,455
0.9209539838052802,143,269,455
0.9211509609268392,274,365
0.9211509609268392,34,274,365
0.9211509609268392,206,274,365
0.9211509609268392,274,298,365
0.9211509609268392,274,365,482
0.9213044534232292,254,363
0.9213044534232292,145,254,363
0.9213044534232292,254,281,363
0.9213044534232292,254,363,481
0.921316002403199,91,365
0.921316002403199,34,91,365
0.921316002403199,91,274,365
0.9213473962780362,182,381
0.9213473962780362,87,182,381
0.9213473962780362,136,182,381
0.9213473962780362,166,182,381
0.9213473962780362,182,231,381
0.9213473962780362,182,290,381
0.9213473962780362,182,381,401
0.9213780473905584,147,432
0.9213780473905584,147,152,432
0.9213780473905584,147,157,432
0.9213780473905584,147,251,432
0.9213780473905584,147,305,432
0.9213780473905584,147,315,432
0.9214973526649434,224,401
0.9214973526649434,224,268,401
0.9214973526649434,224,290,401
0.9214973526649434,224,381,401
0.9214973526649434,224,401,409
0.9215487267835861,105,176
0.9215487267835861,105,131,176
0.9215487267835861,105,153,176
0.9215487267835861,105,176,235
0.9215487267835861,105,176,419
0.9215487267835861,105,176,453
0.9215487267835861,105,176,464
0.9215487267835861,105,176,490
0.9220181615450194,78,216
0.9220181615450194,78,96,216
0.9220181615450194,78,150,216
0.9220181615450194,78,172,216
0.9220181615450194,78,216,292
0.9220181615450194,78,216,358
0.9220181615450194,78,216,371
0.9220181615450194,78,216,374
0.9220181615450194,78,216,479
0.9222580326200392,91,258
0.9222580326200392,91,258,365
0.9222669038618251,207,372
0.9222669038618251,207,223,372
0.9222669038618251,207,372,405
0.9222669038618251,207,372,431
0.9222669038618251,207,372,478
0.9222669038618251,207,372,485
0.9224271184916524,228,239
0.9224271184916524,19,228,239
0.9224271184916524,184,228,239
0.9224271184916524,228,239,246
0.9224271184916524,228,239,368
0.9224271184916524,228,239,373
0.9225565269228871,88,395
0.9225565269228871,52,88,395
0.9225565269228871,88,261,395
0.9225565269228871,88,328,395
0.9225565269228871,88,330,395
0.9225565269228871,88,395,463
0.9225565269228871,88,395,484
0.9226191841328203,3,306
0.9226191841328203,3,133,306
0.9226191841328203,3,168,306
0.9226191841328203,3,303,306
0.9229813707834154,36,81
0.9229813707834154,33,36,81
0.9229813707834154,36,81,446
0.923209159892096,142,337
0.923209159892096,40,142,337
0.923209159892096,74,142,337
0.923209159892096,86,142,337
0.923209159892096,130,142,337
0.923209159892096,142,336,337
0.923209159892096,142,337,343
0.923209159892096,142,337,364
0.923209159892096,142,337,385
0.923209159892096,142,337,422
0.923209159892096,142,337,459
0.9232661508924757,121,325
0.9232661508924757,70,121,325
0.9232661508924757,95,121,325
0.9232661508924757,121,289,325
0.9232661508924757,121,309,325
0.9232661508924757,121,325,388
0.9233769861116543,176,377
0.9233769861116543,176,249,377
0.9233769861116543,176,377,464
0.923762627619624,156,383
0.923762627619624,30,156,383
0.923762627619624,63,156,383
0.923762627619624,156,213,383
0.923762627619624,156,222,383
0.923762627619624,156,286,383
0.923762627619624,156,296,383
0.9239120157231182,150,323
0.9239120157231182,96,150,323
0.9239120157231182,150,172,323
0.9239120157231182,150,216,323
0.9239120157231182,150,323,371
0.9239120157231182,150,323,374
0.9239120157231182,150,323,479
0.9239610063392188,216,406
0.9239610063392188,20,216,406
0.9239610063392188,78,216,406
0.9239610063392188,172,216,406
0.9239610063392188,216,323,406
0.9239610063392188,216,374,406
0.9239610063392188,216,406,461
0.9239610063392188,216,406,479
0.9241595679590621,161,469
0.9241595679590621,88,161,469
0.9241595679590621,100,161,469
0.9241595679590621,161,248,469
0.9241595679590621,161,304,469
0.9241595679590621,161,447,469
0.9245049003605218,291,422
0.9245049003605218,12,291,422
0.9245049003605218,74,291,422
0.9245049003605218,109,291,422
0.9245049003605218,149,291,422
0.9245049003605218,271,291,422
0.9245049003605218,291,343,422
0.9245936652448227,326,347
0.9245936652448227,148,326,347
0.9246392337206688,85,114
0.9246392337206688,28,85,114
0.9246392337206688,85,114,117
0.9246392337206688,85,114,240
0.9246392337206688,85,114,436
0.9246392337206688,85,114,462
0.9246609058165894,0,353
0.9246609058165894,0,9,353
0.9246736342121201,30,286
0.9246736342121201,30,63,286
0.9246736342121201,30,156,286
0.9246736342121201,30,213,286
0.9246736342121201,30,286,296
0.9246736342121201,30,286,383
0.9248882604589264,36,376
0.9248882604589264,33,36,376
0.9248882604589264,36,81,376
0.9248882604589264,36,376,446
0.9252410664897723,215,266
0.9252410664897723,205,215,266
0.9252410664897723,215,266,285
0.9255018215156147,362,386
0.9255018215156147,267,362,386
0.9255018215156147,362,386,426
0.9257135783618708,76,104
0.9257135783618708,31,76,104
0.9257135783618708,76,104,200
0.9257135783618708,76,104,230
0.9257135783618708,76,104,287
0.9257135783618708,76,104,378
0.9257135783618708,76,104,382
0.9257135783618708,76,104,412
0.9258262777601138,316,477
0.9258262777601138,226,316,477
0.9258262777601138,242,316,477
0.9258262777601138,307,316,477
0.9258262777601138,316,384,477
0.9258295948860125,153,249
0.9258295948860125,131,153,249
0.9258295948860125,153,176,249
0.9258295948860125,153,235,249
0.9258295948860125,153,249,419
0.9258295948860125,153,249,464
0.9258537005370544,184,185
0.9258537005370544,184,185,279
0.9259609809632587,141,445
0.9259609809632587,141,352,445
0.9259609809632587,141,390,445
0.9261204311994251,210,234
0.9261204311994251,8,210,234
0.9261204311994251,23,210,234
0.9261204311994251,210,234,396
0.9261204311994251,210,234,443
0.9261204311994251,210,234,451
0.9261204311994251,210,234,466
0.9262376209288224,120,434
0.9262376209288224,120,125,434
0.9263644264525658,53,419
0.9263644264525658,53,105,419
0.9263644264525658,53,131,419
0.9263644264525658,53,153,419
0.9263644264525658,53,177,419
0.9263644264525658,53,192,419
0.9263644264525658,53,235,419
0.9263644264525658,53,419,464
0.9263644264525658,53,419,490
0.9265218931425476,76,498
0.9265218931425476,10,76,498
0.9265218931425476,31,76,498
0.9265218931425476,76,133,498
0.9265218931425476,76,344,498
0.9265218931425476,76,404,498
0.9265360536356894,103,444
0.9265360536356894,4,103,444
0.9265360536356894,7,103,444
0.9265360536356894,103,140,444
0.9265360536356894,103,162,444
0.9265360536356894,103,208,444
0.9265360536356894,103,331,444
0.9265360536356894,103,338,444
0.9265360536356894,103,444,497
0.9265423472470857,146,420
0.9265423472470857,17,146,420
0.9265423472470857,146,187,420
0.9265423472470857,146,420,435
0.9265423472470857,146,420,470
0.9265687934720795,259,441
0.9265687934720795,12,259,441
0.9265687934720795,41,259,441
0.9265687934720795,259,430,441
0.9269201868293436,107,187
0.9269201868293436,17,107,187
0.9269201868293436,106,107,187
0.9269201868293436,107,146,187
0.9269201868293436,107,159,187
0.9269201868293436,107,187,282
0.9269201868293436,107,187,360
0.9269201868293436,107,187,389
0.9269201868293436,107,187,394
0.9274307591130395,281,491
0.9274307591130395,18,281,491
0.9274307591130395,145,281,491
0.9274307591130395,254,281,491
0.9274590347139882,235,321
0.9274590347139882,53,235,321
0.9274590347139882,105,235,321
0.9274590347139882,131,235,321
0.9274590347139882,139,235,321
0.9274590347139882,155,235,321
0.9274590347139882,177,235,321
0.9274590347139882,235,321,490
0.9277031306177188,68,169
0.9277031306177188,4,68,169
0.9277031306177188,68,140,169
0.9277031306177188,68,162,169
0.9277031306177188,68,169,208
0.9277031306177188,68,169,250
0.9277031306177188,68,169,340
0.9277031306177188,68,169,473
0.9278143188894044,278,327
0.9278143188894044,180,278,327
0.9278143188894044,278,327,354
0.9278143188894044,278,327,483
0.9280426937149621,31,133
0.9280426937149621,31,76,133
0.9280426937149621,31,133,344
0.9280426937149621,31,133,378
0.9280426937149621,31,133,498
0.9281163089175323,70,119
0.9281163089175323,70,119,243
0.9281163089175323,70,119,474
0.9282465877084253,66,474
0.9282465877084253,66,119,474
0.9282465877084253,66,243,474
0.9282465877084253,66,290,474
0.9282465877084253,66,401,474
0.9285774946289576,157,251
0.9285774946289576,147,157,251
0.9285774946289576,152,157,251
0.9285774946289576,157,251,305
0.9285774946289576,157,251,315
0.9285774946289576,157,251,432
0.9288788153277402,24,476
0.9288788153277402,24,313,476
0.9288788153277402,24,417,476
0.9291236816199949,214,386
0.9291236816199949,61,214,386
0.9291236816199949,77,214,386
0.9291236816199949,214,229,386
0.9291236816199949,214,329,386
0.9293619331759677,261,463
0.9293619331759677,52,261,463
0.9293619331759677,88,261,463
0.9293619331759677,174,261,463
0.9293619331759677,261,304,463
0.9293619331759677,261,330,463
0.9293619331759677,261,395,463
0.9293619331759677,261,463,469
0.9293619331759677,261,463,484
0.9293619331759677,261,463,486
0.929407571041157,68,142
0.929407571041157,68,74,142
0.929407571041157,68,142,149
0.929407571041157,68,142,250
0.929407571041157,68,142,340
0.929407571041157,68,142,364
0.929407571041157,68,142,385
0.929407571041157,68,142,422
0.929407571041157,68,142,473
0.9296246561011355,99,348
0.9296246561011355,80,99,348
0.9296246561011355,99,217,348
0.9296246561011355,99,227,348
0.9296246561011355,99,324,348
0.9296246561011355,99,348,423
0.9299238453981619,112,299
0.9299238453981619,108,112,299
0.9299238453981619,112,252,299
0.9299238453981619,112,299,335
0.9301613014124288,22,352
0.9301613014124288,22,69,352
0.9301613014124288,22,124,352
0.9301613014124288,22,198,352
0.9301613014124288,22,232,352
0.9301613014124288,22,352,411
0.9301613014124288,22,352,437
0.93023612862728,101,372
0.93023612862728,101,372,453
0.93023612862728,101,372,499
0.9305786521484269,48,354
0.9305786521484269,48,278,354
0.9305786521484269,48,310,354
0.9305786521484269,48,354,494
0.930804599672473,112,346
0.930804599672473,108,112,346
0.930804599672473,112,252,346
0.930804599672473,112,311,346
0.930804599672473,112,335,346
0.9311925853874078,35,444
0.9311925853874078,35,58,444
0.9311925853874078,35,117,444
0.9311925853874078,35,144,444
0.9311925853874078,35,221,444
0.9311925853874078,35,355,444
0.9316401934477115,350,352
0.9316401934477115,22,350,352
0.9316401934477115,69,350,352
0.9316401934477115,124,350,352
0.9316401934477115,198,350,352
0.9316401934477115,232,350,352
0.9316401934477115,350,352,411
0.9316401934477115,350,352,437
0.9319350749804091,119,136
0.9319350749804091,87,119,136
0.9319350749804091,119,136,182
0.9319350749804091,119,136,194
0.9319350749804091,119,136,290
0.9319350749804091,119,136,295
0.9319350749804091,119,136,401
0.9319350749804091,119,136,474
0.9319767794207117,101,377
0.9319767794207117,101,176,377
0.9319767794207117,101,200,377
0.9319767794207117,101,249,377
0.9319767794207117,101,377,464
0.9320285927219716,172,358
0.9320285927219716,78,172,358
0.9320285927219716,150,172,358
0.9320285927219716,172,216,358
0.9320285927219716,172,358,371
0.9320285927219716,172,358,374
0.9320285927219716,172,358,479
0.9321014342956508,97,419
0.932151875418695,31,200
0.932151875418695,31,76,200
0.932151875418695,31,104,200
0.932151875418695,31,200,378
0.932151875418695,31,200,382
0.932151875418695,31,200,412
0.9321911837453095,382,400
0.9321911837453095,104,382,400
0.9321911837453095,275,382,400
0.9321911837453095,287,382,400
0.9324387660243069,103,416
0.9324387660243069,38,103,416
0.9324387660243069,68,103,416
0.9324387660243069,103,164,416
0.9325636306757835,86,271
0.9325636306757835,40,86,271
0.9325636306757835,74,86,271
0.9325636306757835,86,109,271
0.9325636306757835,86,149,271
0.9325636306757835,86,271,337
0.9325636306757835,86,271,343
0.9325636306757835,86,271,385
0.9325636306757835,86,271,422
0.9325636306757835,86,271,459
0.9327199992628246,277,432
0.9327199992628246,203,277,432
0.9327199992628246,277,312,432
0.932740295323759,249,378
0.932740295323759,104,249,378
0.932740295323759,200,249,378
0.932740295323759,230,249,378
0.932740295323759,249,377,378
0.9327675074944171,327,460
0.9327675074944171,49,327,460
0.9327675074944171,135,327,460
0.9327675074944171,283,327,460
0.9327675074944171,319,327,460
0.9329107977990335,349,374
0.9329107977990335,172,349,374
0.9329107977990335,241,349,374
0.9329107977990335,308,349,374
0.9329107977990335,349,374,406
0.9331956507393047,58,174
0.9331956507393047,35,58,174
0.9331956507393047,58,117,174
0.9331956507393047,58,144,174
0.9331956507393047,58,174,462
0.9331956507393047,58,174,486
0.9334421532640022,228,380
0.9334421532640022,65,228,380
0.9334421532640022,228,246,380
0.9334421532640022,228,257,380
0.9334421532640022,228,368,380
0.9334421532640022,228,380,495
0.9336654557772855,83,414
0.9336654557772855,14,83,414
0.9336654557772855,83,332,414
0.9336830660391021,167,234
0.9336830660391021,8,167,234
0.9336830660391021,23,167,234
0.9336830660391021,167,210,234
0.9336830660391021,167,234,396
0.9336830660391021,167,234,443
0.9336830660391021,167,234,451
0.9336830660391021,167,234,466
0.9340589955370757,247,281
0.9340589955370757,199,247,281
0.9340589955370757,236,247,281
0.9340589955370757,238,247,281
0.9340589955370757,247,281,318
0.9340589955370757,247,281,399
0.9340589955370757,247,281,481
0.9341219537198412,2,133
0.9341219537198412,2,10,133
0.9341219537198412,2,133,344
0.9341219537198412,2,133,498
0.9342938294661014,193,455
0.9342938294661014,143,193,455
0.9342938294661014,193,342,455
0.9342938294661014,193,455,493
0.9344083673119213,64,450
0.9344122247852097,33,425
0.9344122247852097,33,71,425
0.9344122247852097,33,317,425
0.9344407512132448,428,458
0.9346342609936152,21,423
0.9346342609936152,21,227,423
0.9346342609936152,21,322,423
0.9346342609936152,21,420,423
0.9346342609936152,21,423,470
0.9350644521413725,12,47
0.9350644521413725,12,47,74
0.9350644521413725,12,47,109
0.9350644521413725,12,47,271
0.9350644521413725,12,47,291
0.9350644521413725,12,47,343
0.9350644521413725,12,47,441
0.9352997966596401,107,490
0.9353005391338738,7,250
0.9353005391338738,7,38,250
0.9353005391338738,7,68,250
0.9353005391338738,7,208,250
0.9353766899231076,166,401
0.9353766899231076,87,166,401
0.9353766899231076,136,166,401
0.9353766899231076,166,182,401
0.9353766899231076,166,224,401
0.9353766899231076,166,290,401
0.9353766899231076,166,381,401
0.9354041700201486,331,355
0.9354041700201486,58,331,355
0.9354041700201486,202,331,355
0.9354041700201486,331,338,355
0.9354041700201486,331,355,444
0.935479581035517,33,288
0.935479581035517,32,33,288
0.935479581035517,33,36,288
0.935479581035517,33,71,288
0.935479581035517,33,288,446
0.9354842193509433,14,347
0.9354842193509433,14,45,347
0.9354842193509433,14,73,347
0.9354842193509433,14,347,413
0.935565292003122,282,470
0.935565292003122,17,282,470
0.935565292003122,146,282,470
0.935565292003122,187,282,470
0.935565292003122,282,389,470
0.935565292003122,282,435,470
0.93562425348359,127,491
0.93562425348359,18,127,491
0.93562425348359,57,127,491
0.93562425348359,127,281,491
0.9358132068057595,65,239
0.9358132068057595,65,228,239
0.9358132068057595,65,239,246
0.9358132068057595,65,239,368
0.9358132068057595,65,239,373
0.9358176412877757,172,292
0.9358176412877757,78,172,292
0.9358176412877757,150,172,292
0.9358176412877757,172,216,292
0.9358176412877757,172,292,358
0.9358176412877757,172,292,371
0.9358176412877757,172,292,374
0.9358176412877757,172,292,479
0.9359280429399482,1,347
0.9359280429399482,1,148,347
0.9359280429399482,1,221,347
0.935961792473345,201,454
0.935961792473345,90,201,454
0.935961792473345,175,201,454
0.935961792473345,201,269,454
0.935961792473345,201,307,454
0.936163999494354,103,496
0.936163999494354,38,103,496
0.936163999494354,68,103,496
0.936163999494354,103,164,496
0.936163999494354,103,416,496
0.9362456320224982,415,492
0.9362456320224982,55,415,492
0.9362456320224982,126,415,492
0.9362456320224982,138,415,492
0.9362456320224982,217,415,492
0.9362456320224982,244,415,492
0.9362456320224982,415,430,492
0.9362456320224982,415,468,492
0.9362456320224982,415,480,492
0.9363730566882398,273,325
0.9363730566882398,70,273,325
0.9363730566882398,121,273,325
0.9363730566882398,188,273,325
0.9363730566882398,273,289,325
0.9363730566882398,273,309,325
0.9363730566882398,273,325,388
0.9363884497148692,146,271
0.9363884497148692,47,146,271
0.9363884497148692,107,146,271
0.9363884497148692,128,146,271
0.9363884497148692,146,271,282
0.9363884497148692,146,271,291
0.9363884497148692,146,271,389
0.9365245556190948,50,461
0.9365245556190948,50,428,461
0.9365245556190948,50,448,461
0.9365245556190948,50,461,489
0.9367195483968941,32,301
0.9367195483968941,32,132,301
0.9367195483968941,32,301,356
0.9369466015750104,90,255
0.9369466015750104,16,90,255
0.9369466015750104,90,175,255
0.9369466015750104,90,201,255
0.9369466015750104,90,239,255
0.9369466015750104,90,255,307
0.9370653897589277,45,463
0.9370653897589277,45,174,463
0.9370653897589277,45,328,463
0.9370653897589277,45,330,463
0.9370653897589277,45,395,463
0.9370653897589277,45,463,486
0.9371992972793782,154,301
0.9371992972793782,154,211,301
0.9371992972793782,154,219,301
0.9371992972793782,154,237,301
0.9372752026838307,251,312
0.9372752026838307,152,251,312
0.9372752026838307,251,305,312
0.9372752026838307,251,312,315
0.9372752026838307,251,312,432
0.9372796342871661,186,280
0.9372796342871661,186,241,280
0.9372796342871661,186,265,280
0.9373694162528367,196,467
0.9373694162528367,98,196,467
0.9373694162528367,190,196,467
0.9373694162528367,196,369,467
0.9373694162528367,196,408,467
0.9373694162528367,196,467,471
0.9373973410775255,355,497
0.9373973410775255,58,355,497
0.9373973410775255,202,355,497
0.9373973410775255,331,355,497
0.9373973410775255,338,355,497
0.9373973410775255,355,444,497
0.9375395379421844,399,433
0.9375395379421844,199,399,433
0.9375395379421844,281,399,433
0.9375395379421844,318,399,433
0.9377263481101568,148,152
0.9377263481101568,147,148,152
0.9377263481101568,148,152,157
0.9377263481101568,148,152,272
0.9377263481101568,148,152,305
0.9377263481101568,148,152,315
0.9377263481101568,148,152,326
0.9377263481101568,148,152,340
0.9377263481101568,148,152,439
0.9377754533770406,244,259
0.9377754533770406,41,244,259
0.9377754533770406,244,259,298
0.9377754533770406,244,259,430
0.9377777210719278,55,99
0.9377777210719278,55,99,126
0.9377777210719278,55,99,138
0.9377777210719278,55,99,217
0.9377777210719278,55,99,244
0.9377777210719278,55,99,324
0.9377777210719278,55,99,415
0.9379644897437646,168,230
0.9379644897437646,133,168,230
0.9379644897437646,168,230,303
0.9379644897437646,168,230,306
0.9382448675153957,1,7
0.9382448675153957,1,4,7
0.9382448675153957,1,7,140
0.9382448675153957,1,7,162
0.9382448675153957,1,7,208
0.9382448675153957,1,7,331
0.9382448675153957,1,7,338
0.9382448675153957,1,7,444
0.9382448675153957,1,7,497
0.9383489422008175,109,167
0.9383489422008175,40,109,167
0.9383489422008175,86,109,167
0.9383489422008175,109,167,210
0.9383489422008175,109,167,336
0.9383489422008175,109,167,337
0.9383489422008175,109,167,410
0.9383489422008175,109,167,459
0.9384484138642238,2,72
0.9384484138642238,2,72,344
0.9384484138642238,2,72,498
0.9386070587854218,178,374
0.9386070587854218,78,178,374
0.9386070587854218,172,178,374
0.9386070587854218,178,241,374
0.9386070587854218,178,371,374
0.9387933491188557,247,387
0.9387933491188557,225,247,387
0.9387933491188557,247,275,387
0.9387933491188557,247,278,387
0.9387933491188557,247,310,387
0.9387933491188557,247,387,494
0.9388470790094939,52,144
0.9388470790094939,35,52,144
0.9388470790094939,52,144,174
0.9388470790094939,52,144,395
0.9388470790094939,52,144,486
0.9389164593954777,330,345
0.9389164593954777,88,330,345
0.9389164593954777,261,330,345
0.9389164593954777,304,330,345
0.9389164593954777,330,345,469
0.939094640183408,99,361
0.939094640183408,80,99,361
0.939094640183408,99,138,361
0.939094640183408,99,217,361
0.939094640183408,99,324,361
0.939094640183408,99,348,361
0.939094640183408,99,361,423
0.9390974705458917,35,484
0.9390974705458917,35,52,484
0.9390974705458917,35,174,484
0.9390974705458917,35,261,484
0.9390974705458917,35,330,484
0.9390974705458917,35,395,484
0.9390974705458917,35,484,486
0.9392704659606818,84,435
0.9392704659606818,17,84,435
0.9392704659606818,84,106,435
0.9392704659606818,84,146,435
0.9392704659606818,84,159,435
0.9392704659606818,84,394,435
0.9392930196384565,139,453
0.9392930196384565,105,139,453
0.9392930196384565,131,139,453
0.9392930196384565,139,235,453
0.9393773554257665,176,177
0.9393773554257665,105,176,177
0.9393773554257665,131,176,177
0.9393773554257665,153,176,177
0.9393773554257665,176,177,235
0.9393773554257665,176,177,419
0.9393773554257665,176,177,464
0.9393773554257665,176,177,490
0.939556595678665,139,153
0.939556595678665,53,139,153
0.939556595678665,105,139,153
0.939556595678665,131,139,153
0.939556595678665,139,153,177
0.939556595678665,139,153,235
0.939556595678665,139,153,464
0.939556595678665,139,153,490
0.9396035812976598,268,307
0.9396035812976598,16,268,307
0.9396035812976598,255,268,307
0.9396035812976598,268,307,409
0.9396035812976598,268,307,477
0.9396887143389211,270,307
0.9396887143389211,226,270,307
0.9396887143389211,269,270,307
0.9396887143389211,270,307,454
0.9399620405132708,254,314
0.9399620405132708,254,314,491
0.9399759450380891,233,331
0.9399759450380891,58,233,331
0.9399759450380891,162,233,331
0.9399759450380891,202,233,331
0.9399759450380891,233,331,338
0.9399759450380891,233,331,355
0.9399759450380891,233,331,444
0.9399928782410658,456,469
0.9399928782410658,52,456,469
0.9399928782410658,88,456,469
0.9399928782410658,100,456,469
0.9399928782410658,161,456,469
0.9399928782410658,248,456,469
0.9399928782410658,304,456,469
0.9399928782410658,328,456,469
0.9399928782410658,456,463,469
0.9399928782410658,456,469,484
0.9401143945895859,177,192
0.9401143945895859,53,177,192
0.9401143945895859,153,177,192
0.9401143945895859,177,192,235
0.9401143945895859,177,192,419
0.9401143945895859,177,192,490
0.9401500408852238,348,420
0.9401500408852238,80,348,420
0.9401500408852238,99,348,420
0.9401500408852238,217,348,420
0.9401500408852238,227,348,420
0.9401500408852238,324,348,420
0.9401500408852238,348,420,423
0.9401699446411641,316,349
0.9401699446411641,29,316,349
0.9401699446411641,226,316,349
0.9401699446411641,241,316,349
0.9401699446411641,265,316,349
0.9401699446411641,308,316,349
0.940350479390513,74,473
0.940350479390513,68,74,473
0.940350479390513,74,86,473
0.940350479390513,74,142,473
0.940350479390513,74,149,473
0.940350479390513,74,250,473
0.940350479390513,74,336,473
0.940350479390513,74,364,473
0.940350479390513,74,385,473
0.940350479390513,74,422,473
0.9410561191428519,303,453
0.9410561191428519,230,303,453
0.9410561191428519,303,306,453
0.9413415064863959,180,283
0.9413415064863959,180,283,319
0.9413415064863959,180,283,327
0.9415179650851184,28,240
0.9415179650851184,28,81,240
0.9415179650851184,28,85,240
0.9415179650851184,28,114,240
0.9415179650851184,28,117,240
0.9415179650851184,28,240,376
0.9415179650851184,28,240,462
0.9417574150937467,139,419
0.9417574150937467,53,139,419
0.9417574150937467,105,139,419
0.9417574150937467,131,139,419
0.9417574150937467,139,153,419
0.9417574150937467,139,177,419
0.9417574150937467,139,235,419
0.9417574150937467,139,419,464
0.9417574150937467,139,419,490
0.9420704399102294,256,480
0.9420704399102294,55,256,480
0.9420704399102294,129,256,480
0.9420704399102294,256,297,480
0.942109238139246,330,332
0.942109238139246,45,330,332
0.942109238139246,330,332,359
0.942109238139246,330,332,413
0.942109238139246,330,332,449
0.9422592002424997,4,250
0.9422592002424997,4,7,250
0.9422592002424997,4,38,250
0.9422592002424997,4,68,250
0.9422592002424997,4,169,250
0.9422592002424997,4,208,250
0.9422592002424997,4,250,340
0.9423027323533736,69,223
0.9423027323533736,67,69,223
0.9423027323533736,69,223,232
0.9423027323533736,69,223,350
0.9423027323533736,69,223,379
0.9423027323533736,69,223,437
0.9424061852933675,447,456
0.9424061852933675,52,447,456
0.9424061852933675,88,447,456
0.9424061852933675,161,447,456
0.9424061852933675,248,447,456
0.9424061852933675,304,447,456
0.9424061852933675,328,447,456
0.9424061852933675,447,456,463
0.9424061852933675,447,456,469
0.9424061852933675,447,456,484
0.9424579673830622,144,169
0.9424579673830622,1,144,169
0.9424579673830622,144,169,208
0.9424579673830622,144,169,221
0.9424579673830622,144,169,331
0.9424579673830622,144,169,338
0.9424579673830622,144,169,444
0.9424579673830622,144,169,497
0.9424841070467531,444,462
0.9424841070467531,35,444,462
0.9424841070467531,58,444,462
0.9424841070467531,117,444,462
0.9424841070467531,202,444,462
0.9424841070467531,355,444,462
0.9426876188427817,12,86
0.9426876188427817,12,74,86
0.9426876188427817,12,86,109
0.9426876188427817,12,86,149
0.9426876188427817,12,86,250
0.9426876188427817,12,86,271
0.9426876188427817,12,86,343
0.9426876188427817,12,86,364
0.9426876188427817,12,86,385
0.9426876188427817,12,86,422
0.942693555727968,20,448
0.942693555727968,20,448,461
0.942693555727968,20,448,489
0.9427226637626785,107,435
0.9427226637626785,17,107,435
0.9427226637626785,84,107,435
0.9427226637626785,106,107,435
0.9427226637626785,107,146,435
0.9427226637626785,107,159,435
0.9427226637626785,107,187,435
0.9427226637626785,107,282,435
0.9427226637626785,107,389,435
0.9427226637626785,107,394,435
0.9429959089602733,323,358
0.9429959089602733,96,323,358
0.9429959089602733,150,323,358
0.9429959089602733,172,323,358
0.9429959089602733,216,323,358
0.9429959089602733,323,358,371
0.9429959089602733,323,358,374
0.9429959089602733,323,358,479
0.9431353038466657,57,487
0.9431353038466657,57,314,487
0.9432721626081025,259,365
0.9432721626081025,206,259,365
0.9432721626081025,244,259,365
0.9432721626081025,259,274,365
0.9432721626081025,259,298,365
0.9432721626081025,259,365,430
0.9432721626081025,259,365,482
0.9438893422511528,91,482
0.9438893422511528,5,91,482
0.9438893422511528,34,91,482
0.9438893422511528,91,274,482
0.9438893422511528,91,365,482
0.9438893422511528,91,472,482
0.9441950295100143,400,494
0.9441950295100143,93,400,494
0.9441950295100143,220,400,494
0.9441950295100143,236,400,494
0.9441950295100143,238,400,494
0.9441950295100143,247,400,494
0.9441950295100143,275,400,494
0.9441950295100143,310,400,494
0.9442525258719474,49,197
0.9442525258719474,49,135,197
0.9442525258719474,49,181,197
0.9442525258719474,49,197,319
0.9442525258719474,49,197,380
0.9442525258719474,49,197,391
0.9442525258719474,49,197,460
0.9442525258719474,49,197,467
0.9442525258719474,49,197,471
0.944494522524349,342,392
0.944494522524349,64,342,392
0.944494522524349,193,342,392
0.9445000231296904,170,183
0.9445000231296904,170,183,218
0.9445000231296904,170,183,262
0.9446326560581974,271,360
0.9446326560581974,47,271,360
0.9446326560581974,107,271,360
0.9446326560581974,128,271,360
0.9446326560581974,146,271,360
0.9446326560581974,271,282,360
0.9446326560581974,271,291,360
0.9446326560581974,271,360,389
0.9448435074561454,38,42
0.9448435074561454,4,38,42
0.9448435074561454,38,42,120
0.9448435074561454,38,42,122
0.9448435074561454,38,42,134
0.9448435074561454,38,42,164
0.9448581972519771,102,193
0.9448581972519771,64,102,193
0.9448581972519771,102,193,392
0.9451131755615635,116,450
0.9451131755615635,64,116,450
0.9451429330223411,291,385
0.9451429330223411,12,291,385
0.9451429330223411,74,291,385
0.9451429330223411,109,291,385
0.9451429330223411,149,291,385
0.9451429330223411,271,291,385
0.9451429330223411,291,343,385
0.9451429330223411,291,385,422
0.945844226501138,46,122
0.945844226501138,42,46,122
0.945844226501138,46,122,134
0.945844226501138,46,122,266
0.9458465929097376,117,144
0.9458465929097376,35,117,144
0.9458465929097376,58,117,144
0.9458465929097376,117,144,174
0.9458465929097376,117,144,202
0.9458465929097376,117,144,395
0.9458465929097376,117,144,444
0.9458465929097376,117,144,486
0.946001520146578,186,393
0.946001520146578,163,186,393
0.9460290806500098,196,316
0.9460290806500098,98,196,316
0.9460290806500098,178,196,316
0.9464006847922424,199,323
0.9464006847922424,96,199,323
0.9464006847922424,150,199,323
0.9464006847922424,199,216,323
0.9464006847922424,199,281,323
0.9464006847922424,199,323,334
0.9464006847922424,199,323,358
0.9464006847922424,199,323,433
0.9465141911183328,298,415
0.9465141911183328,41,298,415
0.9465141911183328,244,298,415
0.9465141911183328,298,415,430
0.9465141911183328,298,415,468
0.9465141911183328,298,415,480
0.9465249600268345,84,389
0.9465249600268345,17,84,389
0.9465249600268345,84,106,389
0.9465249600268345,84,107,389
0.9465249600268345,84,146,389
0.9465249600268345,84,159,389
0.9465249600268345,84,360,389
0.9465249600268345,84,389,394
0.9465249600268345,84,389,435
0.9468982168222619,250,336
0.9468982168222619,74,250,336
0.9468982168222619,86,250,336
0.9468982168222619,142,250,336
0.9468982168222619,250,336,343
0.9468982168222619,250,336,364
0.9468982168222619,250,336,385
0.9468982168222619,250,336,422
0.9468982168222619,250,336,473
0.9472903566798022,84,177
0.9472903566798022,53,84,177
0.9472903566798022,84,105,177
0.9472903566798022,84,139,177
0.9472903566798022,84,177,321
0.9473458551076079,286,289
0.9473458551076079,60,286,289
0.9473458551076079,121,286,289
0.9473458551076079,273,286,289
0.9473458551076079,286,289,388
0.9473458551076079,286,289,393
0.9473479151285786,15,64
0.9473479151285786,15,64,193
0.9473479151285786,15,64,342
0.9473479151285786,15,64,493
0.9476400561628294,135,199
0.9476400561628294,96,135,199
0.9476400561628294,135,150,199
0.9476400561628294,135,199,292
0.9476400561628294,135,199,354
0.9476400561628294,135,199,358
0.9476400561628294,135,199,483
0.9476765397242446,26,173
0.9476765397242446,26,173,263
0.9476765397242446,26,173,284
0.9476765397242446,26,173,432
0.9477007702392088,276,375
0.9477007702392088,160,276,375
0.9477007702392088,205,276,375
0.9477007702392088,215,276,375
0.9477007702392088,276,277,375
0.9477658153038055,191,470
0.9477658153038055,99,191,470
0.9477658153038055,187,191,470
0.9477658153038055,191,282,470
0.9477658153038055,191,370,470
0.9477796193879532,191,420
0.9477796193879532,99,191,420
0.9477796193879532,187,191,420
0.9477796193879532,191,370,420
0.9477796193879532,191,420,470
0.9479945112711402,259,415
0.9479945112711402,41,259,415
0.9479945112711402,244,259,415
0.9479945112711402,259,298,415
0.9479945112711402,259,415,430
0.9479945112711402,259,415,441
0.948190831178506,126,365
0.948190831178506,55,126,365
0.948190831178506,126,244,365
0.948190831178506,126,297,365
0.948190831178506,126,365,430
0.948190831178506,126,365,468
0.948190831178506,126,365,480
0.948190831178506,126,365,492
0.9483211780889721,124,348
0.9483211780889721,124,198,348
0.9483211780889721,124,322,348
0.9483211780889721,124,348,352
0.9485076083865515,162,434
0.9485076083865515,120,162,434
0.9485076083865515,162,202,434
0.9485076083865515,162,233,434
0.948602646765804,429,468
0.948602646765804,55,429,468
0.948602646765804,129,429,468
0.948602646765804,297,429,468
0.948602646765804,365,429,468
0.948602646765804,429,468,480
0.948602646765804,429,468,492
0.9487801835490511,173,473
0.9487801835490511,86,173,473
0.9487801835490511,142,173,473
0.9487801835490511,173,336,473
0.9487801835490511,173,364,473
0.9487913135551284,289,474
0.9487913135551284,70,289,474
0.9487913135551284,95,289,474
0.9487913135551284,289,325,474
0.9490560583404057,22,223
0.9490560583404057,22,67,223
0.9490560583404057,22,69,223
0.9490560583404057,22,207,223
0.9490560583404057,22,223,232
0.9490560583404057,22,223,350
0.9490560583404057,22,223,379
0.9490560583404057,22,223,437
0.9492184012802092,78,316
0.9492184012802092,78,98,316
0.9492184012802092,78,178,316
0.9492184012802092,78,241,316
0.9492184012802092,78,308,316
0.9493148950041149,116,143
0.9493148950041149,116,143,455
0.9493780831190487,56,215
0.9493780831190487,56,160,215
0.9493780831190487,56,215,277
0.9493780831190487,56,215,375
0.9495064204927348,43,475
0.9495064204927348,43,44,475
0.9495064204927348,43,357,475
0.949559050596853,406,448
0.949559050596853,20,406,448
0.949559050596853,406,428,448
0.949559050596853,406,448,461
0.9498048512951411,218,427
0.9498048512951411,89,218,427
0.9498048512951411,218,267,427
0.9498048512951411,218,426,427
0.9498671262891681,7,496
0.9498671262891681,7,38,496
0.9498671262891681,7,68,496
0.9498671262891681,7,103,496
0.9498671262891681,7,164,496
0.9498671262891681,7,250,496
0.9501067515771968,59,454
0.9501067515771968,59,226,454
0.9501067515771968,59,270,454
0.9501067515771968,59,454,458
0.9501455487097139,0,467
0.9501455487097139,0,190,467
0.9501455487097139,0,196,467
0.9501455487097139,0,197,467
0.9501455487097139,0,369,467
0.9501455487097139,0,391,467
0.9501455487097139,0,467,471
0.9502665473610574,45,484
0.9502665473610574,45,174,484
0.9502665473610574,45,328,484
0.9502665473610574,45,330,484
0.9502665473610574,45,395,484
0.9502665473610574,45,463,484
0.9502665473610574,45,484,486
0.9504649434324698,218,386
0.9504649434324698,89,218,386
0.9504649434324698,218,267,386
0.9504649434324698,218,386,426
0.9504649434324698,218,386,427
0.9505118898323665,100,345
0.9505118898323665,88,100,345
0.9505118898323665,100,304,345
0.9505118898323665,100,345,469
0.9505669779573737,218,362
0.9505669779573737,218,267,362
0.9505669779573737,218,362,386
0.9505669779573737,218,362,426
0.9506373654924442,51,209
0.9506373654924442,51,62,209
0.9506373654924442,51,189,209
0.9506373654924442,51,209,452
0.9506373654924442,51,209,457
0.950660318926159,29,242
0.950660318926159,29,226,242
0.950660318926159,29,241,242
0.950660318926159,29,242,265
0.950660318926159,29,242,316
0.950976963456046,260,426
0.950976963456046,260,267,426
0.950976963456046,260,386,426
0.950976963456046,260,426,427
0.9510211672430776,256,429
0.9510211672430776,55,256,429
0.9510211672430776,129,256,429
0.9510211672430776,256,297,429
0.9510211672430776,256,429,480
0.951128198149324,99,468
0.951128198149324,55,99,468
0.951128198149324,99,126,468
0.951128198149324,99,138,468
0.951128198149324,99,217,468
0.951128198149324,99,244,468
0.951128198149324,99,324,468
0.951128198149324,99,415,468
0.9512713397438125,36,61
0.9512713397438125,36,61,214
0.9513567023971995,181,374
0.9513567023971995,49,181,374
0.9513567023971995,78,181,374
0.9513567023971995,96,181,374
0.9513567023971995,135,181,374
0.9513567023971995,150,181,374
0.9513567023971995,181,292,374
0.9513567023971995,181,358,374
0.9513567023971995,181,371,374
0.9513567023971995,181,374,479
0.9514270332800955,200,287
0.9514270332800955,31,200,287
0.9514270332800955,76,200,287
0.9514270332800955,104,200,287
0.9514270332800955,200,287,378
0.9514270332800955,200,287,382
0.9514270332800955,200,287,412
0.9514644542886098,233,497
0.9514644542886098,58,233,497
0.9514644542886098,162,233,497
0.9514644542886098,202,233,497
0.9514644542886098,233,331,497
0.9514644542886098,233,338,497
0.9514644542886098,233,355,497
0.9514644542886098,233,444,497
0.9518240740452083,332,347
0.9518240740452083,14,332,347
0.9518240740452083,45,332,347
0.9518240740452083,73,332,347
0.9518240740452083,332,347,413
0.9520589327976369,200,453
0.9520589327976369,101,200,453
0.9520589327976369,131,200,453
0.9520589327976369,200,230,453
0.9520589327976369,200,249,453
0.9520611919670992,360,435
0.9520611919670992,17,360,435
0.9520611919670992,84,360,435
0.9520611919670992,106,360,435
0.9520611919670992,107,360,435
0.9520611919670992,146,360,435
0.9520611919670992,159,360,435
0.9520611919670992,187,360,435
0.9520611919670992,282,360,435
0.9520611919670992,360,389,435
0.9520611919670992,360,394,435
0.9522053432577563,275,378
0.9522053432577563,31,275,378
0.9522053432577563,104,275,378
0.9522053432577563,275,287,378
0.9522053432577563,275,367,378
0.9522053432577563,275,378,382
0.9522053432577563,275,378,412
0.952277511252928,109,496
0.952277511252928,12,109,496
0.952277511252928,41,109,496
0.952277511252928,74,109,496
0.952277511252928,109,149,496
0.952277511252928,109,343,496
0.952277511252928,109,364,496
0.952277511252928,109,385,496
0.952277511252928,109,422,496
0.9526828793845361,348,397
0.9526828793845361,124,348,397
0.9526828793845361,198,348,397
0.9526828793845361,227,348,397
0.9526828793845361,322,348,397
0.9527725463559301,189,277
0.9527725463559301,56,189,277
0.9527725463559301,160,189,277
0.9527725463559301,189,209,277
0.9527725463559301,189,277,375
0.9528208448465549,23,107
0.9528208448465549,23,107,128
0.9528208448465549,23,107,490
0.952822350692258,358,433
0.952822350692258,96,358,433
0.952822350692258,199,358,433
0.952822350692258,216,358,433
0.952822350692258,323,358,433
0.952822350692258,358,433,479
0.9528463440033003,8,410
0.9528463440033003,8,40,410
0.9528463440033003,8,167,410
0.9528463440033003,8,210,410
0.9528463440033003,8,410,443
0.9528463440033003,8,410,451
0.9531912324205737,131,499
0.9531912324205737,101,131,499
0.9531912324205737,131,176,499
0.9531912324205737,131,235,499
0.9531912324205737,131,249,499
0.9531912324205737,131,419,499
0.9531912324205737,131,453,499
0.9531970778699764,333,465
0.9532246827229144,433,481
0.9532246827229144,199,433,481
0.9532246827229144,281,433,481
0.9532246827229144,318,433,481
0.9532246827229144,399,433,481
0.9535262230837228,334,489
0.9535262230837228,20,334,489
0.9535262230837228,57,334,489
0.9535262230837228,127,334,489
0.9535262230837228,334,461,489
0.9535665904097776,127,254
0.9535665904097776,18,127,254
0.9535665904097776,127,254,281
0.9535665904097776,127,254,491
0.9535825447591879,128,435
0.9535825447591879,17,128,435
0.9535825447591879,106,128,435
0.9535825447591879,107,128,435
0.9535825447591879,128,146,435
0.9535825447591879,128,159,435
0.9535825447591879,128,282,435
0.9535825447591879,128,360,435
0.9535825447591879,128,389,435
0.9535825447591879,128,394,435
0.9535858067948814,391,408
0.9535858067948814,135,391,408
0.9535858067948814,181,391,408
0.9535858067948814,190,391,408
0.9535858067948814,197,391,408
0.9535858067948814,369,391,408
0.9535858067948814,391,408,467
0.9535858067948814,391,408,471
0.953589648813152,244,441
0.953589648813152,41,244,441
0.953589648813152,191,244,441
0.953589648813152,244,259,441
0.953589648813152,244,370,441
0.953589648813152,244,415,441
0.953589648813152,244,430,441
0.9541609360606332,385,410
0.9541609360606332,40,385,410
0.9541609360606332,74,385,410
0.9541609360606332,109,385,410
0.9541609360606332,271,385,410
0.9541609360606332,336,385,410
0.9541609360606332,337,385,410
0.9541609360606332,343,385,410
0.9541609360606332,385,410,459
0.9543117094225816,190,353
0.9543117094225816,0,190,353
0.9543117094225816,9,190,353
0.9543117094225816,156,190,353
0.9545418064654163,12,459
0.9545418064654163,12,74,459
0.9545418064654163,12,86,459
0.9545418064654163,12,109,459
0.9545418064654163,12,149,459
0.9545418064654163,12,271,459
0.9545418064654163,12,343,459
0.9545418064654163,12,364,459
0.9545418064654163,12,385,459
0.9545418064654163,12,422,459
0.9546966794502354,395,469
0.9546966794502354,52,395,469
0.9546966794502354,88,395,469
0.9546966794502354,261,395,469
0.9546966794502354,328,395,469
0.9546966794502354,330,395,469
0.9546966794502354,395,449,469
0.9546966794502354,395,463,469
0.9546966794502354,395,469,484
0.9548040826001147,9,196
0.9548040826001147,0,9,196
0.9548040826001147,9,156,196
0.9548040826001147,9,190,196
0.9548040826001147,9,196,369
0.955145735253273,163,316
0.955145735253273,163,186,316
0.955145735253273,163,242,316
0.955145735253273,163,316,384
0.955145735253273,163,316,477
0.9551464644285692,458,493
0.9551464644285692,143,458,493
0.9554215051061655,230,377
0.9554215051061655,101,230,377
0.9554215051061655,104,230,377
0.9554215051061655,200,230,377
0.9554215051061655,230,249,377
0.9554215051061655,230,377,378
0.9556524558003039,375,452
0.9556524558003039,189,375,452
0.9556524558003039,209,375,452
0.9556524558003039,375,452,457
0.9558111240166645,241,384
0.9558111240166645,186,241,384
0.9558111240166645,226,241,384
0.9558111240166645,241,242,384
0.9558111240166645,241,265,384
0.9558111240166645,241,316,384
0.9558964329743851,9,185
0.9558964329743851,9,185,279
0.9559199896592881,0,184
0.9559199896592881,0,184,279
0.9559199896592881,0,184,373
0.9559717359228428,35,45
0.9559717359228428,35,45,174
0.9559717359228428,35,45,221
0.9559717359228428,35,45,330
0.9559717359228428,35,45,347
0.9559717359228428,35,45,395
0.9559717359228428,35,45,413
0.9559717359228428,35,45,484
0.9559717359228428,35,45,486
0.9561937521784486,248,328
0.9561937521784486,88,248,328
0.9561937521784486,248,304,328
0.9561937521784486,248,328,447
0.9561937521784486,248,328,456
0.9561937521784486,248,328,469
0.9562406998028086,38,472
0.9562406998028086,38,42,472
0.9562406998028086,38,122,472
0.9562406998028086,38,134,472
0.9562406998028086,38,164,472
0.9562406998028086,38,472,482
0.9562595510302001,36,171
0.9562595510302001,36,61,171
0.9562595510302001,36,171,214
0.9562607372567126,25,146
0.9562607372567126,17,25,146
0.9562607372567126,25,146,159
0.9562607372567126,25,146,420
0.9562607372567126,25,146,435
0.9562607372567126,25,146,470
0.9563724521500107,370,468
0.9563724521500107,99,370,468
0.9563724521500107,126,370,468
0.9563724521500107,138,370,468
0.9563724521500107,217,370,468
0.9563724521500107,244,370,468
0.9563724521500107,324,370,468
0.9563724521500107,370,415,468
0.9563724521500107,370,430,468
0.9565588047333445,24,137
0.9565588047333445,24,137,417
0.9567809489510033,104,177
0.9567809489510033,104,131,177
0.9567809489510033,104,139,177
0.9567809489510033,104,155,177
0.9567809489510033,104,177,235
0.9567809489510033,104,177,464
0.9567979257556916,189,215
0.9567979257556916,56,189,215
0.9567979257556916,160,189,215
0.9567979257556916,189,215,277
0.9567979257556916,189,215,375
0.9568302958702646,89,339
0.9568302958702646,89,229,339
0.9568302958702646,89,313,339
0.9569322194402424,163,409
0.9569322194402424,66,163,409
0.9569322194402424,163,242,409
0.9569322194402424,163,384,409
0.9569322194402424,163,409,477
0.9575711073180031,135,371
0.9575711073180031,78,135,371
0.9575711073180031,96,135,371
0.9575711073180031,135,150,371
0.9575711073180031,135,181,371
0.9575711073180031,135,292,371
0.9575711073180031,135,358,371
0.9575711073180031,135,371,374
0.9575711073180031,135,371,479
0.9577745330361429,164,274
0.9577745330361429,122,164,274
0.9577745330361429,134,164,274
0.9577745330361429,164,206,274
0.9577745330361429,164,274,416
0.9577745330361429,164,274,472
0.9577745330361429,164,274,482
0.958023931806951,91,297
0.958023931806951,91,258,297
0.958023931806951,91,297,365
0.958025896549269,65,197
0.958025896549269,0,65,197
0.958025896549269,65,197,257
0.958025896549269,65,197,380
0.958025896549269,65,197,391
0.958025896549269,65,197,402
0.958025896549269,65,197,460
0.9580996305598198,94,158
0.9580996305598198,94,158,207
0.9584438342899945,364,416
0.9584438342899945,12,364,416
0.9584438342899945,38,364,416
0.9584438342899945,41,364,416
0.9584438342899945,68,364,416
0.9584438342899945,149,364,416
0.9584438342899945,364,416,496
0.9585142507080545,98,292
0.9585142507080545,78,98,292
0.9585142507080545,98,181,292
0.9585142507080545,98,292,371
0.9585142507080545,98,292,408
0.9585142507080545,98,292,467
0.9585142507080545,98,292,471
0.9585462049084198,45,414
0.9585462049084198,14,45,414
0.9585462049084198,45,73,414
0.9585462049084198,45,332,414
0.9585874637960203,163,265
0.9585874637960203,163,186,265
0.9585874637960203,163,242,265
0.9585874637960203,163,265,316
0.9585874637960203,163,265,384
0.9586154804336247,59,406
0.9586154804336247,29,59,406
0.9586154804336247,59,241,406
0.9586154804336247,59,308,406
0.9586154804336247,59,349,406
0.9589721857160791,210,343
0.9589721857160791,40,210,343
0.9589721857160791,86,210,343
0.9589721857160791,109,210,343
0.9589721857160791,210,336,343
0.9589721857160791,210,337,343
0.9589721857160791,210,343,410
0.9589721857160791,210,343,459
0.9589751408122188,150,433
0.9589751408122188,96,150,433
0.9589751408122188,150,199,433
0.9589751408122188,150,216,433
0.9589751408122188,150,323,433
0.9589751408122188,150,358,433
0.9589751408122188,150,433,479
0.9589899962808943,123,159
0.9589899962808943,84,123,159
0.9589899962808943,123,159,403
0.9591539874080727,376,395
0.9591539874080727,35,376,395
0.9591539874080727,117,376,395
0.9591539874080727,261,376,395
0.9591539874080727,376,395,462
0.9592759594908646,360,490
0.9592759594908646,53,360,490
0.9592759594908646,107,360,490
0.9594634547148109,45,83
0.9594634547148109,14,45,83
0.9594634547148109,45,83,332
0.9594634547148109,45,83,359
0.9594634547148109,45,83,414
0.9594634547148109,45,83,449
0.9597039504654974,147,312
0.9597039504654974,147,152,312
0.9597039504654974,147,251,312
0.9597039504654974,147,305,312
0.9597039504654974,147,312,315
0.9597039504654974,147,312,432
0.9597308733996978,17,21
0.9597308733996978,17,21,25
0.9597308733996978,17,21,420
0.9597308733996978,17,21,435
0.9597308733996978,17,21,470
0.9598150948600782,56,315
0.9598150948600782,56,157,315
0.9598150948600782,56,315,439
0.9598232267995876,306,421
0.9598232267995876,3,306,421
0.9598232267995876,168,306,421
0.9598232267995876,303,306,421
0.9600033461908304,47,422
0.9600033461908304,12,47,422
0.9600033461908304,47,74,422
0.9600033461908304,47,109,422
0.9600033461908304,47,271,422
0.9600033461908304,47,291,422
0.9600033461908304,47,337,422
0.9600033461908304,47,343,422
0.9600171227911946,137,309
0.9600171227911946,137,188,309
0.9600171227911946,137,309,325
0.9602177023106471,32,237
0.9602177023106471,32,132,237
0.9602177023106471,32,237,301
0.9602177023106471,32,237,356
0.9602494600441361,72,76
0.9602494600441361,31,72,76
0.9602494600441361,72,76,287
0.9602494600441361,72,76,344
0.9602494600441361,72,76,367
0.9602494600441361,72,76,382
0.9602494600441361,72,76,412
0.9602494600441361,72,76,498
0.9602648331419511,392,450
0.9602648331419511,64,392,450
0.9602648331419511,116,392,450
0.9603062241723088,86,410
0.9603062241723088,40,86,410
0.9603062241723088,74,86,410
0.9603062241723088,86,109,410
0.9603062241723088,86,130,410
0.9603062241723088,86,167,410
0.9603062241723088,86,210,410
0.9603062241723088,86,271,410
0.9603062241723088,86,336,410
0.9603062241723088,86,337,410
0.9603062241723088,86,343,410
0.9603062241723088,86,385,410
0.9603062241723088,86,410,459
0.960419452838017,63,388
0.960419452838017,60,63,388
0.960419452838017,63,121,388
0.960419452838017,63,273,388
0.960419452838017,63,286,388
0.960419452838017,63,388,393
0.9605869042795109,62,375
0.9605869042795109,62,189,375
0.9605869042795109,62,209,375
0.9605869042795109,62,375,452
0.960615405351464,178,408
0.960615405351464,98,178,408
0.960615405351464,178,196,408
0.960615405351464,178,369,408
0.9608431979357669,210,271
0.9608431979357669,40,210,271
0.9608431979357669,86,210,271
0.9608431979357669,109,210,271
0.9608431979357669,210,271,337
0.9608431979357669,210,271,343
0.9608431979357669,210,271,410
0.9608431979357669,210,271,459
0.9608813447592328,145,247
0.9608813447592328,93,145,247
0.9608813447592328,145,236,247
0.9608813447592328,145,238,247
0.9608813447592328,145,247,281
0.9608813447592328,145,247,310
0.9608813447592328,145,247,318
0.9608813447592328,145,247,399
0.9608813447592328,145,247,481
0.961058860189056,321,400
0.961058860189056,155,321,400
0.9611047453323883,165,272
0.9611047453323883,118,165,272
0.9611047453323883,165,272,326
0.9611047453323883,165,272,439
0.9611431426869725,88,486
0.9611431426869725,52,88,486
0.9611431426869725,88,261,486
0.9611431426869725,88,328,486
0.9611431426869725,88,330,486
0.9611431426869725,88,395,486
0.9611431426869725,88,463,486
0.9611431426869725,88,484,486
0.9613740268418361,24,339
0.9613740268418361,24,313,339
0.9613740268418361,24,339,476
0.9615322035261509,272,340
0.9615322035261509,148,272,340
0.9615322035261509,152,272,340
0.9615322035261509,169,272,340
0.9615322035261509,272,305,340
0.9615827506077717,56,452
0.9615827506077717,56,189,452
0.9615827506077717,56,209,452
0.9615827506077717,56,375,452
0.9615827506077717,56,452,457
0.9616428247150597,113,281
0.9616428247150597,113,145,281
0.9616428247150597,113,236,281
0.9616428247150597,113,238,281
0.9616428247150597,113,281,363
0.9616428247150597,113,281,399
0.9616428247150597,113,281,481
0.9616439987417983,390,411
0.9616439987417983,141,390,411
0.9616439987417983,352,390,411
0.9620127447174496,42,274
0.9620127447174496,5,42,274
0.9620127447174496,42,122,274
0.9620127447174496,42,134,274
0.9620127447174496,42,164,274
0.9620127447174496,42,274,472
0.9621283044517337,359,413
0.9621283044517337,14,359,413
0.9621283044517337,45,359,413
0.9621283044517337,330,359,413
0.9621283044517337,332,359,413
0.9621283044517337,359,413,449
0.9621646727002401,312,439
0.9621646727002401,147,312,439
0.9621646727002401,152,312,439
0.9621646727002401,305,312,439
0.9621646727002401,312,315,439
0.9621650490488157,210,252
0.9621650490488157,112,210,252
0.9621650490488157,130,210,252
0.9621650490488157,210,252,410
0.9622287623334788,160,457
0.9622287623334788,56,160,457
0.9622287623334788,160,189,457
0.9622287623334788,160,209,457
0.9622287623334788,160,375,457
0.962460421934258,368,460
0.962460421934258,65,368,460
0.962460421934258,257,368,460
0.962460421934258,368,380,460
0.9630328789942583,120,444
0.9630328789942583,4,120,444
0.9630328789942583,7,120,444
0.9630328789942583,103,120,444
0.9630328789942583,120,140,444
0.9630328789942583,120,162,444
0.9630328789942583,120,208,444
0.9630328789942583,120,338,444
0.9630328789942583,120,444,497
0.9636342739149538,200,306
0.9636342739149538,101,200,306
0.9636342739149538,200,230,306
0.9636342739149538,200,249,306
0.9636342739149538,200,306,453
0.9636901938834042,178,190
0.9636901938834042,98,178,190
0.9636901938834042,178,190,196
0.9636901938834042,178,190,369
0.9636901938834042,178,190,408
0.9637423416467774,450,460
0.9637423416467774,257,450,460
0.9637423416467774,283,450,460
0.9637423416467774,327,450,460
0.9638491764918317,98,156
0.9638491764918317,98,156,190
0.9638491764918317,98,156,196
0.9638491764918317,98,156,286
0.9638491764918317,98,156,369
0.9638491764918317,98,156,408
0.9639965129493088,311,335
0.9639965129493088,108,311,335
0.9639965129493088,112,311,335
0.9639965129493088,252,311,335
0.9639965129493088,311,335,346
0.9641394220222692,8,299
0.9641394220222692,8,299,451
0.9641394220222692,8,299,466
0.9643190075049121,353,362
0.9643190075049121,161,353,362
0.9643190075049121,248,353,362
0.9643250236916601,68,206
0.9643250236916601,12,68,206
0.9643250236916601,38,68,206
0.9643250236916601,68,149,206
0.9643250236916601,68,164,206
0.9643250236916601,68,206,416
0.9643250236916601,68,206,496
0.9644124295313526,182,185
0.9644124295313526,37,182,185
0.9644124295313526,136,182,185
0.9644124295313526,166,182,185
0.9644124295313526,182,185,231
0.9644124295313526,182,185,366
0.9644356283762991,242,454
0.9644356283762991,226,242,454
0.9644356283762991,242,307,454
0.9644356283762991,242,316,454
0.9644643919728657,98,150
0.9644643919728657,78,98,150
0.9644643919728657,98,150,181
0.9644643919728657,98,150,292
0.9644643919728657,98,150,371
0.9644643919728657,98,150,408
0.9644643919728657,98,150,467
0.9644643919728657,98,150,471
0.9644721730681306,72,378
0.9644721730681306,31,72,378
0.9644721730681306,72,76,378
0.9644721730681306,72,275,378
0.9644721730681306,72,287,378
0.9644721730681306,72,367,378
0.9644721730681306,72,378,382
0.9644721730681306,72,378,412
0.9645027736406325,264,299
0.9645027736406325,141,264,299
0.9645027736406325,264,299,451
0.9646871926023132,47,385
0.9646871926023132,12,47,385
0.9646871926023132,47,74,385
0.9646871926023132,47,109,385
0.9646871926023132,47,271,385
0.9646871926023132,47,291,385
0.9646871926023132,47,337,385
0.9646871926023132,47,343,385
0.9646871926023132,47,385,422
0.9648352166890873,386,469
0.9649623267589905,338,434
0.9649623267589905,58,338,434
0.9649623267589905,120,338,434
0.9649623267589905,162,338,434
0.9649623267589905,202,338,434
0.9649623267589905,233,338,434
0.9649623267589905,338,355,434
0.9649623267589905,338,434,438
0.9650462944314633,18,318
0.9650462944314633,18,216,318
0.9650462944314633,18,281,318
0.9650462944314633,18,318,334
0.9650462944314633,18,318,433
0.9651696139870751,258,468
0.9651696139870751,129,258,468
0.9651696139870751,258,297,468
0.9651696139870751,258,365,468
0.9651696139870751,258,429,468
0.9651696139870751,258,468,480
0.9651696139870751,258,468,492
0.9652894343925823,340,364
0.9652894343925823,38,340,364
0.9652894343925823,68,340,364
0.9652894343925823,142,340,364
0.9652894343925823,250,340,364
0.9652894343925823,340,364,473
0.9657702357277964,70,188
0.9657702357277964,70,95,188
0.9657702357277964,70,188,273
0.9657702357277964,70,188,289
0.9657702357277964,70,188,309
0.9657702357277964,70,188,325
0.9657702357277964,70,188,388
0.9659541513512789,78,369
0.9659541513512789,78,98,369
0.9659541513512789,78,178,369
0.9659541513512789,78,181,369
0.9659541513512789,78,369,467
0.9659541513512789,78,369,471
0.9659850157214565,175,368
0.9659850157214565,90,175,368
0.9659850157214565,175,239,368
0.9659850157214565,175,368,495
0.9659933245523606,89,426
0.9659933245523606,89,218,426
0.9659933245523606,89,260,426
0.9659933245523606,89,267,426
0.9659933245523606,89,386,426
0.9659933245523606,89,426,427
0.9660395493778501,116,493
0.9660395493778501,64,116,493
0.9660395493778501,116,143,493
0.9660395493778501,116,455,493
0.9661405865402735,217,480
0.9661405865402735,55,217,480
0.9661405865402735,126,217,480
0.9661405865402735,138,217,480
0.9661405865402735,217,244,480
0.9661405865402735,217,415,480
0.9661405865402735,217,468,480
0.9661405865402735,217,480,492
0.9661502039959561,264,466
0.9661502039959561,97,264,466
0.9661502039959561,234,264,466
0.9661502039959561,264,299,466
0.9661502039959561,264,451,466
0.9665049683526649,202,240
0.9665049683526649,58,202,240
0.9665049683526649,114,202,240
0.9665049683526649,117,202,240
0.9665049683526649,202,240,355
0.9665049683526649,202,240,462
0.9670673883940344,37,166
0.9670673883940344,37,136,166
0.9670673883940344,37,166,182
0.9670673883940344,37,166,185
0.9670673883940344,37,166,212
0.9670673883940344,37,166,231
0.9670673883940344,37,166,366
0.9670833522932044,124,207
0.9670833522932044,22,124,207
0.9670833522932044,67,124,207
0.9670833522932044,124,207,350
0.9670833522932044,124,207,379
0.9670833522932044,124,207,437
0.9671060451878469,161,328
0.9671060451878469,88,161,328
0.9671060451878469,161,248,328
0.9671060451878469,161,304,328
0.9671060451878469,161,328,447
0.9671060451878469,161,328,456
0.9671060451878469,161,328,469
0.9672235483495275,332,395
0.9672235483495275,45,332,395
0.9672235483495275,330,332,395
0.9672235483495275,332,347,395
0.9672235483495275,332,395,413
0.9672235483495275,332,395,449
0.9673020974265736,16,66
0.9673020974265736,16,66,242
0.9673020974265736,16,66,255
0.9673020974265736,16,66,268
0.9673020974265736,16,66,290
0.9673020974265736,16,66,384
0.9673020974265736,16,66,409
0.9673020974265736,16,66,477
0.9673041078773199,157,312
0.9673041078773199,147,157,312
0.9673041078773199,152,157,312
0.9673041078773199,157,251,312
0.9673041078773199,157,305,312
0.9673041078773199,157,312,315
0.9673041078773199,157,312,432
0.9673041078773199,157,312,439
0.9674412803286638,232,379
0.9674412803286638,22,232,379
0.9674412803286638,69,232,379
0.9674412803286638,124,232,379
0.9674412803286638,198,232,379
0.9674412803286638,223,232,379
0.9674412803286638,232,350,379
0.9674412803286638,232,379,411
0.9674412803286638,232,379,437
0.9674685594844964,64,143
0.9674685594844964,15,64,143
0.9674685594844964,64,116,143
0.9674685594844964,64,143,193
0.9674685594844964,64,143,342
0.9674685594844964,64,143,493
0.9676864290355506,63,289
0.9676864290355506,60,63,289
0.9676864290355506,63,121,289
0.9676864290355506,63,273,289
0.9676864290355506,63,286,289
0.9676864290355506,63,289,388
0.9676864290355506,63,289,393
0.9679495242059932,87,224
0.9679495242059932,87,166,224
0.9679495242059932,87,224,231
0.9679495242059932,87,224,290
0.9679495242059932,87,224,381
0.9679495242059932,87,224,401
0.9680498232590024,297,298
0.9680498232590024,244,297,298
0.9680498232590024,297,298,365
0.9680498232590024,297,298,468
0.9680498232590024,297,298,480
0.9680778880959695,67,411
0.9680778880959695,22,67,411
0.9680778880959695,67,69,411
0.9680778880959695,67,124,411
0.9680778880959695,67,198,411
0.9680778880959695,67,350,411
0.9680778880959695,67,379,411
0.9680778880959695,67,411,437
0.9682036695164632,225,412
0.9682036695164632,31,225,412
0.9682036695164632,72,225,412
0.9682036695164632,225,275,412
0.9682036695164632,225,287,412
0.9682036695164632,225,367,412
0.9682036695164632,225,382,412
0.9682871987648383,424,491
0.9682871987648383,57,424,491
0.9682871987648383,127,424,491
0.9682871987648383,314,424,491
0.9683904057309971,246,460
0.9683904057309971,65,246,460
0.9683904057309971,246,257,460
0.9683904057309971,246,368,460
0.9683904057309971,246,380,460
0.9685193367290915,55,258
0.9685193367290915,55,129,258
0.9685193367290915,55,258,297
0.9685193367290915,55,258,365
0.9685193367290915,55,258,429
0.9685193367290915,55,258,468
0.9685193367290915,55,258,480
0.9685193367290915,55,258,492
0.9685644482205867,173,340
0.9685644482205867,142,173,340
0.9685644482205867,152,173,340
0.9685644482205867,173,251,340
0.9685644482205867,173,340,364
0.9685644482205867,173,340,473
0.9687815039264109,95,194
0.9687815039264109,87,95,194
0.9687815039264109,95,194,325
0.9687815039264109,95,194,474
0.9689725837074091,433,483
0.9689725837074091,96,433,483
0.9689725837074091,150,433,483
0.9689725837074091,199,433,483
0.9689725837074091,318,433,483
0.9689725837074091,358,433,483
0.9690373535234112,51,154
0.9690373535234112,51,154,253
0.9691945467086914,371,408
0.9691945467086914,98,371,408
0.9691945467086914,135,371,408
0.9691945467086914,150,371,408
0.9691945467086914,178,371,408
0.9691945467086914,181,371,408
0.9691945467086914,292,371,408
0.9691945467086914,358,371,408
0.9692108053894695,178,286
0.9692108053894695,98,178,286
0.9692108053894695,178,196,286
0.9692691140169432,53,107
0.9692691140169432,53,84,107
0.9692691140169432,53,107,360
0.9692691140169432,53,107,490
0.9695729695693158,30,95
0.970011787830737,380,450
0.970011787830737,257,380,450
0.970011787830737,283,380,450
0.970011787830737,380,450,460
0.9702979213074382,66,381
0.9702979213074382,16,66,381
0.9702979213074382,66,255,381
0.9702979213074382,66,268,381
0.9702979213074382,66,290,381
0.9702979213074382,66,381,401
0.9702979213074382,66,381,409
0.9702983055018903,35,463
0.9702983055018903,35,45,463
0.9702983055018903,35,52,463
0.9702983055018903,35,174,463
0.9702983055018903,35,261,463
0.9702983055018903,35,330,463
0.9702983055018903,35,395,463
0.9702983055018903,35,463,484
0.9702983055018903,35,463,486
0.970326138600952,29,458
0.970326138600952,29,59,458
0.970326138600952,29,270,458
0.9704563635501047,232,485
0.9704563635501047,223,232,485
0.9704563635501047,232,350,485
0.9704563635501047,232,379,485
0.9704563635501047,232,437,485
0.970644844384856,18,424
0.970644844384856,18,20,424
0.970644844384856,18,57,424
0.970644844384856,18,127,424
0.970644844384856,18,424,491
0.970767986760107,243,289
0.970767986760107,70,243,289
0.970767986760107,243,289,474
0.9709617464315754,38,473
0.9709617464315754,38,68,473
0.9709617464315754,38,149,473
0.9709617464315754,38,208,473
0.9709617464315754,38,250,473
0.9709617464315754,38,340,473
0.9709617464315754,38,364,473
0.9710005456667223,167,252
0.9710005456667223,112,167,252
0.9710005456667223,130,167,252
0.9710005456667223,167,210,252
0.9710005456667223,167,252,410
0.9711754539392733,138,348
0.9711754539392733,80,138,348
0.9711754539392733,99,138,348
0.9711754539392733,138,217,348
0.9711754539392733,138,324,348
0.9711754539392733,138,348,361
0.9711754539392733,138,348,423
0.9711788139755743,174,331
0.9711788139755743,58,174,331
0.9711788139755743,144,174,331
0.9711788139755743,174,221,331
0.9712868719214214,104,105
0.9712868719214214,104,105,131
0.9712868719214214,104,105,139
0.9712868719214214,104,105,155
0.9712868719214214,104,105,177
0.9712868719214214,104,105,235
0.9712868719214214,104,105,464
0.971416379199573,284,407
0.971416379199573,115,284,407
0.9715433240733394,238,254
0.9715433240733394,145,238,254
0.9715433240733394,238,254,281
0.9715433240733394,238,254,363
0.9715433240733394,238,254,481
0.9716181553671007,277,305
0.9716181553671007,277,305,312
0.9716181553671007,277,305,432
0.9716289392298789,135,180
0.9716289392298789,135,180,319
0.9716289392298789,135,180,327
0.9716289392298789,135,180,354
0.9716289392298789,135,180,483
0.9718094246486192,174,444
0.9718094246486192,35,174,444
0.9718094246486192,58,174,444
0.9718094246486192,117,174,444
0.9718094246486192,144,174,444
0.9718094246486192,174,221,444
0.9718094246486192,174,331,444
0.9718094246486192,174,444,462
0.9718979072080077,278,400
0.9718979072080077,93,278,400
0.9718979072080077,220,278,400
0.9718979072080077,236,278,400
0.9718979072080077,247,278,400
0.9718979072080077,275,278,400
0.9718979072080077,278,310,400
0.9718979072080077,278,400,494
0.9719474285490481,80,126
0.9719474285490481,80,99,126
0.9719474285490481,80,126,138
0.9719474285490481,80,126,217
0.9719474285490481,80,126,324
0.9719474285490481,80,126,370
0.9719756364189563,112,337
0.9719756364189563,112,130,337
0.9719756364189563,112,167,337
0.9719756364189563,112,210,337
0.9719756364189563,112,337,410
0.9726066638452731,131,377
0.9726066638452731,101,131,377
0.9726066638452731,104,131,377
0.9726066638452731,131,176,377
0.9726066638452731,131,200,377
0.9726066638452731,131,249,377
0.9726066638452731,131,377,464
0.97283970388978,433,461
0.97283970388978,20,433,461
0.97283970388978,127,433,461
0.97283970388978,216,433,461
0.97283970388978,323,433,461
0.97283970388978,334,433,461
0.97283970388978,433,461,479
0.9731102007739186,199,479
0.9731102007739186,96,199,479
0.9731102007739186,135,199,479
0.9731102007739186,150,199,479
0.9731102007739186,199,216,479
0.9731102007739186,199,292,479
0.9731102007739186,199,323,479
0.9731102007739186,199,334,479
0.9731102007739186,199,358,479
0.9731102007739186,199,433,479
0.9732814093832272,140,473
0.9732814093832272,1,140,473
0.9732814093832272,38,140,473
0.9732814093832272,68,140,473
0.9732814093832272,140,169,473
0.9732814093832272,140,208,473
0.9732814093832272,140,340,473
0.9732898104797633,140,250
0.9732898104797633,4,140,250
0.9732898104797633,7,140,250
0.9732898104797633,38,140,250
0.9732898104797633,68,140,250
0.9732898104797633,140,169,250
0.9732898104797633,140,208,250
0.9732898104797633,140,250,340
0.9732898104797633,140,250,473
0.9735382369974188,134,482
0.9735382369974188,5,134,482
0.9735382369974188,38,134,482
0.9735382369974188,122,134,482
0.9735382369974188,134,164,482
0.9735382369974188,134,274,482
0.9735382369974188,134,472,482
0.9735789876855909,479,483
0.9735789876855909,49,479,483
0.9735789876855909,96,479,483
0.9735789876855909,135,479,483
0.9735789876855909,150,479,483
0.9735789876855909,181,479,483
0.9735789876855909,199,479,483
0.9735789876855909,292,479,483
0.9735789876855909,319,479,483
0.9735789876855909,358,479,483
0.9735789876855909,433,479,483
0.9736604144907386,109,441
0.9736604144907386,12,109,441
0.9736604144907386,41,109,441
0.9736604144907386,47,109,441
0.9736604144907386,109,291,441
0.9737756036550195,103,122
0.9737756036550195,4,103,122
0.9737756036550195,38,103,122
0.9737756036550195,103,120,122
0.9737756036550195,103,122,134
0.9737756036550195,103,122,164
0.9739562705537961,48,247
0.9739562705537961,48,225,247
0.9739562705537961,48,247,278
0.9739562705537961,48,247,310
0.9739562705537961,48,247,354
0.9739562705537961,48,247,387
0.9739562705537961,48,247,494
0.973965467544182,103,250
0.973965467544182,4,103,250
0.973965467544182,7,103,250
0.973965467544182,38,103,250
0.973965467544182,68,103,250
0.973965467544182,103,140,250
0.973965467544182,103,208,250
0.973965467544182,103,250,496
0.9740308941685247,85,355
0.9740308941685247,85,114,355
0.9740308941685247,85,117,355
0.9740308941685247,85,240,355
0.9740308941685247,85,355,462
0.9740392496213826,143,495
0.9740392496213826,116,143,495
0.9740392496213826,143,269,495
0.9740709954444823,60,196
0.9740709954444823,60,63,196
0.9740709954444823,60,196,286
0.9740709954444823,60,196,393
0.9741261684447257,48,327
0.9741261684447257,48,278,327
0.9741261684447257,48,327,354
0.9742892556018863,413,414
0.9742892556018863,14,413,414
0.9742892556018863,45,413,414
0.9742892556018863,73,413,414
0.9742892556018863,332,413,414
0.9742940088004027,100,447
0.9742940088004027,88,100,447
0.9742940088004027,100,161,447
0.9742940088004027,100,248,447
0.9742940088004027,100,304,447
0.9742940088004027,100,447,456
0.9742940088004027,100,447,469
0.9742951737274068,85,179
0.9742951737274068,28,85,179
0.9742951737274068,85,114,179
0.9742951737274068,85,117,179
0.9742951737274068,85,179,355
0.9742951737274068,85,179,436
0.9742951737274068,85,179,462
0.9745143057310081,349,428
0.9745143057310081,349,406,428
0.9747645171916628,7,169
0.9747645171916628,1,7,169
0.9747645171916628,4,7,169
0.9747645171916628,7,68,169
0.9747645171916628,7,140,169
0.9747645171916628,7,162,169
0.9747645171916628,7,169,208
0.9747645171916628,7,169,250
0.9747645171916628,7,169,331
0.9747645171916628,7,169,338
0.9747645171916628,7,169,444
0.9747645171916628,7,169,497
0.9748729085702362,138,420
0.9748729085702362,80,138,420
0.9748729085702362,99,138,420
0.9748729085702362,138,217,420
0.9748729085702362,138,324,420
0.9748729085702362,138,348,420
0.9748729085702362,138,370,420
0.9748729085702362,138,420,423
0.9748864729798877,292,308
0.9748864729798877,78,292,308
0.9748864729798877,172,292,308
0.9748864729798877,292,308,374
0.9748864729798877,292,308,479
0.9748946199429466,349,461
0.9748946199429466,172,349,461
0.9748946199429466,308,349,461
0.9748946199429466,349,374,461
0.9748946199429466,349,406,461
0.9748946199429466,349,428,461
0.9750269976734837,385,416
0.9750269976734837,12,385,416
0.9750269976734837,41,385,416
0.9750269976734837,68,385,416
0.9750269976734837,149,385,416
0.9750269976734837,364,385,416
0.9750269976734837,385,416,496
0.9751544457978524,56,312
0.9751544457978524,56,157,312
0.9751544457978524,56,277,312
0.9751544457978524,56,312,315
0.9751544457978524,56,312,439
0.9751714645426379,254,399
0.9751714645426379,145,254,399
0.9751714645426379,238,254,399
0.9751714645426379,254,281,399
0.9751714645426379,254,363,399
0.9751714645426379,254,399,481
0.9751726854447238,101,104
0.9751726854447238,101,104,131
0.9751726854447238,101,104,200
0.9751726854447238,101,104,230
0.9751726854447238,101,104,235
0.9751726854447238,101,104,249
0.9751726854447238,101,104,377
0.9751726854447238,101,104,464
0.9754081147401251,242,280
0.9754081147401251,29,242,280
0.9754081147401251,186,242,280
0.9754081147401251,226,242,280
0.9754081147401251,241,242,280
0.9754081147401251,242,265,280
0.9754721209084869,271,441
0.9754721209084869,12,271,441
0.9754721209084869,47,271,441
0.9754721209084869,109,271,441
0.9754721209084869,271,282,441
0.9754721209084869,271,291,441
0.9755908665733767,210,422
0.9755908665733767,40,210,422
0.9755908665733767,86,210,422
0.9755908665733767,109,210,422
0.9755908665733767,210,271,422
0.9755908665733767,210,336,422
0.9755908665733767,210,337,422
0.9755908665733767,210,343,422
0.9755908665733767,210,422,459
0.9763535353036354,419,453
0.9763535353036354,101,419,453
0.9763535353036354,105,419,453
0.9763535353036354,131,419,453
0.9763535353036354,139,419,453
0.9763535353036354,176,419,453
0.9763535353036354,235,419,453
0.9763535353036354,249,419,453
0.9763535353036354,419,453,499
0.9766048458743296,173,422
0.9766048458743296,86,173,422
0.9766048458743296,142,173,422
0.9766048458743296,173,336,422
0.9766048458743296,173,364,422
0.9766048458743296,173,422,459
0.9766048458743296,173,422,473
0.9766758469208078,102,300
0.9766758469208078,102,110,300
0.9766758469208078,102,293,300
0.9767292324355006,100,362
0.9767292324355006,100,161,362
0.9767292324355006,100,248,362
0.9767292324355006,100,362,447
0.9767652919557782,209,326
0.9767652919557782,118,209,326
0.9767652919557782,157,209,326
0.9767652919557782,209,272,326
0.9767652919557782,209,326,439
0.977072929861304,308,371
0.977072929861304,78,308,371
0.977072929861304,172,308,371
0.977072929861304,292,308,371
0.977072929861304,308,371,374
0.977072929861304,308,371,479
0.977366725378963,47,149
0.977366725378963,12,47,149
0.977366725378963,47,74,149
0.977366725378963,47,109,149
0.977366725378963,47,149,271
0.977366725378963,47,149,291
0.977366725378963,47,149,343
0.977366725378963,47,149,385
0.977366725378963,47,149,422
0.9776801403807982,28,356
0.9776801403807982,6,28,356
0.9776801403807982,28,356,436
0.9777348631595699,68,343
0.9777348631595699,12,68,343
0.9777348631595699,68,74,343
0.9777348631595699,68,142,343
0.9777348631595699,68,149,343
0.9777348631595699,68,250,343
0.9777348631595699,68,343,364
0.9777348631595699,68,343,385
0.9777348631595699,68,343,422
0.9777348631595699,68,343,496
0.9782080287010285,83,386
0.9782080287010285,61,83,386
0.9782080287010285,77,83,386
0.9782080287010285,83,329,386
0.9782080287010285,83,386,427
0.9784835052301887,96,467
0.9784835052301887,49,96,467
0.9784835052301887,78,96,467
0.9784835052301887,96,135,467
0.9784835052301887,96,150,467
0.9784835052301887,96,181,467
0.9784835052301887,96,292,467
0.9784835052301887,96,319,467
0.9784835052301887,96,358,467
0.9788394512704165,319,408
0.9788394512704165,135,319,408
0.9788394512704165,150,319,408
0.9788394512704165,181,319,408
0.9788394512704165,197,319,408
0.9788394512704165,292,319,408
0.9788394512704165,319,358,408
0.9788394512704165,319,391,408
0.9788394512704165,319,408,467
0.9788394512704165,319,408,471
0.979232027874469,149,337
0.979232027874469,47,149,337
0.979232027874469,74,149,337
0.979232027874469,86,149,337
0.979232027874469,109,149,337
0.979232027874469,142,149,337
0.979232027874469,149,271,337
0.979232027874469,149,337,343
0.979232027874469,149,337,364
0.979232027874469,149,337,385
0.979232027874469,149,337,422
0.979232027874469,149,337,459
0.9792591481869924,2,404
0.9792591481869924,2,10,404
0.9792591481869924,2,133,404
0.9792591481869924,2,344,404
0.9792591481869924,2,404,498
0.9794497968133161,185,381
0.9794497968133161,136,185,381
0.9794497968133161,166,185,381
0.9794497968133161,182,185,381
0.9794497968133161,185,231,381
0.9795198544068606,351,417
0.9795198544068606,79,351,417
0.9795198544068606,245,351,417
0.9795198544068606,351,417,476
0.9796009609164351,327,380
0.9796009609164351,49,327,380
0.9796009609164351,135,327,380
0.9796009609164351,283,327,380
0.9796009609164351,319,327,380
0.9796009609164351,327,380,450
0.9796009609164351,327,380,460
0.9796962390280948,33,351
0.9796962390280948,33,71,351
0.9796962390280948,33,288,351
0.9796962390280948,33,351,425
0.9798310408431196,265,308
0.9798310408431196,29,265,308
0.9798310408431196,59,265,308
0.9798310408431196,241,265,308
0.9798310408431196,265,308,316
0.9798310408431196,265,308,349
0.9798634902939996,192,464
0.9798634902939996,53,192,464
0.9798634902939996,153,192,464
0.9798634902939996,177,192,464
0.9798634902939996,192,235,464
0.9798634902939996,192,419,464
0.9798634902939996,192,464,490
0.9801096471123664,39,133
0.9801096471123664,3,39,133
0.9801096471123664,39,133,168
0.9802413228007496,96,461
0.9802413228007496,20,96,461
0.9802413228007496,96,216,461
0.9802413228007496,96,323,461
0.9802413228007496,96,334,461
0.9802413228007496,96,374,461
0.9802413228007496,96,433,461
0.9802413228007496,96,461,479
0.9806199943026513,65,467
0.9806199943026513,0,65,467
0.9806199943026513,65,197,467
0.9806199943026513,65,380,467
0.9806199943026513,65,391,467
0.9806199943026513,65,402,467
0.9806199943026513,65,460,467
0.9806356398700034,13,167
0.9806356398700034,13,112,167
0.9806356398700034,13,130,167
0.9806356398700034,13,167,252
0.9809722259746211,257,319
0.9809722259746211,197,257,319
0.9809722259746211,257,283,319
0.9809722259746211,257,319,380
0.9809722259746211,257,319,391
0.9809722259746211,257,319,402
0.9809722259746211,257,319,460
0.9809991662385809,271,394
0.9809991662385809,47,271,394
0.9809991662385809,107,271,394
0.9809991662385809,128,271,394
0.9809991662385809,146,271,394
0.9809991662385809,271,282,394
0.9809991662385809,271,291,394
0.9809991662385809,271,360,394
0.9809991662385809,271,389,394
0.9810777014723235,110,398
0.9810777014723235,110,398,442
0.9810823493697329,399,400
0.9810823493697329,93,399,400
0.9810823493697329,236,399,400
0.9810823493697329,238,399,400
0.9810823493697329,247,399,400
0.9810823493697329,310,399,400
0.9810823493697329,399,400,494
0.9812133209424017,250,459
0.9812133209424017,12,250,459
0.9812133209424017,74,250,459
0.9812133209424017,86,250,459
0.9812133209424017,142,250,459
0.9812133209424017,149,250,459
0.9812133209424017,250,336,459
0.9812133209424017,250,343,459
0.9812133209424017,250,364,459
0.9812133209424017,250,385,459
0.9812133209424017,250,422,459
0.9816300680085162,381,477
0.9816300680085162,16,381,477
0.9816300680085162,66,381,477
0.9816300680085162,255,381,477
0.9816300680085162,268,381,477
0.9816300680085162,290,381,477
0.9816300680085162,381,409,477
0.9816975719343652,212,262
0.9816975719343652,37,212,262
0.9816975719343652,183,212,262
0.9817394966865036,65,184
0.9817394966865036,0,65,184
0.9817394966865036,65,184,228
0.9817394966865036,65,184,239
0.9817394966865036,65,184,246
0.9817394966865036,65,184,368
0.9817394966865036,65,184,373
0.9817559875135385,60,325
0.9817559875135385,60,70,325
0.9817559875135385,60,95,325
0.9817559875135385,60,121,325
0.9817559875135385,60,273,325
0.9817559875135385,60,289,325
0.9817559875135385,60,309,325
0.9817559875135385,60,325,388
0.9819868214569116,48,72
0.9819868214569116,48,72,225
0.9819868214569116,48,72,310
0.9819868214569116,48,72,387
0.9820560732356252,84,490
0.9820560732356252,53,84,490
0.9820560732356252,84,105,490
0.9820560732356252,84,107,490
0.9820560732356252,84,139,490
0.9820560732356252,84,177,490
0.9820560732356252,84,321,490
0.9820560732356252,84,360,490
0.9821616954982894,63,353
0.9821616954982894,30,63,353
0.9821616954982894,63,156,353
0.9821616954982894,63,222,353
0.9821616954982894,63,296,353
0.9822106212059245,69,264
0.9822106212059245,69,141,264
0.9825390418882473,231,333
0.9825390418882473,37,231,333
0.9825390418882473,87,231,333
0.9825390418882473,136,231,333
0.9825390418882473,182,231,333
0.9825390418882473,183,231,333
0.9826821784807942,144,347
0.9826821784807942,1,144,347
0.9826821784807942,35,144,347
0.9826821784807942,144,174,347
0.9826821784807942,144,221,347
0.9826821784807942,144,347,395
0.9826821784807942,144,347,486
0.9831341436821052,232,405
0.9831341436821052,223,232,405
0.9831341436821052,232,350,405
0.9831341436821052,232,379,405
0.9831341436821052,232,405,437
0.9831341436821052,232,405,485
0.9832265000619484,228,402
0.9832265000619484,65,228,402
0.9832265000619484,228,257,402
0.9832265000619484,228,373,402
0.9832265000619484,228,380,402
0.9832664721038525,64,455
0.9832664721038525,64,116,455
0.9832664721038525,64,143,455
0.9832664721038525,64,193,455
0.9832664721038525,64,342,455
0.9832664721038525,64,455,493
0.9832733631916686,2,92
0.9832733631916686,2,75,92
0.9832733631916686,2,92,344
0.9832733631916686,2,92,498
0.9833709433282657,342,448
0.9833709433282657,15,342,448
0.9833709433282657,50,342,448
0.9833709433282657,193,342,448
0.9833709433282657,342,440,448
0.9833845578497067,106,403
0.9833845578497067,17,106,403
0.9833845578497067,84,106,403
0.9833845578497067,106,159,403
0.9837255135492985,162,438
0.9837255135492985,162,202,438
0.9837255135492985,162,233,438
0.9837255135492985,162,338,438
0.9837255135492985,162,434,438
0.9837255135492985,162,438,444
0.9839778559451413,23,466
0.9839778559451413,8,23,466
0.9839778559451413,23,97,466
0.9839778559451413,23,167,466
0.9839778559451413,23,210,466
0.9839778559451413,23,234,466
0.9839778559451413,23,396,466
0.9839778559451413,23,443,466
0.9839778559451413,23,451,466
0.9839811601625658,8,337
0.9839811601625658,8,40,337
0.9839811601625658,8,167,337
0.9839811601625658,8,210,337
0.9839811601625658,8,337,410
0.9839811601625658,8,337,443
0.9840541353360334,39,320
0.9840541353360334,39,43,320
0.9840541353360334,39,168,320
0.9840541353360334,39,195,320
0.9840541353360334,39,320,488
0.9842060786471569,213,393
0.9842060786471569,63,213,393
0.9842060786471569,213,273,393
0.9842060786471569,213,286,393
0.9842060786471569,213,309,393
0.9843412073291793,19,279
0.9843412073291793,19,184,279
0.9843412073291793,19,279,373
0.9852199166522226,149,336
0.9852199166522226,74,149,336
0.9852199166522226,86,149,336
0.9852199166522226,109,149,336
0.9852199166522226,142,149,336
0.9852199166522226,149,250,336
0.9852199166522226,149,336,337
0.9852199166522226,149,336,343
0.9852199166522226,149,336,364
0.9852199166522226,149,336,385
0.9852199166522226,149,336,422
0.9852199166522226,149,336,459
0.9852199166522226,149,336,473
0.9854034274488974,203,215
0.9854034274488974,203,205,215
0.9854034274488974,203,215,276
0.9854034274488974,203,215,277
0.9854188657261268,42,125
0.9854188657261268,42,46,125
0.9854188657261268,42,120,125
0.9855189418287709,316,369
0.9855189418287709,78,316,369
0.9855189418287709,98,316,369
0.9855189418287709,178,316,369
0.9855189418287709,196,316,369
0.9855691891259304,236,433
0.9855691891259304,199,236,433
0.9855691891259304,236,281,433
0.9855691891259304,236,318,433
0.9855691891259304,236,399,433
0.9855691891259304,236,433,481
0.9855691891259304,236,433,483
0.985596763142938,11,356
0.985596763142938,11,32,356
0.985596763142938,11,132,356
0.9857482848073774,88,222
0.9857482848073774,88,100,222
0.9857482848073774,88,161,222
0.9857482848073774,88,222,248
0.9857482848073774,88,222,304
0.9857482848073774,88,222,418
0.9857482848073774,88,222,456
0.9857725321842153,134,162
0.9857725321842153,4,134,162
0.9857725321842153,38,134,162
0.9857725321842153,103,134,162
0.9857725321842153,120,134,162
0.9857725321842153,134,162,164
0.9862685244298663,318,323
0.9862685244298663,18,318,323
0.9862685244298663,96,318,323
0.9862685244298663,199,318,323
0.9862685244298663,216,318,323
0.9862685244298663,281,318,323
0.9862685244298663,318,323,334
0.9862685244298663,318,323,433
0.9863601229406025,455,495
0.9863601229406025,116,455,495
0.9863601229406025,143,455,495
0.9863601229406025,269,455,495
0.9864242232492243,280,316
0.9864242232492243,29,280,316
0.9864242232492243,186,280,316
0.9864242232492243,226,280,316
0.9864242232492243,241,280,316
0.9864242232492243,242,280,316
0.9864242232492243,265,280,316
0.9864242232492243,280,316,349
0.9864430847598342,51,219
0.9864430847598342,51,154,219
0.9864430847598342,51,219,253
0.9869165323360992,7,416
0.9869165323360992,7,38,416
0.9869165323360992,7,68,416
0.9869165323360992,7,103,416
0.9869165323360992,7,164,416
0.9869165323360992,7,416,496
0.987245666650281,403,435
0.987245666650281,17,403,435
0.987245666650281,84,403,435
0.987245666650281,106,403,435
0.987245666650281,159,403,435
0.9874743648977677,45,447
0.9874743648977677,45,328,447
0.9874743648977677,45,330,447
0.9874743648977677,45,359,447
0.9874743648977677,45,447,449
0.9874743648977677,45,447,463
0.9874743648977677,45,447,484
0.9875219100062452,309,383
0.9875219100062452,188,309,383
0.9875219100062452,213,309,383
0.9875219100062452,273,309,383
0.987525409300264,153,499
0.987525409300264,131,153,499
0.987525409300264,153,176,499
0.987525409300264,153,235,499
0.987525409300264,153,249,499
0.987525409300264,153,419,499
0.9875864363913551,207,397
0.9875864363913551,22,207,397
0.9875864363913551,67,207,397
0.9875864363913551,94,207,397
0.9875864363913551,124,207,397
0.9875864363913551,207,350,397
0.9875864363913551,207,379,397
0.9878096747823223,228,460
0.9878096747823223,65,228,460
0.9878096747823223,228,246,460
0.9878096747823223,228,257,460
0.9878096747823223,228,368,460
0.9878096747823223,228,380,460
0.9878096747823223,228,402,460
0.9879234657356867,35,202
0.9879234657356867,35,58,202
0.9879234657356867,35,117,202
0.9879234657356867,35,144,202
0.9879234657356867,35,202,355
0.9879234657356867,35,202,444
0.9879234657356867,35,202,462
0.9879574188594387,44,488
0.9879574188594387,39,44,488
0.9879574188594387,43,44,488
0.9880005556364639,270,349
0.9880005556364639,29,270,349
0.9880005556364639,59,270,349
0.9880005556364639,226,270,349
0.9881474423381459,180,197
0.9881474423381459,135,180,197
0.9881474423381459,180,197,319
0.9882470328328564,131,306
0.9882470328328564,101,131,306
0.9882470328328564,131,200,306
0.9882470328328564,131,249,306
0.9882470328328564,131,306,453
0.9882842130095348,230,404
0.9882842130095348,76,230,404
0.9882842130095348,133,230,404
0.9883766755263342,119,409
0.9883766755263342,66,119,409
0.9883766755263342,119,290,409
0.9883766755263342,119,401,409
0.9884630682286634,30,362
0.9884630682286634,30,100,362
0.9884630682286634,30,161,362
0.9884630682286634,30,248,362
0.9884630682286634,30,353,362
0.9885226885168804,23,271
0.9885226885168804,23,107,271
0.9885226885168804,23,128,271
0.9885226885168804,23,210,271
0.9888576929671943,92,110
0.9888576929671943,92,110,300
0.9888576929671943,92,110,302
0.9890103571584096,43,168
0.9890103571584096,39,43,168
0.9890103571584096,43,168,195
0.9890103571584096,43,168,320
0.9890103571584096,43,168,488
0.9892437230921586,73,359
0.9892437230921586,14,73,359
0.9892437230921586,45,73,359
0.9892437230921586,73,332,359
0.9892437230921586,73,359,413
0.9892528612341612,156,393
0.9892528612341612,63,156,393
0.9892528612341612,156,196,393
0.9892528612341612,156,213,393
0.9892528612341612,156,286,393
0.9892575347029416,56,305
0.9892575347029416,56,157,305
0.9892575347029416,56,277,305
0.9892575347029416,56,305,312
0.9892575347029416,56,305,315
0.9892575347029416,56,305,439
0.9892777287986545,373,391
0.9892777287986545,0,373,391
0.9892777287986545,65,373,391
0.9892777287986545,257,373,391
0.9892777287986545,373,391,402
0.9893910054847395,62,215
0.9893910054847395,62,189,215
0.9893910054847395,62,215,375
0.9893984389482756,306,478
0.9895236432298612,95,136
0.9895236432298612,87,95,136
0.9895236432298612,95,136,194
0.9895236432298612,95,136,474
0.9895440142007246,193,442
0.9895440142007246,15,193,442
0.9895440142007246,193,398,442
0.9895440142007246,193,440,442
0.9897150819654101,181,196
0.9897150819654101,98,181,196
0.9897150819654101,181,190,196
0.9897150819654101,181,196,369
0.9897150819654101,181,196,408
0.9897150819654101,181,196,467
0.9897150819654101,181,196,471
0.9897728240714085,177,400
0.9897728240714085,104,177,400
0.9897728240714085,155,177,400
0.9897728240714085,177,321,400
0.9899273506477132,120,438
0.9899273506477132,120,125,438
0.9899273506477132,120,162,438
0.9899273506477132,120,338,438
0.9899273506477132,120,434,438
0.9899273506477132,120,438,444
0.9901731672769054,389,420
0.9901731672769054,17,389,420
0.9901731672769054,146,389,420
0.9901731672769054,187,389,420
0.9901731672769054,389,420,435
0.9901731672769054,389,420,470
0.9902006021364073,376,486
0.9902006021364073,35,376,486
0.9902006021364073,117,376,486
0.9902006021364073,261,376,486
0.9902006021364073,376,395,486
0.9902006021364073,376,462,486
0.9904450331614297,84,128
0.9904450331614297,17,84,128
0.9904450331614297,84,106,128
0.9904450331614297,84,107,128
0.9904450331614297,84,128,146
0.9904450331614297,84,128,159
0.9904450331614297,84,128,360
0.9904450331614297,84,128,389
0.9904450331614297,84,128,394
0.9904450331614297,84,128,435
0.9907423290551729,126,256
0.9907423290551729,55,126,256
0.9907423290551729,126,129,256
0.9907423290551729,126,256,297
0.9907423290551729,126,256,480
0.9907659972231702,139,400
0.9907659972231702,104,139,400
0.9907659972231702,139,155,400
0.9907659972231702,139,177,400
0.9907659972231702,139,321,400
0.9917172599262195,34,134
0.9917172599262195,5,34,134
0.9917172599262195,34,122,134
0.9917172599262195,34,134,274
0.9917172599262195,34,134,472
0.9917172599262195,34,134,482
0.9918014750748215,220,399
0.9918014750748215,93,220,399
0.9918014750748215,220,236,399
0.9918014750748215,220,247,399
0.9918014750748215,220,310,399
0.9918014750748215,220,399,400
0.9918014750748215,220,399,494
0.9918474758299393,392,493
0.9918474758299393,64,392,493
0.9918474758299393,116,392,493
0.9918474758299393,193,392,493
0.9918474758299393,342,392,493
0.991918445887678,348,470
0.991918445887678,80,348,470
0.991918445887678,99,348,470
0.991918445887678,217,348,470
0.991918445887678,227,348,470
0.991918445887678,324,348,470
0.991918445887678,348,420,470
0.991918445887678,348,423,470
0.9920857721289469,67,232
0.9920857721289469,22,67,232
0.9920857721289469,67,69,232
0.9920857721289469,67,124,232
0.9920857721289469,67,198,232
0.9920857721289469,67,223,232
0.9920857721289469,67,232,350
0.9920857721289469,67,232,379
0.9920857721289469,67,232,405
0.9920857721289469,67,232,411
0.9920857721289469,67,232,437
0.9920857721289469,67,232,485
0.9921892984521504,157,165
0.9921892984521504,118,157,165
0.9921892984521504,157,165,272
0.9921892984521504,157,165,326
0.9921892984521504,157,165,439
0.9925667794525176,62,160
0.9925667794525176,62,160,189
0.9925667794525176,62,160,209
0.9925667794525176,62,160,215
0.9925667794525176,62,160,375
0.992914152624957,140,148
0.992914152624957,1,140,148
0.992914152624957,140,148,169
0.992914152624957,140,148,340
0.9930080621607875,113,254
0.9930080621607875,113,145,254
0.9930080621607875,113,238,254
0.9930080621607875,113,254,281
0.9930080621607875,113,254,357
0.9930080621607875,113,254,363
0.9930080621607875,113,254,399
0.9930080621607875,113,254,481
0.9932437013467742,248,484
0.9932437013467742,88,248,484
0.9932437013467742,248,304,484
0.9932437013467742,248,328,484
0.9932437013467742,248,447,484
0.9932437013467742,248,456,484
0.9932437013467742,248,469,484
0.9933454075348539,96,281
0.9933454075348539,20,96,281
0.9933454075348539,96,199,281
0.9933454075348539,96,216,281
0.9933454075348539,96,281,318
0.9933454075348539,96,281,323
0.9933454075348539,96,281,334
0.9933454075348539,96,281,433
0.9935811731747688,383,393
0.9935811731747688,63,383,393
0.9935811731747688,156,383,393
0.9935811731747688,213,383,393
0.9935811731747688,273,383,393
0.9935811731747688,286,383,393
0.9935811731747688,309,383,393
0.9938091726630055,103,169
0.9938091726630055,4,103,169
0.9938091726630055,7,103,169
0.9938091726630055,68,103,169
0.9938091726630055,103,140,169
0.9938091726630055,103,162,169
0.9938091726630055,103,169,208
0.9938091726630055,103,169,250
0.9938091726630055,103,169,331
0.9938091726630055,103,169,338
0.9938091726630055,103,169,444
0.9938091726630055,103,169,497
0.9938621919603949,223,411
0.9938621919603949,22,223,411
0.9938621919603949,67,223,411
0.9938621919603949,69,223,411
0.9938621919603949,223,232,411
0.9938621919603949,223,350,411
0.9938621919603949,223,379,411
0.9938621919603949,223,411,437
0.9940806937997444,251,473
0.9940806937997444,142,251,473
0.9940806937997444,173,251,473
0.9940806937997444,251,340,473
0.9941529119409969,93,281
0.9941529119409969,93,113,281
0.9941529119409969,93,145,281
0.9941529119409969,93,199,281
0.9941529119409969,93,236,281
0.9941529119409969,93,238,281
0.9941529119409969,93,247,281
0.9941529119409969,93,281,318
0.9941529119409969,93,281,363
0.9941529119409969,93,281,399
0.9941529119409969,93,281,481
0.9944097045479731,234,490
0.9944097045479731,23,234,490
0.9944097045479731,192,234,490
0.9944918425621238,291,337
0.9944918425621238,47,291,337
0.9944918425621238,74,291,337
0.9944918425621238,109,291,337
0.9944918425621238,149,291,337
0.9944918425621238,271,291,337
0.9944918425621238,291,337,343
0.9944918425621238,291,337,385
0.9944918425621238,291,337,422
0.9946008952741123,69,390
0.9946008952741123,69,141,390
0.9946008952741123,69,352,390
0.9946008952741123,69,390,411
0.9946706448197558,144,355
0.9946706448197558,35,144,355
0.9946706448197558,58,144,355
0.9946706448197558,117,144,355
0.9946706448197558,144,202,355
0.9946706448197558,144,331,355
0.9946706448197558,144,338,355
0.9946706448197558,144,355,444
0.9946706448197558,144,355,497
0.9948245344939124,200,235
0.9948245344939124,101,200,235
0.9948245344939124,104,200,235
0.9948245344939124,131,200,235
0.9948245344939124,200,235,249
0.9948245344939124,200,235,453
0.9948245344939124,200,235,464
0.9953963029498021,220,483
0.9953963029498021,220,236,483
0.9953963029498021,220,247,483
0.9953963029498021,220,278,483
0.9953963029498021,220,483,494
0.9954408747289478,389,441
0.9954408747289478,47,389,441
0.9954408747289478,187,389,441
0.9954408747289478,271,389,441
0.9954408747289478,282,389,441
0.9954408747289478,291,389,441
0.9955473865017941,233,240
0.9955473865017941,58,233,240
0.9955473865017941,114,233,240
0.9955473865017941,117,233,240
0.9955473865017941,202,233,240
0.9955473865017941,233,240,355
0.9955888937835484,129,217
0.9955888937835484,55,129,217
0.9955888937835484,126,129,217
0.9955888937835484,129,138,217
0.9955888937835484,129,217,468
0.9955888937835484,129,217,480
0.9955888937835484,129,217,492
0.9956054201231892,10,168
0.9956054201231892,3,10,168
0.9956054201231892,10,133,168
0.9956131877620268,250,416
0.9956131877620268,7,250,416
0.9956131877620268,12,250,416
0.9956131877620268,38,250,416
0.9956131877620268,68,250,416
0.9956131877620268,103,250,416
0.9956131877620268,149,250,416
0.9956131877620268,250,364,416
0.9956131877620268,250,385,416
0.9956131877620268,250,416,496
0.9956438113561866,120,202
0.9956438113561866,120,162,202
0.9956438113561866,120,202,338
0.9956438113561866,120,202,434
0.9956438113561866,120,202,438
0.9956438113561866,120,202,444
0.9956438113561866,120,202,497
0.9958791888963279,25,187
0.9958791888963279,17,25,187
0.9958791888963279,25,146,187
0.9958791888963279,25,159,187
0.9958791888963279,25,187,420
0.9958791888963279,25,187,435
0.9958791888963279,25,187,470
0.9959083373019983,400,481
0.9959083373019983,93,400,481
0.9959083373019983,236,400,481
0.9959083373019983,238,400,481
0.9959083373019983,247,400,481
0.9959083373019983,310,400,481
0.9959083373019983,399,400,481
0.9959083373019983,400,481,494
0.9959153233307696,81,261
0.9959153233307696,81,85,261
0.9959153233307696,81,117,261
0.9959153233307696,81,240,261
0.9959153233307696,81,261,317
0.9959153233307696,81,261,345
0.9959153233307696,81,261,376
0.9959153233307696,81,261,462
0.9960677599194956,56,272
0.9960677599194956,56,157,272
0.9960677599194956,56,209,272
0.9960677599194956,56,272,305
0.9960677599194956,56,272,315
0.9960677599194956,56,272,439
0.9962061623610368,186,196
0.9962061623610368,98,186,196
0.9962061623610368,178,186,196
0.9962061623610368,186,196,316
0.9962061623610368,186,196,393
0.9964681834513899,261,328
0.9964681834513899,52,261,328
0.9964681834513899,88,261,328
0.9964681834513899,174,261,328
0.9964681834513899,261,304,328
0.9964681834513899,261,328,330
0.9964681834513899,261,328,395
0.9964681834513899,261,328,463
0.9964681834513899,261,328,469
0.9964681834513899,261,328,484
0.9964681834513899,261,328,486
0.9964806909493221,102,398
0.9964806909493221,102,110,398
0.9964806909493221,102,193,398
0.9966055126115486,467,483
0.9966055126115486,49,467,483
0.9966055126115486,96,467,483
0.9966055126115486,135,467,483
0.9966055126115486,150,467,483
0.9966055126115486,181,467,483
0.9966055126115486,292,467,483
0.9966055126115486,319,467,483
0.9966055126115486,358,467,483
0.9967290701530817,109,130
0.9967290701530817,40,109,130
0.9967290701530817,86,109,130
0.9967290701530817,109,130,167
0.9967290701530817,109,130,210
0.9967290701530817,109,130,336
0.9967290701530817,109,130,337
0.9967290701530817,109,130,410
0.9967290701530817,109,130,459
0.996736678372207,214,260
0.996736678372207,61,214,260
0.996736678372207,77,214,260
0.996736678372207,171,214,260
0.996736678372207,214,229,260
0.996736678372207,214,260,329
0.996736678372207,214,260,386
0.9968304383554898,132,288
0.9968304383554898,32,132,288
0.9968304383554898,36,132,288
0.9968304383554898,132,288,446
0.9969179597646809,467,479
0.9969179597646809,49,467,479
0.9969179597646809,78,467,479
0.9969179597646809,96,467,479
0.9969179597646809,135,467,479
0.9969179597646809,150,467,479
0.9969179597646809,181,467,479
0.9969179597646809,292,467,479
0.9969179597646809,319,467,479
0.9969179597646809,358,467,479
0.9969179597646809,467,479,483
0.9969253080811425,52,345
0.9969253080811425,52,88,345
0.9969253080811425,52,261,345
0.9969253080811425,52,304,345
0.9969253080811425,52,330,345
0.9969253080811425,52,345,469
0.996931164037813,406,489
0.996931164037813,20,406,489
0.996931164037813,406,428,489
0.996931164037813,406,448,489
0.996931164037813,406,461,489
0.9970821042587515,397,423
0.9970821042587515,21,397,423
0.9970821042587515,227,397,423
0.9970821042587515,322,397,423
0.9970821042587515,348,397,423
0.9971073134789332,73,449
0.9971073134789332,14,73,449
0.9971073134789332,45,73,449
0.9971073134789332,73,332,449
0.9971073134789332,73,359,449
0.9971073134789332,73,413,449
0.9972398548803778,52,100
0.9972398548803778,52,88,100
0.9972398548803778,52,100,304
0.9972398548803778,52,100,345
0.9972398548803778,52,100,447
0.9972398548803778,52,100,456
0.9972398548803778,52,100,469
0.9972473254420022,78,323
0.9972473254420022,78,96,323
0.9972473254420022,78,150,323
0.9972473254420022,78,172,323
0.9972473254420022,78,216,323
0.9972473254420022,78,323,358
0.9972473254420022,78,323,371
0.9972473254420022,78,323,374
0.9972473254420022,78,323,406
0.9972473254420022,78,323,479
0.9973161884188328,218,229
0.9973161884188328,89,218,229
0.9973161884188328,218,229,267
0.9973161884188328,218,229,386
0.9973161884188328,218,229,427
0.9973538160147606,47,410
0.9973538160147606,47,74,410
0.9973538160147606,47,109,410
0.9973538160147606,47,271,410
0.9973538160147606,47,337,410
0.9973538160147606,47,343,410
0.9973538160147606,47,385,410
0.9974201952696662,344,382
0.9974201952696662,31,344,382
0.9974201952696662,72,344,382
0.9974201952696662,76,344,382
0.9976786529699546,42,103
0.9976786529699546,4,42,103
0.9976786529699546,38,42,103
0.9976786529699546,42,103,120
0.9976786529699546,42,103,122
0.9976786529699546,42,103,134
0.9976786529699546,42,103,164
0.9981179115987145,144,462
0.9981179115987145,35,144,462
0.9981179115987145,58,144,462
0.9981179115987145,117,144,462
0.9981179115987145,144,174,462
0.9981179115987145,144,202,462
0.9981179115987145,144,355,462
0.9981179115987145,144,395,462
0.9981179115987145,144,444,462
0.9981179115987145,144,462,486
0.9982941148522574,201,368
0.9982941148522574,90,201,368
0.9982941148522574,175,201,368
0.9982941148522574,201,239,368
0.9986034465953344,113,318
0.9986034465953344,93,113,318
0.9986034465953344,113,145,318
0.9986034465953344,113,236,318
0.9986034465953344,113,238,318
0.9986034465953344,113,281,318
0.9986034465953344,113,318,363
0.9986034465953344,113,318,399
0.9986034465953344,113,318,481
0.9986992825241569,144,463
0.9986992825241569,35,144,463
0.9986992825241569,52,144,463
0.9986992825241569,144,174,463
0.9986992825241569,144,395,463
0.9986992825241569,144,463,486
0.9988420421343915,135,369
0.9988420421343915,78,135,369
0.9988420421343915,135,181,369
0.9988420421343915,135,197,369
0.9988420421343915,135,369,391
0.9988420421343915,135,369,408
0.9988420421343915,135,369,467
0.9988420421343915,135,369,471
0.999055120716419,49,199
0.999055120716419,49,96,199
0.999055120716419,49,135,199
0.999055120716419,49,150,199
0.999055120716419,49,199,292
0.999055120716419,49,199,354
0.999055120716419,49,199,358
0.999055120716419,49,199,479
0.999055120716419,49,199,483
0.999534820958991,374,433
0.999534820958991,20,374,433
0.999534820958991,96,374,433
0.999534820958991,150,374,433
0.999534820958991,216,374,433
0.999534820958991,323,374,433
0.999534820958991,334,374,433
0.999534820958991,358,374,433
0.999534820958991,374,433,461
0.999534820958991,374,433,479
0.9996138416507973,151,345
0.9996138416507973,151,345,425
0.9996226769169357,47,187
0.9996226769169357,47,106,187
0.9996226769169357,47,107,187
0.9996226769169357,47,146,187
0.9996226769169357,47,187,282
0.9996226769169357,47,187,360
0.9996226769169357,47,187,389
0.9996226769169357,47,187,394
0.9996226769169357,47,187,441
0.9998367502966183,175,246
0.9998367502966183,90,175,246
0.9998367502966183,175,239,246
0.9998367502966183,175,246,368
0.9998367502966183,175,246,495
0.9999120014705128,201,268
0.9999120014705128,16,201,268
0.9999120014705128,201,224,268
0.9999120014705128,201,255,268
0.9999120014705128,201,268,307
0.9999188869973697,111,425
0.9999188869973697,111,151,425
0.9999188869973697,111,245,425
0.9999193345584569,362,469
0.9999193345584569,100,362,469
0.9999193345584569,161,362,469
0.9999193345584569,248,362,469
0.9999193345584569,362,386,469
0.9999193345584569,362,447,469
